username,tier,final_score,gnn_proba,sna_score,pagerank,betweenness_cent,eigenvector_cent,closeness_cent,degree,degree_cent,Jumlah_Komentar,Total_Like,community,label_final,n_criteria
satria 🙌,Tier 1 - Top Influencer,0.8630901692046273,0.99240863,0.6691123837564262,0.002815754799587714,0.003275190432474009,0.10149855843728049,0.4422891619349747,303,0.30792682926829273,1,0,2,1,6
tofik.putra17,Tier 1 - Top Influencer,0.8490947919596012,0.9913059,0.63577811854799,0.0026460554973909223,0.0034964312003242103,0.09765225572854004,0.4412494600968577,287,0.2916666666666667,1,0,2,1,6
🕊,Tier 1 - Top Influencer,0.8460432404991913,0.9905315,0.6293107854120253,0.002633722724037441,0.0014080837654765154,0.1015400914980508,0.4375466674247162,286,0.2906504065040651,1,3,2,1,5
javrr⚡,Tier 1 - Top Influencer,0.8455114945202489,0.9920236,0.6257432660533535,0.002626470594053659,0.0012922942047324847,0.10073988279017024,0.4313132360413678,285,0.28963414634146345,1,0,2,1,5
𝙡𝙚𝙣𝙜,Tier 1 - Top Influencer,0.8335564029825347,0.9904186,0.5982629688115463,0.0025042486728207303,0.0009924819492345483,0.09383142012038138,0.4375466674247162,270,0.27439024390243905,2,0,2,1,5
donz2nd,Tier 1 - Top Influencer,0.8304971856815621,0.99316216,0.5864996718722095,0.002439036270593128,0.0013171062534633484,0.09473912510136046,0.4345081489009335,272,0.2764227642276423,1,0,2,1,5
rℹ️k🅾️🅾️🅾️,Tier 1 - Top Influencer,0.8299444175761557,0.99020785,0.5895492079361321,0.0024542832346191672,0.0035295139319653623,0.09134480755532792,0.43270521052375116,262,0.26626016260162605,1,0,0,1,6
lele_byakar@gmail.comm,Tier 1 - Top Influencer,0.8267498464754642,0.9903508,0.581348352474824,0.002448563609058731,0.00220827233704687,0.09093739271735478,0.4351124717784035,264,0.2682926829268293,1,0,0,1,6
nobody,Tier 1 - Top Influencer,0.8257621348482971,0.99408937,0.5732711704032135,0.0024184963316277383,0.002117294825033703,0.08832583988968683,0.4345081489009335,266,0.2703252032520326,1,0,0,1,6
𝕳𝕬𝕴𝕶𝕬𝕷 𝖁1,Tier 1 - Top Influencer,0.820750920177943,0.9931712,0.5621204480564757,0.002338865755904753,0.004265604710980985,0.08334403836994371,0.4309171724637357,256,0.2601626016260163,1,0,0,1,6
lah iya,Tier 1 - Top Influencer,0.8182843849480503,0.9922638,0.5573151820451898,0.002477529853091762,0.00499342480708632,0.07281160252128815,0.43939026293352823,248,0.2520325203252033,1,0,0,1,6
zaka.ya,Tier 1 - Top Influencer,0.8166965713034198,0.9922545,0.5533596550251356,0.0022905048470884854,0.0017554524477086072,0.0893850157115157,0.4260270547553411,255,0.25914634146341464,1,1,0,1,5
@l,Tier 1 - Top Influencer,0.8157285144500768,0.9911878,0.5525394505691618,0.002283466941666697,0.0018939863864559296,0.08996461584123956,0.42219415277823497,251,0.25508130081300817,1,0,2,1,5
viann,Tier 1 - Top Influencer,0.8151493997795191,0.99046785,0.5521717000560975,0.002294576162455039,0.0011310158879818705,0.09141221595857521,0.4214358336892754,251,0.25508130081300817,1,1,2,1,5
yyy,Tier 1 - Top Influencer,0.8145023493930887,0.99204004,0.5481958163194832,0.0021440620457739527,0.007894366837869803,0.07779377631788692,0.4299301885597876,233,0.2367886178861789,2,0,0,1,6
pisangambon,Tier 1 - Top Influencer,0.8123732870142627,0.9874177,0.5498066706759155,0.0023384611919644188,0.006496621426031147,0.07349303278947394,0.4361234208299332,244,0.24796747967479676,1,1,2,1,6
27,Tier 1 - Top Influencer,0.8120254361533367,0.99050736,0.54430248436909,0.002264411399525913,0.001275752838911909,0.08946713311837126,0.4206802338081651,248,0.2520325203252033,1,0,2,1,5
secccfldsuuu21,Tier 1 - Top Influencer,0.8097267532139216,0.99318874,0.534533655591109,0.0022432870102126207,0.004085717357682223,0.0786122615672811,0.4299301885597876,243,0.24695121951219515,1,0,0,1,6
198,Tier 1 - Top Influencer,0.8085850729884348,0.9889237,0.5380769705627467,0.0022652298634640677,0.001091730144158003,0.08730982563478921,0.41127852831990197,246,0.25,1,0,2,1,5
˚ ༘ 🦕𖦹⋆｡˚,Tier 1 - Top Influencer,0.8080896408471944,0.99037594,0.5346601384663288,0.002195519047160899,0.0017016930087917358,0.08800205995507471,0.41731329552068314,245,0.2489837398373984,1,1,2,1,5
cingire dava,Tier 1 - Top Influencer,0.8059310412768801,0.98928225,0.5309041083763737,0.002138502613638885,0.00385207056546659,0.0806070515261446,0.43171002834683364,236,0.23983739837398377,2,1,2,1,6
alfri_❄❄❄,Tier 1 - Top Influencer,0.8059277469899859,0.9944537,0.5231387751764571,0.0021886268721939177,0.0030725587011719555,0.08047881972656692,0.4269961790837199,237,0.24085365853658539,1,0,0,1,6
ws🪩,Tier 1 - Top Influencer,0.8037150808332814,0.9895203,0.5250071754451723,0.0021925781888704607,0.0008684217055802296,0.08289293265565999,0.42796972258368277,238,0.24186991869918703,2,0,2,1,5
ibunya ragaf,Tier 1 - Top Influencer,0.8035173272900888,0.9931172,0.5191173791421227,0.0022285875460513645,0.0009800759248691164,0.08162187601338791,0.4231458979377891,240,0.24390243902439027,1,0,0,1,5
zazamm,Tier 1 - Top Influencer,0.8031555964275146,0.988951,0.5244624499787748,0.0021866730293014064,0.003461280797955487,0.08060871057153972,0.4246776477945775,235,0.23882113821138215,1,0,0,1,6
qila012,Tier 1 - Top Influencer,0.8019687247390521,0.9898835,0.5200964987563523,0.0021583107129958656,0.0008229329495736462,0.08686089881296469,0.41454841061219805,239,0.24288617886178865,1,0,2,1,5
amriajahh,Tier 1 - Top Influencer,0.8005398306393382,0.9925102,0.5125842474758022,0.0022252172877043337,0.0006364979723042396,0.08153095987314275,0.42011530959087573,232,0.23577235772357727,1,0,0,1,5
praditailhm_,Tier 1 - Top Influencer,0.800219280600339,0.99039733,0.5149522003526237,0.002115163690470972,0.0010813917905201432,0.08720671666873134,0.41127852831990197,234,0.2378048780487805,1,0,2,1,5
mawar hitam 🌹🗡️,Tier 1 - Top Influencer,0.7998920540086232,0.99250907,0.5109664450267459,0.002225217227169744,0.0003604639301733811,0.08153095663600744,0.42011530959087573,232,0.23577235772357727,1,0,0,1,5
bluestar,Tier 1 - Top Influencer,0.7997440310831918,0.9925088,0.5105968347480034,0.0022252172071899907,0.00029739997298243583,0.0815309562579271,0.42011530959087573,232,0.23577235772357727,1,1,0,1,5
b★vanss,Tier 1 - Top Influencer,0.7994179605372712,0.9910347,0.5119928416927569,0.002104225160906259,0.0013398506314666401,0.08270526772667175,0.432904797797978,227,0.23069105691056913,2,0,2,1,5
chell28,Tier 1 - Top Influencer,0.7981331707159307,0.99082464,0.5090958776870436,0.0021210754259346695,0.000750564474108627,0.08487943357215352,0.41787070419680156,234,0.2378048780487805,1,0,0,1,5
anisatul,Tier 1 - Top Influencer,0.7976223091071251,0.99098575,0.5075770268304653,0.0021473077757111834,0.0017616554598913231,0.0801007647862191,0.4152821246132815,232,0.23577235772357727,1,0,0,1,5
mhrullam,Tier 1 - Top Influencer,0.7968304604804516,0.99130416,0.5051198230475187,0.0021107790636712607,0.0010731211076098553,0.08299309541406444,0.4103793623200771,232,0.23577235772357727,1,0,2,1,5
1234lvinnn,Tier 1 - Top Influencer,0.7967083799270925,0.99228656,0.5033410458336616,0.0022439541942681366,0.005181582843295371,0.06500617619734843,0.4347094032542919,221,0.22459349593495936,1,0,0,1,6
espede racing,Tier 1 - Top Influencer,0.7961783898843029,0.99316907,0.5006922515662261,0.0020628211600318383,0.0025887237509201132,0.08048884066232058,0.416018440437064,226,0.2296747967479675,1,0,2,1,6
zain,Tier 1 - Top Influencer,0.7903186685304215,0.9947649,0.4836492256473428,0.0022517168964150363,0.007625569643285445,0.05106210709259796,0.44187269379755945,206,0.209349593495935,1,0,0,1,6
p4tooookkkk,Tier 1 - Top Influencer,0.7899917215011152,0.9908434,0.4887140914553485,0.0020073902783519972,0.00301466392079994,0.07731860791186734,0.424869896616576,222,0.225609756097561,1,0,2,1,6
☝️👌👌cc,Tier 1 - Top Influencer,0.7892291445626171,0.99056154,0.4872305440637845,0.0020818418611365007,0.0012819558510946247,0.07796185547126643,0.4149149432475758,220,0.22357723577235775,1,0,0,1,5
ol²²oy,Tier 1 - Top Influencer,0.7889111029268068,0.99049723,0.48653185048718295,0.0020561245483056026,0.0016148508382337128,0.07834010895427329,0.4154659591084623,219,0.22256097560975613,1,0,0,1,5
kruxill🎃,Tier 1 - Top Influencer,0.7881563645224695,0.99257505,0.48152827760103456,0.0020557103554329622,0.0004280078406073989,0.07935501073938978,0.4150984527315419,219,0.22256097560975613,1,0,0,1,5
z4kk🇦🇱🇦🇱,Tier 1 - Top Influencer,0.787877702729613,0.99302226,0.4801607728419463,0.0021252923392418,0.0042325219793398336,0.0653676867824021,0.4297333340778463,211,0.2144308943089431,1,0,2,1,6
genzzz,Tier 1 - Top Influencer,0.7868781690360982,0.9916232,0.47976046913908893,0.001968739245911714,0.0012716174974567649,0.07656183504370903,0.4262205275322508,218,0.22154471544715448,2,0,2,1,5
muhammadchilung,Tier 1 - Top Influencer,0.7866599388514814,0.9923381,0.4781426061180377,0.0019957295646751004,0.0010710534368822834,0.07965896726901424,0.41254400071473246,217,0.22052845528455287,1,0,2,1,5
10+11=21,Tier 1 - Top Influencer,0.7850512950167097,0.9904322,0.4769799333177598,0.0020143658635595127,0.0006306395719094525,0.07931231445833303,0.40228787039263453,217,0.22052845528455287,1,0,2,1,5
tam,Tier 1 - Top Influencer,0.7835453935959278,0.99353784,0.4685566297417727,0.0018873868228026702,0.0010152263272378398,0.07729891430222027,0.42011530959087573,214,0.21747967479674798,2,0,2,1,5
wzrd,Tier 1 - Top Influencer,0.7822486123505674,0.993747,0.46500100718524107,0.0019375108321705756,0.0006492486084576003,0.07782614160087166,0.40646929477090354,216,0.21951219512195125,1,0,2,1,5
alip ajee🌊,Tier 1 - Top Influencer,0.7814221368443083,0.9917542,0.4659239913550791,0.00188232461391916,0.0024956785681793745,0.07335497399823618,0.42011530959087573,208,0.21138211382113822,2,0,2,1,6
ɴᴀᴛ,Tier 1 - Top Influencer,0.7808411089646022,0.99026453,0.4667058507768315,0.001999920905044107,0.0063746288531044,0.06386363146347955,0.41731329552068314,193,0.19613821138211385,1,0,2,1,6
..........🇦🇱🇦🇱,Tier 1 - Top Influencer,0.7795495759825632,0.9907957,0.46268040224431095,0.002035918214074724,0.002607332787468261,0.06669628359715084,0.42738506449272146,210,0.2134146341463415,1,0,2,1,6
frzardtyaalvro,Tier 2 - Micro Influencer,0.7794723260630007,0.994027,0.45764022773226964,0.001928320058343022,0.0009635345590485406,0.07443403417204963,0.4210576947626812,213,0.21646341463414637,1,0,0,1,5
stecu💤,Tier 2 - Micro Influencer,0.778586183084964,0.9904046,0.46085842970490254,0.0019284959658442669,0.0018753773499077817,0.07359595239569539,0.41218164322618195,212,0.21544715447154475,1,0,2,1,5
ig : d4haas.👾,Tier 2 - Micro Influencer,0.7775678356109313,0.9943756,0.4523561198558044,0.0018795481837478453,0.0007195494131950475,0.07552056403440248,0.4047165164407142,212,0.21544715447154475,1,0,2,1,5
betmenn🦸,Tier 2 - Micro Influencer,0.7772626091544352,0.99134314,0.45614178218059803,0.001982262664186877,0.0013067678998254886,0.07006669268920213,0.4191771333747281,211,0.2144308943089431,1,0,2,1,5
nadhiff👾,Tier 2 - Micro Influencer,0.776619407909398,0.99156624,0.45419909898759114,0.001881632326069733,0.0007960532301152105,0.07786865605882817,0.4127254184810978,205,0.20833333333333334,1,0,2,1,5
put,Tier 2 - Micro Influencer,0.7763052547997054,0.9940732,0.44965325917448,0.0019147211109944067,0.000758835157018915,0.0732746325115463,0.416018440437064,207,0.2103658536585366,1,0,2,1,5
syaf__👾👾,Tier 2 - Micro Influencer,0.7759696300874068,0.99306786,0.450322194906551,0.0018106173356127447,0.0013026325583703445,0.06998134717223632,0.4262205275322508,202,0.2052845528455285,3,0,2,1,5
𝘿𝙚𝙣,Tier 2 - Micro Influencer,0.7745141962537421,0.988113,0.45411601150265646,0.0019712740736792618,0.002524625958365382,0.06805415060555754,0.42030344900403777,203,0.2063008130081301,1,0,0,1,6
️dika_sajah,Tier 2 - Micro Influencer,0.7731044250446278,0.99339056,0.44267519258402743,0.0019004581264170952,0.0007360907790156233,0.07137003726954855,0.41992733853513037,204,0.20731707317073172,1,0,2,1,5
sendiiisen©📍,Tier 2 - Micro Influencer,0.7728271354950154,0.9910329,0.44551846129613215,0.0018468027787942867,0.00028533856040493263,0.07747764021091426,0.39534018602612314,203,0.2063008130081301,1,0,2,1,5
im.p4yeng!!,Tier 2 - Micro Influencer,0.7727836922877315,0.9954591,0.43877049189639156,0.001924849238620754,0.005053387258185908,0.057909733213805346,0.4260270547553411,193,0.19613821138211385,1,0,2,1,6
lihgal18,Tier 2 - Micro Influencer,0.7725033203221238,0.9914141,0.44413701679728324,0.0018421089152607434,0.0009904142785069762,0.07595234170624092,0.4103793623200771,199,0.2022357723577236,1,0,2,1,5
edhy soekamto,Tier 2 - Micro Influencer,0.7721998947403846,0.99670583,0.4354409022981967,0.001966540826088631,0.0019580841790106606,0.06052951513677683,0.4180568381407645,203,0.2063008130081301,1,0,0,1,5
yogaaa21,Tier 2 - Micro Influencer,0.7715173808406522,0.9914329,0.441644004898948,0.0019212541485047006,0.0007815795350222067,0.07027469035052412,0.41290699587594204,201,0.20426829268292684,1,0,0,1,5
dwk,Tier 2 - Micro Influencer,0.7708740698597496,0.99162126,0.4397532014304562,0.001808966398313749,0.000419737157697111,0.07656798735906353,0.40315189073282487,202,0.2052845528455285,1,0,2,1,5
scc winoww,Tier 2 - Micro Influencer,0.7707269820970715,0.98898625,0.443338015030429,0.001859663109561917,0.0005644741086271493,0.07480385530697839,0.41290699587594204,203,0.2063008130081301,1,0,0,1,5
tinnyee,Tier 2 - Micro Influencer,0.7700725336997255,0.99102813,0.43863910936528056,0.0019445999443223857,0.0013377829607390682,0.06626033639160056,0.41109838003767685,199,0.2022357723577236,1,0,0,1,5
dín dlgk?,Tier 2 - Micro Influencer,0.7684446092324478,0.9898803,0.43629097836142355,0.001680640292549718,0.0060975609756097554,0.0646675438261048,0.41973953561091965,186,0.18902439024390247,2,0,2,1,6
zrill🇦🇱🇦🇱,Tier 2 - Micro Influencer,0.7680696174991812,0.99100554,0.4336656444998299,0.001828045098315937,0.0007981209008427826,0.0722646193848773,0.4002292544247404,198,0.20121951219512196,1,0,2,1,5
🐦,Tier 2 - Micro Influencer,0.7679938318186401,0.9909842,0.433508217795044,0.0018357278766190659,0.009625007236847546,0.051512157725248246,0.4180568381407645,174,0.17682926829268295,1,0,0,1,6
kang bahar,Tier 2 - Micro Influencer,0.7673287149901242,0.9878775,0.43650546586390615,0.0018036209338632293,0.0014701138873036744,0.069243564743011,0.39988819839199674,195,0.19817073170731708,2,0,0,1,5
cionnnn➰,Tier 2 - Micro Influencer,0.7668353562992816,0.9941498,0.42586362497061614,0.0018688857856299591,0.0013336476192839241,0.06437211817757718,0.417684735926131,198,0.20121951219512196,1,0,2,1,5
-kinderjoy🪐,Tier 2 - Micro Influencer,0.7667074604089469,0.99322236,0.4269350576538368,0.0018267548850461259,0.001343985972921784,0.06754844472611406,0.40057089271276836,197,0.20020325203252035,1,0,2,1,5
aziz,Tier 2 - Micro Influencer,0.7665979015248112,0.9931471,0.42677411124534703,0.0017811686333868955,0.0009387225103176768,0.07052818895450125,0.40384578383219294,200,0.20325203252032523,1,0,2,1,5
dân stfu⸸,Tier 2 - Micro Influencer,0.766573378731391,0.9921177,0.428256862584703,0.0017827480288815976,0.0002874062311325046,0.07438527695873007,0.40524076063299497,195,0.19817073170731708,1,0,0,1,5
user7098643456,Tier 2 - Micro Influencer,0.7664450681465531,0.9934244,0.42597598737916953,0.0017898388237340514,0.0029154157258764854,0.0657556060133007,0.4010844451393232,192,0.1951219512195122,1,0,2,1,6
arkanan,Tier 2 - Micro Influencer,0.7662329007696196,0.99277204,0.42642412819243586,0.0018199445626543693,0.0019229337766419371,0.06595621601774479,0.4028058376077323,197,0.20020325203252035,1,1,2,1,5
scc.,Tier 2 - Micro Influencer,0.7661365242632241,0.9921495,0.4271170426984656,0.0019003666036807472,0.0017161667038847396,0.06257082838153948,0.4283603841287158,196,0.19918699186991873,1,0,0,1,5
si kucing,Tier 2 - Micro Influencer,0.7659313433388397,0.9935143,0.4245568198510819,0.001830458606026786,0.0013874070582007955,0.06599979103273182,0.4085927738902988,197,0.20020325203252035,1,0,2,1,5
aqila misha,Tier 2 - Micro Influencer,0.7658537212560101,0.99303895,0.4250757852071336,0.0019097407502222557,0.0021751896054057183,0.06063736056937863,0.4154659591084623,192,0.1951219512195122,1,0,0,1,6
jagoan orangtua,Tier 2 - Micro Influencer,0.7658199750120066,0.9937855,0.423871597333407,0.0017436965128698452,0.0006637223035506041,0.07377730847561768,0.401771233572781,193,0.19613821138211385,1,0,2,1,5
💋,Tier 2 - Micro Influencer,0.765552469672486,0.9957,0.4203310821993273,0.001830718956120462,0.0025969944338304013,0.06174831462132649,0.41842960393491585,191,0.19410569105691058,1,0,2,1,6
hii i'm bayy.,Tier 2 - Micro Influencer,0.7649291155251635,0.9910761,0.4257085913203092,0.0016942020820936716,0.0014163544483868033,0.06346808664415818,0.39073172424063957,185,0.18800813008130082,4,0,2,1,4
va 17hd,Tier 2 - Micro Influencer,0.7648413884082648,0.9905565,0.4262687532701125,0.0017495026319777048,0.0002109024142123415,0.07525535073945433,0.3976854244178035,196,0.19918699186991873,1,1,2,1,5
alfisaktiawan,Tier 2 - Micro Influencer,0.7643937780624979,0.9951001,0.41833423429885314,0.0018138122182918348,0.001929136788824653,0.06368958297297568,0.41055888085127573,191,0.19410569105691058,1,0,0,1,5
￴￴,Tier 2 - Micro Influencer,0.7618198370940725,0.98759216,0.4231612324732641,0.0017665453088696996,0.0011330835587094424,0.06685062040878918,0.41399982427261417,190,0.19308943089430897,2,1,2,1,5
𝙋𝙍𝙄𝙉𝘾𝙀 15,Tier 2 - Micro Influencer,0.7617918531956029,0.9885937,0.42158908666713835,0.0017317592670267968,0.0007526321448361991,0.06917582076119282,0.40419362688458926,190,0.19308943089430897,2,1,2,1,5
inieidan,Tier 2 - Micro Influencer,0.7613122400395227,0.97633797,0.43877361634178774,0.0018712104886675596,0.0023199265563357565,0.06399728121965734,0.40894884602440795,195,0.19817073170731708,2,0,2,1,6
nnaann🔫,Tier 2 - Micro Influencer,0.7610825345553028,0.991879,0.4148878270479708,0.001735669393039318,0.004687409539405669,0.061975810671560286,0.3940124272149523,176,0.1788617886178862,1,0,2,1,6
dɹısɐɐɐ,Tier 2 - Micro Influencer,0.760494645691252,0.9925661,0.41238739156806536,0.0018067630556698408,0.0014101514362040873,0.06312083684072424,0.40315189073282487,189,0.19207317073170735,1,0,2,1,5
abay,Tier 2 - Micro Influencer,0.7602988752427401,0.9945596,0.40890774943001607,0.0018261309030659502,0.001525940996948118,0.06040364400318304,0.4180568381407645,187,0.19004065040650409,1,0,0,1,5
balzz,Tier 2 - Micro Influencer,0.7590877559163789,0.9888903,0.41438389479583015,0.001685592030955402,0.002350941617249336,0.06877421031494303,0.41327063039454703,187,0.19004065040650409,1,0,2,1,6
farrel,Tier 2 - Micro Influencer,0.7589823361508814,0.99099344,0.41096562054573693,0.0017773652083326755,0.005493801123158739,0.054695495629156606,0.4218146524161871,178,0.18089430894308944,1,0,2,1,6
dimzz.stecu(setelan.cuwek💢🥶),Tier 2 - Micro Influencer,0.7587593148778085,0.98923266,0.41304929818466396,0.0016797831445997326,0.004902447295073154,0.06485842838069818,0.3975169850173724,171,0.17378048780487806,1,0,2,1,6
b🕸️,Tier 2 - Micro Influencer,0.7582999171976306,0.99157554,0.4083863651166503,0.001851237421215978,0.0016644749356954402,0.05803816212859671,0.4214358336892754,188,0.1910569105691057,1,1,0,1,5
user13463#457344,Tier 2 - Micro Influencer,0.7582614191453704,0.9923165,0.4071787913841626,0.001669290245968175,0.0008560156812147978,0.07100026894490355,0.3976854244178035,185,0.18800813008130082,1,0,2,1,5
agsdwh,Tier 2 - Micro Influencer,0.7577675810907027,0.99043286,0.4087696054214591,0.0017179350040900485,0.0006306395719094525,0.06532975005210899,0.39903809592942874,184,0.1869918699186992,2,0,0,1,5
4hs3n,Tier 2 - Micro Influencer,0.7563697721355812,0.98396033,0.41498393460950656,0.0017417450845892788,0.0017265050575225995,0.06772240781148821,0.4127254184810978,187,0.19004065040650409,1,0,0,1,5
safi,Tier 2 - Micro Influencer,0.7563597387361937,0.9912998,0.4039495751977993,0.001636565075998769,0.002942295445334921,0.06191888528997804,0.4107385565102916,179,0.1819105691056911,2,0,2,1,6
b saja 👀,Tier 2 - Micro Influencer,0.7560303816838023,0.9925113,0.40130898595923126,0.0017431517176960754,0.0005644741086271493,0.06440812191312355,0.4102000007106714,186,0.18902439024390247,1,0,2,1,5
kin_💫,Tier 2 - Micro Influencer,0.7552489720544575,0.99446154,0.3964300659202929,0.0015857292467222476,0.002510152263272378,0.05893841343001026,0.40682167387343576,174,0.17682926829268295,3,0,2,1,6
⋇⋆✦chelsea ♛┈⛧♡,Tier 2 - Micro Influencer,0.7549564008800661,0.97196835,0.42943844320587204,0.0017701956509088887,0.0031573332010024066,0.06044657364795004,0.41973953561091965,185,0.18800813008130082,3,0,2,1,6
van pablo,Tier 2 - Micro Influencer,0.7548156724190477,0.99252933,0.3982450926839718,0.001617953673980461,0.003779702090001571,0.06271451664988861,0.41620292755033983,177,0.17987804878048783,1,0,2,1,6
nuuuu,Tier 2 - Micro Influencer,0.7544742593155431,0.9780869,0.41905531510366173,0.0017852976152223886,0.019121818888585627,0.02835388046830279,0.43190869840129603,136,0.13821138211382114,1,0,21,1,5
b,Tier 2 - Micro Influencer,0.7544195104999295,0.992351,0.39752216372960575,0.0016099024636785423,0.0006471809377300283,0.06801655738114575,0.4062933340372365,175,0.17784552845528456,2,3,2,1,5
arkhnraalfano,Tier 2 - Micro Influencer,0.7540507216307673,0.9865566,0.4052918898694597,0.0017068036345690087,0.0012116550463571777,0.066585273997105,0.40699809263920916,186,0.18902439024390247,1,0,0,1,5
윙고🇲🇨🇰🇷,Tier 2 - Micro Influencer,0.7535511312022631,0.989005,0.40037022459875177,0.001664563076126381,0.0028844006649629056,0.05942517988753474,0.41675737194760937,176,0.1788617886178862,2,0,2,1,6
athar aurellio,Tier 2 - Micro Influencer,0.7534671654146909,0.9958625,0.3898741875693201,0.0016149004510626983,0.003543987627058366,0.062356807855002784,0.40752826818324633,165,0.1676829268292683,1,0,0,1,6
ffi🕷️,Tier 2 - Micro Influencer,0.7532104108310205,0.98776037,0.4013853901566221,0.0017351770716232287,0.0017492494355258912,0.06162940282034445,0.4156499564331339,185,0.18800813008130082,1,0,2,1,5
dwi reny makmoy makm,Tier 2 - Micro Influencer,0.752149745171579,0.9970812,0.38475241349466704,0.0017686509274371944,0.0019787608862863806,0.0528477296217964,0.4191771333747281,176,0.1788617886178862,1,1,0,1,5
anzzbut🐊,Tier 2 - Micro Influencer,0.751199897853301,0.97529197,0.41506170413833354,0.0018060215676831885,0.0018877833742732136,0.06134045851053286,0.4154659591084623,196,0.19918699186991873,1,1,2,1,5
chelll,Tier 2 - Micro Influencer,0.7508109919876123,0.9908737,0.3907168191299497,0.0015981351355511177,0.00040319579187653523,0.06982253955495228,0.4009131147484051,178,0.18089430894308944,1,0,2,1,5
oz_,Tier 2 - Micro Influencer,0.749017180062627,0.9903369,0.387037548068402,0.0015776944093127093,0.000750564474108627,0.06397830448836088,0.4010844451393232,176,0.1788617886178862,2,1,2,1,5
lah?kenapa?,Tier 2 - Micro Influencer,0.747478268820875,0.9944214,0.3770635085275596,0.001594709016528664,0.0018236855817184824,0.06036816147277785,0.41675737194760937,172,0.17479674796747968,1,0,2,1,5
vittss..,Tier 2 - Micro Influencer,0.7471353707809426,0.9904283,0.38219593418120773,0.0016681400533986252,0.0006595869620954601,0.06047480673941723,0.4062933340372365,179,0.1819105691056911,1,0,2,1,5
princess 💅,Tier 2 - Micro Influencer,0.746995925230544,0.98713756,0.3867834789622852,0.001729627447084268,0.0008312036324839341,0.05827073002685401,0.40332514036356526,181,0.18394308943089432,1,0,0,1,5
rahmat kartolo,Tier 2 - Micro Influencer,0.7469381091398206,0.9882284,0.38500264222478053,0.0016317747192873186,0.001006955644327552,0.06294789674509631,0.40646929477090354,179,0.1819105691056911,1,0,2,1,5
pip2nd🧿,Tier 2 - Micro Influencer,0.7468456162857725,0.99539715,0.37401828513734386,0.0017897458480827454,0.0037755667485464273,0.042351967618787185,0.416018440437064,170,0.17276422764227645,1,0,0,1,6
_mhmmdrifq15,Tier 2 - Micro Influencer,0.7461082683254663,0.9913152,0.3782978023711302,0.0015251408746382168,0.0005231206940757097,0.06573969882130172,0.39484122912327146,166,0.16869918699186995,2,0,2,1,5
jdr,Tier 2 - Micro Influencer,0.7449122520773085,0.9923608,0.3737394145350834,0.0015127874724712876,0.0008911660835835214,0.06278610054450436,0.40332514036356526,167,0.16971544715447157,2,0,2,1,5
ikhsan hair,Tier 2 - Micro Influencer,0.7447596986388314,0.9919864,0.37391965570428676,0.0016231232296085433,0.0005810154744477251,0.060843077094727645,0.405415810637588,172,0.17479674796747968,1,0,0,1,5
tangrajinngaji,Tier 2 - Micro Influencer,0.7445492511094355,0.98953885,0.37706473596412526,0.0015735191174952594,0.0002832708896773606,0.06641671528779004,0.3884675503418942,171,0.17378048780487806,1,0,2,1,4
𝘼𝙇𝙃𝘼𝙆𝙄𝙈𝙕,Tier 2 - Micro Influencer,0.74379443490256,0.9784887,0.3917530021009131,0.001642125110632461,0.00552688385479989,0.051739218822469,0.4103793623200771,163,0.16565040650406507,2,0,2,1,6
el smile,Tier 2 - Micro Influencer,0.7429307251453787,0.98848456,0.3745998812914862,0.0015388202166608683,0.0007298877668329073,0.06657672809586081,0.39650933740009137,168,0.17073170731707318,1,0,2,1,5
hermanto,Tier 2 - Micro Influencer,0.7428568021135553,0.9890521,0.3735637703729233,0.0015545322735350565,0.0007216170839226194,0.06316517155558674,0.39040665625042276,176,0.1788617886178862,1,0,2,1,4
hpiss,Tier 2 - Micro Influencer,0.7424357219725145,0.99502987,0.36354444528353536,0.0016717480174382755,0.005642673415543921,0.04150089884555349,0.4195519005927654,157,0.1595528455284553,1,0,0,1,6
42,Tier 2 - Micro Influencer,0.7411833627836973,0.9882586,0.3705704768044428,0.0015835347046422278,0.0015838357773201332,0.05892767813873293,0.41127852831990197,170,0.17276422764227645,1,0,0,1,5
username12375,Tier 2 - Micro Influencer,0.7408541240053101,0.9773885,0.38605252846000676,0.0016029758784390528,0.014548131239196418,0.03539325201911718,0.4149149432475758,137,0.13922764227642279,1,0,0,1,6
wong elek,Tier 2 - Micro Influencer,0.7397038352379028,0.9825095,0.3754952579460602,0.0015691245091064702,0.0007919178886600666,0.06435795668772881,0.3960074268464204,171,0.17378048780487806,1,0,2,1,5
l4nkk,Tier 2 - Micro Influencer,0.7389682001905894,0.98237604,0.3738564419342219,0.0015736461478339115,0.0007836472057497787,0.06354303427180727,0.3875052029834915,170,0.17276422764227645,1,0,2,1,4
dubidubidam5,Tier 2 - Micro Influencer,0.7377474303075269,0.99344313,0.3542038785985597,0.0015073993561695205,0.0003018799262255084,0.05979658698178014,0.38959634770693913,166,0.16869918699186995,1,0,2,1,4
_𝕗 𝕕 𝟙 𝕃-𝟚𝟝,Tier 2 - Micro Influencer,0.7365970283107708,0.9439614,0.42555040850161274,0.001874967903736854,0.0021937986419538658,0.06205951728232295,0.41399982427261417,195,0.19817073170731708,1,1,2,1,6
ayurahayu,Tier 2 - Micro Influencer,0.73647995622836,0.99500656,0.34869004865195485,0.00156853658656599,0.0009966172906896921,0.05193285930391767,0.405941869215405,164,0.16666666666666669,1,0,0,1,5
zaall,Tier 2 - Micro Influencer,0.7357228394359098,0.99617624,0.3450426449402536,0.0014747478752391218,0.0007650381692016309,0.056641757405590375,0.40367208672086724,162,0.16463414634146342,1,0,2,1,5
ayas hafddz,Tier 2 - Micro Influencer,0.7354892649746735,0.9842481,0.3623509800674514,0.0015210826789760728,0.0037362810047225597,0.054689706564118805,0.40315189073282487,159,0.16158536585365854,1,0,2,1,6
bogel osle,Tier 2 - Micro Influencer,0.7352462869055169,0.9891216,0.3544331742244702,0.0014382545912284912,0.00037631607241809953,0.06079360589389194,0.3818297809707145,159,0.16158536585365854,2,0,2,1,4
kelzy24,Tier 2 - Micro Influencer,0.7344661003132453,0.9914847,0.3489381685306109,0.0015648890706046526,0.004974815770538173,0.042441008296579874,0.41327063039454703,156,0.1585365853658537,1,0,0,1,6
zeniperr,Tier 2 - Micro Influencer,0.7334751931861083,0.9942591,0.3422993044145504,0.0014425624386239053,0.00044248153570040276,0.058805211816047295,0.38591184277385543,159,0.16158536585365854,1,0,2,1,4
...,Tier 2 - Micro Influencer,0.7333496854858071,0.9928571,0.3440885360430854,0.0014245398396765922,0.0009842112663242604,0.05577459263691242,0.4071746644798335,154,0.15650406504065043,2,1,0,1,4
faaa12,Tier 2 - Micro Influencer,0.73226509785926,0.9930693,0.3410587781736167,0.0015499868685492143,0.0056323350619060615,0.04035327753545604,0.43111511328709984,144,0.14634146341463417,1,0,2,1,6
cantika deni,Tier 2 - Micro Influencer,0.7316425598341003,0.98938984,0.34502152519369494,0.0015207366883929127,0.0008250006203012182,0.054322656157008466,0.4021155105509924,160,0.1626016260162602,1,0,2,1,5
rfky,Tier 2 - Micro Influencer,0.7312873816092292,0.9959019,0.33436557044572635,0.0014613566435296354,0.0012881588632773406,0.051939033591240955,0.39971788825639537,156,0.1585365853658537,1,0,2,1,5
𝙧𝙖𝙙𝙚𝙣𝙣𝙠𝙪𝙘𝙞𝙩𝙩🌊,Tier 2 - Micro Influencer,0.7312241741479214,0.99234056,0.33954946906883915,0.0013953277045709435,0.004342108527901148,0.046910130940060135,0.41254400071473246,147,0.14939024390243905,2,0,2,1,5
ig:4ufa_l,Tier 2 - Micro Influencer,0.7310553102005873,0.99095637,0.3412036370012547,0.0013398163190073086,0.0024832725438139426,0.052094636840243715,0.40454206966638634,146,0.1483739837398374,3,1,2,1,5
piscesmod,Tier 2 - Micro Influencer,0.7306778834785398,0.99232835,0.33820207082365356,0.0014941669291575095,0.001097933156340719,0.051820615731409725,0.4010844451393232,159,0.16158536585365854,1,0,2,1,5
alakaee,Tier 2 - Micro Influencer,0.7304394055088534,0.9868492,0.34582461135590425,0.0014631943616381206,0.0007154140717399035,0.05423769069481899,0.3971805339085977,158,0.16056910569105692,2,0,2,1,5
dilahhh,Tier 2 - Micro Influencer,0.7301070781529271,0.9909512,0.338840805485925,0.0015130103532279833,0.0007236847546501914,0.05192846615454988,0.3992078271484544,160,0.1626016260162602,1,1,2,1,5
ens,Tier 2 - Micro Influencer,0.7295986303435729,0.99370307,0.33344191530023154,0.0014875864430870915,0.001925001447369509,0.049330296507885556,0.40349853896217386,151,0.15345528455284554,1,0,2,1,5
dhellaxriigod,Tier 2 - Micro Influencer,0.7291518582994208,0.99537647,0.3298148845867476,0.0014343760363787635,0.0023219942270633286,0.04985628579872223,0.3960074268464204,149,0.15142276422764228,1,0,2,1,6
garangan mulet,Tier 2 - Micro Influencer,0.7285443426328356,0.9909895,0.33487659721509994,0.001636677473218057,0.011835347244621987,0.01932402763157555,0.4365291170353564,122,0.12398373983739838,1,2,0,1,5
wongwonganmumet,Tier 2 - Micro Influencer,0.7281517851920639,0.99327236,0.3304709167708245,0.001439394183353578,0.000756767486291343,0.05355414876620681,0.39318709745539016,153,0.1554878048780488,1,0,2,1,5
rafyy😹,Tier 2 - Micro Influencer,0.7274084146897906,0.9475153,0.39724798403206313,0.001382753564034814,0.012457716133621151,0.038334680382473875,0.40005865371952953,131,0.13313008130081302,6,0,2,1,5
030924,Tier 2 - Micro Influencer,0.7268692866171631,0.9777665,0.3505234458062133,0.00143063364010808,0.0008539480104872259,0.06218780215831615,0.3941779091247444,160,0.1626016260162602,1,1,2,1,5
kaji,Tier 2 - Micro Influencer,0.7266221593219522,0.98039424,0.3459639724091896,0.001510634369415365,0.0006595869620954601,0.056625651561567084,0.39836061189559263,157,0.1595528455284553,1,0,0,1,5
𝐫𝐢𝐝𝐨𝐨🕊️,Tier 2 - Micro Influencer,0.7264631004411849,0.9935607,0.32581662418416957,0.001331215300361778,0.007352637107245944,0.04017951596169034,0.40948411938307866,125,0.12703252032520326,2,0,2,1,5
mengomentari postingan anda,Tier 2 - Micro Influencer,0.7254822932013839,0.994402,0.32210262674316,0.0014770151949572393,0.0019828962277415245,0.04476022741444702,0.40005865371952953,148,0.15040650406504066,1,0,0,1,5
ndre4you,Tier 2 - Micro Influencer,0.7253676768499661,0.99156827,0.32606679110677245,0.0014985149600211893,0.0009738729126864004,0.047539130160342995,0.4114588345576573,152,0.15447154471544716,1,0,0,1,5
فەیزال,Tier 2 - Micro Influencer,0.7252172808259894,0.98902494,0.32950579633567945,0.0014257768190608215,0.000254323499491353,0.055841402907080714,0.3894346894713761,151,0.15345528455284554,1,0,2,1,3
𝑱𝒖𝒍𝒊𝒂𝒏𝒏𝒏,Tier 2 - Micro Influencer,0.7251803463378311,0.9816288,0.3405076726473274,0.001421969561672124,0.001180639985443598,0.058637372047826104,0.3976854244178035,152,0.15447154471544716,1,0,0,1,4
taxi barang purwokerto,Tier 2 - Micro Influencer,0.7250456838135363,0.99477166,0.320456631065518,0.0014476087287806757,0.0029712428355209287,0.04392374089765525,0.41399982427261417,143,0.14532520325203255,1,0,2,1,6
rempeyek_500🌊,Tier 2 - Micro Influencer,0.724546352903548,0.9942087,0.32005275259540256,0.001396623021058369,0.00040939880405925115,0.05275223789477237,0.38766526295994064,149,0.15142276422764228,1,0,2,1,3
narzz🌊🌊,Tier 2 - Micro Influencer,0.7243400168618018,0.97017765,0.35558356647701433,0.0013993855325296208,0.0002377821336707772,0.059902150301247487,0.38385995976524184,157,0.1595528455284553,3,0,2,1,3
hαpiz_boyss⚡,Tier 2 - Micro Influencer,0.7241039362548889,0.9889908,0.32677354589082325,0.0013550678138279867,0.00045902290152097854,0.058395558628933225,0.38927316533638173,149,0.15142276422764228,1,1,2,1,3
bowo prast,Tier 2 - Micro Influencer,0.7237019327661817,0.9834811,0.33403316820199896,0.0014051006298885851,0.0003949251089662473,0.05940786811913047,0.38975814021013966,149,0.15142276422764228,1,1,0,1,3
yanuar,Tier 2 - Micro Influencer,0.7236603475895378,0.9409929,0.3976614716864756,0.00174373374101606,0.003115979786450967,0.05719286450197642,0.39988819839199674,177,0.17987804878048783,1,0,2,1,6
teteh_jawa,Tier 2 - Micro Influencer,0.7220345006539255,0.9912067,0.31827610387251515,0.001362546407764551,0.0012964295461876285,0.051161547304906574,0.3975169850173724,149,0.15142276422764228,1,0,2,1,4
@indah e noe🌻,Tier 2 - Micro Influencer,0.7219559105829751,0.9899058,0.32003108476508557,0.001450089850548858,0.0012447377779983293,0.04744627245078771,0.41109838003767685,148,0.15040650406504066,1,0,0,1,5
genjur,Tier 2 - Micro Influencer,0.7218558405294917,0.9817222,0.3320563372112568,0.001496370353169781,0.0012819558510946247,0.04928340466786921,0.4102000007106714,154,0.15650406504065043,1,0,2,1,5
♥,Tier 2 - Micro Influencer,0.7217024930728241,0.9922741,0.31584495514948263,0.0014867580071421618,0.00438552961318016,0.03739504306814931,0.40559101193864144,134,0.1361788617886179,1,0,0,1,6
sara ariska,Tier 2 - Micro Influencer,0.7213655597854428,0.98363954,0.32795456222911,0.0015023057293896316,0.0010359030345135597,0.04784463932477026,0.40040000069369297,153,0.1554878048780488,1,0,0,1,5
rzl,Tier 2 - Micro Influencer,0.7213115572644998,0.98406976,0.32717418663544695,0.001541677821147967,0.00041560181624196706,0.04653764736517178,0.3971805339085977,155,0.15752032520325204,1,0,0,1,5
mawarr,Tier 2 - Micro Influencer,0.7201066386788391,0.9852476,0.3223950594885406,0.0014384067873141483,0.0006802636693711799,0.05074354370277091,0.3936818798766847,149,0.15142276422764228,1,0,0,1,5
jepri night🦸,Tier 2 - Micro Influencer,0.7189214745654489,0.991388,0.3102215924595357,0.0014274178039067294,0.0005954891695407289,0.04695240490729227,0.39869906611130684,143,0.14532520325203255,1,0,2,1,5
anna,Tier 2 - Micro Influencer,0.718706934638434,0.9878001,0.31506709503038066,0.001428823503686763,0.0004404138649728308,0.04903942299852311,0.3946751899184257,146,0.1483739837398374,1,0,2,1,5
fikaa,Tier 2 - Micro Influencer,0.7186270690768579,0.97321045,0.33675187250217287,0.0013197629639548015,0.0005210530233481378,0.05631843258594619,0.38354622052554815,148,0.15040650406504066,3,0,2,1,3
danu.,Tier 2 - Micro Influencer,0.7178734781892917,0.9910296,0.30813923541501687,0.0013051543051799677,0.00041766948696953904,0.05317194389382428,0.3886284064704001,144,0.14634146341463417,1,0,2,1,3
sopo》,Tier 2 - Micro Influencer,0.7175034000701909,0.9936544,0.30327685530662635,0.001460181534318513,0.0023798890074353436,0.03749811511865038,0.4012559220290792,138,0.1402439024390244,1,0,0,1,6
_.akbbrrr,Tier 2 - Micro Influencer,0.7173157272997907,0.9806395,0.3223299826839095,0.0014380142000716368,0.0004548875600658346,0.05090092142759149,0.3941779091247444,151,0.15345528455284554,1,0,2,1,5
kiking,Tier 2 - Micro Influencer,0.7172070262597802,0.9876172,0.31159165446132475,0.001462208461901133,0.011490046233117468,0.021030563966008508,0.41254400071473246,112,0.11382113821138212,1,0,0,1,5
bilyy⁰²,Tier 2 - Micro Influencer,0.7167178284271191,0.9957223,0.2982111004848357,0.0013555464500216547,0.0013750010338353636,0.042900812689696116,0.3993777028195814,142,0.1443089430894309,1,1,0,1,4
-fladookw,Tier 2 - Micro Influencer,0.7164886932977735,0.99209094,0.30308523312427077,0.0013180441877736846,0.0015528207164065535,0.04724445669647755,0.40246037805575313,141,0.14329268292682928,1,0,0,1,4
talasku99,Tier 2 - Micro Influencer,0.7160567956746013,0.980714,0.3190708949119823,0.0013491059228048767,0.001180639985443598,0.045710115121895434,0.39236521807107705,140,0.14227642276422767,3,0,2,1,3
i,Tier 2 - Micro Influencer,0.7154026347189009,0.989023,0.30497201228858506,0.0013555015343526947,0.0004466168771555467,0.049098353459691574,0.3879857799198083,142,0.1443089430894309,1,0,0,1,3
zannn,Tier 2 - Micro Influencer,0.714849121610261,0.99374866,0.2964997471370722,0.00140693364791575,0.006397373231107692,0.029424062663134222,0.4297333340778463,121,0.12296747967479676,1,0,0,1,4
wdyt_,Tier 2 - Micro Influencer,0.7144962721362214,0.962159,0.343002123955513,0.0019069689908957888,0.015761853956281168,0.004084449091354737,0.3981916001807452,91,0.09247967479674797,1,0,1,1,4
pak haji,Tier 2 - Micro Influencer,0.7143208746429175,0.99387395,0.2949912260760591,0.001375353800097268,0.0022289490443225895,0.04010461414844586,0.4118199217314683,132,0.13414634146341464,1,0,0,1,5
abas bae,Tier 2 - Micro Influencer,0.7117315243893289,0.9833519,0.30430086235538695,0.0013211052613257958,0.00048590262097941424,0.04649694426429175,0.3950074080917577,140,0.14227642276422767,2,0,2,1,4
mommy bibiel,Tier 2 - Micro Influencer,0.7116404475441964,0.96002674,0.33906094771409817,0.0014985847228795686,0.001184775326898742,0.05224804193802355,0.3975169850173724,157,0.1595528455284553,1,0,2,1,5
￴ ￴ ￴  ￴ ￴ ￴ ￴ ￴,Tier 2 - Micro Influencer,0.7112765888780198,0.97016394,0.32294556012000675,0.0013602011030192556,0.0013956777411110834,0.0536225088234277,0.39040665625042276,148,0.15040650406504066,1,0,2,1,3
fakri,Tier 2 - Micro Influencer,0.7092421148514961,0.9876254,0.29166715698843565,0.0012466786246370291,0.000591353828085585,0.04939905600869859,0.38276411159299195,137,0.13922764227642279,1,0,0,1,3
àlwàysdip,Tier 2 - Micro Influencer,0.7084411525411185,0.99372995,0.28050783864726025,0.0014278622470401204,0.004706018575953816,0.02689896851166324,0.43270521052375116,114,0.11585365853658537,1,1,0,1,5
jesiccaaa,Tier 2 - Micro Influencer,0.7084209585819665,0.97899216,0.302564120450125,0.0013317982842258468,0.0016892869844263038,0.04704315626122318,0.40332514036356526,136,0.13821138211382114,1,0,0,1,4
f,Tier 2 - Micro Influencer,0.7082331954053149,0.9824792,0.2968641069062317,0.0013357475009668535,0.001170301631805738,0.04571878590774938,0.39154676747017786,135,0.13719512195121952,1,0,0,1,3
vanooo,Tier 2 - Micro Influencer,0.7079146425641527,0.991178,0.28301952300393335,0.0011650278284069929,0.0003618423773250957,0.05212503117970043,0.3789009291990377,130,0.1321138211382114,1,0,2,1,3
aldo.,Tier 2 - Micro Influencer,0.7075772867588794,0.9947699,0.2767883206378907,0.0013259231438139812,0.0014783845702139625,0.03668000055574881,0.39802273181764897,129,0.13109756097560976,1,0,0,1,4
y💥💯                😛,Tier 2 - Micro Influencer,0.7073589890318593,0.9900601,0.28330721684234356,0.0012700700081529268,0.0004404138649728308,0.045270146055204845,0.38927316533638173,133,0.1351626016260163,1,0,2,1,3
hyan,Tier 2 - Micro Influencer,0.7068527257466561,0.97933424,0.2981303423703329,0.0013400001291388928,0.00044454920642797473,0.0475237126649088,0.3936818798766847,138,0.1402439024390244,1,0,0,1,4
nuuuuu,Tier 2 - Micro Influencer,0.7067773292059385,0.9941591,0.27570455014573614,0.0014941462245261282,0.003111844444995823,0.023398753611507967,0.4214358336892754,122,0.12398373983739838,1,0,0,1,5
pak haji sara,Tier 2 - Micro Influencer,0.7064993892440278,0.993437,0.2760928656481401,0.0012871228612552864,0.001255076131636189,0.03896116936982598,0.39971788825639537,130,0.1321138211382114,1,0,0,1,4
𝓝𝓪𝔂𝓵𝓪_𝓓.𝓐,Tier 2 - Micro Influencer,0.7064818001824773,0.9862454,0.28683629061732596,0.0013453941228486056,0.0029050773722386256,0.03742689828649898,0.3981916001807452,125,0.12703252032520326,1,0,0,1,5
dhanadut_bae16💤,Tier 2 - Micro Influencer,0.7063913604702586,0.976769,0.3008248560344265,0.0012966473655992084,0.0003804514138732435,0.051815512136408434,0.37859524067205175,137,0.13922764227642279,1,1,2,1,3
g,Tier 2 - Micro Influencer,0.7062767336446139,0.98160446,0.29328514875920925,0.001274555586740806,0.009525759041924091,0.025969940462279115,0.40646929477090354,103,0.1046747967479675,2,0,2,1,3
🏴󠁧󠁢󠁥󠁮󠁧󠁿🏴󠁧󠁢󠁥󠁮󠁧󠁿,Tier 2 - Micro Influencer,0.7060344388081691,0.98294234,0.2906725232785099,0.0012384688225887403,0.0011951136805366017,0.0495782292571083,0.3883068273173423,129,0.13109756097560976,1,0,0,1,3
cahyoo☄️,Tier 2 - Micro Influencer,0.7058098979169565,0.99510974,0.2718600798086419,0.0013749504362531948,0.0015486853749514095,0.03292153570075794,0.40332514036356526,122,0.12398373983739838,1,2,0,1,4
keee keee,Tier 2 - Micro Influencer,0.7050188518006265,0.9849245,0.285160327066645,0.0014758523285830299,0.0014453018385728108,0.03068685164750335,0.4195519005927654,136,0.13821138211382114,1,0,0,1,4
kojek,Tier 2 - Micro Influencer,0.7046666325378528,0.93553144,0.35836939544680474,0.0016237170402917738,0.008235532507919177,0.036923925505459455,0.4227646854171245,145,0.14735772357723578,1,0,2,1,6
👾,Tier 2 - Micro Influencer,0.7041529480818467,0.9941397,0.26917280361144647,0.0014941462208425606,0.001997369922834528,0.023398754742970988,0.4214358336892754,122,0.12398373983739838,1,0,0,1,4
anggitaaaaaa❤️‍🔥,Tier 2 - Micro Influencer,0.7041134822472659,0.9811287,0.2885906368754126,0.0013858751346161559,0.0029960548842517926,0.03422151452798769,0.4062933340372365,131,0.13313008130081302,1,0,0,1,5
zrill💥,Tier 2 - Micro Influencer,0.7034129686597821,0.99363494,0.26807998305654457,0.001312235111564891,0.0010317676930584158,0.035376622345051754,0.3936818798766847,125,0.12703252032520326,1,0,0,1,4
arul empat huruf,Tier 2 - Micro Influencer,0.7033229640503575,0.97347486,0.2980950900365535,0.001354967897360641,0.0008332713032115062,0.047000344743744635,0.37037790119416586,132,0.13414634146341464,1,0,2,1,3
rizzstecu✌️,Tier 2 - Micro Influencer,0.7026992618631864,0.9915581,0.2694109528242412,0.0013447849205782355,0.002861656286959614,0.030754815771514347,0.4080598267939201,117,0.11890243902439025,1,0,0,1,4
afta,Tier 2 - Micro Influencer,0.7025664383282111,0.9930373,0.2668601110850388,0.0013606539899932589,0.0007329892729242653,0.0323719078227684,0.39988819839199674,127,0.12906504065040653,1,0,0,1,3
theeryoou,Tier 2 - Micro Influencer,0.7013256196932555,0.9922242,0.26497772454136614,0.0010901320665574108,0.0004817672795242703,0.04940913821684791,0.3833895431478825,120,0.12195121951219513,1,0,2,1,3
𝙾𝚛𝚢𝚣𝚊 𝚂𝚊𝚝𝚒𝚟𝚊 🌾,Tier 2 - Micro Influencer,0.7011565900258627,0.99299,0.26340641985645047,0.0013606540854526692,0.0001437031155662523,0.03237191055943298,0.39988819839199674,127,0.12906504065040653,1,0,0,1,3
caaa,Tier 2 - Micro Influencer,0.700919389476728,0.9807818,0.2811257534979572,0.0012766018655546545,0.0006699253157333201,0.04411112484946598,0.39567352513744364,129,0.13109756097560976,1,0,0,1,4
★,Tier 2 - Micro Influencer,0.7009003550678728,0.9712762,0.2953364925757643,0.0013104762036455187,0.0005148500111654219,0.04683217793359718,0.39285793286982684,141,0.14329268292682928,1,0,2,1,3
the last good man,Tier 2 - Micro Influencer,0.700683550381448,0.99276674,0.2625586498374397,0.0013020337022427205,0.002202069324864154,0.030680478071021085,0.40194329834090636,121,0.12296747967479676,1,0,0,1,4
bowoo,Tier 2 - Micro Influencer,0.7000467498910916,0.98888385,0.26679106548738774,0.0012328835429499343,0.0006140982060888767,0.04050751725107225,0.38496210074898124,125,0.12703252032520326,1,0,0,1,3
mka. kka,Tier 2 - Micro Influencer,0.6996730073941237,0.9962872,0.25475161886525316,0.0011280199645526336,0.000504511657527562,0.04248344177824751,0.3902443250004226,118,0.11991869918699188,1,0,0,1,3
rijakipp,Tier 2 - Micro Influencer,0.6989244560208546,0.9841999,0.27101122831469454,0.0012052632671994178,0.0003577070358699517,0.04424011329561872,0.3770741669851411,128,0.13008130081300814,1,0,2,1,3
fafang🕷️,Tier 2 - Micro Influencer,0.6980622236177981,0.9760637,0.28105984733642647,0.0012866131335072704,0.000504511657527562,0.04299141754135477,0.3852781615870346,133,0.1351626016260163,1,0,0,1,3
pikaars?,Tier 2 - Micro Influencer,0.6979117742354778,0.84224266,0.48141532917199226,0.0017978943356538875,0.04265604710980985,7.326173216030346e-05,0.3279306784157988,93,0.09451219512195123,1,0,3,1,3
ye,Tier 2 - Micro Influencer,0.6976147076578645,0.9268392,0.35377795027983894,0.0016960860991933964,0.02420208586622997,3.1745563624717456e-05,0.3301222657847402,77,0.07825203252032521,1,4,3,1,3
445,Tier 2 - Micro Influencer,0.6971204140982655,0.99483055,0.25055509289146155,0.0011779748124410203,0.00556823726935133,0.02594455609007724,0.41327063039454703,104,0.10569105691056911,1,0,0,1,3
🔴⚪,Tier 2 - Micro Influencer,0.6965613242058595,0.9751237,0.27871769569035376,0.0012401752874057206,0.0008704893763078017,0.045131016268069854,0.3878254552173621,126,0.12804878048780488,1,0,2,1,3
hibban∆,Tier 2 - Micro Influencer,0.6960678378165219,0.9910767,0.25355450297903354,0.0010601367776117885,0.00020056406057448163,0.04280460307949319,0.37258340675903784,115,0.116869918699187,2,0,2,1,3
kib3nk_ta,Tier 2 - Micro Influencer,0.6959571237779683,0.96866345,0.2868975687565967,0.0012339007632527548,0.0011392865708921584,0.04372517560435279,0.38622946568971867,128,0.13008130081300814,2,0,2,1,3
al🌠,Tier 2 - Micro Influencer,0.6959415448394954,0.9749996,0.2773543627777548,0.0009533867925150678,0.0024708665194485106,0.035690086017012464,0.38638847329189635,97,0.09857723577235773,7,2,2,1,3
danii,Tier 2 - Micro Influencer,0.6957408119025803,0.9861267,0.26016188879385005,0.0011638329571069387,0.0005727447915374372,0.04197174399333172,0.3936818798766847,122,0.12398373983739838,1,0,2,1,4
just friend🙂,Tier 2 - Micro Influencer,0.6942760359934849,0.9755028,0.2724358468482598,0.0012197094782740012,0.0008704893763078017,0.043867295080870755,0.3855947418348465,123,0.125,1,0,2,1,3
🧋,Tier 2 - Micro Influencer,0.6941402827993024,0.98684454,0.25508380812778775,0.0012821767366777404,0.0003783837431456715,0.03269466245813255,0.39450929030097365,124,0.12601626016260165,1,1,0,1,3
𝙖𝙩𝙨𝙨,Tier 2 - Micro Influencer,0.6937760327001941,0.9688042,0.28123369160804446,0.0013529596153459395,0.004021619565127492,0.03158105524515839,0.40384578383219294,122,0.12398373983739838,1,0,2,1,4
narti,Tier 2 - Micro Influencer,0.6922102494983065,0.96473855,0.28341768283351954,0.0012621685312074523,0.0013315799485563522,0.04438352735890907,0.37859524067205175,128,0.13008130081300814,1,0,2,1,3
d4nnnnn23_4,Tier 2 - Micro Influencer,0.6916886518250281,0.9764557,0.2645380670454043,0.0011140264789414997,0.000674060657188464,0.042630450084289014,0.3807454773330695,120,0.12195121951219513,2,1,2,1,3
grandberkahdoaibu,Tier 2 - Micro Influencer,0.6915393774533765,0.97017616,0.27358420313013004,0.0011800112671124228,0.00050244398679999,0.04781797832919715,0.3840170219419052,123,0.125,1,0,0,1,3
✌️,Tier 2 - Micro Influencer,0.6912955284810542,0.9523808,0.29966762679231146,0.0012710131711441515,0.000169548999660902,0.04946151834691759,0.38151935025447814,134,0.1361788617886179,2,0,0,1,3
agungsaja v2,Tier 2 - Micro Influencer,0.6907093424743244,0.9775824,0.26039970396603856,0.0011973558381082445,0.00027913554822221666,0.04079577566221776,0.39154676747017786,123,0.125,1,0,0,1,3
kuwi4526,Tier 2 - Micro Influencer,0.6903662863299104,0.9914049,0.2388082898966601,0.0011961753843045815,0.0056054553424476255,0.021592767312000553,0.40315189073282487,93,0.09451219512195123,1,0,0,1,3
apel❤️,Tier 2 - Micro Influencer,0.6899495315538351,0.9891282,0.24118145107887798,0.0010028759196825002,0.0003184212920460842,0.041460703571903124,0.3700858050575774,107,0.10873983739837399,2,0,2,1,2
𝕶𝖞𝖓𝖟𝖟,Tier 2 - Micro Influencer,0.6899232305819921,0.9834547,0.24962590081868882,0.0010695630684852304,0.0005148500111654219,0.044202064623320256,0.38090000065990925,114,0.11585365853658537,1,0,2,1,3
atbqu25,Tier 2 - Micro Influencer,0.6892377505143964,0.9905585,0.2372565292915909,0.0010945619681833412,0.001587971118775277,0.03430329005891441,0.39073172424063957,110,0.11178861788617887,1,0,0,1,2
ifaashion.id,Tier 2 - Micro Influencer,0.6884822052599728,0.9679768,0.2692402407233269,0.0012074610200878014,0.00045695523079340657,0.04317119070042254,0.38245216040179963,127,0.12906504065040653,1,0,0,1,3
celukbae abid 😃😁@?,Tier 2 - Micro Influencer,0.6870626283133107,0.9434179,0.30252965103687773,0.00145069987644288,0.0028926713478731937,0.03714107626238166,0.40682167387343576,134,0.1361788617886179,1,0,2,1,6
pangeran k,Tier 2 - Micro Influencer,0.6868633751523548,0.9870287,0.236615271481885,0.00114727677493516,0.0021813926175884343,0.02994831874598951,0.40315189073282487,107,0.10873983739837399,1,0,2,1,3
r4ndsyh,Tier 2 - Micro Influencer,0.6868187221804888,0.98936594,0.23299784285814332,0.0012869615879800584,0.004635717771216369,0.015325893456736036,0.4082373212814338,97,0.09857723577235773,1,0,0,1,3
￴,Tier 2 - Micro Influencer,0.6861651397730355,0.9323987,0.3168147447172416,0.0014940112825119877,0.0006265042304543086,0.045641308001619946,0.3812094238935891,146,0.1483739837398374,1,0,2,1,4
muhamad rian,Tier 2 - Micro Influencer,0.686126205470545,0.9913152,0.2283426452338272,0.0011778240402253318,0.0038375968703735865,0.02158487706544723,0.3946751899184257,97,0.09857723577235773,1,0,0,1,3
faiqqqqqqq,Tier 3 - Regular User,0.6849237474795875,0.9799637,0.2423637591294192,0.0010967303684884075,0.00018195502402633385,0.039699086464564104,0.3743668135724038,115,0.116869918699187,1,0,2,1,3
bobin,Tier 3 - Regular User,0.6847708810245658,0.99308926,0.2222932847528819,0.0012623166016389202,0.004997560148541465,0.012738676623900371,0.4103793623200771,87,0.08841463414634147,1,0,1,1,3
danzzz,Tier 3 - Regular User,0.6837183851569908,0.9886154,0.22637278302759345,0.0012877996420151475,0.001428760472752235,0.01919479487369377,0.40770530044570646,106,0.10772357723577237,1,0,0,1,2
dilzz v2,Tier 3 - Regular User,0.6830062130884483,0.9857884,0.22883292530878255,0.0011218011962848451,0.005024439867999901,0.022514662070812652,0.3992078271484544,93,0.09451219512195123,1,0,0,1,3
alexxxx,Tier 3 - Regular User,0.6826188583301117,0.9862672,0.2271463024433975,0.0010595716842910197,0.0004962409746172742,0.03517584850146312,0.38670688159291977,107,0.10873983739837399,1,0,0,1,2
25,Tier 3 - Regular User,0.6821142250537839,0.98134536,0.23326749956606996,0.0010684756777951583,0.0033020701519324448,0.024215467479177306,0.4009131147484051,91,0.09247967479674797,3,3,2,1,3
vnn$fomo,Tier 3 - Regular User,0.6815610905985093,0.99705815,0.2083154967675745,0.0010613286922474552,0.0028182352016806024,0.02237570779797487,0.4078824865823626,92,0.0934959349593496,1,0,1,1,3
ajmilllllll267,Tier 3 - Regular User,0.6807903189648076,0.96858984,0.24909097432814126,0.0011471756680522102,0.000671992986460892,0.0387686226631074,0.3917101843180369,115,0.116869918699187,1,0,0,1,3
??,Tier 3 - Regular User,0.6807712329050282,0.99654895,0.20710453704505621,0.0009613879849148437,0.00022330843857777335,0.03369531930320394,0.37813763159791147,98,0.09959349593495936,1,0,2,1,2
septiana,Tier 3 - Regular User,0.6806606252516291,0.9592414,0.2627894777866655,0.0012677887352236393,0.0013295122778287803,0.03460034835334921,0.3951737270004279,124,0.12601626016260165,1,0,0,1,4
🐣,Tier 3 - Regular User,0.6802671879585547,0.9790233,0.23213305325705869,0.0009465621057649788,0.0009862789370518323,0.035749844386980006,0.3776811274148959,98,0.09959349593495936,3,0,2,1,2
マᥱž𝚊,Tier 3 - Regular User,0.6797333726863405,0.9611336,0.25763297318923983,0.0010497416498861185,0.0011599632781678782,0.040513485566453185,0.38323299372234226,105,0.10670731707317074,3,0,0,1,2
dly,Tier 3 - Regular User,0.6789397168187501,0.98850644,0.21458957792028818,0.0011914398644345583,0.0009924819492345483,0.021283426701661216,0.3975169850173724,101,0.10264227642276424,1,0,0,1,2
bimbim,Tier 3 - Regular User,0.6789048444346555,0.98095506,0.22582951464155518,0.0010834252861106435,0.001968422532648521,0.03052062620297119,0.3971805339085977,100,0.10162601626016261,1,0,2,1,2
m. rizqi_,Tier 3 - Regular User,0.6788081135162869,0.98328066,0.222099176498542,0.0011557881503726213,0.006180267804712635,0.014213802644519321,0.40401963048902984,91,0.09247967479674797,1,0,0,1,3
aton bae🚀🚀,Tier 3 - Regular User,0.67860794057301,0.9503922,0.2709315714699853,0.001057686776177698,0.013630085436154462,0.01623968877418558,0.40315189073282487,79,0.08028455284552846,3,0,2,1,3
padil,Tier 3 - Regular User,0.6783231966166429,0.91672426,0.3207215350043605,0.0014860872503581575,0.0020780090812098353,0.04325670345927545,0.40040000069369297,148,0.15040650406504066,1,0,2,1,5
14,Tier 3 - Regular User,0.6783157232880401,0.9730787,0.2361710974275587,0.0010089920039107229,0.0070755692297513,0.0162671281499458,0.4043677732124155,79,0.08028455284552846,4,5,2,1,3
ᴘɪᴋᴀғʀɪᴇᴅᴄʜɪᴄᴋᴇɴ,Tier 3 - Regular User,0.6779187189266157,0.99136835,0.2077442076616167,0.001047929840225627,0.0008870307421283774,0.027342388169985087,0.3886284064704001,97,0.09857723577235773,1,0,0,0,1
uuppio,Tier 3 - Regular User,0.6774781840769364,0.9620045,0.25068861686386507,0.0012863855894960075,0.00044454920642797473,0.030528080952416832,0.405415810637588,122,0.12398373983739838,1,0,0,1,3
wiindoc,Tier 3 - Regular User,0.6764811261103638,0.9750234,0.2286677021796725,0.000955298701328385,0.00483628183179085,0.027906633937832097,0.3875052029834915,93,0.09451219512195123,2,0,2,1,2
.....🪸🐚☆putzzz☆🐚🪸.....,Tier 3 - Regular User,0.6752745959575368,0.98883945,0.20492728884403733,0.0011351775427254859,0.003994739845669056,0.013932634619360904,0.39836061189559263,88,0.0894308943089431,1,0,0,1,3
mvinta,Tier 3 - Regular User,0.6742835539975267,0.994042,0.19464579681518204,0.0008929672293522513,4.7556426734155435e-05,0.033066402193492765,0.36863220802278723,93,0.09451219512195123,1,0,2,1,2
weird zeze🇩🇪,Tier 3 - Regular User,0.6740669354897922,0.9884145,0.20254546033893672,0.0011937986501463595,0.00622782423144679,0.0074983633897618834,0.4102000007106714,69,0.0701219512195122,1,0,1,1,3
nur fadil,Tier 3 - Regular User,0.6732169890173483,0.97933424,0.21404100054706335,0.0009332176916028887,0.00035563936514237975,0.03382035874195133,0.3692122744398176,98,0.09959349593495936,2,0,0,1,2
"""tamalk1nt1l""",Tier 3 - Regular User,0.6721279336074789,0.9851697,0.20256527092551174,0.0012759754065711033,0.0018609036548147778,0.011022788896341992,0.4082373212814338,88,0.0894308943089431,1,0,0,1,2
fens nasa 🇺🇸🚀,Tier 3 - Regular User,0.6719610105381896,0.96574724,0.23128167053721593,0.0010456310933048508,0.0038313938581908706,0.030411532494804862,0.3910573340108401,98,0.09959349593495936,1,0,2,1,2
"kicau mania""😷✌",Tier 3 - Regular User,0.6694963719509606,0.97915375,0.2050102119799864,0.0009592610387359145,0.00029154157258764855,0.02868930705993474,0.40040000069369297,95,0.09654471544715448,2,0,2,1,2
r,Tier 3 - Regular User,0.6691134628179485,0.92585415,0.28400243732403085,0.0009565864954907599,0.013543243265596439,0.013727209229759021,0.39701252183841634,66,0.06707317073170732,7,0,2,1,3
er,Tier 3 - Regular User,0.6686688971016079,0.95902675,0.23313202249339973,0.0010769637464030798,0.000421804828424683,0.037189343763549314,0.36993992969098,108,0.10975609756097562,1,0,0,1,2
nar setecu🌀💤🌊,Tier 3 - Regular User,0.6683912337262992,0.9627641,0.2268318982023902,0.0011064581694768514,0.004327634832808145,0.023947754523138617,0.4062933340372365,95,0.09654471544715448,1,0,2,1,3
satyaa ✦,Tier 3 - Regular User,0.6638394981939869,0.9675249,0.20831132688107024,0.0009835534819864376,0.0006161658768164487,0.031618839515907514,0.39073172424063957,99,0.10060975609756098,1,0,2,0,1
rstu💤,Tier 3 - Regular User,0.6631003177604942,0.95910966,0.2190862984562587,0.00048533693018496974,0.02523798890074353,0.0024683392955212177,0.36935757639748773,22,0.022357723577235776,3,0,3,1,2
yaraaayaaaa,Tier 3 - Regular User,0.6630162136465136,0.9174833,0.2813154798522156,0.001299388431204087,0.0022454904101431652,0.03871753606538507,0.4043677732124155,127,0.12906504065040653,1,0,0,1,5
vinss,Tier 3 - Regular User,0.6620978657365016,0.99016094,0.17000316181783193,0.0009729868115923787,0.0049189886608937295,0.009019527827686342,0.4102000007106714,63,0.06402439024390244,1,0,1,1,3
upin🐼,Tier 3 - Regular User,0.6616460176286166,0.9414784,0.24189742703662948,0.0010922203438706144,0.0012075197049020337,0.03842824760444237,0.37362165669825487,108,0.10975609756097562,1,0,0,1,2
saitama.botak6,Tier 3 - Regular User,0.6615912359459464,0.9097643,0.2893315358716409,0.0017296067166270737,0.011911851061542151,0.001460883728532688,0.40349853896217386,79,0.08028455284552846,1,0,4,1,4
เςคภ,Tier 3 - Regular User,0.660643157851254,0.9147369,0.2795024153877176,0.0013639138517390099,0.007896434508597373,0.022064029851333822,0.41992733853513037,108,0.10975609756097562,1,1,2,1,3
faiz,Tier 3 - Regular User,0.6597583635581896,0.9904118,0.1637781520519071,0.0010222969687606034,0.0006368425840921684,0.01225933843265332,0.3941779091247444,77,0.07825203252032521,1,0,0,1,2
sabiantiwulariata,Tier 3 - Regular User,0.6591430702686251,0.98727846,0.16693989408014717,0.0010047152785975966,0.0034323334077694793,0.008814936968584422,0.40735138959462514,68,0.06910569105691057,1,0,1,1,3
do,Tier 3 - Regular User,0.6582238177451526,0.9344894,0.24382534126267708,0.0013117178997405022,0.010429331149873045,0.006690735475378662,0.4174989331076585,79,0.08028455284552846,1,0,4,1,3
-🫩-,Tier 3 - Regular User,0.6577719035147799,0.9332228,0.24459560275057274,0.0011739112774556784,0.0017058283502468798,0.03263362357809316,0.3894346894713761,112,0.11382113821138212,1,0,0,1,2
"kaa,a",Tier 3 - Regular User,0.6572928767705764,0.9221073,0.26007124317308383,0.001259027487017881,0.000419737157697111,0.03642891639325661,0.3865476118723296,124,0.12601626016260165,1,0,0,1,3
xlx🇮🇲,Tier 3 - Regular User,0.6557722097692738,0.9770997,0.1737809196258212,0.001060410123801248,0.0039078976751110335,0.0074334745882499425,0.39434353009496487,69,0.0701219512195122,1,0,1,1,3
fcknzzshit_,Tier 3 - Regular User,0.655234807418061,0.98081446,0.1668652735309616,0.0009852287225870454,0.0020511293617513997,0.014253735936025256,0.4120007030842916,67,0.06808943089430895,1,0,0,1,2
superman,Tier 3 - Regular User,0.6547725415742576,0.9901446,0.15171443832819165,0.0008311475533525688,0.0033124085055703046,0.012885719948016763,0.3992078271484544,62,0.06300813008130082,1,1,2,1,3
granddream,Tier 3 - Regular User,0.6542107181828907,0.89603263,0.29147781855903343,0.0017449505972165357,0.013152453498085337,0.001499436220917349,0.4028058376077323,65,0.0660569105691057,1,1,4,1,4
0%,Tier 3 - Regular User,0.6537430026864606,0.96216065,0.1911164171337083,0.0009577797704526077,0.0012447377779983293,0.025007415392210505,0.3940124272149523,89,0.09044715447154472,1,0,2,1,2
fi🅰️n6️⃣,Tier 3 - Regular User,0.6511174370166968,0.95882803,0.18955154451661074,0.0008682361049148941,0.002551505677823818,0.02334841890408637,0.3883068273173423,79,0.08028455284552846,2,0,2,1,2
antika24♊,Tier 3 - Regular User,0.6507441391844295,0.9271595,0.23612111565936184,0.0010729436231579363,0.00019436104839176568,0.038357125392225556,0.3769227315767134,113,0.11483739837398375,1,0,2,1,3
wo,Tier 3 - Regular User,0.6500035205902173,0.921615,0.24258620525934146,0.001038185546922456,0.0012840235218221968,0.03753073853131123,0.38543638670472946,106,0.10772357723577237,2,0,2,1,2
kevin,Tier 3 - Regular User,0.6474807128084272,0.9677329,0.1671023331017719,0.0009199774035649026,0.006753012596250072,0.008140118275014575,0.39187373763090455,51,0.05182926829268293,1,0,4,1,2
arisdel8,Tier 3 - Regular User,0.6472998274412635,0.9118524,0.25047093953859867,0.0018809668012880153,0.002182397758254397,6.481477564874927e-06,0.3055135421959688,87,0.08841463414634147,1,0,3,1,3
ath,Tier 3 - Regular User,0.6472998274412635,0.9118524,0.25047093953859867,0.0018809668012880153,0.002182397758254397,6.481477564874927e-06,0.3055135421959688,87,0.08841463414634147,1,0,3,1,3
arya,Tier 3 - Regular User,0.6472998274412635,0.9118524,0.25047093953859867,0.0018809668012880153,0.002182397758254397,6.481477564874927e-06,0.3055135421959688,87,0.08841463414634147,1,0,3,1,3
fann,Tier 3 - Regular User,0.6469440652016715,0.9843576,0.14082376983859032,0.000769614646957588,0.00217725727613329,0.01475934584290565,0.396844651850324,60,0.06097560975609757,1,1,2,1,3
wiwut,Tier 3 - Regular User,0.645272919668713,0.9099446,0.2482652891028891,0.0011747811236828784,0.01723196784358484,0.00047227584147702204,0.3576743908635733,45,0.04573170731707318,2,0,4,1,2
haniiif,Tier 3 - Regular User,0.6444286300067679,0.9085291,0.24827783140653747,0.0018809668593560396,0.0018081992581409476,6.481477730486312e-06,0.3055135421959688,87,0.08841463414634147,1,0,3,1,2
excel😶‍🌫️            akun №1,Tier 3 - Regular User,0.6437311797368689,0.89916676,0.26057780509893175,0.0016551425271007954,0.007544930484910138,6.499892562929324e-06,0.29356822071505045,77,0.07825203252032521,2,0,3,1,3
juvvv,Tier 3 - Regular User,0.6434545777143814,0.9529081,0.17927429623945995,0.0009104596585054266,0.0007133464010123315,0.023787860296904578,0.38354622052554815,87,0.08841463414634147,1,1,2,0,1
bimo prasetyo,Tier 3 - Regular User,0.6432703045302917,0.9320856,0.21004734121121196,0.001059101209133301,0.0025370319827308137,0.023967875133827587,0.3940124272149523,93,0.09451219512195123,1,0,0,1,3
aqiel tsany,Tier 3 - Regular User,0.6425517828349574,0.89150333,0.2691243666123112,0.0015353412412519496,0.01190151270790429,0.001850516729526409,0.38229637540774597,81,0.08231707317073171,1,0,1,1,3
⠀ ⠀ ⠀ ⠀ ⠀᠌,Tier 3 - Regular User,0.6422562142382553,0.9072844,0.24471390748284533,0.0018809669056289611,0.0012001065981228766,6.48147803064398e-06,0.3055135421959688,87,0.08841463414634147,1,0,3,1,2
+tam🕊️,Tier 3 - Regular User,0.6422561546336105,0.90728426,0.24471390748284533,0.0018809669056289611,0.0012001065981228766,6.4814780306439795e-06,0.3055135421959688,87,0.08841463414634147,1,0,3,1,2
gl badax,Tier 3 - Regular User,0.6401789448798432,0.9060349,0.24139500214177695,0.0018809667969959464,0.0006338230251462512,6.4814775218046404e-06,0.3055135421959688,87,0.08841463414634147,1,0,3,1,2
diah sri972,Tier 3 - Regular User,0.6401789448798432,0.9060349,0.24139500214177695,0.0018809667969959464,0.0006338230251462512,6.4814775218046404e-06,0.3055135421959688,87,0.08841463414634147,1,0,3,1,2
dheebu,Tier 3 - Regular User,0.6401789448798432,0.9060349,0.24139500214177695,0.0018809667969959464,0.0006338230251462512,6.4814775218046404e-06,0.3055135421959688,87,0.08841463414634147,1,0,3,1,2
"elan jangan nakal ya, iya mah",Tier 3 - Regular User,0.6400134641079331,0.91104203,0.23347051892385517,0.0014918514823285107,0.006852260791173527,0.0027709235867334515,0.4107385565102916,75,0.07621951219512196,1,0,4,1,4
fauzannn,Tier 3 - Regular User,0.6388467267962741,0.99006736,0.11201568340570899,0.0006956920211126881,0.002282708483239461,0.009078131741405796,0.3711101627623631,40,0.04065040650406505,1,6,0,1,2
tri yulianti,Tier 3 - Regular User,0.6384802724783951,0.904962,0.23875764654709264,0.001880966863809255,0.0001838249761791433,6.481477870251457e-06,0.3055135421959688,87,0.08841463414634147,1,0,3,1,2
nanangmungils1,Tier 3 - Regular User,0.6384802724783951,0.904962,0.23875764654709264,0.001880966863809255,0.0001838249761791433,6.481477870251457e-06,0.3055135421959688,87,0.08841463414634147,1,0,3,1,2
iin,Tier 3 - Regular User,0.6384802724783951,0.904962,0.23875764654709264,0.001880966863809255,0.0001838249761791433,6.481477870251457e-06,0.3055135421959688,87,0.08841463414634147,1,0,3,1,2
@!van★*,Tier 3 - Regular User,0.6382961961052654,0.9048441,0.23847433239763938,0.0018809668520148035,0.00013548494492841075,6.4814778755068865e-06,0.3055135421959688,87,0.08841463414634147,1,0,3,1,2
kd urng ya,Tier 3 - Regular User,0.6380804591539557,0.9047055,0.23814286121801925,0.0018809668699027533,7.892758649526137e-05,6.4814779454302254e-06,0.3055135421959688,87,0.08841463414634147,1,0,3,1,2
panzskbd,Tier 3 - Regular User,0.6380804591539557,0.9047055,0.23814286121801925,0.0018809668699027533,7.892758649526137e-05,6.481477945430226e-06,0.3055135421959688,87,0.08841463414634147,1,0,3,1,2
nha_nha88,Tier 3 - Regular User,0.6369853649775932,0.8983093,0.24499938742338362,0.0018600082648958167,0.0019043247400937894,0.0005124477863136881,0.361532204016185,82,0.08333333333333334,1,0,4,1,2
rimzsukaessedoublechange🤤,Tier 3 - Regular User,0.635497402077287,0.91154474,0.22142636509083102,0.0012963993484321943,0.008169367044636874,0.005182337543403323,0.3840170219419052,70,0.07113821138211383,1,1,4,1,2
naa_,Tier 3 - Regular User,0.6349344670287048,0.9185805,0.20946542906544494,0.0009452211895401936,0.000421804828424683,0.03472610499762048,0.37997473750041144,100,0.10162601626016261,1,0,2,1,2
neyymar kee jakarta,Tier 3 - Regular User,0.6329283042800896,0.90169865,0.22977275750350773,0.0010738023787650458,8.270682910287902e-06,0.03714664323145651,0.3667595160711279,107,0.10873983739837399,1,0,2,1,2
fin.,Tier 3 - Regular User,0.6284107971656975,0.96183306,0.12827734362797344,0.0006900127766769643,0.0025370319827308137,0.01313248863347093,0.3818297809707145,55,0.05589430894308944,1,0,2,1,2
jun santuy,Tier 3 - Regular User,0.6262887045232057,0.90354604,0.2104025891640782,0.0011710198518175478,0.0007257524253777634,0.021120301175015118,0.3821407172744366,101,0.10264227642276424,1,0,0,0,1
elyraa,Tier 3 - Regular User,0.624619104938055,0.9384197,0.15391821284181106,0.0009337958568562466,0.0039078976751110335,0.008115923109497577,0.39701252183841634,55,0.05589430894308944,1,0,1,1,3
?,Tier 3 - Regular User,0.6242587544838594,0.89911854,0.21196901259819806,0.0015835180110244608,0.0009614668883209686,2.2696019994123884e-05,0.31621886847237746,73,0.0741869918699187,2,0,3,1,2
aryarizz,Tier 3 - Regular User,0.6200290895439677,0.87411964,0.2388931753579511,0.0015884652010616296,0.007489103375265695,0.00010909259389666373,0.3421573465643516,67,0.06808943089430895,1,0,4,1,3
@cowok.gendut.com,Tier 3 - Regular User,0.6193546839092565,0.8988817,0.20006407984455243,0.0013724835608491651,0.003949251089662473,0.002538406582960762,0.3971805339085977,70,0.07113821138211383,1,0,4,1,3
vannn opet,Tier 3 - Regular User,0.618977010612529,0.9505677,0.12159094305048745,0.0008004737033612843,0.004447559735007319,0.0027563310208605146,0.37859524067205175,35,0.03556910569105692,1,0,1,1,2
rehan.aj,Tier 3 - Regular User,0.6184345266588535,0.9094273,0.18194535905321585,0.0010943364763030844,0.007702073460205608,0.002116751912232517,0.3826080724117474,54,0.05487804878048781,1,0,1,1,2
mmmmm,Tier 3 - Regular User,0.6178048280908978,0.83456457,0.292665220308879,0.001318199457756054,0.0011434219123473025,0.044420192464228674,0.3879857799198083,136,0.13821138211382114,1,0,2,1,3
r e t z,Tier 3 - Regular User,0.6152257111637477,0.86938137,0.23399213626203025,0.0016131096653714142,0.005427635659876436,0.0008360332350109374,0.3841742126999657,73,0.0741869918699187,1,0,4,1,3
asher,Tier 3 - Regular User,0.6110593548795329,0.928792,0.1344602980665234,0.0008775321999067618,0.0037652283949085675,0.0038931593438887736,0.40752826818324633,47,0.047764227642276426,1,0,4,1,3
nansya ahsh,Tier 3 - Regular User,0.6093053547920035,0.95659965,0.08836381842226956,0.0006206117747352498,0.0029815811891587885,0.0025558898852020093,0.376167375401209,27,0.027439024390243906,1,0,21,1,2
spilloutfittrendy,Tier 3 - Regular User,0.6065219586036743,0.86867386,0.21329401556207256,0.0016601559612552394,0.0010379707052411316,0.00044473983243997176,0.36209012408411123,74,0.07520325203252033,1,0,4,1,2
sandhi686,Tier 3 - Regular User,0.6064416417207399,0.8825366,0.19229909994355804,0.001435495372694968,0.003105641432813107,0.00026391506819463276,0.35496883571331933,59,0.05995934959349594,1,0,4,1,3
f⚡,Tier 3 - Regular User,0.6060906252789333,0.89688396,0.1699005567848273,0.0008969056162722647,0.000760902827746487,0.021171224536170746,0.3840170219419052,81,0.08231707317073171,1,0,0,0,1
꧁epep꧂,Tier 3 - Regular User,0.6043256014791223,0.89863,0.16286896919386887,0.0009118064500601034,0.0030953030791752473,0.013320882436823328,0.3875052029834915,67,0.06808943089430895,1,0,2,1,2
sri66790,Tier 3 - Regular User,0.604224939671109,0.9152507,0.13768618188040932,0.0010293137100588858,0.002371618324525056,0.000737620005494988,0.35904269381255405,48,0.04878048780487805,1,1,4,1,2
sn0w,Tier 3 - Regular User,0.6032401489952174,0.8706337,0.20214979046060813,0.0009747776340017543,0.005330455135680552,0.015628021433286916,0.4118199217314683,78,0.07926829268292684,2,1,4,1,3
dvindylndra,Tier 3 - Regular User,0.6028578481858707,0.9352394,0.1042855287059488,0.0006279356831303441,0.003277258103201581,0.0032168117228473033,0.3810546494624508,33,0.03353658536585366,2,0,4,1,2
dzikriibrgzazdn,Tier 3 - Regular User,0.6018951694532526,0.8870358,0.17418418337014616,0.0011362454052488043,0.005971433061227865,0.001429597415177972,0.37677141775432205,52,0.052845528455284556,1,0,4,1,2
bambang spektakuler!,Tier 3 - Regular User,0.5996364538773504,0.9274709,0.10788475098823694,0.0006636343813148703,0.00671992986460892,0.0003882334553914361,0.3666162506351626,21,0.021341463414634148,1,1,4,1,2
patrick bateman,Tier 3 - Regular User,0.5995658962452824,0.86067027,0.2079092782051403,0.0011073382560009512,0.004809402112332415,0.015370197472480534,0.40966285535836594,85,0.08638211382113822,1,1,0,1,3
tole bf official316,Tier 3 - Regular User,0.5994926221315499,0.861499,0.20648303805401802,0.0013934636807206536,0.005638538074088777,0.0010777746447904917,0.39285793286982684,64,0.06504065040650407,1,0,4,1,2
azziffsyazly@ official.,Tier 3 - Regular User,0.597091769733908,0.8381777,0.23546287307858998,0.0016271387708543701,0.005607523013175198,0.0002443670062812944,0.3487690827298463,73,0.0741869918699187,1,0,1,1,3
kall,Tier 3 - Regular User,0.5963855075901637,0.85212964,0.21276928188053024,0.0015319630358747787,0.003049814323168664,0.0015304048211644457,0.3865476118723296,74,0.07520325203252033,1,1,4,1,3
lakmen,Tier 3 - Regular User,0.5946421307119506,0.8606249,0.1956679626784666,0.001293444312461103,0.006585531267316742,2.7659254990253076e-06,0.2780852152965974,58,0.05894308943089432,1,0,3,1,2
railfans ngapak🅥,Tier 3 - Regular User,0.5937006175281361,0.8973634,0.13820640736861908,0.0008059743652452163,0.004947936051079737,0.0061208521606125905,0.3946751899184257,48,0.04878048780487805,1,0,1,1,3
dewoel,Tier 3 - Regular User,0.593178370922153,0.8407415,0.22183353535668254,0.0015445341062828033,0.004865229221976858,1.0846122063275905e-05,0.31868848951647416,74,0.07520325203252033,1,0,3,1,3
brahim d van basten,Tier 3 - Regular User,0.5913297726877575,0.88605446,0.1492426281591369,0.0009854243052857805,0.00284718259186661,0.0025840872974087804,0.37541504065040654,50,0.05081300813008131,2,0,4,1,2
davaaa,Tier 3 - Regular User,0.5908534097804136,0.88557565,0.14876995686032038,0.0008331796041905354,0.006790230669346367,0.004444771387204011,0.38496210074898124,48,0.04878048780487805,1,0,2,1,2
rian(rivan fian),Tier 3 - Regular User,0.5893429161536676,0.8437259,0.2077682915896133,0.0015598375398380633,0.0023240618977909003,0.0005605808345548297,0.36490575490902655,70,0.07113821138211383,1,0,4,1,3
⛓️,Tier 3 - Regular User,0.5890181759234392,0.85896075,0.18410431823038131,0.0009739982832261635,0.00235507695870448,0.018974430926913945,0.3848042647093138,82,0.08333333333333334,1,0,21,1,2
bibb,Tier 3 - Regular User,0.5863001291857928,0.8174942,0.2395089578893706,0.0016898354185579968,0.0030663556889892396,0.0006500519010273546,0.3660443064064026,77,0.07825203252032521,2,0,4,1,3
aneppp✨,Tier 3 - Regular User,0.5856245508598175,0.8338795,0.21324211130710588,0.0016979089182955853,0.000254323499491353,0.0003376612021974009,0.35726593133841505,75,0.07621951219512196,1,0,4,1,2
kenzo.s.m.z,Tier 3 - Regular User,0.5856226564579842,0.8473379,0.1930497291519337,0.0014726229358653262,0.001931019846094406,4.088510808361723e-06,0.29301829585576533,67,0.06808943089430895,1,0,3,1,2
cyy,Tier 3 - Regular User,0.5842875207613408,0.81466,0.2387287381168455,0.0015308618605819927,0.009149442969505992,0.0001420518555952737,0.3479931782076442,60,0.06097560975609757,1,0,4,1,3
レザ,Tier 3 - Regular User,0.5839138805988302,0.862369,0.1662311405248619,0.001203119055134884,0.0035522583099686536,8.007787761244962e-06,0.3021692213863542,55,0.05589430894308944,1,0,3,1,2
𝘉𝘐 𝔟𝔢𝔫𝔠𝔦 𝔠𝔦𝔫𝔱𝔞~,Tier 3 - Regular User,0.5837742589424838,0.9081983,0.09713811241358254,0.000721026055982333,0.0013687980216526478,0.0035479282808779707,0.3910573340108401,37,0.037601626016260166,1,0,1,0,1
gntaa,Tier 3 - Regular User,0.5782705793808189,0.8675337,0.14437592278676425,0.001046535799814766,0.003304137822660017,0.0006247064254371856,0.35631647745862427,47,0.047764227642276426,1,0,1,1,2
💥,Tier 3 - Regular User,0.5764417800463525,0.85260385,0.16219858158560788,0.0007809764228490816,0.011169557270343812,0.0006259003589954202,0.3770741669851411,32,0.032520325203252036,2,0,4,1,2
🆘,Tier 3 - Regular User,0.5758502146529314,0.8491904,0.16583985609987306,0.0010552704661347149,0.004803199100149699,0.0037967061748260416,0.40074193066866626,58,0.05894308943089432,1,3,4,1,3
enaksekali,Tier 3 - Regular User,0.5731926095106854,0.8330369,0.18342609992093192,0.0014726230204254317,0.00028899390686974735,4.088511079260392e-06,0.29301829585576533,67,0.06808943089430895,1,0,3,1,2
duwiii,Tier 3 - Regular User,0.5731082363608961,0.83293706,0.1833649237164569,0.0014726229513721024,0.000278557092721051,4.088510909654355e-06,0.29301829585576533,67,0.06808943089430895,1,0,3,1,2
ateng54,Tier 3 - Regular User,0.5731082363608961,0.83293706,0.1833649237164569,0.0014726229513721024,0.000278557092721051,4.088510909654355e-06,0.29301829585576533,67,0.06808943089430895,1,0,3,1,2
asya&fajar,Tier 3 - Regular User,0.573108146953929,0.83293694,0.1833649237164569,0.0014726229513721024,0.000278557092721051,4.088510909654355e-06,0.29301829585576533,67,0.06808943089430895,1,0,3,1,2
?.,Tier 3 - Regular User,0.5712581814497859,0.87319547,0.11835216014835992,0.0007198496405731577,0.0023219942270633286,0.0023184560691632745,0.361671522784592,37,0.037601626016260166,3,0,4,1,2
na.,Tier 3 - Regular User,0.5710703403771586,0.76733714,0.27667007620649214,0.0017879687506871715,0.008233464837191605,0.0008775723920457797,0.373324423876697,86,0.08739837398373984,1,0,1,1,3
rezx2nd,Tier 3 - Regular User,0.571016942692283,0.83045065,0.18186630118013222,0.0014726229842564262,2.285514607798308e-05,4.088510958209511e-06,0.29301829585576533,67,0.06808943089430895,1,0,3,1,2
abcde?,Tier 3 - Regular User,0.5710168830876382,0.8304506,0.18186630118013222,0.0014726229842564262,2.285514607798308e-05,4.088510958209511e-06,0.29301829585576533,67,0.06808943089430895,1,0,3,1,2
riff,Tier 3 - Regular User,0.5710168830876382,0.8304506,0.18186630118013222,0.0014726229842564262,2.285514607798308e-05,4.088510958209511e-06,0.29301829585576533,67,0.06808943089430895,1,0,3,1,2
fernanda,Tier 3 - Regular User,0.5708578227781042,0.83026063,0.18175356060832337,0.0014726230076064911,3.618423773250957e-06,4.0885109763445035e-06,0.29301829585576533,67,0.06808943089430895,1,0,3,1,2
daniiii,Tier 3 - Regular User,0.5708577929757818,0.8302606,0.18175356060832337,0.0014726230076064911,3.618423773250957e-06,4.0885109763445035e-06,0.29301829585576533,67,0.06808943089430895,1,0,3,1,2
scorpio🦂,Tier 3 - Regular User,0.5708577929757818,0.8302606,0.18175356060832337,0.001472623007606491,3.618423773250957e-06,4.0885109763445035e-06,0.29301829585576533,67,0.06808943089430895,1,0,3,1,2
firmannnnnnnn,Tier 3 - Regular User,0.5708577035688146,0.83026046,0.18175356060832337,0.0014726230076064911,3.618423773250957e-06,4.0885109763445035e-06,0.29301829585576533,67,0.06808943089430895,1,0,3,1,2
bsep,Tier 3 - Regular User,0.5708278839628911,0.8302249,0.1817323577505887,0.0014726230441209245,0.0,4.088511122291959e-06,0.29301829585576533,67,0.06808943089430895,1,0,3,1,2
0_4 stecu,Tier 3 - Regular User,0.5699687017742968,0.8061095,0.21575749261781,0.0015841403144817576,0.001432895814207379,5.052517280128948e-06,0.2918338313513732,75,0.07621951219512196,2,0,3,1,2
adalah pokoknya,Tier 3 - Regular User,0.5694126439627909,0.8214368,0.19137634648305746,0.0012994517812794971,0.005049251916730764,0.0012972740733507612,0.37037790119416586,61,0.06199186991869919,1,0,4,1,2
~~boyszzarddd~~ardboysss🇦🇱🪩,Tier 3 - Regular User,0.568947237253182,0.81043607,0.20671392858026633,0.0013429202459259097,0.0036790754479264017,0.00539476920817526,0.37258340675903784,82,0.08333333333333334,1,0,1,1,2
nipzzz,Tier 3 - Regular User,0.5686986480127104,0.81430197,0.20029359409469574,0.001505759070897923,0.002106956471395843,4.73091847944436e-06,0.2857909870968381,72,0.07317073170731708,1,0,3,1,2
dvaaa,Tier 3 - Regular User,0.5677824890254488,0.84386414,0.1536599486168599,0.0011559323951523138,0.0020780090812098353,0.000964845014353834,0.35699414287790654,54,0.05487804878048781,1,0,1,0,1
raffiii162,Tier 3 - Regular User,0.5671551228052083,0.8270425,0.17732396733902467,0.0009515971120201189,0.0018174825695357665,0.01916804754813628,0.3936818798766847,79,0.08028455284552846,1,1,21,1,2
danzz,Tier 3 - Regular User,0.5662780928678656,0.8637452,0.12007741333726657,0.0008869395252920128,0.002361279970887196,0.0012353015872836335,0.3813643241064674,43,0.04369918699186992,1,0,4,1,2
veri ramandani18,Tier 3 - Regular User,0.5659419718094076,0.81255287,0.1960255510378393,0.0015339643318242912,0.0009206993138090089,4.333524013363874e-06,0.29301829585576533,71,0.07215447154471545,1,0,3,1,2
abcdea 💋,Tier 3 - Regular User,0.5648443977212063,0.8624198,0.11848128839710137,0.0007921678833794927,0.006351884475101108,8.005942313443428e-06,0.2921063185888628,19,0.019308943089430895,1,139,4,1,2
sabitulyz,Tier 3 - Regular User,0.5646098630134005,0.85383904,0.13076597862038483,0.0005935460846895756,0.0059817714148657245,0.012181592097569326,0.3711101627623631,45,0.04573170731707318,1,0,2,1,2
sinfloww,Tier 3 - Regular User,0.563671123763081,0.80935425,0.1951463813090239,0.0015339644282218255,0.0007706898025236613,4.333524299608925e-06,0.29301829585576533,71,0.07215447154471545,1,0,3,1,2
mallbelajarbaik,Tier 3 - Regular User,0.5633337412208148,0.89751923,0.06205541738118442,0.00041425049012011275,0.00420770993060897,0.0008825728511178079,0.35863110493924966,13,0.013211382113821139,1,0,4,1,2
c✌🏻tur🌊,Tier 3 - Regular User,0.5619519593098143,0.82591623,0.16600547775089225,0.0010916527052087256,0.006056207561058316,8.039844053820452e-05,0.3315215830540503,50,0.05081300813008131,1,0,1,1,2
cen,Tier 3 - Regular User,0.5577856438898001,0.792295,0.20602162618015069,0.001564135858400313,0.0017802644964394708,0.000543161789073436,0.35945522850479367,72,0.07317073170731708,1,0,4,1,2
juprianto anto,Tier 3 - Regular User,0.557678199863294,0.80084455,0.1929286297556243,0.0015339643672056824,0.000392288828788593,4.333524075631166e-06,0.29301829585576533,71,0.07215447154471545,1,0,3,1,2
🪽,Tier 3 - Regular User,0.5560411511466207,0.8548406,0.10784201289348337,0.00032918775330942297,0.012114482792844205,0.0008554323627684989,0.33316918765566783,13,0.013211382113821139,2,1,2,1,2
ar,Tier 3 - Regular User,0.5556824389358659,0.7792225,0.22037234983352297,0.0009502855484204936,0.00032669197495637214,0.040005320731451355,0.3690670867581661,101,0.10264227642276424,1,1,2,1,2
ɓøɓ mārlɛƴ!!⛓️,Tier 3 - Regular User,0.5556739929013483,0.845062,0.1215919262898546,0.0008681796770612577,0.00287819765278019,0.0020426894162175386,0.35699414287790654,41,0.04166666666666667,1,0,4,1,2
panggil vans✌️,Tier 3 - Regular User,0.5541688598672894,0.83545035,0.13224656320620262,0.0009443201038853411,0.0022062046663192977,0.0025795706629280573,0.37023179551322144,51,0.05182926829268293,1,0,1,1,2
dzky.,Tier 3 - Regular User,0.5539657121656808,0.8215275,0.15262304389438855,0.0008696745003679302,0.006546245523492874,0.0021817222891699277,0.36863220802278723,41,0.04166666666666667,2,0,4,1,2
ataabhrandie_,Tier 3 - Regular User,0.5531800127985328,0.79511046,0.19028426134642204,0.0012469285221361742,0.007303013009784217,5.938706478268001e-05,0.33210813928733773,49,0.04979674796747968,1,1,4,1,2
ajammjamm_,Tier 3 - Regular User,0.5531174065814672,0.7943235,0.19130821579353469,0.0015339643752833429,0.00011580679133342695,4.3335241335572014e-06,0.29301829585576533,71,0.07215447154471545,1,0,3,1,2
dwisetyarinii,Tier 3 - Regular User,0.5515681241465624,0.7921034,0.19076512120987366,0.001533964428062692,2.3140681559409688e-05,4.333524349027806e-06,0.29301829585576533,71,0.07215447154471545,1,0,3,1,2
luthfyyy,Tier 3 - Regular User,0.5515681241465624,0.7921034,0.19076512120987366,0.001533964428062692,2.3140681559409688e-05,4.333524349027806e-06,0.29301829585576533,71,0.07215447154471545,1,0,3,1,2
mas_drun,Tier 3 - Regular User,0.5515680645419176,0.79210335,0.19076512120987366,0.001533964428062692,2.3140681559409688e-05,4.333524349027806e-06,0.29301829585576533,71,0.07215447154471545,1,0,3,1,2
derasah,Tier 3 - Regular User,0.5515459188939791,0.7920715,0.19075744080584772,0.0015339643792975754,2.183115676528077e-05,4.3335242009950755e-06,0.29301829585576533,71,0.07215447154471545,1,0,3,1,2
alee25 store,Tier 3 - Regular User,0.5515459188939791,0.7920715,0.19075744080584772,0.0015339643792975754,2.183115676528077e-05,4.3335242009950755e-06,0.29301829585576533,71,0.07215447154471545,1,0,3,1,2
fittdos,Tier 3 - Regular User,0.5515459188939791,0.7920715,0.19075744080584772,0.0015339643792975754,2.183115676528077e-05,4.3335242009950755e-06,0.29301829585576533,71,0.07215447154471545,1,0,3,1,2
mamaz ap,Tier 3 - Regular User,0.5497915763642307,0.77174604,0.21685980731892487,0.001696777850275891,0.0008973690957662374,0.00032570257717265454,0.35658723466034054,75,0.07621951219512196,1,0,4,1,2
izz_sjlh🀄,Tier 3 - Regular User,0.5496818567604257,0.8576101,0.08778948219876309,0.0005296320797086597,0.005723312573919228,0.00082230433406499,0.36391531664444215,21,0.021341463414634148,1,0,1,1,2
cupapimunyenyoo,Tier 3 - Regular User,0.5452211745482484,0.825709,0.12448942857528703,0.0008485732746813398,0.0030063932378896524,0.0035006593609267795,0.38959634770693913,44,0.04471544715447155,1,0,1,1,2
🌵dnd's_mom🌵,Tier 3 - Regular User,0.5434628232886947,0.7763982,0.1940597108430059,0.0013103510662009661,0.005475192086610591,1.427367224805264e-05,0.2987070660808454,64,0.06504065040650407,1,0,3,1,2
ambaedits,Tier 3 - Regular User,0.5373015558672818,0.7562964,0.20880926548264228,0.0014114418895904948,0.006262974633815513,0.00012560818072255227,0.34851006373041826,61,0.06199186991869919,1,0,4,1,2
capcipcup🕊️,Tier 3 - Regular User,0.5359494541180152,0.69875896,0.29173512113392797,0.0019024758887181963,0.008516735726868967,0.0006255780846503376,0.37125696266851915,88,0.0894308943089431,1,0,1,1,3
pdpputragemilang!,Tier 3 - Regular User,0.5342498542728441,0.7228916,0.25128717766762193,0.0011030250835912477,0.018596630523782347,0.0031502916282988482,0.4002292544247404,59,0.05995934959349594,1,0,1,1,3
a r j a☘️,Tier 3 - Regular User,0.533861957598766,0.75572485,0.20106760812064084,0.0016060618759592864,0.00029774458477036447,0.00029059321517275517,0.35443262901284606,71,0.07215447154471545,1,0,4,1,2
🕸,Tier 3 - Regular User,0.5308834333267598,0.75399214,0.19622035797605625,0.001037082987220878,0.011150948233795664,2.593608613061117e-05,0.3152628826422628,45,0.04573170731707318,2,6,3,1,2
ziee_1901,Tier 3 - Regular User,0.527406553116038,0.76439136,0.17192932388830812,0.0011022417348339564,0.004995492477813892,0.003124608140220007,0.3798209638308443,60,0.06097560975609757,1,0,1,1,2
naufabyktsr,Tier 3 - Regular User,0.5272664136426722,0.75070035,0.19211545753903075,0.0013429202956715524,0.0011882214447780284,0.005394769768512502,0.37258340675903784,82,0.08333333333333334,1,0,1,0,1
ꦲꦼꦤ꧀ꦝꦺꦴꦱ꧀,Tier 3 - Regular User,0.5265817120206981,0.78665847,0.13646656635717286,0.0010368001802702799,0.002776881787129163,0.0007460084925814693,0.3463238382383824,39,0.03963414634146342,1,0,1,1,2
frhnbaeω,Tier 3 - Regular User,0.526381518583384,0.7348052,0.213745897364832,0.0015746562906440557,0.0014432341678452388,0.0005012631383026783,0.3574019808172187,71,0.07215447154471545,2,0,4,1,2
i'szz?!,Tier 3 - Regular User,0.5252987735887226,0.7840191,0.1372182352890215,0.0009682138624156759,0.00401955189439992,9.954918793510127e-05,0.32827478196083115,44,0.04471544715447155,1,0,3,1,2
maswilll,Tier 3 - Regular User,0.5223552092843373,0.7343335,0.20438770575650508,0.0014185271263659385,0.0010607150832444233,0.0019644797055464744,0.3813643241064674,68,0.06910569105691057,3,0,4,0,1
kharb_02,Tier 3 - Regular User,0.5223179142980698,0.86419004,0.009509692914516634,0.0002262468357441379,0.0,9.680756326387427e-07,0.24848758316812714,3,0.003048780487804878,1,0,3,1,1
andre $,Tier 3 - Regular User,0.5219237458726357,0.76410186,0.15865652561699117,0.0011096897229802656,0.004565416966478922,4.057139981477322e-06,0.28675148231775627,49,0.04979674796747968,1,0,3,1,2
osdaglog14,Tier 3 - Regular User,0.5165303772279818,0.7717925,0.13363722105552722,0.000922048916532641,0.0041808302111505345,0.0014496367439408352,0.3879857799198083,40,0.04065040650406505,1,1,1,1,2
"wong""plosok",Tier 3 - Regular User,0.5144525199946732,0.72528267,0.19820728148444777,0.0015550198297671206,0.0008787600592180895,0.0002828055162923021,0.35283368482181066,70,0.07113821138211383,1,0,4,1,2
opangpar,Tier 3 - Regular User,0.5058178730011815,0.75603044,0.1304989624025509,0.0009296132965474094,0.004391732625362876,0.00030378910479001727,0.3556413799264935,34,0.034552845528455285,1,0,1,1,2
desttt_,Tier 3 - Regular User,0.505093940012684,0.74021304,0.15241528032479335,0.0012109973956361563,0.0006223688889991646,4.033598083417539e-06,0.28269204868253506,60,0.06097560975609757,1,0,3,0,1
chikotila,Tier 3 - Regular User,0.5042003479921658,0.75448513,0.12877310000952066,0.0008124799049692396,0.006523501145489582,4.1031626965766265e-05,0.31015783265896113,33,0.03353658536585366,1,0,1,1,2
king persija,Tier 3 - Regular User,0.5016957905525973,0.7422654,0.1408413267719275,0.000980155696105786,0.004191168564788394,0.0002420565262728783,0.34079070502034,46,0.0467479674796748,1,0,1,1,2
ig:amrizalss,Tier 3 - Regular User,0.4892270971777968,0.7566676,0.08806626236511578,0.000691028979030998,0.003870679602014738,9.572535840488839e-07,0.266554274815682,10,0.010162601626016262,1,0,3,1,2
@dalang_fuluzzz,Tier 3 - Regular User,0.4822500530783515,0.7571278,0.06993335582419755,0.0005672616443084492,0.0022000016541365817,0.0005890870270778926,0.34530448919279483,19,0.019308943089430895,1,0,1,1,2
"𝖂𝖍𝖔'𝕾,𝕭𝖗𝖆𝖓රධ",Tier 3 - Regular User,0.47927029348584604,0.66759455,0.19678387585214263,0.0014182542536204032,0.003364100273759604,0.0004967181293450145,0.3523039045142704,68,0.06910569105691057,1,1,1,1,2
iyedd 🪩,Tier 3 - Regular User,0.4766659271871465,0.6999007,0.14181371335074747,0.0008138270043578585,0.007553201167820427,0.00016194671675545693,0.3252036041670188,28,0.02845528455284553,2,0,3,1,2
deeka ada e nya,Tier 3 - Regular User,0.47058909767422985,0.70597225,0.1175143478699999,0.0007973606391472382,0.004329702503535717,0.0012155388572187853,0.36264976878903254,35,0.03556910569105692,1,0,1,1,2
gtww,Tier 3 - Regular User,0.46217774234286857,0.6938276,0.11470285261849347,0.0005632830958379706,0.004648123795581801,0.007122308616002681,0.37214020683029986,37,0.037601626016260166,2,2,21,1,2
billz,Tier 3 - Regular User,0.4617762395441114,0.73101234,0.05792203761626757,0.0004619436727340017,0.002412971739076495,0.00038883713013988965,0.33663472081277485,17,0.017276422764227643,1,0,3,1,2
ℒ𝓊𝓬𝓴𝔂,Tier 3 - Regular User,0.4617699709099722,0.6948284,0.11218228105758427,0.0008646606554374716,0.002448122141445219,0.0002545856851364794,0.35918010012476703,35,0.03556910569105692,1,0,4,1,2
fiki v1,Tier 3 - Regular User,0.45963544631084374,0.7184273,0.0714475905915243,0.0006345519922392664,0.0002936092433152205,0.0009163556476496504,0.3491583339382501,28,0.02845528455284553,1,1,4,0,1
aji jishon 17,Tier 3 - Regular User,0.45820843336907285,0.6445345,0.17871921653368217,0.001365232163073762,0.002586656080192541,0.0001925714816213537,0.35283368482181066,54,0.05487804878048781,1,0,4,1,2
fahri..☘️☘️,Tier 3 - Regular User,0.4552872401219656,0.6307338,0.192117373581243,0.0015365893983659347,0.0002953323022548638,0.00023336085323670853,0.3386999644987428,69,0.0701219512195122,1,0,1,1,2
deni,Tier 3 - Regular User,0.45493966986064716,0.6304103,0.19173362973641855,0.001536589411229505,0.0002298560625484179,0.00023336083773209043,0.3386999644987428,69,0.0701219512195122,1,0,1,1,2
n4uf@l 4j4,Tier 3 - Regular User,0.45281551462561087,0.63498956,0.1795544023849118,0.0014351243192625021,0.00034943635295966384,5.190918392457138e-06,0.28701455707217627,67,0.06808943089430895,1,1,3,1,2
sannzxkce,Tier 3 - Regular User,0.45151276386953587,0.6235742,0.19342059883418672,0.001345108623957075,0.004784590063601551,6.354500653594854e-06,0.2953233485292688,63,0.06402439024390244,1,2,3,1,2
joviinantaaaa,Tier 3 - Regular User,0.4488781218135685,0.6593248,0.13320799281307313,0.0008131735841852611,9.924819492345481e-05,0.013074472553531592,0.36935757639748773,66,0.06707317073170732,1,0,0,0,1
langzz,Tier 3 - Regular User,0.4402895627571765,0.66002065,0.11069291784207609,0.0006502068107781802,0.004282146076801561,0.00010275253305549401,0.31988329980436825,23,0.0233739837398374,3,0,3,1,2
putz!!,Tier 3 - Regular User,0.43751465621616,0.67719185,0.07799884535435722,0.0005504542093074896,0.001763723130618895,0.003928207392730607,0.3878254552173621,31,0.03150406504065041,1,0,4,0,1
bgsz,Tier 3 - Regular User,0.4374981141432711,0.662726,0.09965626307939203,0.0006893739285825679,0.002117294825033703,0.004662470933211162,0.37874802325505097,36,0.03658536585365854,1,1,2,1,2
ariepp,Tier 3 - Regular User,0.4367999284281001,0.5576013,0.2555978667769992,0.0012826676331848235,0.017087230892654806,0.0005518239480979913,0.3683428577810111,55,0.05589430894308944,1,0,1,1,2
amin ismoyo,Tier 3 - Regular User,0.43499063290473056,0.67687815,0.07215929124047935,0.0004935638992617851,0.002274437800329173,4.335476920815705e-06,0.27378576476838284,5,0.005081300813008131,3,0,3,1,2
rmdn,Tier 3 - Regular User,0.4302596457448145,0.6508519,0.09937122654083871,0.0006580881576652689,0.004643988454126657,0.0005497739537021612,0.3490284870308725,29,0.02947154471544716,1,0,1,1,2
zaza,Tier 3 - Regular User,0.42991591674928215,0.600359,0.17425122814487287,0.0010427532728134114,0.008913728506562786,7.135174941293049e-05,0.3410383726838722,44,0.04471544715447155,1,0,3,1,2
ajipunyaku,Tier 3 - Regular User,0.42951952094150203,0.70001584,0.023774993278399482,0.00031821693805940225,0.00040939880405925115,6.440035037628306e-06,0.29338468322163685,6,0.006097560975609756,1,0,4,1,1
'kassqueen',Tier 3 - Regular User,0.42494478370325817,0.58289784,0.1880151665602389,0.0013392014721013256,0.004505454515379335,0.00019010816422814416,0.3560461311176086,56,0.05691056910569106,1,0,1,1,2
ditzzganteng,Tier 3 - Regular User,0.41387640983716345,0.608387,0.12211053448060391,0.0009374794079514638,0.0023881596903456317,0.0002997263278763177,0.33968063757727696,39,0.03963414634146342,1,0,1,1,2
alambuh,Tier 3 - Regular User,0.40565459765405226,0.6211514,0.08240935299323912,0.00055469817964203,0.0033785739688526077,2.2669754570950553e-05,0.3196653956491881,17,0.017276422764227643,2,0,4,1,2
hanifnur,Tier 3 - Regular User,0.40424346567905844,0.5529576,0.18117225770445922,0.001363489902253713,0.002698310299481428,0.00020013756902095614,0.34416487041658095,58,0.05894308943089432,1,0,4,1,2
🥷,Tier 3 - Regular User,0.3996297631179827,0.5746097,0.13715980289268934,0.0006905624007228087,0.0065007567674862906,0.00026414229591433506,0.32861960841247073,22,0.022357723577235776,4,1,3,1,2
n⭐👽,Tier 3 - Regular User,0.39468827879210305,0.5825034,0.1129656293933588,0.0009017033017253366,0.0004983086453448461,0.0018201783605535178,0.3709634789035638,45,0.04573170731707318,1,1,1,0,1
de2x.alk1,Tier 3 - Regular User,0.39135424253156026,0.5770622,0.11279227725690211,0.0006780555615771274,0.00034116567004937595,0.012489108474903697,0.36264976878903254,55,0.05589430894308944,1,0,0,1,1
ini blue🔵💨,Tier 3 - Regular User,0.39043349867743016,0.53211725,0.17790781571670772,0.0011274931122483758,0.006963915010462413,0.00036526179432736926,0.34734922339970997,54,0.05487804878048781,1,0,1,1,2
gesang wl,Tier 3 - Regular User,0.39017296672721846,0.55404186,0.14436962308635673,0.0008099755357650834,0.005919741293038566,0.005283814023280576,0.37023179551322144,33,0.03353658536585366,2,0,4,1,2
@turzxi!eu69數,Tier 3 - Regular User,0.38970366532140377,0.4911199,0.23757928149236746,0.001206955626412084,0.016065801553234248,3.3911750327677677e-05,0.34017310678724766,50,0.05081300813008131,1,0,3,1,2
se'pull_maxwill,Tier 3 - Regular User,0.37598206589677197,0.5247477,0.15283351118510619,0.0011867553909041871,0.0016169185089612848,0.0004041325446317274,0.36083721708035993,53,0.05386178861788619,1,0,4,0,1
puji_kodrat,Tier 3 - Regular User,0.37408445434134957,0.56349987,0.08996131907805202,0.0006215117408884768,0.004379326600997444,0.0001617127319642389,0.34825142917477414,23,0.0233739837398374,1,0,1,1,2
masayu,Tier 3 - Regular User,0.3632526322257923,0.44954485,0.23381425044248677,0.001118820815699489,0.002346806275794192,0.030165678964823247,0.3900821286891173,105,0.10670731707317074,1,0,2,1,2
ಠ_ರೃ,Tier 3 - Regular User,0.3590659168021624,0.52567375,0.10915412670789777,0.000704675709586635,0.0023922950318007756,0.006282292621681073,0.373324423876697,42,0.042682926829268296,1,0,0,1,2
aboutdan,Tier 3 - Regular User,0.3587704749928547,0.5057847,0.1382491370108309,0.0011045844264792114,0.0010545120710617074,0.0001309961181939243,0.33023842421745825,50,0.05081300813008131,1,1,1,0,1
sayaangaenii❤️‍🔥,Tier 3 - Regular User,0.3582281090093039,0.48830223,0.1631168815673347,0.0009247501483598095,0.0013625950094699319,0.015348171680269068,0.38622946568971867,77,0.07825203252032521,1,0,0,0,1
nafz?yakena😹🤓🤭😋,Tier 3 - Regular User,0.34831233303795234,0.4922964,0.13233620626355153,0.0009075242213689128,0.003905830004383462,8.542653629628649e-05,0.3234106139303985,31,0.03150406504065041,2,1,4,1,2
putra barepjr,Tier 3 - Regular User,0.34444837139928963,0.4865001,0.13137075719447502,0.000714270136345097,0.0071996294734056185,0.0034620122046867562,0.3992078271484544,39,0.03963414634146342,1,0,4,1,3
im'in,Tier 3 - Regular User,0.3443015806427562,0.49114823,0.12403160148634593,0.0004291175991127964,0.014467492080821112,0.0004657012001950122,0.33736074824802886,15,0.015243902439024392,1,0,3,1,2
zexx'777,Tier 3 - Regular User,0.33915870204812626,0.40510342,0.24024159499124537,0.0014255924591562703,0.0052560189894879615,0.0003108494769460498,0.34696399320739973,59,0.05995934959349594,5,2,4,1,2
deliciousrull,Tier 3 - Regular User,0.33694692999825526,0.46559146,0.143980074691416,0.0008819413445164041,0.003128385810816399,4.1247325808824134e-05,0.3183641796560435,33,0.03353658536585366,4,4,4,1,2
raa 👧🏻,Tier 3 - Regular User,0.33581497258019416,0.4925172,0.10076162681162279,0.0006441128917022134,0.002528761299820526,0.006338959507076077,0.37783317295733343,37,0.037601626016260166,1,0,0,1,2
🫧,Tier 3 - Regular User,0.334537683612121,0.49143735,0.09918816061321109,0.000800459266214753,0.001850565301176918,0.0003674183112642773,0.3533650608531688,30,0.030487804878048783,1,2,1,0,1
˚꩜｡⋆˚࿔ 𝔂𝓪𝔂𝓪 𝜗𝜚˚⋆🧸ྀི,Tier 3 - Regular User,0.3312234674023154,0.40609124,0.218921774160505,0.0014539727375478516,0.00705489252247558,0.0002173277258245423,0.35685840366008226,62,0.06300813008130082,1,11,4,1,3
akaa,Tier 3 - Regular User,0.321771934550939,0.46346447,0.10923307369634003,0.0007012997249624705,0.0007857148764773506,0.00953672994918339,0.37905395865347996,49,0.04979674796747968,1,0,2,0,1
𓏵,Tier 3 - Regular User,0.31435043121331496,0.43997416,0.12591482462867015,0.0009399856780901883,0.0020594000446616874,0.0015579135394286174,0.35849411826814986,45,0.04573170731707318,1,0,1,0,1
!!epangg💥,Tier 3 - Regular User,0.306552249376021,0.33078498,0.2702031363647237,0.0013324366277706575,0.00019436104839176568,0.036533170706976606,0.39534018602612314,130,0.1321138211382114,1,0,0,1,4
otong,Tier 3 - Regular User,0.3037528523714529,0.47036725,0.053831221886273886,0.0005860925780046332,0.0003018799262255084,4.1941020124689064e-08,0.22604470174037,7,0.007113821138211383,1,1,3,0,1
🐚🫧🪩,Tier 3 - Regular User,0.2973681770538881,0.36115187,0.20169260173429918,0.0012823429739995335,0.00808045720335128,2.7621782052531286e-06,0.281673950067832,55,0.05589430894308944,1,5,3,1,2
vinza,Tier 3 - Regular User,0.2957591253188313,0.41424173,0.11803518674449642,0.0009241846371578308,0.00252255828763781,9.984171887496754e-05,0.3232992082762715,33,0.03353658536585366,1,0,1,1,2
finzz★,Tier 3 - Regular User,0.28241067330246883,0.3331153,0.2063536817879905,0.0008818093065489278,0.00014680462165761026,0.03524113392802618,0.3683428577810111,91,0.09247967479674797,2,0,0,1,2
sari 86,Tier 3 - Regular User,0.27627139500142994,0.41794243,0.063764805877255,0.00043639537598884635,0.002460528165810651,0.0031681990970386805,0.36097600062539087,23,0.0233739837398374,1,0,0,1,2
orensport,Tier 3 - Regular User,0.27069750987412955,0.39115116,0.09001699742978878,0.0006344183972806297,0.0021338361908542786,0.0036193333749866352,0.3627899503772773,33,0.03353658536585366,1,0,2,1,2
buluk gonzales 13,Tier 3 - Regular User,0.26652279952378893,0.30522397,0.2084710190497792,0.0015992744281699235,0.00032048896277365617,6.0571530954856734e-06,0.281673950067832,70,0.07113821138211383,2,0,3,1,2
hamz storee,Tier 3 - Regular User,0.25856462069620406,0.34823084,0.12406527867589681,0.0008878162993684463,0.004000942857851773,9.021510405931531e-05,0.33615243611247003,36,0.03658536585365854,1,0,1,1,2
hanipipipip,Tier 3 - Regular User,0.2573210220103506,0.33046007,0.14761241042739254,0.0010297226534193716,0.0012447377779983293,0.005588131690099065,0.39154676747017786,62,0.06300813008130082,1,391,1,0,1
.,Tier 3 - Regular User,0.2541099722262142,0.2767492,0.22015111771124546,0.0006558070931382853,0.001600377143140709,0.014254640102983366,0.3796673145736312,53,0.05386178861788619,12,3,2,0,1
n,Tier 3 - Regular User,0.24948976439419013,0.3655009,0.0754730279789026,0.0006129857486875819,0.0014535725214830987,0.001245780535759716,0.3714038787598007,26,0.026422764227642278,1,0,4,0,1
agngcar07,Tier 3 - Regular User,0.24287890489066893,0.34289587,0.09285343426379697,0.0006963829246251342,0.002082144422664979,0.0016660433686059505,0.3646222228539302,33,0.03353658536585366,1,0,1,0,1
mrco,Tier 3 - Regular User,0.2411623814537714,0.3236908,0.11736972104375315,0.0008058782313066066,0.004637785441943941,0.00024048017091814994,0.361532204016185,33,0.03353658536585366,1,0,4,1,2
diee_aja,Tier 3 - Regular User,0.2382812926756195,0.37473214,0.03360501914889907,0.00033644890228581934,1.6541365820575803e-05,4.292753131985739e-06,0.2805792531019481,8,0.008130081300813009,2,2,4,0,1
bang duttz,Tier 3 - Regular User,0.2360396289985055,0.27241334,0.18147905770954342,0.0009729356205893343,0.005274628026036109,0.014293228333186001,0.38464655804344927,61,0.06199186991869919,1,0,0,1,2
rivann.ahah,Tier 3 - Regular User,0.22943172612762358,0.24295844,0.20914165325402978,0.0009600179832980615,0.0027706787749464472,0.02898752656653476,0.3958404055782439,91,0.09247967479674797,1,0,2,1,3
"fendaaa,,",Tier 3 - Regular User,0.22752452831589498,0.3501722,0.0435530255517194,0.0003985883529091213,0.0016437982284197206,1.4519996853954315e-05,0.29329300050813006,13,0.013211382113821139,1,0,1,0,1
noellnr🍒,Tier 3 - Regular User,0.21893167821733173,0.24614158,0.17811679164985852,0.0013526415298944854,0.00204079100811354,0.0004723606900178224,0.3445439066174803,61,0.06199186991869919,1,0,1,0,1
ririss,Tier 3 - Regular User,0.2101984647124472,0.23257695,0.17663073470430146,0.0013314118788278157,0.0020077082764723884,0.0005289465012481352,0.3605599698909014,63,0.06402439024390244,1,2,4,0,1
byy🌊,Tier 3 - Regular User,0.19553752796115345,0.21404663,0.16777386407707795,0.001192120810902579,0.003804514138732435,0.0011729187669063785,0.37169806004990746,53,0.05386178861788619,1,0,1,1,2
f4r11!🇦🇱🇦🇱,Tier 3 - Regular User,0.1885134673670108,0.27112806,0.06459156586606672,0.0005045109736566646,0.002617671141106121,0.00022642667461785589,0.35389803982881457,19,0.019308943089430895,1,0,1,1,2
adit anjaiygy,Tier 3 - Regular User,0.1804703342311399,0.2572562,0.06529149100006044,0.0005763222311731418,0.0014018807532937994,8.858296122745614e-05,0.3163254471270699,19,0.019308943089430895,1,1,3,0,1
panglima boncoz,Tier 3 - Regular User,0.17140434815186323,0.18255098,0.15468439419314417,0.0010307919170556316,0.003031205286620516,0.0038016523535929604,0.36647309708161513,62,0.06300813008130082,1,1,1,1,2
r 4 5 ya,Tier 3 - Regular User,0.17081776713211466,0.17344451,0.16687764984565792,0.0013063927510434511,0.0012530084609086172,9.177126148168651e-06,0.30197477529794603,60,0.06097560975609757,1,3,3,0,1
biann,Tier 3 - Regular User,0.16948368272434944,0.18194234,0.15079568751780376,0.0012174909612338205,0.0006802636693711799,0.00014579368429884162,0.3232992082762715,54,0.05487804878048781,1,0,1,0,1
axsa,Tier 3 - Regular User,0.16863466944949257,0.16171704,0.1790110989574697,0.0013963739962136168,0.0011144745221612947,0.00042522238843658206,0.3644806219906859,64,0.06504065040650407,1,0,4,0,1
ig: ?,Tier 3 - Regular User,0.16591120390286573,0.14092459,0.20339112426317055,0.0010657119292749688,0.0010400383759687037,0.024915792042002158,0.3841742126999657,92,0.0934959349593496,1,0,0,0,1
inyong,Tier 3 - Regular User,0.16591115174880156,0.1409245,0.20339112426317055,0.0010657119292749688,0.0010400383759687037,0.024915792042002158,0.3841742126999657,92,0.0934959349593496,1,0,0,0,1
tll,Tier 3 - Regular User,0.1611246189327291,0.15893018,0.1644162699210771,0.0013368326506510032,0.00020676707275719755,0.00013014108533609977,0.32896516005117993,60,0.06097560975609757,1,0,1,0,1
deboy,Tier 3 - Regular User,0.16059200810618607,0.15908426,0.16285362584460297,0.0011736820387997907,0.003876882614197454,1.777744714775918e-05,0.3197743106051163,51,0.05182926829268293,1,0,3,1,2
nurul hidayanti 🐗,Tier 3 - Regular User,0.14584443222933285,0.20058835,0.06372854738069754,0.0006839893135231656,2.274437800329173e-05,6.096668001433231e-08,0.23088255882558825,8,0.008130081300813009,1,18,3,0,1
icin,Tier 3 - Regular User,0.14323673125719055,0.16292894,0.11369840494332273,0.0009565252001359351,0.000841541986121794,4.331508706760622e-05,0.3052154802035825,37,0.037601626016260166,1,0,4,0,1
arya🎲,Tier 3 - Regular User,0.13981163763644813,0.15058386,0.12365328802770673,0.0008877856548492296,0.0020718060690271193,2.2331026804516852e-06,0.2695398051769145,40,0.04065040650406505,2,0,3,0,1
| ig : @aseprmadanni,Tier 3 - Regular User,0.1383368426455061,0.12567943,0.15732295286978293,0.0010638414704363878,0.0014039484240213713,0.0013737576366185788,0.37997473750041144,52,0.052845528455284556,3,2,4,0,1
aku siapa????,Tier 3 - Regular User,0.13689288378898812,0.13420512,0.14092452528934957,0.0008266869548105194,0.0004734965966139824,0.014099645161364673,0.38927316533638173,70,0.07113821138211383,1,0,0,0,1
nyong ibaim,Tier 3 - Regular User,0.12538905053559068,0.13391212,0.1126044519052685,0.000942360310866108,0.0009139104615868131,8.344836236303365e-05,0.3195565548607478,37,0.037601626016260166,1,0,1,0,1
🪫,Tier 3 - Regular User,0.1231688774013827,0.18067741,0.03690605769165101,0.00039269443018006157,0.00018402269475390582,0.0008182066548395436,0.33340589755808747,15,0.015243902439024392,1,0,2,0,1
balex ☘️,Tier 3 - Regular User,0.11659408234836927,0.11603002,0.11744016466742432,0.0006941812590810733,0.0016686102771505842,0.011483873792514492,0.3884675503418942,49,0.04979674796747968,1,0,0,0,1
agngg_⚓,Tier 3 - Regular User,0.11344226098432889,0.117343485,0.10759041697717582,0.0007527608629438209,0.003546055297785938,0.001564723292318275,0.38433153219738586,33,0.03353658536585366,1,1,1,1,2
p4n_🤷‍♂️🤷‍♂️,Tier 3 - Regular User,0.11055601879017252,0.13176501,0.07874253501635534,0.0007048024181626443,0.00023984980439834916,4.467448629329389e-06,0.27932666715060006,31,0.03150406504065041,1,0,3,0,1
bayzz444,Tier 3 - Regular User,0.11008020229907148,0.103597365,0.11980445404279509,0.0009616988357796473,0.0014763168994863904,0.00020438076493426265,0.32735877280293557,40,0.04065040650406505,1,0,1,0,1
المجتهد,Tier 3 - Regular User,0.10879889305599791,0.112245336,0.10362921720167652,0.0005777297032140703,0.0023116558734254684,0.006871482509139744,0.35849411826814986,40,0.04065040650406505,2,0,2,1,2
𝑦𝑦𝑦𝑦,Tier 3 - Regular User,0.10847643881188972,0.061136,0.17948709724215522,0.0014116181154414215,0.0011609971135316643,0.0001584803399906911,0.32441673060007475,62,0.06300813008130082,1,0,1,0,1
sapa bae,Tier 3 - Regular User,0.10846169507347073,0.04990928,0.1962903149014345,0.0010581398770225523,0.0004548875600658346,0.022731303402012664,0.38323299372234226,95,0.09654471544715448,1,0,0,0,1
aris fd,Tier 3 - Regular User,0.10807773422868237,0.008735739,0.2570907270640429,0.0011626752280238144,0.00019849638984690963,0.04134104491391793,0.37466570923194265,123,0.125,1,0,2,1,3
kangkasur,Tier 3 - Regular User,0.10799895738021605,0.14605746,0.05091120835284572,0.0005802778362202803,0.0,9.660590579687569e-09,0.21700291367075522,6,0.006097560975609756,1,0,3,0,1
you're okay reszz,Tier 3 - Regular User,0.10695211994766607,0.13876778,0.059228624108419156,0.0005465869884253725,0.0009469931932279648,6.619704540466095e-05,0.32804529941489563,19,0.019308943089430895,1,0,1,0,1
😂,Tier 3 - Regular User,0.10639211583700256,0.10100567,0.11447177389180849,0.0008564483838446879,0.002371618324525056,1.2624519570501438e-05,0.3045222588014329,25,0.025406504065040653,2,0,3,1,2
ini punya aku 🤪,Tier 3 - Regular User,0.10635825509348516,0.07162324,0.15846077078379703,0.0012178581238352219,0.002195866312681438,9.268109627857626e-06,0.2921972607802043,52,0.052845528455284556,1,1,3,1,2
ssuuu,Tier 3 - Regular User,0.10622356980713477,0.13011725,0.07038303091308151,0.0006987432344685699,0.0007898502179324946,6.007251661205724e-08,0.23282996815331589,9,0.009146341463414635,1,0,3,0,1
wawud,Tier 3 - Regular User,0.10572963162901744,0.082828484,0.14008134490854404,0.0008443720928902,0.0013936100703835115,4.951430486031217e-06,0.2847504859302234,36,0.03658536585365854,5,0,3,0,1
p1n,Tier 3 - Regular User,0.10546933569613677,0.07124823,0.15680098181226804,0.0012764350870133185,0.0004114664747868231,0.00011757099146977707,0.3249783939148256,56,0.05691056910569106,1,1,1,0,1
dip_16,Tier 3 - Regular User,0.10508295169565869,0.059507485,0.1734461454325366,0.0014116181734067671,0.00013026325583703446,0.00015848034288940091,0.32441673060007475,62,0.06300813008130082,1,0,1,0,1
y🅰️hya?,Tier 3 - Regular User,0.10466028758007649,0.05930797,0.17268875633970804,0.0014116181985862116,1.0338353637859877e-06,0.00015848036213114502,0.32441673060007475,62,0.06300813008130082,1,0,1,0,1
mbahnya nafisha dan sava,Tier 3 - Regular User,0.10380316592434886,0.06793464,0.1576059514577151,0.0008026387062458737,0.0008539480104872259,0.02205939469456356,0.3748153361126263,73,0.0741869918699187,1,0,0,0,1
samshl_22,Tier 3 - Regular User,0.09860006541096943,0.021190211,0.2147148458307926,0.0010275588360470819,0.0002109024142123415,0.03280269123673666,0.3766202253715956,102,0.10365853658536586,1,0,0,0,1
agnggfck🇦🇱🇦🇱,Tier 3 - Regular User,0.09806768179876585,0.008146523,0.23294941994840845,0.0011107358991318584,0.0016624072649678683,0.02861577560509474,0.38959634770693913,101,0.10264227642276424,2,0,2,0,1
patirrrv2🖤,Tier 3 - Regular User,0.09711172169002097,0.022299197,0.20933050704007844,0.0009930893232118169,0.00033289498713908806,0.032433284209694935,0.37798534096899566,99,0.10060975609756098,1,1,0,0,1
reendstore,Tier 3 - Regular User,0.09346197732494743,0.0647218,0.13657223900671978,0.0008514055997736563,0.0017740614842567549,0.008867106634988105,0.37905395865347996,61,0.06199186991869919,1,0,0,0,1
mykids,Tier 3 - Regular User,0.09303043400046378,0.039436504,0.17342132490866258,0.0008452228302978562,0.0005562034257168614,0.026275059292825607,0.38992006714832417,82,0.08333333333333334,1,0,0,0,1
mas_dawet,Tier 3 - Regular User,0.09293898124544962,0.0010438408,0.2307816919188268,0.0011645965501081608,0.0010875948027028591,0.0284957730427734,0.38670688159291977,110,0.11178861788617887,1,0,0,0,1
ザキ・アルディアンシア,Tier 3 - Regular User,0.09273926965595665,0.0046773185,0.22483219638656532,0.0009654372073340058,0.0003701130602353836,0.03254478373413345,0.3769227315767134,99,0.10060975609756098,3,3,2,0,1
s u m m e r .,Tier 3 - Regular User,0.0916532651036376,0.010790016,0.21294813847154234,0.0010937914047057776,0.003022934603710228,0.022008943439875042,0.3935168140989586,93,0.09451219512195123,1,0,2,1,3
zppcx,Tier 3 - Regular User,0.0902418310103949,0.0013700781,0.22354946030583506,0.0010673411218498359,0.0008973690957662374,0.03246540299818881,0.3884675503418942,104,0.10569105691056911,1,1,0,0,1
i j a l,Tier 3 - Regular User,0.08998434551223386,0.02055958,0.19412149275129706,0.0009942916949258528,0.0006657899742781761,0.025411643390726914,0.39073172424063957,92,0.0934959349593496,1,0,0,0,1
💫,Tier 3 - Regular User,0.08985631203350422,0.051639233,0.14718192718170575,0.0010845343682485912,0.0030601526768065236,9.740242841632944e-05,0.3330509587033415,49,0.04979674796747968,1,2,1,1,2
febriansyah,Tier 3 - Regular User,0.08882323727802227,0.0011860094,0.22027907906679536,0.000987980472339913,0.0018236855817184824,0.03023830617607437,0.3855947418348465,95,0.09654471544715448,2,0,2,0,1
"gzzz,💤",Tier 3 - Regular User,0.08807832941499545,0.10179456,0.0675039693734843,0.000550100898973776,0.002774814116401591,0.0001356932550880363,0.33980362115351787,13,0.013211382113821139,1,1,1,1,2
kian santang,Tier 3 - Regular User,0.08802597988898138,0.000122643,0.21988098521049176,0.001052177785285163,0.0019663548619209487,0.02979814537978585,0.38370302601227163,98,0.09959349593495936,1,0,2,0,1
™.yunz ★ 447.¥,Tier 3 - Regular User,0.08664285441577935,0.005808124,0.20789494979420065,0.0009921451928966186,0.00019849638984690963,0.032409744139158835,0.38354622052554815,98,0.09959349593495936,1,1,2,0,1
nino,Tier 3 - Regular User,0.08658357098766321,0.00042361737,0.21582350135600886,0.001044770633933051,0.0007526321448361991,0.031522334229491904,0.37646915428239724,99,0.10060975609756098,1,0,0,0,1
suyato jowo,Tier 3 - Regular User,0.08464363817213719,0.02741665,0.17048411639627675,0.0008046223547528797,0.0033289498713908803,0.021873616403860624,0.3697941692773902,70,0.07113821138211383,1,0,2,1,2
andra_zv0,Tier 3 - Regular User,0.08419252469107552,0.019259904,0.18159145496077944,0.0011855371606373751,0.005822560768842683,0.0020575304924002613,0.3878254552173621,55,0.05589430894308944,1,0,1,1,2
enjoyss,Tier 3 - Regular User,0.082504162869591,0.016860787,0.18096922507320465,0.0013877723253784124,0.0016713671714540133,3.3695441872310265e-06,0.2857909870968381,65,0.0660569105691057,1,0,3,0,1
regialparij,Tier 3 - Regular User,0.08061417780835305,8.4075866e-05,0.20140933072044878,0.0009603610054966221,0.0011578956074403063,0.029087088570268493,0.37466570923194265,94,0.09552845528455285,1,0,2,0,1
hαηs кαккσɪɪ.dnd.,Tier 3 - Regular User,0.08013565186887009,0.006937777,0.1899324637025352,0.000904895819471233,0.00012199257292674655,0.030523110318572747,0.3715509111741949,90,0.09146341463414635,1,1,0,0,1
set? iy syng,Tier 3 - Regular User,0.07990018308689378,0.0024942493,0.19600908376894724,0.0009336210837408011,0.0007319554375604793,0.0296461872864872,0.38543638670472946,92,0.0934959349593496,1,0,2,0,1
raf,Tier 3 - Regular User,0.07901763283315684,0.0020923703,0.19440552646162945,0.0008025555590845802,0.00019022570693662174,0.031229304445966114,0.3730276636033451,82,0.08333333333333334,3,0,2,0,1
kembali datang,Tier 3 - Regular User,0.07860682973526846,0.01613083,0.1723208295619222,0.0013877724222907401,0.00019573949554348036,3.369544526020427e-06,0.2857909870968381,65,0.0660569105691057,1,0,3,0,1
masjack3195,Tier 3 - Regular User,0.0781360550847102,0.062420506,0.10170937121571322,0.0006904466079504777,5.582710964444334e-05,0.008007371494628103,0.35631647745862427,51,0.05182926829268293,1,0,0,1,1
kh,Tier 3 - Regular User,0.07808444492043651,0.060126193,0.10502181554887681,0.0009197588181152308,0.00030808293840822433,8.42425961090284e-05,0.3090344424188397,34,0.034552845528455285,1,0,1,0,1
kkpann!,Tier 3 - Regular User,0.07803805741514241,0.004695771,0.18805148687761214,0.0010082701826886887,0.0014494371800279548,0.02095727786286741,0.3920374275797896,85,0.08638211382113822,1,0,2,0,1
rpk1,Tier 3 - Regular User,0.07780739290019033,0.002075736,0.19140487821617863,0.0010028881201626335,0.0009780082541415444,0.023365304408373148,0.374217544507981,89,0.09044715447154472,1,0,2,0,1
hilman,Tier 3 - Regular User,0.07744838309962467,0.027776495,0.15195621209042556,0.0009644889932195573,0.0006595869620954601,0.011006897570740384,0.37997473750041144,71,0.07215447154471545,1,0,0,0,1
syakila pbg,Tier 3 - Regular User,0.07741036559707759,0.015294184,0.17058463802727158,0.001245530827905388,0.00304326669919802,0.0005509352401373623,0.34863952512110563,58,0.05894308943089432,1,0,1,1,2
💩.,Tier 3 - Regular User,0.07709264690374558,0.0047363243,0.18562713068308245,0.0008691320966389851,0.0014039484240213713,0.028580760645676915,0.37997473750041144,82,0.08333333333333334,1,1,0,0,1
rahmanpru,Tier 3 - Regular User,0.07684096929032098,0.0025377062,0.18829586368221146,0.0009038134126748308,0.00037631607241809953,0.03000276591347892,0.37347298114843464,86,0.08739837398373984,1,0,0,0,1
น้ำอุ่น กัญญาภัทร เต๊กอ๋อต้ง,Tier 3 - Regular User,0.07657658174859719,0.036153384,0.13721137904195083,0.0010574955246595446,0.0022486608385921063,3.1697851945122012e-06,0.281589439431748,45,0.04573170731707318,1,0,3,1,2
تسلق,Tier 3 - Regular User,0.0764807026896587,0.10498943,0.03371760530116931,0.00032587406471499273,4.135341455143951e-05,0.0031977444913440733,0.34941831780566507,16,0.016260162601626018,1,0,0,0,1
ғɪᴋʀɪ🐦‍🔥,Tier 3 - Regular User,0.07638637211550628,0.09720889,0.04515259183022763,0.00045008782761143593,0.0007981209008427826,0.00014354744239878275,0.3421573465643516,14,0.014227642276422765,1,0,1,0,1
👻hsb👻,Tier 3 - Regular User,0.0760211662012022,0.035873804,0.1362422054155869,0.0008159862344019227,0.00037424840169052756,0.013384320489868044,0.37023179551322144,67,0.06808943089430895,1,0,0,0,1
rass.,Tier 3 - Regular User,0.07592850278793814,0.021369155,0.15776752279398445,0.0012805585498073557,0.00045345988265870174,0.0002472831702534946,0.34505058883309425,56,0.05691056910569106,1,0,1,0,1
iyann noverse ☄️🪐,Tier 3 - Regular User,0.07582976393868039,0.0017653005,0.18692645895063903,0.0013689134652093606,0.00048590262097941424,0.00016328236405927768,0.33675550829781714,58,0.05894308943089432,3,0,4,0,1
nyong,Tier 3 - Regular User,0.07514589492673387,0.021315414,0.15589161376641966,0.0012805585447141431,0.00013338445403055977,0.000247283158837533,0.34505058883309425,56,0.05691056910569106,1,0,1,0,1
dhafin &aja (@#),Tier 3 - Regular User,0.07510446428039537,0.021312611,0.15579224207199777,0.0012805585283359809,0.00011642955406446959,0.0002472831480295887,0.34505058883309425,56,0.05691056910569106,1,0,1,0,1
(-_-),Tier 3 - Regular User,0.07492013142756682,0.02130007,0.15535022265593362,0.001280558607675927,4.1008802763510835e-05,0.00024728315725136443,0.34505058883309425,56,0.05691056910569106,1,0,1,0,1
-biifavvboy☆,Tier 3 - Regular User,0.07492013142756682,0.02130007,0.15535022265593362,0.001280558607675927,4.1008802763510835e-05,0.00024728315725136443,0.34505058883309425,56,0.05691056910569106,1,0,1,0,1
_____avznocure🇦🇱,Tier 3 - Regular User,0.07487448727029003,0.02129698,0.1552407479208568,0.0012805585513287654,2.233084385777733e-05,0.0002472831594351126,0.34505058883309425,56,0.05691056910569106,1,0,1,0,1
𝘁𝗿ē𝗻𝗱à𝗻𝘇𝘅,Tier 3 - Regular User,0.07486742333790111,0.021296574,0.15522369577786446,0.0012805585511980657,1.9421335762551052e-05,0.00024728316499460196,0.34505058883309425,56,0.05691056910569106,1,1,1,0,1
parell✈️💤,Tier 3 - Regular User,0.07486741309335279,0.021296557,0.15522369577786446,0.0012805585511980657,1.9421335762551052e-05,0.00024728316499460196,0.34505058883309425,56,0.05691056910569106,1,1,1,0,1
𝗕𝗠𝗞𝗚,Tier 3 - Regular User,0.07486739726086902,0.021296531,0.15522369577786446,0.0012805585511980657,1.9421335762551052e-05,0.00024728316499460196,0.34505058883309425,56,0.05691056910569106,1,0,1,0,1
proo,Tier 3 - Regular User,0.07486738981028843,0.021296518,0.15522369577786446,0.0012805585511980657,1.9421335762551052e-05,0.00024728316499460196,0.34505058883309425,56,0.05691056910569106,1,0,1,0,1
່,Tier 3 - Regular User,0.07483424735980582,0.021294266,0.15514421802429734,0.0012805586603463904,5.858400394787264e-06,0.0002472831802843705,0.34505058883309425,56,0.05691056910569106,1,0,1,0,1
joller🇦🇱,Tier 3 - Regular User,0.07482497155946172,0.021293622,0.15512199477060826,0.001280558603518371,2.0676707275719754e-06,0.00024728317266197,0.34505058883309425,56,0.05691056910569106,1,0,1,0,1
ido.,Tier 3 - Regular User,0.07453953341851838,0.057882924,0.09952444250907022,0.0006693695007923743,0.0007195494131950475,0.007889062740942322,0.35177571275337943,44,0.04471544715447155,1,0,2,0,1
risky⛔️🆘️,Tier 3 - Regular User,0.07401767092223938,0.043960877,0.11910286029865282,0.0008125524860204166,6.203012182715927e-05,4.654267095910823e-06,0.28440533382606553,35,0.03556910569105692,4,2,3,0,1
sucilestaripp_08,Tier 3 - Regular User,0.07361722327759809,0.04547183,0.11583531182236836,0.0009735317591444994,0.0003577070358699517,8.633531988024806e-05,0.31988329980436825,43,0.04369918699186992,1,0,1,0,1
wong kene bae,Tier 3 - Regular User,0.07350064003147362,0.024564369,0.14690504477490182,0.0011170168453917266,0.002111091812850987,0.0004186704311032323,0.36222987326361106,51,0.05182926829268293,1,1,4,0,1
𝙔𝙊𝙂𝙂𝘼𝘼⭐💦,Tier 3 - Regular User,0.07237888156139402,0.072858065,0.07166010399072241,0.0006291700453307179,0.0008063915837530705,0.00030920407413065316,0.32931143916702327,26,0.026422764227642278,1,1,4,0,1
wong gringsing,Tier 3 - Regular User,0.07226811699666649,0.013137027,0.16096475245674624,0.0012455308485999155,0.0014018807532937994,0.000550935224153103,0.34863952512110563,58,0.05894308943089432,1,0,1,0,1
𝕱_v2,Tier 3 - Regular User,0.0720688612923491,0.042949412,0.11574803054716887,0.00089384187022539,0.0022413550686880214,4.3365051964406355e-06,0.2895827218839914,39,0.03963414634146342,1,2,3,1,2
p,Tier 3 - Regular User,0.07187317375694187,0.0964767,0.03496788601960915,0.0004025160774405545,0.00017161667038847396,6.288068548208081e-05,0.3135775481543656,12,0.012195121951219513,1,0,3,0,1
✧saged🌊,Tier 3 - Regular User,0.07108438539090178,0.03416431,0.1264644964308148,0.0006053324128688729,7.857148764773506e-05,0.019508105970080333,0.3627899503772773,56,0.05691056910569106,2,0,2,0,1
jok,Tier 3 - Regular User,0.07069220560959846,0.012794132,0.15753931434320584,0.001245530788125715,0.0008174191609667875,0.0005509352853602337,0.34863952512110563,58,0.05894308943089432,1,0,1,0,1
single era,Tier 3 - Regular User,0.07058827574158379,0.0015484339,0.17414803837375512,0.0008832948731032051,0.001598309472413137,0.02186641418265444,0.3826080724117474,80,0.0813008130081301,1,0,2,0,1
dheevaaaaaaaaaaaaaaaaaaaaa,Tier 3 - Regular User,0.07048596899078985,0.037349224,0.12019108261582007,0.0010288545837141988,6.409779255473124e-05,4.453419597952646e-06,0.2779205216541357,43,0.04369918699186992,1,0,3,0,1
bleng ko,Tier 3 - Regular User,0.07023084791661843,0.030523354,0.12979208664748929,0.0010574955791927726,0.0009827487490440619,3.169785316609192e-06,0.281589439431748,45,0.04573170731707318,1,0,3,0,1
fattahcake,Tier 3 - Regular User,0.06988430099681002,0.06166745,0.08220957783348813,0.0004863616644601368,0.00017988735329876188,7.310693543461568e-06,0.27434598118269987,15,0.015243902439024392,5,1,3,0,1
dedi intan,Tier 3 - Regular User,0.06960536030648753,0.06352794,0.07872148075994363,0.0006140483383077749,0.0027169193360295756,8.039264669605519e-05,0.33093709507264324,22,0.022357723577235776,1,0,1,1,2
zye hehe,Tier 3 - Regular User,0.06933035935053264,0.002018328,0.1702984061735132,0.0013848940837813488,0.0003577070358699517,0.0001674339022478532,0.33845568035557744,59,0.05995934959349594,1,0,4,0,1
sestu,Tier 3 - Regular User,0.06852483492332465,0.012320476,0.15283137266493751,0.0012455308480387164,1.4129083305075167e-05,0.0005509353110530338,0.34863952512110563,58,0.05894308943089432,1,0,1,0,1
yuliazaa,Tier 3 - Regular User,0.068336659382677,0.029512536,0.12657284106039982,0.00105749555840005,0.0004334678546275696,3.169785267476483e-06,0.281589439431748,45,0.04573170731707318,1,0,3,0,1
𝕬𝖟𝖐𝖆 𝖋𝖔𝖗 𝖞𝖔𝖚,Tier 3 - Regular User,0.06809772391769608,0.0030289465,0.16570088986688158,0.0013511115987706658,2.687971945843568e-05,0.00024887085105247176,0.34416487041658095,61,0.06199186991869919,1,0,4,0,1
@samm__23,Tier 3 - Regular User,0.06802643647943571,0.047617815,0.09863936338957735,0.000876081978758612,0.000169548999660902,7.701938718284875e-06,0.289672099267289,33,0.03353658536585366,1,0,3,0,1
:3윤니스🇰🇷🥷💐,Tier 3 - Regular User,0.06740738613995445,0.029022943,0.1249840477131936,0.0010574955657361293,0.00016238107447198627,3.1697852795245618e-06,0.281589439431748,45,0.04573170731707318,1,0,3,0,1
⭐zka,Tier 3 - Regular User,0.06719408109575097,0.003358445,0.16294753516035984,0.0013036621650084918,0.0006409779255473123,0.0002426312541302268,0.35085517817795,59,0.05995934959349594,1,0,4,0,1
ig | im_alzz,Tier 3 - Regular User,0.06700584232076814,0.0052029444,0.15971018898337608,0.0007782479727672805,0.0030642880182616674,0.01844966755166512,0.3798209638308443,71,0.07215447154471545,1,1,0,1,2
l3o m,Tier 3 - Regular User,0.06583054339558295,0.023081264,0.12995446273238487,0.0007851453372351835,0.00012406024365431854,0.013455976073016808,0.374217544507981,64,0.06504065040650407,1,0,0,0,1
🔥theeam3ll⚡,Tier 3 - Regular User,0.06509325300805249,0.023307549,0.12777180693801438,0.0010793307520571998,2.0676707275719755e-05,8.753481243073343e-05,0.3117029563686537,47,0.047764227642276426,1,1,1,0,1
❤️💛💚,Tier 3 - Regular User,0.0648567347592045,0.017467795,0.13594014262555268,0.0011136066622850459,0.0006409779255473123,0.0001754045359509874,0.3272446309714143,48,0.04878048780487805,1,0,1,0,1
sleep the saunt,Tier 3 - Regular User,0.06422288448608385,0.005578481,0.15218948917609865,0.0008255379520386561,0.0019766932155588085,0.016417162218688205,0.37997473750041144,66,0.06707317073170732,1,0,2,0,1
vanzzz,Tier 3 - Regular User,0.06321847815238135,0.05233005,0.07955111572947843,0.0006888897599626506,0.0013584596680147878,8.123173056574721e-06,0.28535652223351055,23,0.0233739837398374,1,1,3,0,1
bian aja,Tier 3 - Regular User,0.06287096088992157,0.001213881,0.1553565807351308,0.0007776183756701548,0.0012095873756296056,0.02204546660258417,0.3627899503772773,70,0.07113821138211383,1,0,2,0,1
mahendri,Tier 3 - Regular User,0.0628335654690543,0.013886432,0.13625426496184845,0.0010952168619617877,0.0010214293394205558,4.221274498368002e-06,0.2868391203013497,49,0.04979674796747968,1,0,3,0,1
21.alippp,Tier 3 - Regular User,0.0626617370923242,0.015539243,0.13334547840180025,0.0010628034509148148,0.0010627827539719955,8.549890077401392e-06,0.30033203252032525,50,0.05081300813008131,1,0,3,0,1
dea,Tier 3 - Regular User,0.06220195224054122,0.0013297892,0.1535101967575485,0.0012304131496659065,0.0010689857661547112,0.0001302328959714334,0.33495274861742197,52,0.052845528455284556,1,0,4,0,1
ndra_may,Tier 3 - Regular User,0.06145838896641169,0.060085986,0.06351698811374688,0.0006832960759187972,0.0,1.3611290932019014e-08,0.219952566586833,8,0.008130081300813009,1,0,3,0,1
tokoserbada12,Tier 3 - Regular User,0.061448753060341435,0.026180504,0.11435112495333094,0.000989355140300847,0.00016541365820575804,4.528431476510951e-06,0.2804115929566825,39,0.03963414634146342,1,0,3,0,1
yafzz•𝙯𝙤𝙡𝙙𝙮𝙠🔰💤,Tier 3 - Regular User,0.0608958007528448,0.05856915,0.06438577588251826,0.0006290221233861922,1.0338353637859877e-06,2.6219593566369508e-05,0.28492337632848097,22,0.022357723577235776,1,0,1,0,1
fuckingawerizsome,Tier 3 - Regular User,0.06089580075284479,0.05856915,0.06438577588251825,0.000629022123386192,1.0338353637859877e-06,2.6219593566369508e-05,0.28492337632848097,22,0.022357723577235776,1,0,1,0,1
pangerankodok77,Tier 3 - Regular User,0.060893419206061596,0.058569215,0.06437971957007704,0.0006290221483883643,0.0,2.621959571563645e-05,0.28492337632848097,22,0.022357723577235776,1,0,1,0,1
l4ngz_strong,Tier 3 - Regular User,0.06064983620333178,0.0138738025,0.13081388489870982,0.0007564733359433514,0.0004641920783399085,0.014521556502733872,0.3789009291990377,64,0.06504065040650407,1,0,0,0,1
pecey yeye,Tier 3 - Regular User,0.060321424692383566,0.013722314,0.13022008951631972,0.0007564733365564853,0.0003628762126888817,0.014521556428000505,0.3789009291990377,64,0.06504065040650407,1,0,0,0,1
kizy🇦🇱,Tier 3 - Regular User,0.060272805105484606,0.002666252,0.14668263452257857,0.001148264781704749,0.0019787608862863806,0.00016740467191209902,0.33507233189075913,46,0.0467479674796748,1,0,4,0,1
trisis,Tier 3 - Regular User,0.06023458963758288,0.032878548,0.10126865037099864,0.0005583648029127543,0.00022124076785020138,0.015355122832555551,0.3561812529890005,49,0.04979674796747968,1,2,0,0,1
ryy_,Tier 3 - Regular User,0.060059124714503434,0.0008823537,0.14882428119027613,0.0008303965342983455,0.00168515164297116,0.015800684258832322,0.3705241222368797,64,0.06504065040650407,1,0,21,0,1
wien,Tier 3 - Regular User,0.060000954750809736,0.028135173,0.10779962548025862,0.0009398114104280648,1.0338353637859877e-06,3.5815201813172255e-06,0.2756351252939842,39,0.03963414634146342,1,0,3,0,1
⚽,Tier 3 - Regular User,0.060000953572967954,0.028135173,0.10779962253565417,0.0009398113843182077,1.0338353637859877e-06,3.5815198639182456e-06,0.2756351252939842,39,0.03963414634146342,1,0,3,0,1
seli🌸,Tier 3 - Regular User,0.059998412880011835,0.028134976,0.10779356882648775,0.000939811432439404,0.0,3.5815202477065595e-06,0.2756351252939842,39,0.03963414634146342,1,0,3,0,1
artati,Tier 3 - Regular User,0.0592720822596583,0.003483457,0.142955019762189,0.0008231196095975471,0.0010772564490649991,0.013789561766878415,0.3851200663217137,69,0.0701219512195122,1,0,0,0,1
varkon🚀🚀,Tier 3 - Regular User,0.059029163573820646,9.1357644e-05,0.14743587246654738,0.0007273709917410345,0.0006471809377300283,0.023328010149863753,0.3597307786991247,67,0.06808943089430895,1,0,2,0,1
yesakiw,Tier 3 - Regular User,0.05902654419158555,0.0010814901,0.14594412533843348,0.0007095674487476741,0.00014266928020246632,0.02433700168046033,0.3576743908635733,70,0.07113821138211383,1,0,2,0,1
🎀sheila||suka ngonten🎀,Tier 3 - Regular User,0.05809341902803897,0.04821919,0.07290475934176441,0.0006471967803461905,0.0017016930087917358,9.86875972569306e-06,0.3041275442728504,15,0.015243902439024392,1,0,4,0,1
gudeg bu rudy klampok ✨✨,Tier 3 - Regular User,0.057937541887388345,0.009986606,0.12986394438017337,0.0008126905910862531,0.0014039484240213713,0.010789528233111429,0.39154676747017786,53,0.05386178861788619,1,0,0,0,1
z4m,Tier 3 - Regular User,0.05792450811396389,0.02007526,0.11469837975825739,0.0009293431526384687,0.0013171062534633484,0.0006919760605467811,0.3429074174738824,37,0.037601626016260166,1,0,1,0,1
@4rdhy,Tier 3 - Regular User,0.057801592826447014,0.01169334,0.12696397190814496,0.0007572285996910082,0.0005624064378995773,0.013739498383416864,0.36209012408411123,58,0.05894308943089432,1,0,2,0,1
𝘾𝙖𝙡𝙤𝙣 𝙃𝘼𝙅𝙄,Tier 3 - Regular User,0.05779174805953943,0.00213521,0.1412765550161673,0.0011657607254320092,0.00021297008493991346,0.0001673526532396234,0.3431581724409566,52,0.052845528455284556,1,25,4,0,1
arm team,Tier 3 - Regular User,0.05696555118834384,0.00082753645,0.14117257326291333,0.0011682055746671622,0.00016334598747818607,0.00012226443859996176,0.3303546644230962,52,0.052845528455284556,1,0,4,0,1
iis dukha,Tier 3 - Regular User,0.05694222334719608,0.0002107964,0.1420393637673899,0.0006770874149283224,0.0003184212920460842,0.021337487294265108,0.35863110493924966,61,0.06199186991869919,2,0,2,0,1
😡,Tier 3 - Regular User,0.0564864883031591,0.0011274876,0.13952498931202273,0.0007385999100818735,0.00025845884094649694,0.020830859492605117,0.36647309708161513,63,0.06402439024390244,1,0,2,0,1
abcdefghijklanaaa,Tier 3 - Regular User,0.05644490251225285,0.0009937718,0.13962159853896255,0.0011637277302933113,0.00013233092656460643,0.0001861286993073693,0.334475267863869,50,0.05081300813008131,1,1,4,0,1
nggaaa,Tier 3 - Regular User,0.05629903773861993,0.0078707505,0.12894146836109133,0.0006756481382935917,0.00011165421928888668,0.020000775010226124,0.35296637894923516,61,0.06199186991869919,1,0,0,0,1
tem - tem★★★,Tier 3 - Regular User,0.055965084923651404,0.0025385113,0.13610494524761185,0.0011258610415698718,0.0002605265116740689,0.0001869500239764381,0.3388222388541575,50,0.05081300813008131,1,0,4,0,1
ataapppp,Tier 3 - Regular User,0.055907891247451255,0.047822304,0.06803626921966659,0.0006682722044692095,0.0008911660835835214,1.1619526160378712e-07,0.23282996815331589,10,0.010162601626016262,1,0,3,0,1
hi_ndraa,Tier 3 - Regular User,0.055801227433186974,0.00053868035,0.1386950480240607,0.0008249678870379841,0.0012881588632773406,0.013658122719635455,0.37844258130081304,58,0.05894308943089432,1,0,0,0,1
b4ng_zam,Tier 3 - Regular User,0.055579385698592804,0.00058813626,0.13806625984273047,0.0008159204086836728,0.0008518803397596539,0.014149629877285255,0.38059107932928476,62,0.06300813008130082,1,0,21,0,1
enan_25,Tier 3 - Regular User,0.05545067043209262,0.00053609617,0.13782253178774378,0.0008249678801272441,0.0011392865708921584,0.013658122766396451,0.37844258130081304,58,0.05894308943089432,1,0,0,0,1
kii,Tier 3 - Regular User,0.05457933421979751,0.00029405585,0.13600725175579076,0.0007920730117153599,0.000667857645005748,0.015268320737611071,0.3766202253715956,61,0.06199186991869919,1,1,21,0,1
fwarelll123,Tier 3 - Regular User,0.053994158349371116,0.006865195,0.12468760267691353,0.0005817811913581365,1.0338353637859878e-05,0.0206598713762365,0.3405433968164065,54,0.05487804878048781,2,0,2,0,1
diditarifin,Tier 3 - Regular User,0.05398064451031651,0.009018882,0.1214232870778135,0.0007029482949189013,0.0005417297306238575,0.014095292535141003,0.37081691095456987,58,0.05894308943089432,1,0,0,0,1
ristiana08,Tier 3 - Regular User,0.05383038984287254,0.0167333,0.10947602329896072,0.0009082813645649329,0.0008757077833821499,5.699429037697111e-05,0.303733851658905,39,0.03963414634146342,1,0,1,0,1
devannn,Tier 3 - Regular User,0.053466824102253,0.004812157,0.12644882485047051,0.001045236225700844,0.0003949251089662473,2.6678053260630795e-06,0.27362612292303684,48,0.04878048780487805,1,1,3,0,1
syaqella,Tier 3 - Regular User,0.05338389872689171,0.016555049,0.10862717356356788,0.0009082814206273389,0.0007308723719412749,5.699429550280103e-05,0.303733851658905,39,0.03963414634146342,1,0,1,0,1
-jaa,Tier 3 - Regular User,0.053289215046075034,0.0034909402,0.12798662696290028,0.0007405032056560024,0.000843609656849366,0.014882086895925122,0.36209012408411123,56,0.05691056910569106,1,1,2,0,1
about you,Tier 3 - Regular User,0.053283139275758076,0.0013581301,0.13117065296251912,0.0006892320349359117,0.0004073311333316792,0.01897244800490408,0.36476393378391614,63,0.06402439024390244,1,0,2,0,1
✧-ta_kepkat,Tier 3 - Regular User,0.05318752923292273,0.014078068,0.11185172165886445,0.0009555915288082112,0.00019642871911933766,7.341880124306065e-05,0.30852649626101786,41,0.04166666666666667,1,0,1,0,1
ewong...,Tier 3 - Regular User,0.05307481752291008,0.00017723031,0.13242119834223792,0.0007146901148065254,0.0018650389962699219,0.011710432301685635,0.3813643241064674,53,0.05386178861788619,2,0,2,0,1
ivx.ixxi_vii~,Tier 3 - Regular User,0.05292961973929048,0.00061701663,0.13139852432939728,0.0006308385574877345,0.00045695523079340657,0.01942711538680376,0.34773530997629354,56,0.05691056910569106,2,0,2,0,1
07dec,Tier 3 - Regular User,0.05255821337423157,0.0040862784,0.12526611540147242,0.0010414932006691953,0.0006409779255473123,0.00014101775356332357,0.3430327491323159,43,0.04369918699186992,1,0,4,0,1
d forr,Tier 3 - Regular User,0.05254436900483442,0.0008872164,0.13003009776859537,0.0010922209214765035,4.962409746172741e-05,0.00015870075787949037,0.3343561103049577,48,0.04878048780487805,1,0,4,0,1
maypen🍉,Tier 3 - Regular User,0.05189345177194071,0.003984183,0.1237573545874554,0.001021193801341345,0.0008663540348526577,0.00011777855816018788,0.33857777836436376,42,0.042682926829268296,1,0,4,0,1
ndaru,Tier 3 - Regular User,0.05186303311511029,0.0022000093,0.12635756871940318,0.0010198086324744796,0.0010813917905201432,0.00012333693688090027,0.34091449387069245,45,0.04573170731707318,1,0,4,0,1
martati,Tier 3 - Regular User,0.0518550825312075,0.014224553,0.10830087564124091,0.000671522362265888,0.00023157912148806124,0.010908894827868453,0.372879460320229,55,0.05589430894308944,1,0,0,0,1
glowupbareng.id,Tier 3 - Regular User,0.05140436143693683,0.009920229,0.11363055862219029,0.0009424404649523333,0.0008766923884905176,0.00020788523286092918,0.3502005976216479,39,0.03963414634146342,1,0,4,0,1
zarr★,Tier 3 - Regular User,0.051397410126381195,0.0017283666,0.12590097530739525,0.000575830614063244,0.0001343985972921784,0.013273161219813036,0.3504621365295057,49,0.04979674796747968,4,0,2,0,1
sopo iki?,Tier 3 - Regular User,0.051176586744559674,0.05147425,0.050730089650484096,0.0004816408993446078,0.0008518803397596539,3.6778417240176644e-06,0.2876302793827816,18,0.01829268292682927,1,380,3,0,1
khaa : akun business 🪐 💵,Tier 3 - Regular User,0.050981902636948156,0.00088228215,0.12613133324400316,0.0010717829439138708,3.721807309629556e-05,0.0001401941844235324,0.3265614480257537,45,0.04573170731707318,1,1,4,0,1
xy_don🚀,Tier 3 - Regular User,0.05097331882718336,0.00091006304,0.12606820241858577,0.001072851958331655,1.2406024365431852e-05,0.00012077629221302198,0.329774280262128,45,0.04573170731707318,1,0,4,0,1
ramadani🌀,Tier 3 - Regular User,0.050818775920537754,0.0047470336,0.11992638907480399,0.0009591291466721904,0.0014825199116691064,0.00014359495942583485,0.334475267863869,41,0.04166666666666667,1,0,4,0,1
say,Tier 3 - Regular User,0.05072064676009311,0.021317028,0.09482607423943017,0.0006760171830694646,0.0038169201630978665,0.001436189254337371,0.3512491024049462,22,0.022357723577235776,1,0,1,1,2
𝖇𝖎𝖎𝖑𝖆,Tier 3 - Regular User,0.050466491341926545,0.002765399,0.12201812983108781,0.0006822943658567021,0.00013646626801975037,0.012924061647985654,0.3646222228539302,55,0.05589430894308944,2,0,0,0,1
$##$,Tier 3 - Regular User,0.05028984093409353,0.025845183,0.0869568263488902,0.0006351056666919643,0.00048590262097941424,0.005673160538151488,0.37466570923194265,38,0.03861788617886179,1,0,1,0,1
s. g. t.,Tier 3 - Regular User,0.05023726857740156,0.034642752,0.07362904119090419,0.0006957501021294533,4.135341455143951e-05,2.520092638327034e-05,0.2838891716957097,25,0.025406504065040653,1,0,1,0,1
nayzz🚀,Tier 3 - Regular User,0.049769262294627595,0.017576844,0.09805788862371784,0.0007907866076584484,0.002557708690006534,2.5097064566754033e-06,0.2777560229730738,23,0.0233739837398374,1,0,3,1,2
m6uladi.,Tier 3 - Regular User,0.04950859485920789,0.0006921016,0.12273333467089781,0.0009394829544610028,0.004220115954974402,7.689373584415794e-05,0.3287347116028078,19,0.019308943089430895,1,18,4,1,2
danzooo,Tier 3 - Regular User,0.049226234765511995,0.011691703,0.10552803079079151,0.0008833942438277523,0.0006140982060888767,4.3555343405675024e-06,0.29402807068484216,40,0.04065040650406505,1,1,3,0,1
bee,Tier 3 - Regular User,0.0487171640219833,0.06589278,0.02295374068681039,0.00032341807740742716,0.0,7.262117429380489e-06,0.26304304978307635,8,0.008130081300813009,1,0,1,0,1
ultrambuttttt,Tier 3 - Regular User,0.04851436660858449,0.005352123,0.11325773140999071,0.0009504485250964821,0.0003990604504213913,0.00022738487847701232,0.33736074824802886,42,0.042682926829268296,1,0,4,0,1
tika kartika,Tier 3 - Regular User,0.048047799363755354,0.0010196549,0.11859001601237038,0.0007151447087473516,0.00118270765617117,0.011308079278537332,0.3748153361126263,53,0.05386178861788619,1,0,2,0,1
bagasmorgan,Tier 3 - Regular User,0.04777379347045539,0.000106823885,0.11927424784456626,0.00062272809681763,0.00017781968257118988,0.018930601073177473,0.35550666728258196,57,0.057926829268292686,1,0,2,0,1
a,Tier 3 - Regular User,0.04732660813655712,0.0013124639,0.1163478244719563,0.0005723068205988773,0.00014887229238518223,0.01756125564906565,0.3524362003852859,50,0.05081300813008131,2,1,2,0,1
𝙢𝙖𝙖𝙖𝙖𝙖𝙖𝙨𝙨𝙨𝙠𝙖𝙣𝙣𝙣,Tier 3 - Regular User,0.04722330438135798,0.0027313149,0.11396128854655313,0.0009173176777112816,0.0016996253380641639,0.00011928639707328363,0.3414105498821449,36,0.03658536585365854,1,0,4,0,1
▪️,Tier 3 - Regular User,0.04713579993388576,0.018966146,0.08939027971753286,0.0006399291156798318,0.0002109024142123415,0.005942762461549585,0.36504768635784374,44,0.04471544715447155,1,0,0,0,1
arz👾🪄,Tier 3 - Regular User,0.046736360696226775,0.002702141,0.11278769014423816,0.00048536159544193986,0.009037788750217105,0.002575679597954529,0.36028314841689685,17,0.017276422764227643,2,0,21,1,2
apa coba,Tier 3 - Regular User,0.04671317801195453,0.012183277,0.09850802939243788,0.0006605533531848598,0.0005320806005618551,0.009189542992487872,0.3582204586358841,41,0.04166666666666667,1,0,0,0,1
ininaufal,Tier 3 - Regular User,0.04574472593650767,0.0022354948,0.111008572486336,0.0007768542748169145,0.0011868429976263138,0.005673463311305774,0.3925293189569286,46,0.0467479674796748,1,0,1,0,1
jarot bae,Tier 3 - Regular User,0.04570132765070612,0.0039755236,0.10829003332390176,0.0008893508832367657,0.001170301631805738,0.00016463845202087734,0.3463238382383824,37,0.037601626016260166,1,0,4,0,1
rio,Tier 3 - Regular User,0.04552679470673257,0.011835205,0.09606417754963173,0.0006605533546312544,0.0001151003371681733,0.00918954269632752,0.3582204586358841,41,0.04166666666666667,1,0,0,0,1
vann 🌳,Tier 3 - Regular User,0.045443509415710404,0.0018549461,0.11082635421535479,0.0009229450214327058,0.000419737157697111,3.2142841827098317e-06,0.27999331790752274,44,0.04471544715447155,1,0,3,0,1
nayor,Tier 3 - Regular User,0.04517307501970538,0.0022631353,0.10953798445953822,0.0008024375688009393,0.0015528207164065535,0.0007739276356641732,0.36028314841689685,34,0.034552845528455285,2,0,4,0,1
𝔅𝔩𝔲𝔢𝔢𝔅𝔬𝔬𝔰𝔱 💨💫,Tier 3 - Regular User,0.04510115062163943,0.009184415,0.09897625244450255,0.0008653125750002076,0.00013646626801975037,0.00013966422493562973,0.3094420051520001,36,0.03658536585365854,1,0,1,0,1
abizz '4ever,Tier 3 - Regular User,0.04451941994251044,0.01202669,0.0932585137721457,0.0007764732448545157,0.0016603395942402963,5.0050581699729296e-05,0.3045222588014329,27,0.027439024390243906,1,1,1,0,1
alll🕷️,Tier 3 - Regular User,0.04404659050903658,0.0010504848,0.10854074890761176,0.0006804615172001942,0.0007795118642946348,0.01039657766197347,0.3690670867581661,49,0.04979674796747968,1,1,0,0,1
namaku atha,Tier 3 - Regular User,0.04388899286621713,0.0010895691,0.10808812848104854,0.0009190580416922028,0.0003928574382386753,0.00017219226084854192,0.3249783939148256,39,0.03963414634146342,1,12,4,0,1
maulll suka suka,Tier 3 - Regular User,0.04335869466945741,0.0038552503,0.10261386085916839,0.0007529363412222324,0.004083649686954651,0.00019314593321952865,0.3440387102734664,22,0.022357723577235776,1,0,1,1,2
andi★_★№,Tier 3 - Regular User,0.04287331977636865,0.0021538036,0.10395259381647534,0.0006362427634423649,0.00012406024365431854,0.01204612696687799,0.3653318807419293,51,0.05182926829268293,1,0,0,0,1
ranji💤,Tier 3 - Regular User,0.042844516862505545,0.005035559,0.09955795291891661,0.0008076084155343843,0.0005458650720790015,0.0017660744252347435,0.3545665287593564,39,0.03963414634146342,1,0,1,0,1
laris manis store,Tier 3 - Regular User,0.04209665211221521,0.0030662783,0.1006422125461125,0.0006698684887345519,0.0004693612551588384,0.00892110045988534,0.3509863880426389,45,0.04573170731707318,1,0,2,0,1
fzryyyy,Tier 3 - Regular User,0.04206981763236204,0.0004845167,0.10444776897474606,0.0008333391107542081,0.0019849638984690966,1.5961363253364032e-06,0.23664589047554624,33,0.03353658536585366,1,0,3,0,1
r.a sbg team,Tier 3 - Regular User,0.041557889668487814,0.004474375,0.0971831614250151,0.0008459808555119133,0.001009023315055124,1.6529208258567763e-06,0.2589069245864873,27,0.027439024390243906,1,0,3,0,1
021pardanaa,Tier 3 - Regular User,0.04126134578761442,0.00049490173,0.10241101182866334,0.000624280634177848,0.00023157912148806124,0.011879646898882476,0.3660443064064026,50,0.05081300813008131,1,1,2,0,1
anak mbarep,Tier 3 - Regular User,0.04075067961282005,0.027256595,0.060991805644494045,0.0006020961163553464,0.00028533856040493263,3.8647597964542546e-06,0.286401465250539,18,0.01829268292682927,1,0,3,0,1
𝐀𝐋𝐄𝐗𝐀𝐍𝐃𝐑𝐈𝐀,Tier 3 - Regular User,0.04057989701973617,0.019585196,0.07207194725913851,0.0006439524083629608,0.001180639985443598,6.650751246606209e-05,0.30691223074755275,20,0.020325203252032523,1,0,1,0,1
maa....,Tier 3 - Regular User,0.04051959292733237,0.0006703249,0.10029349496187957,0.0008807750566221283,7.030080473744716e-05,0.00012015704991157057,0.3241926085063959,36,0.03658536585365854,1,0,4,0,1
mynnn,Tier 3 - Regular User,0.040472149401286586,0.0008885031,0.09984761873920905,0.0006921595812195553,0.00044454920642797473,0.0068127860154066355,0.3606985402098448,47,0.047764227642276426,1,0,0,0,1
mohammadriski077,Tier 3 - Regular User,0.04042977701976325,0.018481255,0.07335255975163045,0.0006402049925122379,0.0013171062534633484,2.2460463724499953e-05,0.30541412353596364,22,0.022357723577235776,1,1,3,0,1
ngọc,Tier 3 - Regular User,0.04019445004316493,0.0068274583,0.0902449376974832,0.0007401678269231252,0.001931204459552225,4.372710569528382e-05,0.3055135421959688,26,0.026422764227642278,1,0,1,0,1
𝓓,Tier 3 - Regular User,0.04019014486709719,0.0005896608,0.09959087100327288,0.0010339657757328223,0.0,1.1678754170470635e-23,0.0010162601626016261,1,0.0010162601626016261,1,9733,5,0,1
🌹_my kelas 5a_🌹,Tier 3 - Regular User,0.04019014486709719,0.0005896608,0.09959087100327288,0.0010339657757328223,0.0,1.1678754170470635e-23,0.0010162601626016261,1,0.0010162601626016261,1,8,5,0,1
yoo🅰️jahh,Tier 3 - Regular User,0.03989147657171691,0.0011945524,0.09793686273896271,0.0008636787210221032,0.0001013158656510268,6.142414843250254e-05,0.31284586720867213,35,0.03556910569105692,1,0,4,0,1
*_ipul.🐾,Tier 3 - Regular User,0.03987057861893294,0.0026316089,0.0957290331954799,0.0005538475742100793,4.548875600658346e-05,0.014329551289213857,0.34416487041658095,45,0.04573170731707318,1,0,2,0,1
kasnudtone,Tier 3 - Regular User,0.039858907612737936,0.009675811,0.08513355199887583,0.0007784845915383126,0.00013853393874732235,8.673198423123555e-05,0.3147342728457466,28,0.02845528455284553,1,1,1,0,1
gh4ny1,Tier 3 - Regular User,0.03979192556886258,0.0028177556,0.09525318045817023,0.0005525311905515374,6.203012182715927e-05,0.013862760548423812,0.3523039045142704,46,0.0467479674796748,1,0,2,0,1
k  for  kami'el,Tier 3 - Regular User,0.03935806364882494,0.00863961,0.08543574263201417,0.0005789955829618164,0.00010338353637859877,0.008999796309718481,0.3478641963031936,39,0.03963414634146342,1,0,2,0,1
-justdilllzz,Tier 3 - Regular User,0.03909346193801896,0.006843784,0.08746797830751876,0.0007599206926077835,0.0004052634626041072,0.0002842617422745917,0.35296637894923516,33,0.03353658536585366,1,0,4,0,1
631nwcc4,Tier 3 - Regular User,0.03868418646068548,0.0008070512,0.09549988934072323,0.0005205621342521707,5.582710964444334e-05,0.012477767212420403,0.35389803982881457,41,0.04166666666666667,2,0,2,0,1
federico,Tier 3 - Regular User,0.03839404646561423,0.0005097502,0.09522049079877179,0.0007818070816655138,0.0,6.0424396482653196e-05,0.3066114347030436,31,0.03150406504065041,2,1,4,0,1
mnopqrst,Tier 3 - Regular User,0.03824025122701752,9.7542346e-05,0.0954543145443977,0.000705348837192256,0.0024047010561662075,0.0022674856233957197,0.35918010012476703,30,0.030487804878048783,1,0,1,1,2
rezz_brew,Tier 3 - Regular User,0.03823428672689756,0.0017746675,0.09292371546495234,0.0007443303747959858,0.001949813496100373,0.0006074128984020293,0.3515122103468226,28,0.02845528455284553,1,0,1,0,1
jazkyy1233,Tier 3 - Regular User,0.0381377729958528,0.000123599,0.09515903397737405,0.00074020954363098,0.001102068497795863,0.0024899929311668245,0.37362165669825487,36,0.03658536585365854,1,1,1,0,1
wisnu krishna,Tier 3 - Regular User,0.03793152429613539,0.009331821,0.08083107784584334,0.0006931785787782836,0.0011578956074403063,3.887386881121958e-06,0.28397506857065546,27,0.027439024390243906,1,0,3,0,1
mama alzak,Tier 3 - Regular User,0.037889096216513506,0.0021424124,0.09150912177569864,0.0005824233423473667,0.00030601526768065236,0.009776070150714163,0.37406839443045686,45,0.04573170731707318,1,0,0,0,1
hamka resna,Tier 3 - Regular User,0.037820360241892136,0.00039114477,0.09396418342620912,0.0006313788694391833,0.0007050757181020436,0.008289306205005205,0.3676214655801082,40,0.04065040650406505,1,0,21,0,1
ujangkedu,Tier 3 - Regular User,0.03748115241184402,0.0004700377,0.09299782443865062,0.0006846643542942512,0.002088347434847695,0.0031457336135427972,0.38059107932928476,30,0.030487804878048783,1,1,4,0,1
fahmi.zemmy✔️,Tier 3 - Regular User,0.03746584265851203,0.0005003478,0.09291408492449604,0.000626197498019423,0.0012840235218221968,0.00708410237065783,0.344797061581931,37,0.037601626016260166,1,0,2,0,1
inisial.b,Tier 3 - Regular User,0.03729283374784562,0.0008021879,0.09202880250648715,0.0005286964122246825,6.823313400987519e-05,0.009961596018680585,0.35699414287790654,42,0.042682926829268296,2,0,21,0,1
ovl,Tier 3 - Regular User,0.03728620393167683,0.00022358641,0.09288013020183343,0.0008192444071528301,2.8947390186007655e-05,1.761436864591412e-06,0.2377850523501435,36,0.03658536585365854,1,0,3,0,1
🤴🏽,Tier 3 - Regular User,0.037259187215080064,0.014426494,0.07150822701183507,0.0005440990667120898,0.002160715910312714,0.0018261416624860284,0.34079070502034,23,0.0233739837398374,1,0,2,1,2
ig: ryaaa.06_,Tier 3 - Regular User,0.037218346408361094,0.00022359152,0.09271047871740881,0.0008192444454374916,0.0,1.7614369046305949e-06,0.2377850523501435,36,0.03658536585365854,1,0,3,0,1
agung,Tier 3 - Regular User,0.03702441613072012,0.034635957,0.040607103399779736,0.0003232670839762783,0.0002460528165810651,0.0018715677992401259,0.3571299853980275,15,0.015243902439024392,2,0,21,0,1
mei meido x kakure meme,Tier 3 - Regular User,0.03679403835219153,0.00893057,0.07858923951305469,0.0006313235061469013,0.0007443614619259112,2.6979801739709937e-05,0.3161123616119961,23,0.0233739837398374,2,0,3,0,1
hamzzstecu,Tier 3 - Regular User,0.03673868982464195,0.00021750834,0.0915204620365549,0.0005545317737262554,0.00029774458477036447,0.011403091331430045,0.3525685956521474,45,0.04573170731707318,1,0,2,0,1
fery ps,Tier 3 - Regular User,0.03671172500747247,0.02860817,0.048867055614734776,0.00048038649876810594,0.00046522591370369446,0.00028013136136575067,0.32827478196083115,18,0.01829268292682927,1,0,1,0,1
notzstrongboyss,Tier 3 - Regular User,0.03646951694680499,0.0009609016,0.08973243986107711,0.0006622406364552647,0.0007443614619259112,0.005262615721949637,0.35363134951997605,36,0.03658536585365854,1,0,2,0,1
user1233833380586,Tier 3 - Regular User,0.03620688786010682,0.00039332017,0.08992723938665481,0.0005560606265340689,0.0008022562422979265,0.010010841218766473,0.36993992969098,41,0.04166666666666667,1,0,2,0,1
dennbaee,Tier 3 - Regular User,0.03592639550075601,0.00604433,0.08074949305673865,0.0004996767191628908,0.00014266928020246632,0.00768552504816041,0.3630706389268922,34,0.034552845528455285,2,0,21,0,1
leo,Tier 3 - Regular User,0.03572368965945257,0.00016021535,0.08906890110581425,0.0004859830242075951,6.823313400987519e-05,0.011406655862120184,0.3426570287061031,40,0.04065040650406505,2,0,2,0,1
p!n,Tier 3 - Regular User,0.035447953732327966,0.0068006106,0.07841896847267038,0.0006662120589166582,0.001687219313698732,4.614214784921401e-06,0.2904789853376714,22,0.022357723577235776,1,0,3,0,1
yogszz⚡,Tier 3 - Regular User,0.03523726882660493,0.0047241137,0.08100700111281386,0.0005639324224302631,0.0006885343522814679,0.005872469109001416,0.372879460320229,39,0.03963414634146342,1,0,0,0,1
pangeran kodok,Tier 3 - Regular User,0.03523665085691357,0.0037819454,0.08241870850965739,0.0006070076462248817,0.0031697392253678385,7.787113404536648e-06,0.29719366739265873,26,0.026422764227642278,1,1,3,1,2
wahyu,Tier 3 - Regular User,0.035083031058575395,0.0058357213,0.07895399527690232,0.0006701524618884,0.001672745618605728,2.3508703535414397e-06,0.25524547229426603,4,0.0040650406504065045,2,0,3,0,1
selialls,Tier 3 - Regular User,0.034936352127416824,0.00020240003,0.08703728027324266,0.0006685941509626465,0.000922181144497101,0.00350413748004153,0.36877705368409286,34,0.034552845528455285,1,0,1,0,1
່ ‍ a,Tier 3 - Regular User,0.034874313100819614,0.00048822231,0.0864534492508302,0.000572513400041414,0.00043627852351768684,0.00864567754098135,0.36490575490902655,40,0.04065040650406505,1,0,2,0,1
userr4532552,Tier 3 - Regular User,0.034681165734742406,0.0012739132,0.08479204443159655,0.0005946927805692496,0.0007050757181020436,0.006235376898791446,0.3812094238935891,38,0.03861788617886179,1,0,0,0,1
ig :_17rrif★,Tier 3 - Regular User,0.03434949010630339,0.0011697955,0.08411903189893849,0.0006914376076016502,0.00028085860716185995,0.0023718155868032616,0.3491583339382501,35,0.03556910569105692,1,0,1,0,1
mbuhsapa🤥,Tier 3 - Regular User,0.03392442969532348,0.0011696095,0.08305665997722278,0.0006914375776042867,9.959280671138346e-05,0.0023718155513828285,0.3491583339382501,35,0.03556910569105692,1,0,1,0,1
duta oghe,Tier 3 - Regular User,0.03380336061334133,0.024618035,0.04758134736283421,0.0005169251212867488,0.00014266928020246632,3.525649511089174e-06,0.27833262207177234,12,0.012195121951219513,1,0,3,0,1
𝙎𝘽𝙎 001_𝙨𝙠𝙖𝙮 𝙮𝙚𝙡𝙤𝙬,Tier 3 - Regular User,0.033762982842877653,0.0005283807,0.08361488602564707,0.0007590169186834279,1.2406024365431852e-05,5.14211555564679e-05,0.3060116079641397,31,0.03150406504065041,1,0,4,0,1
masrianto manalu,Tier 3 - Regular User,0.033727580696243126,0.0015247602,0.0820318113625778,0.000489930328523639,4.7556426734155435e-05,0.012787615675711626,0.3386999644987428,38,0.03861788617886179,1,0,0,0,1
mulyati,Tier 3 - Regular User,0.03339136701040588,0.007195689,0.07268488365133907,0.0006134973825794136,0.001501128948217254,0.00041345396438824714,0.34328368750037175,23,0.0233739837398374,1,0,1,0,1
xspeedx,Tier 3 - Regular User,0.03325090717505587,0.005091884,0.07548944144462974,0.0004949450822581381,5.1691768189299386e-05,0.005807901702219473,0.35389803982881457,33,0.03353658536585366,2,1,0,0,1
🄱🄰🅈🅄🄸🄽🄳🄰🄷🄾🄵🄵🅂🄴🅃,Tier 3 - Regular User,0.03311236783814189,0.0054334328,0.07463077022574238,0.0006821005797946959,0.0001447369509300383,2.176557764192669e-06,0.2749084949109597,29,0.02947154471544716,1,0,3,0,1
indomaret 24 jam,Tier 3 - Regular User,0.03308763573110198,0.0001289337,0.0825256887718826,0.0007383297995963059,7.236847546501914e-05,1.5752028065273782e-06,0.23522245654787377,33,0.03353658536585366,1,0,3,0,1
x4ngee🕊️,Tier 3 - Regular User,0.032998416060224474,0.015970297,0.058540593482591954,0.0005250898476353923,0.0006451132670024564,0.0010917356447440552,0.3530991729217518,22,0.022357723577235776,1,0,1,0,1
kitekle_,Tier 3 - Regular User,0.03294593213044878,0.017855067,0.055582228254359864,0.00037325769249815257,0.00028120321894978864,0.0016413442621455079,0.36747752608692885,16,0.016260162601626018,3,0,4,0,1
fkhri,Tier 3 - Regular User,0.032900642602587134,0.0033723596,0.0771930668243999,0.0006242567570362949,7.857148764773506e-05,0.003805858667041398,0.360006751678564,33,0.03353658536585366,1,1,1,0,1
ba,Tier 3 - Regular User,0.03262473630715011,0.0108314175,0.06531471356274184,0.0005975084789999483,0.000922181144497101,6.359762591233567e-05,0.30862795186649666,20,0.020325203252032523,1,0,1,0,1
budi_24,Tier 3 - Regular User,0.032510888082611634,8.138743e-05,0.0811551390601282,0.0005531840442999233,0.0007939855593876385,0.007757216315684783,0.3509863880426389,33,0.03353658536585366,1,0,0,0,1
zouheir.yaz_ze,Tier 3 - Regular User,0.03248570311917968,0.0019455662,0.0782959084518032,0.0006921524685776898,0.00040939880405925115,0.00024869752732351817,0.3257679977875794,30,0.030487804878048783,1,0,4,0,1
fitrii💅🏻,Tier 3 - Regular User,0.032212705466856034,0.023254488,0.045650031240556305,0.0005208412530804224,0.0001612783167506141,1.2866984536424264e-07,0.23960622967220227,7,0.007113821138211383,1,0,3,0,1
satriaaa,Tier 3 - Regular User,0.032062384609698485,0.00096103566,0.0787144079108424,0.0006832745793406575,0.0012416362719069713,1.0441138235233985e-06,0.2576984079148864,24,0.024390243902439025,1,0,3,0,1
yhahaha,Tier 3 - Regular User,0.031576319572645485,7.094142e-05,0.07883438679640359,0.0005365020073158429,8.063915837530705e-05,0.00839984482278795,0.3705241222368797,38,0.03861788617886179,1,1,2,0,1
@leopurnomo,Tier 3 - Regular User,0.0313754803731076,0.0025048999,0.07468135101882917,0.0006414890581513783,0.002026317313020536,2.1312096681302164e-05,0.3033411769961268,16,0.016260162601626018,1,0,4,0,1
penjahat mu,Tier 3 - Regular User,0.031200953471128362,0.015101503,0.05535012970359181,0.0004112281546176022,0.0015672944114995574,0.0032459586842505882,0.35389803982881457,22,0.022357723577235776,1,0,0,0,1
fanzz++,Tier 3 - Regular User,0.03102494504884227,0.00044873566,0.07688925912660469,0.0005245317403699562,0.0018671066669974938,0.004541179999160663,0.3833895431478825,31,0.03150406504065041,1,0,4,0,1
ateng in here,Tier 3 - Regular User,0.031018478743140145,0.00095814344,0.07610898160693358,0.0006832745977182269,0.0007970870654789965,1.0441138579471127e-06,0.2576984079148864,24,0.024390243902439025,1,0,3,0,1
srylee,Tier 3 - Regular User,0.030875594949259247,0.005111944,0.06952107101190558,0.00044427325956870016,0.00041560181624196706,0.00946243180964283,0.35794721648589484,32,0.032520325203252036,1,1,2,0,1
official store🛒🛍️,Tier 3 - Regular User,0.030868112515719345,0.03387267,0.026361270425994225,0.0003433176990763464,0.00019849638984690963,7.476641087550368e-06,0.29366007560263335,8,0.008130081300813009,1,0,1,0,1
adipati rujak belink,Tier 3 - Regular User,0.0308551387350864,0.003282376,0.07221428257223386,0.0005339566003998912,0.0014928582653069662,0.0032444332304442385,0.34825142917477414,29,0.02947154471544716,1,0,2,0,1
kmu gpp zaa?,Tier 3 - Regular User,0.03075156435828579,0.00047172222,0.07617132751019479,0.0007055671376117612,2.4812048730863704e-05,4.9153399227270256e-05,0.3016835749360387,28,0.02845528455284553,1,1,4,0,1
dafz second trifth19,Tier 3 - Regular User,0.030678878093345182,0.0008830737,0.07537258459423225,0.0006272159276992623,0.00019849638984690963,1.9315620107255844e-06,0.2717248412350945,24,0.024390243902439025,2,0,3,0,1
nick!!!,Tier 3 - Regular User,0.0305058651015767,0.0010484544,0.07469198110481935,0.0006160417854360644,3.1015060913579635e-05,0.0028964920749138413,0.34928827749386543,34,0.034552845528455285,1,0,1,0,1
nycxstore,Tier 3 - Regular User,0.030140744046093727,0.00021633705,0.07502735451566944,0.000527688467418934,0.000756767486291343,1.5006258324359947e-06,0.27386565556638937,21,0.021341463414634148,3,0,3,0,1
anak ayam.,Tier 3 - Regular User,0.030044428742932595,0.0023794046,0.0715419649367092,0.00046449995011383727,3.308273164115161e-05,0.010217429859869448,0.3463238382383824,33,0.03353658536585366,1,0,0,0,1
anjanikusuma,Tier 3 - Regular User,0.029979835200060284,0.0062281657,0.06560733933218786,0.00046662008330055656,1.2406024365431852e-05,0.0071445748491917455,0.3504621365295057,33,0.03353658536585366,1,0,0,0,1
pasarrumah.id,Tier 3 - Regular User,0.02947830305947984,0.018050643,0.04661979362254651,0.0004807256406284384,0.0,1.4091999863770484e-06,0.2609948836557331,20,0.020325203252032523,1,0,3,0,1
lekngasu,Tier 3 - Regular User,0.029263495682668922,4.6733592e-05,0.07308863881568699,0.0006326231266906466,0.0009697375712312564,0.0008534301531579878,0.34517749232291883,24,0.024390243902439025,1,0,1,0,1
pitawidiono,Tier 3 - Regular User,0.02917085062239258,0.004724146,0.06584090728992444,0.0006335219800240063,2.0676707275719754e-06,1.6461022012315304e-06,0.2586928339652746,24,0.024390243902439025,1,0,3,0,1
ynnnz,Tier 3 - Regular User,0.02909954250148343,0.002579289,0.06887992254483592,0.0006407435852329758,0.00023364679221563321,0.0001907430547522102,0.32896516005117993,25,0.025406504065040653,1,0,4,0,1
slowhand,Tier 3 - Regular User,0.028979501052717238,0.004296621,0.06600382113585837,0.0005484057699728778,0.0017761291549843268,0.0009347183030314184,0.34530448919279483,19,0.019308943089430895,1,0,1,0,1
🅰️★,Tier 3 - Regular User,0.028977077937604786,0.020939328,0.04103370131671876,0.00021634907303466096,2.0676707275719754e-06,0.0017144435210507093,0.31621886847237746,7,0.007113821138211383,4,0,2,0,1
👾🤖🤖,Tier 3 - Regular User,0.028797643659529255,0.010042371,0.05693055207348656,0.0004465086100658469,0.0020904151055752673,0.00038074301877038554,0.30432477354929194,4,0.0040650406504065045,2,0,21,0,1
👻,Tier 3 - Regular User,0.028522678321618075,0.0012744828,0.06939497155584266,0.000618117994511221,0.0005686094500822932,0.0004994023088142415,0.33246107035990663,26,0.026422764227642278,1,1,1,0,1
angga.f,Tier 3 - Regular User,0.028197558448339988,0.00027136202,0.07008685307674387,0.0005818853947675779,0.0016210538504164288,0.0005472197256651686,0.35296637894923516,23,0.0233739837398374,1,0,4,0,1
nabati,Tier 3 - Regular User,0.02700386667276662,0.0032730557,0.06260008273243262,0.0004873921771462106,5.375943891687136e-05,0.005310988294409657,0.3533650608531688,29,0.02947154471544716,1,0,2,0,1
lianaa,Tier 3 - Regular User,0.026659511974367243,0.009605877,0.05223996358529414,0.0005173902911815695,0.0,1.8923866652820678e-06,0.270005063758923,23,0.0233739837398374,1,1,3,0,1
nopallanakbaik,Tier 3 - Regular User,0.02626338026132491,0.00049488834,0.06491611809458259,0.000584698196857918,0.0021276331786715627,2.3718251973165944e-05,0.30275406504065044,8,0.008130081300813009,1,0,1,1,2
shenaseviana,Tier 3 - Regular User,0.02625805262572878,0.002088867,0.06251183122172488,0.0006345961170068994,0.00025845884094649694,4.481252362024514e-07,0.23254152666650552,14,0.014227642276422765,1,0,3,0,1
someone,Tier 3 - Regular User,0.02620214412740951,0.00017224278,0.06524699613862456,0.0005942639324062946,0.0019849638984690966,6.863353428944003e-05,0.30852649626101786,8,0.008130081300813009,1,0,4,0,1
balbol,Tier 3 - Regular User,0.026086012777466444,0.0033823268,0.06014154162389255,0.0004305055575944854,0.0014845875823966783,0.0012110117320202566,0.3700858050575774,18,0.01829268292682927,2,0,4,0,1
zainvick_,Tier 3 - Regular User,0.02607348191500021,3.5716723e-05,0.06513012970151516,0.0005739310542388584,0.00018815803620904977,0.0017443374249995246,0.3605599698909014,27,0.027439024390243906,1,0,1,0,1
ig: nan_sgaa,Tier 3 - Regular User,0.025338955342425258,0.00014089976,0.06313603870397257,0.0004896347737499518,0.001335715290011496,0.0028968796569651613,0.3605599698909014,24,0.024390243902439025,1,0,1,0,1
zi yan,Tier 3 - Regular User,0.02508907658915256,0.0028737548,0.05841205911550756,0.0006073211438931254,0.000928384156679817,3.2275227444526727e-07,0.25379599827637,4,0.0040650406504065045,1,0,3,0,1
nitalifa,Tier 3 - Regular User,0.024673604402915456,0.00023937556,0.06132494766495859,0.000499772070469522,0.00034943635295966384,0.0035777871378309496,0.37037790119416586,27,0.027439024390243906,1,0,0,0,1
adi er,Tier 3 - Regular User,0.024614205633612787,5.8924044e-05,0.061447128015576676,0.0005209187896074723,0.00048383495025184226,0.002783374628015964,0.360006751678564,24,0.024390243902439025,1,0,21,0,1
ristiani14,Tier 3 - Regular User,0.024307366290611036,0.0029149335,0.056396015436660514,0.0005041544985839396,0.0009511285346831087,0.0010448247864225854,0.34863952512110563,19,0.019308943089430895,1,0,1,0,1
fz,Tier 3 - Regular User,0.02407710238814698,0.01324916,0.04031901442185904,0.00045077059323251093,8.270682910287902e-06,6.896878569831906e-07,0.2657993774075379,14,0.014227642276422765,1,1,3,0,1
🎮,Tier 3 - Regular User,0.02294935988638623,0.00049058476,0.05663752253235035,0.00038699617332263936,3.515040236872358e-05,0.008589012366388652,0.3256549623962583,27,0.027439024390243906,1,0,2,0,1
bilzzzz  youre,Tier 3 - Regular User,0.022737172211213755,0.00018647949,0.05656321128520828,0.00041472114701301645,0.0016417305576921484,0.003691732918556953,0.37646915428239724,21,0.021341463414634148,1,0,1,0,1
sri wahyuningsih,Tier 3 - Regular User,0.022546033222603363,0.0023404541,0.052854401784489705,0.00040770885807497756,7.236847546501914e-05,0.00537187746395477,0.3405433968164065,27,0.027439024390243906,1,0,0,0,1
wirr tzy,Tier 3 - Regular User,0.022538453638040405,0.010329917,0.04085125825239564,0.0004050571477027544,0.0009345871688625329,0.0001314793268303142,0.3316387284897584,14,0.014227642276422765,1,0,4,0,1
𝑛𝑜𝑒𝑟𝑒𝑎𝑙_𝑎𝑧🍃,Tier 3 - Regular User,0.021982297178282525,0.00041317212,0.05433598473416439,0.0005727382466919438,0.00013026325583703446,2.341180791365538e-05,0.2976649545277565,13,0.013211382113821139,1,0,1,0,1
iqqq⚡⚡,Tier 3 - Regular User,0.021936103813034295,0.000104129685,0.054684065004341066,0.000445749358803139,8.684217055802297e-05,0.005588122580059706,0.3272446309714143,21,0.021341463414634148,1,1,21,0,1
sam🍎🍎,Tier 3 - Regular User,0.021796871766169606,0.0059662075,0.04554286796530023,0.0004985631439730698,0.00014266928020246632,1.9720719568929697e-05,0.295975276450967,12,0.012195121951219513,1,0,4,0,1
rofikkk !!,Tier 3 - Regular User,0.02117909873148512,0.0011638236,0.05120201132986908,0.0004300514123316283,0.0004921056331621302,0.0009082668591718835,0.36125388823172294,13,0.013211382113821139,2,1,1,0,1
𝕄 𝕒 𝕤  𝕋𝕒𝕜𝕪𝕦𝕟,Tier 3 - Regular User,0.02113658622809573,0.0011633273,0.05109647469289784,0.0005038391031237325,0.0009056397786765252,1.5675304131397338e-05,0.2921972607802043,13,0.013211382113821139,1,0,1,0,1
tito cans,Tier 3 - Regular User,0.02112355356325471,0.0023558897,0.04927504937483652,0.00029939578700722115,0.00019642871911933766,0.003171001386649839,0.3503313182627907,15,0.015243902439024392,3,1,0,0,1
rndra,Tier 3 - Regular User,0.021050305715052668,0.0039279526,0.04673383525628195,0.0004013951799942052,0.0003928574382386753,0.003431617459335677,0.36139299253985996,20,0.020325203252032523,1,0,1,0,1
mas eng69,Tier 3 - Regular User,0.021002371913090265,0.00038230376,0.05193247412834994,0.0004292528014441002,0.0005272560355308537,0.003825012150263614,0.34851006373041826,21,0.021341463414634148,1,0,2,0,1
mswti_,Tier 3 - Regular User,0.02072751407906148,0.006648364,0.041846238948025624,0.00037805305820684076,0.00030808293840822433,0.00018522628144338927,0.33615243611247003,11,0.011178861788617888,2,0,4,0,1
@t4pzy`,Tier 3 - Regular User,0.020715875877646242,0.009832605,0.0370407822789193,0.00036602574598787224,0.00014060160947489432,0.0017884471186947431,0.33736074824802886,18,0.01829268292682927,1,0,0,0,1
👀,Tier 3 - Regular User,0.02022593039033259,0.0002371674,0.050209074867686124,0.0004897938327911426,0.00037631607241809953,0.0006875074824017889,0.3414105498821449,18,0.01829268292682927,1,0,1,0,1
hafiz oji,Tier 3 - Regular User,0.019998410353688767,0.0001764562,0.04973134157107039,0.0004840501407315299,0.0019849638984690966,8.541822966665155e-06,0.2854433094969636,2,0.0020325203252032522,1,0,4,0,1
𝘽𝙚𝙣𝙣𝙣!,Tier 3 - Regular User,0.01987719994839629,7.582446e-05,0.049579263183864505,0.0004903306728610444,0.0014577078629382427,0.00013533015207398084,0.30197477529794603,6,0.006097560975609756,1,1,4,0,1
xxtipoo🀄⚡,Tier 3 - Regular User,0.019576747022337797,8.80379e-05,0.04880981069866173,0.00040564935999116633,0.0004714289258864104,0.0009008294549185203,0.3513806071231809,14,0.014227642276422765,2,0,4,0,1
eno mountainer,Tier 3 - Regular User,0.019482518857668638,0.00046976598,0.04800164815235771,0.0004645397580416325,1.6541365820575803e-05,0.0018316561706883572,0.3168594198602351,19,0.019308943089430895,1,0,2,0,1
reval soso,Tier 3 - Regular User,0.019313936873685697,0.00052300317,0.04750033737479741,0.00046936850394820484,1.0338353637859878e-05,0.0010678391711823163,0.33222569969062526,20,0.020325203252032523,1,0,1,0,1
igoyyy,Tier 3 - Regular User,0.01900037243992859,0.0020432451,0.04443606317585393,0.00042136423512300665,0.0020056406057448162,9.304820602359754e-05,0.31515701867898466,5,0.005081300813008131,1,0,4,0,1
gatau |✌😜,Tier 3 - Regular User,0.018947456092136706,0.00017222963,0.04711029576828768,0.00045360464726722086,0.00035977470659752375,0.0017378004468742879,0.35190761215823635,16,0.016260162601626018,1,0,4,0,1
rara,Tier 3 - Regular User,0.01871797201641193,1.5673757e-05,0.046771419405173896,0.0005007000875931957,8.684217055802297e-05,0.0001845699563836997,0.3145233249416945,14,0.014227642276422765,1,0,1,0,1
wh0,Tier 3 - Regular User,0.018692448960038088,0.000101936246,0.0465782180235039,0.0004400201802934996,0.00040319579187653523,0.0016134323800530914,0.3474778236305132,18,0.01829268292682927,1,1,21,0,1
r2kyy🐬,Tier 3 - Regular User,0.01840238660693565,0.0021108035,0.04283976109298937,0.00047824517543718764,0.00015507530456789815,2.4877036971705898e-05,0.3034392504448808,11,0.011178861788617888,1,3,4,0,1
topexx11,Tier 3 - Regular User,0.018245697949680298,0.0013567479,0.043579122858687265,0.00037095070448772384,8.063915837530705e-05,0.0011430091119738967,0.3274729942868166,15,0.015243902439024392,2,0,2,0,1
arsitek_gen_z,Tier 3 - Regular User,0.018228492058015893,3.868696e-06,0.04556542710102108,0.000443409003531996,0.000419737157697111,0.0016100356080371958,0.34505058883309425,15,0.015243902439024392,1,0,1,0,1
tito🤠,Tier 3 - Regular User,0.01768535539308776,0.0003589095,0.043675024189840275,0.0005038376108251098,0.00040319579187653523,4.964416266212501e-06,0.2568521077246897,4,0.0040650406504065045,1,0,21,0,1
jncktell,Tier 3 - Regular User,0.017610085490819154,0.00022443391,0.0436885628443749,0.00024286920827429424,0.00013853393874732235,0.0011381100367535823,0.34190805159417714,7,0.007113821138211383,4,3,0,0,1
irfan k.,Tier 3 - Regular User,0.017564323337646733,0.0010589759,0.04232234441533352,0.0004359991995856764,0.0007174817424674755,4.415972641150399e-06,0.2928354451251221,13,0.013211382113821139,1,0,3,0,1
wtf.prilz,Tier 3 - Regular User,0.017528165621012167,0.00037504727,0.04325784312160615,0.0003473325838216177,7.030080473744716e-05,0.005470115606054681,0.33340589755808747,21,0.021341463414634148,1,0,2,0,1
oftaxl,Tier 3 - Regular User,0.01751961068826349,0.000296249,0.04335465321185983,0.0003808877307823733,0.00022537610930534532,0.0007835392557519222,0.3424070053360147,12,0.012195121951219513,2,0,0,0,1
danzz💤,Tier 3 - Regular User,0.01731322545473229,0.00277093,0.03912666848415387,0.0004081312646747754,0.0012984972169152007,7.78963891110946e-06,0.2953233485292688,6,0.006097560975609756,1,0,4,0,1
ig : d4agonz🥷🇦🇱,Tier 3 - Regular User,0.01721171391585579,0.0014669878,0.04082880310406251,0.0003142293671275626,0.0020614677153892595,0.00036701531444907094,0.2877184554340945,2,0.0020325203252032522,2,0,3,0,1
rrizal,Tier 3 - Regular User,0.017108262868037936,0.0009266015,0.04138075485219835,0.0004326889138531178,0.0,1.544826894432574e-08,0.21378988647517458,2,0.0020325203252032522,2,0,3,0,1
rizky030313,Tier 3 - Regular User,0.017031246823685273,0.0047736545,0.03541763529520954,0.0003526022789688359,0.001759587789163751,0.00018281046757212963,0.31771753609546927,5,0.005081300813008131,1,1,21,0,1
bidzz😶‍🌫️😶‍🌫️,Tier 3 - Regular User,0.01694157924124317,6.5669345e-05,0.0422554440788994,0.0003570413553906647,1.2406024365431852e-05,0.00508036052923053,0.3325788808029824,19,0.019308943089430895,1,0,2,0,1
@tirtawijaya'87,Tier 3 - Regular User,0.016857395988625602,0.0024882762,0.03841107534644459,0.0003298665485569103,0.0011000008270682909,0.0027046897475411194,0.3412864005912787,14,0.014227642276422765,1,0,2,0,1
alzz219,Tier 3 - Regular User,0.016678663313689192,9.7971424e-05,0.04154970113896129,0.0003544589837870108,0.0003515040236872358,0.004112217092337796,0.3410383726838722,18,0.01829268292682927,1,0,2,0,1
idk,Tier 3 - Regular User,0.01652215087211726,0.00088744384,0.03997421133990953,0.00040910416130719967,3.308273164115161e-05,0.0016343262951474026,0.3363934056007227,16,0.016260162601626018,1,0,21,0,1
akun tidak ditemukan,Tier 3 - Regular User,0.016230885079365837,0.00010062176,0.04042628006086198,0.000325494516514595,7.236847546501914e-05,0.002169060255640523,0.34967868913040845,15,0.015243902439024392,2,0,0,0,1
rndkatsny,Tier 3 - Regular User,0.016100356179797104,0.00016412348,0.04000470520400562,0.00046439823815002686,0.00011372189001645865,3.908984242433274e-06,0.2768547497421877,9,0.009146341463414635,1,0,1,0,1
62€~,Tier 3 - Regular User,0.016002283960223206,0.012611416,0.021088584483638425,0.0002666798102658911,3.308273164115161e-05,0.0014558557706744262,0.31782512754013426,11,0.011178861788617888,1,1,0,0,1
𝖗𝖎𝖟𝖝𝖈𝖔🇦🇱,Tier 3 - Regular User,0.015968359975090374,0.00029147952,0.03948368065977034,0.00040426661382152916,0.0007154140717399035,0.0003859104835615171,0.34416487041658095,13,0.013211382113821139,1,0,1,0,1
🕸️,Tier 3 - Regular User,0.01595314509454401,4.227933e-05,0.0398194437390175,0.0003600694896295164,0.0001095865485613147,0.0005249899701062523,0.33857777836436376,12,0.012195121951219513,2,0,4,0,1
paqihh,Tier 3 - Regular User,0.01593574637530892,0.00034222883,0.03932602268137407,0.0003635534358580396,0.0002191730971226294,2.981024143358134e-07,0.24594800881184914,11,0.011178861788617888,2,0,3,0,1
🚀🚀cool_tg🇮🇩⚽🎉,Tier 3 - Regular User,0.01591393959374257,0.00014381706,0.03956912338945774,0.0004774902113415773,0.0001261279143818905,1.7461604341986768e-06,0.25855030347824143,5,0.005081300813008131,1,0,4,0,1
u,Tier 3 - Regular User,0.01582445184257465,4.6901867e-05,0.039490776803386723,0.00032655869041240207,4.7556426734155435e-05,0.0053171271805759306,0.32318787934780174,19,0.019308943089430895,1,1,0,0,1
ovii ..,Tier 3 - Regular User,0.015794627143858316,0.00014101574,0.039275044239408655,0.00038848347123905506,0.0009366548395901049,0.0005251798406931775,0.3026564339329301,13,0.013211382113821139,1,0,2,0,1
gibr4n😑.,Tier 3 - Regular User,0.015675262303476812,6.8052846e-06,0.039177947831175425,0.00038500243469459527,0.0001757520118436179,0.002436584818248738,0.33918959220311395,15,0.015243902439024392,1,0,2,0,1
citra_fiani,Tier 3 - Regular User,0.015276179999432505,0.0009210957,0.03680880632913433,0.00043346577151114497,0.00014887229238518223,0.0002988249237737878,0.30721361755352417,8,0.008130081300813009,1,0,21,0,1
v,Tier 3 - Regular User,0.015183138277654773,0.0030629567,0.03336341053548561,0.00031065127464719496,0.0001922933776641937,0.0005841187722154985,0.33246107035990663,9,0.009146341463414635,2,0,21,0,1
itsmeee.05,Tier 3 - Regular User,0.015174404977123213,2.0682099e-05,0.03790498929431346,0.00028897072189764425,7.443614619259112e-05,0.0032249900999937776,0.33058739049877295,14,0.014227642276422765,2,1,2,0,1
_4e1pann'🇦🇱,Tier 3 - Regular User,0.015115578386043613,0.0005488955,0.0369656026760243,0.0003847497472325733,0.0,4.612385850801401e-08,0.21720379579403293,4,0.0040650406504065045,2,0,3,0,1
›私hánzxyz‹★,Tier 3 - Regular User,0.015081701665596244,0.0072202696,0.02687384922858595,0.0003615036716026639,1.860903654814778e-05,1.3256718238125141e-05,0.30100628660231443,7,0.007113821138211383,1,0,4,0,1
k        i       a      n    u,Tier 3 - Regular User,0.015033976282738927,0.00047630293,0.03687048627075468,0.00040437462760264616,0.0006843990108263239,0.0001506414089705189,0.31410227631392784,9,0.009146341463414635,1,0,1,0,1
sazz,Tier 3 - Regular User,0.014652991647812233,9.183823e-05,0.03649472176783584,0.00037527693079643045,0.00018402269475390582,0.0018577734937131201,0.35085517817795,14,0.014227642276422765,1,1,21,0,1
losemyself,Tier 3 - Regular User,0.013987146030860487,0.00016546303,0.03471967052139924,0.0003537488855530231,7.030080473744716e-05,0.0020246639891631905,0.34670764744219296,16,0.016260162601626018,1,1,1,0,1
a🫪k44_,Tier 3 - Regular User,0.013894772175634333,0.0013154717,0.03276372274833279,0.0003289205382603828,1.860903654814778e-05,1.975178032918023e-06,0.2713320617594728,8,0.008130081300813009,2,1,3,0,1
esall💤,Tier 3 - Regular User,0.013695148399233066,0.00082727865,0.032996952934524024,0.0004035913162385852,0.000339097999321804,1.0357471659472523e-05,0.29265282245900104,6,0.006097560975609756,1,0,4,0,1
aku rangerti,Tier 3 - Regular User,0.013532404129556015,0.00047664926,0.033116036384423744,0.0003294316745310466,0.00022951145076048927,0.0023801358270505927,0.3552375479280909,15,0.015243902439024392,1,2,2,0,1
persiaa,Tier 3 - Regular User,0.013480136500771699,0.0010656903,0.032101805797097226,0.00030848378961978863,1.6541365820575803e-05,0.0036980755350216688,0.3436607841911447,15,0.015243902439024392,1,0,2,0,1
xybca_fad,Tier 3 - Regular User,0.01347569631639844,0.0023736062,0.0301288312590675,0.00030302714529651455,0.0001095865485613147,0.0001271366662170038,0.3204293621119892,7,0.007113821138211383,2,0,4,0,1
dian030301_ prayogi,Tier 3 - Regular User,0.013465253540871172,3.2687614e-05,0.03361410242891864,0.00029747030073767975,5.582710964444334e-05,0.004476766542562906,0.3314045203481696,17,0.017276422764227643,1,0,0,0,1
cici.nda🩺,Tier 3 - Regular User,0.013386485363303488,0.00060058397,0.03256533744207767,0.0003774464116921629,9.30451827407389e-05,0.0002606758515105872,0.3315215830540503,13,0.013211382113821139,1,2,1,0,1
aldo,Tier 3 - Regular User,0.013260591964184366,0.000483645,0.03242601236664472,0.0003943328062728136,2.0676707275719754e-06,0.0002479966799458741,0.3124292948155847,10,0.010162601626016262,1,0,1,0,1
argapati iskandar,Tier 3 - Regular User,0.0131254301808862,1.8148294e-05,0.0327863530115938,0.00038253117329241435,0.00018919187157283575,0.00029839290334923697,0.3190134607838261,11,0.011178861788617888,1,0,1,0,1
annayully,Tier 3 - Regular User,0.012990603160074624,0.00013998378,0.03226653222174195,0.0003665037380506951,0.000585150815902869,0.0005277867263915263,0.3147342728457466,8,0.008130081300813009,1,0,21,0,1
momon,Tier 3 - Regular User,0.012776413140297411,1.8130198e-05,0.031913837551717464,0.0003825311737916855,4.0319579187653524e-05,0.0002983929201231501,0.3190134607838261,11,0.011178861788617888,1,0,1,0,1
3,Tier 3 - Regular User,0.012726696086594035,0.0006902165,0.03078141546753035,0.00040174656244902927,0.0,1.3320288501770342e-07,0.23611008845937517,6,0.006097560975609756,1,0,3,0,1
luhur budi permana,Tier 3 - Regular User,0.012537068757738818,4.7203616e-06,0.03133559135190135,0.00031233108331071055,2.8947390186007655e-05,0.0001958138643755635,0.3045222588014329,8,0.008130081300813009,2,0,1,0,1
mazz ar31,Tier 3 - Regular User,0.012450436062002758,0.00020701278,0.03081557098324461,0.0003443202007745174,0.0003453010115045199,0.0007693674049403447,0.34091449387069245,12,0.012195121951219513,1,0,1,0,1
fvcksht,Tier 3 - Regular User,0.0123581893327264,0.00012444174,0.030708810712872042,0.0002865199912113773,6.616546328230321e-05,0.0009930729482839924,0.3389446015261886,9,0.009146341463414635,2,40,4,0,1
dani sigma14,Tier 3 - Regular User,0.012342011730875024,3.3284494e-05,0.030805102583701418,0.0003258738111407627,0.00023157912148806124,0.0024097386440483444,0.31441795699364034,11,0.011178861788617888,1,0,2,0,1
ultraman orb,Tier 3 - Regular User,0.012081969862949852,0.008600816,0.01730369953009487,0.00024438211026411426,0.0006843990108263239,0.0006320360181609888,0.3211969889206079,4,0.0040650406504065045,1,0,1,0,1
mbuull🫀,Tier 3 - Regular User,0.011884141402058459,0.00054966257,0.028885859596124306,0.0003937176400721915,0.0,4.8247481377091775e-08,0.21720379579403293,4,0.0040650406504065045,1,0,3,0,1
kriss,Tier 3 - Regular User,0.011884141247584861,0.00054966257,0.02888585920994031,0.0003937176366471644,0.0,4.824748137613018e-08,0.21720379579403293,4,0.0040650406504065045,1,0,3,0,1
🕊️,Tier 3 - Regular User,0.011872718082393282,0.0006943458,0.028640276434311513,0.000366336606438933,0.00022951145076048927,5.861002100660237e-06,0.2824368346752983,7,0.007113821138211383,1,0,4,0,1
nandaa,Tier 3 - Regular User,0.011810442906835356,7.017379e-05,0.029420846579455553,0.0002421850117198522,0.0,0.002822672109838046,0.3265614480257537,10,0.010162601626016262,2,0,2,0,1
oceanblue,Tier 3 - Regular User,0.01166545879858253,0.00053457514,0.028361784225997638,0.00037589416938209075,0.0,2.6954830265147714e-07,0.2420783083894806,7,0.007113821138211383,1,9,3,0,1
szxnoe,Tier 3 - Regular User,0.01139448076086585,1.7528384e-05,0.028459909324378543,0.0002850910266366828,1.0338353637859878e-05,0.003709333571909832,0.3277016765453967,13,0.013211382113821139,1,1,2,0,1
raihan,Tier 3 - Regular User,0.01102581109969582,6.711188e-06,0.02755446096734258,0.00032704760537910894,0.0006947373644641837,0.0005707273511133601,0.30832378502825764,6,0.006097560975609756,1,0,21,0,1
mejikuhibinendy🌱,Tier 3 - Regular User,0.01096959259332516,0.007434718,0.016271904715555365,0.00027197336407647384,9.511285346831087e-05,3.0842999773314504e-05,0.2947668346815378,5,0.005081300813008131,1,0,1,0,1
abcdeskha,Tier 3 - Regular User,0.010957896143536977,0.00094539474,0.025976648216284717,0.000314121423308965,3.308273164115161e-05,0.0014730681291714469,0.32486590572032414,10,0.010162601626016262,1,0,21,0,1
masarrrr,Tier 3 - Regular User,0.010849035114761771,0.0010512633,0.02554569277624682,0.0002744103786877967,0.0,1.5859697779118755e-05,0.2891366610061665,6,0.006097560975609756,2,2,4,0,1
abdullll?,Tier 3 - Regular User,0.010806199351197546,0.0001866145,0.02673557660888757,0.0002960774449496517,0.00025845884094649694,0.001969350481591593,0.34683577295861656,11,0.011178861788617888,1,0,21,0,1
opetporeperr,Tier 3 - Regular User,0.01070252617862765,5.1415438e-05,0.026679192287652174,0.00031355347767376073,3.1015060913579635e-05,0.0016170777562469815,0.32919593182252416,11,0.011178861788617888,1,0,21,0,1
andikaputra,Tier 3 - Regular User,0.010650741344162407,0.0029494518,0.022202675609926587,0.0003204876327951676,1.4473695093003828e-05,1.969119360520321e-06,0.26853722507182154,7,0.007113821138211383,1,1,4,0,1
kdrt57gnk,Tier 3 - Regular User,0.010572087908093013,3.5824964e-05,0.026376482321253013,0.0003419469970590644,0.0,0.00018162731355046555,0.3236336557331091,10,0.010162601626016262,1,0,1,0,1
247,Tier 3 - Regular User,0.010319378236926245,0.0036530818,0.020318822377973913,0.0003032674077270322,2.0676707275719755e-05,1.2850963326278389e-05,0.2912903791514638,7,0.007113821138211383,1,0,4,0,1
wongurip,Tier 3 - Regular User,0.010304878588487242,0.0022434914,0.022396959263600493,0.00032542569136330933,2.0676707275719754e-06,0.00010617926936545307,0.3146287635353725,6,0.006097560975609756,1,0,4,0,1
🀄penjahatmu🀄,Tier 3 - Regular User,0.009801839834987253,6.7699715e-05,0.024403050011111354,0.00030537803718586276,0.00017368434111604593,0.0007563002186286814,0.33210813928733773,10,0.010162601626016262,1,0,2,0,1
nabi sulaiman,Tier 3 - Regular User,0.009664189355513159,0.0021803458,0.020889954597386726,0.00027637882415549025,0.0,0.001149566973299521,0.3119101367982773,10,0.010162601626016262,1,0,2,0,1
barra,Tier 3 - Regular User,0.009549152849899073,6.925247e-05,0.023769003414314187,0.0003615083786230281,0.0,4.880288680898024e-08,0.22093634689877972,1,0.0010162601626016261,1,0,4,0,1
peace ☮︎,Tier 3 - Regular User,0.009527968434724346,0.00022814769,0.02347769954908952,0.00035449705926159016,0.0,2.180051365096733e-06,0.23545850517461522,2,0.0020325203252032522,1,1,21,0,1
୭୧🦢,Tier 3 - Regular User,0.009386023985056339,0.0001464472,0.02324538916162481,0.00032474684167637757,0.0004486845478831187,8.692043154509411e-07,0.25976684240963643,3,0.003048780487804878,1,6,4,0,1
_parmin,Tier 3 - Regular User,0.009340288152750084,0.0011274747,0.021659508290047442,0.00032366122419811834,2.8947390186007655e-05,4.1370192514272434e-06,0.2673134724084353,5,0.005081300813008131,1,0,4,0,1
sbkecu,Tier 3 - Regular User,0.009284735165183087,0.00017485367,0.02294955739430298,0.00030514609465846765,5.375943891687136e-05,0.0008911548425163278,0.30741487115165944,8,0.008130081300813009,1,0,2,0,1
cyluck,Tier 3 - Regular User,0.009252794882127094,0.0014351897,0.02097920247780394,0.00021183869983172553,2.0676707275719754e-06,0.0012732159561938618,0.33128754028450985,6,0.006097560975609756,2,0,2,0,1
®️e💤🅰️ sur,Tier 3 - Regular User,0.009173496664367486,6.7277083e-06,0.022923650097564863,0.00028396384863235865,3.1015060913579635e-05,0.0016555834051060199,0.31410227631392784,10,0.010162601626016262,1,0,0,0,1
j4rrz.,Tier 3 - Regular User,0.00895250697297914,0.00011396503,0.02221031988150636,0.0002523542339532581,2.274437800329173e-05,2.0090811539099138e-05,0.2869268118697696,4,0.0040650406504065045,2,0,4,0,1
biw,Tier 3 - Regular User,0.00880669828508896,6.071778e-05,0.021925669040616116,0.0003274733153322174,2.0676707275719754e-06,1.0255481787304465e-06,0.24422003685298366,5,0.005081300813008131,1,0,1,0,1
náátzy.,Tier 3 - Regular User,0.008511067421680608,0.0017830686,0.018603065534360502,0.00020505185928567732,0.0,0.0007128523005090172,0.3176100174707331,5,0.005081300813008131,2,0,2,0,1
den 🍀,Tier 3 - Regular User,0.008475285768302228,5.145674e-06,0.02118049590927228,0.00026626814237514917,3.515040236872358e-05,0.0017712696164226835,0.3216372863694367,10,0.010162601626016262,1,0,0,0,1
𓆈🌊,Tier 3 - Regular User,0.008450679614147872,5.148437e-05,0.021049472476000086,0.00028866912737735397,5.1691768189299386e-05,0.0006245209642574187,0.3323433433519888,9,0.009146341463414635,1,0,1,0,1
jairo,Tier 3 - Regular User,0.008173575288248653,0.0016331869,0.01798415763444601,0.00029227505754065794,2.0676707275719754e-06,1.4843822567565736e-05,0.3004281695345763,5,0.005081300813008131,1,0,4,0,1
abcdavid,Tier 3 - Regular User,0.008136484460492442,0.0002591118,0.019952543428940258,0.00028390926395262684,5.996245109958729e-05,0.000566815160801861,0.33246107035990663,8,0.008130081300813009,1,1,4,0,1
ziie34,Tier 3 - Regular User,0.007956691655752425,7.375637e-05,0.019781094584068487,0.00024272833328623078,1.860903654814778e-05,0.00245754974723562,0.33699734349228594,10,0.010162601626016262,1,0,0,0,1
jutzz-kenz,Tier 3 - Regular User,0.007922857068479061,0.013204761,0.0,0.00015509486635992352,0.0,8.11181116476411e-27,0.0,0,0.0,1,0,17,0,1
bayhaqii,Tier 3 - Regular User,0.007920962888055872,0.0012614689,0.017910203784139406,0.00025545598990962695,0.0,0.001085811297826483,0.32396879586676436,9,0.009146341463414635,1,0,21,0,1
𝐉𝐨𝐫𝐝𝐲𝐲,Tier 3 - Regular User,0.007873995657689918,0.00067633385,0.018670488331481005,0.000285408867311597,5.375943891687136e-05,9.98645199942722e-05,0.3147342728457466,7,0.007113821138211383,1,0,4,0,1
gl_brodol,Tier 3 - Regular User,0.007873700881024497,0.00013829971,0.019476802627460918,0.00031270898902594976,3.721807309629556e-05,1.0013116927361518e-06,0.2512818210511422,3,0.003048780487804878,1,0,4,0,1
كيفان,Tier 3 - Regular User,0.007670314369029551,0.0010844287,0.017549142715882506,0.000283784967100024,0.000169548999660902,3.29902963580368e-05,0.2904789853376714,4,0.0040650406504065045,1,0,1,0,1
bayajrandom,Tier 3 - Regular User,0.007582398075772084,0.000516118,0.018181818165289253,0.00015509486635992352,0.0,8.11181116476411e-27,0.0,0,0.0,3,0,13,1,1
egit,Tier 3 - Regular User,0.007449599630768491,0.0016276574,0.01618251279138747,0.000272259474359478,0.0,7.562232168823466e-07,0.26063249142627504,6,0.006097560975609756,1,0,3,0,1
¥,Tier 3 - Regular User,0.007080841411831904,0.0033593297,0.012663108815893352,0.00022949890669364894,0.00046522591370369446,3.1492168239131207e-05,0.2928354451251221,3,0.003048780487804878,1,86,4,0,1
eka,Tier 3 - Regular User,0.006847217604775722,0.00039483377,0.01652579332213335,0.00029285663250852757,0.0,1.3023225880846387e-06,0.24264157229214486,2,0.0020325203252032522,1,0,4,0,1
om_jabir,Tier 3 - Regular User,0.0067214300988416055,1.3606538e-05,0.016783165437936835,0.00027221125007139546,4.548875600658346e-05,0.00042445139747015933,0.30100628660231443,5,0.005081300813008131,1,0,21,0,1
tgrysfff,Tier 3 - Regular User,0.006512454583888386,3.4152607e-05,0.01622990754719556,0.0002616023971605355,6.203012182715926e-06,0.0006164259994788436,0.29439698921769647,6,0.006097560975609756,1,0,21,0,1
dnnyourlgh★,Tier 3 - Regular User,0.006107697981837426,0.00019667055,0.014974239124908896,0.0002699647195928452,4.135341455143951e-06,9.047242347127128e-06,0.2857909870968381,4,0.0040650406504065045,1,0,4,0,1
_fahmi1111,Tier 3 - Regular User,0.006011199705792504,3.1609583e-05,0.01498058488642193,0.0002526668891879895,1.6541365820575803e-05,0.0007142323604953956,0.29861202724340324,5,0.005081300813008131,1,0,2,1,1
haqyy🐾,Tier 3 - Regular User,0.00597001769113784,0.00038882522,0.014341806375874702,0.00026013454430048866,4.962409746172741e-05,0.00011533561869632343,0.30422612694522405,4,0.0040650406504065045,1,0,1,0,1
biyan195😎,Tier 3 - Regular User,0.005958568146263263,1.3493754e-05,0.014876179733874192,0.00026507588492892943,0.0,9.199582590073084e-08,0.20631734482875716,5,0.005081300813008131,1,0,3,0,1
khhafijah firda,Tier 3 - Regular User,0.005758784004174372,5.049301e-06,0.014389386058588012,0.00025109196188302104,4.7556426734155435e-05,0.00041195040049365805,0.30472000052792736,5,0.005081300813008131,1,0,1,0,1
blackcy🕸️🕷️,Tier 3 - Regular User,0.005625091573195022,1.3424621e-05,0.014042591999515752,0.0002706320395373335,4.135341455143951e-06,5.225216665174807e-07,0.24314445637979698,2,0.0020325203252032522,1,0,4,0,1
12⚡️,Tier 3 - Regular User,0.005545976973520727,9.872823e-06,0.013850133198648083,0.00025073006501155035,7.236847546501914e-05,8.505881891888801e-05,0.3065113003350804,5,0.005081300813008131,1,0,21,0,1
￼,Tier 3 - Regular User,0.005536297476201852,1.3311974e-05,0.013820775729779732,0.00025571468690817686,0.0,1.4498662732717163e-07,0.2197980331676853,5,0.005081300813008131,1,83,3,0,1
ninn.,Tier 3 - Regular User,0.005429068599685215,9.029984e-05,0.013437221726570577,0.0002610659034954937,0.0,1.7575794916872696e-06,0.2612855238379778,3,0.003048780487804878,1,0,4,0,1
🇦🇱,Tier 3 - Regular User,0.005306950861026397,0.0049085305,0.0059045812752955935,0.0001951993945531993,5.996245109958729e-05,2.0878778480995307e-05,0.2758781897783704,2,0.0020325203252032522,1,0,1,0,1
wwww,Tier 3 - Regular User,0.005305660947864553,0.0010134672,0.011743951475214337,0.00022974582056207527,0.00022951145076048927,7.436456071746436e-07,0.2594078500901095,4,0.0040650406504065045,1,1,1,0,1
+0627,Tier 3 - Regular User,0.005299090011475204,0.00021998567,0.012917746526565323,0.00023057578236132908,0.0,0.0007294172788964762,0.29329300050813006,6,0.006097560975609756,1,1,2,0,1
mon number one,Tier 3 - Regular User,0.005243374966084957,0.008738958,0.0,0.00015509486635992352,0.0,8.11181116476411e-27,0.0,0,0.0,1,0,18,0,1
kyy,Tier 3 - Regular User,0.005226498120532772,9.198082e-05,0.012928274063768168,0.00017546748185267306,0.0,0.00027932724059932866,0.30531476955953685,2,0.0020325203252032522,2,1,21,0,1
🥀🍒artha nabil🍒🥀,Tier 3 - Regular User,0.004740262458392923,4.2541124e-05,0.011786844456112399,0.00017461384203596884,0.0,2.6370268736111756e-08,0.2186713890088575,1,0.0010162601626016261,2,0,3,0,1
okk tty 92,Tier 3 - Regular User,0.004548902314528618,1.0665616e-05,0.011356257361834137,0.0002123142810802923,0.0,0.0012333656546127023,0.3094420051520001,5,0.005081300813008131,1,0,0,0,1
gatau,Tier 3 - Regular User,0.00440884784611401,4.480494e-05,0.010954912204164263,0.00023875572852124954,0.0,1.8634596230846343e-05,0.2765284624708357,3,0.003048780487804878,1,0,1,0,1
yonipujihermanto71,Tier 3 - Regular User,0.004052000862760307,0.00011024841,0.009964629535632732,0.00023014794247553803,0.0,8.620624774638248e-06,0.26807700703399495,3,0.003048780487804878,1,0,1,0,1
f jr😺,Tier 3 - Regular User,0.00387359291868734,7.3531366e-05,0.009573685245794659,0.00022982299288992463,2.687971945843568e-05,9.475484648524494e-08,0.24415650406504066,2,0.0020325203252032522,1,1,4,0,1
ig : pyossdanssrorr,Tier 3 - Regular User,0.0038668733652376833,1.31849465e-05,0.00964740599150933,0.0002308305148228628,1.860903654814778e-05,4.456993609213105e-06,0.27235565920662114,2,0.0020325203252032522,1,1,21,0,1
n3,Tier 3 - Regular User,0.003672056768728564,0.001447852,0.0070083638890324025,0.00019831268081201676,0.0,0.0003301338291274082,0.3104656307065882,3,0.003048780487804878,1,0,21,0,1
2708,Tier 3 - Regular User,0.003632216870392861,0.00015812833,0.008843349668498155,0.00022000250572302337,0.0,2.01221827199587e-05,0.2760404710664754,3,0.003048780487804878,1,0,1,0,1
inee lawang,Tier 3 - Regular User,0.003621902113127014,0.0001100863,0.008889625824052966,0.00022953560203064284,0.0,5.679005438595038e-07,0.23832849203301582,1,0.0010162601626016261,1,0,4,0,1
29_.,Tier 3 - Regular User,0.003617256212725148,0.0006102907,0.008127704501330928,0.00022278546271169158,0.0,1.520422140026053e-07,0.23116689695222079,1,0.0010162601626016261,1,1,1,0,1
papah_devan farm,Tier 3 - Regular User,0.003537413664162159,0.005895689,0.0,0.00015509486635992352,0.0,8.11181116476411e-27,0.0,0,0.0,1,0,20,0,1
ufa,Tier 3 - Regular User,0.0034763391035629674,8.1880586e-05,0.008568026874990843,0.0002065243595586727,0.0,0.00040056077746997853,0.28337487971800013,4,0.0040650406504065045,1,0,21,0,1
tuty ra,Tier 3 - Regular User,0.003380262527789113,6.6253444e-05,0.0083512761517332,0.00022004687124258995,0.0,1.9093379402762996e-05,0.26385650875063715,2,0.0020325203252032522,1,0,21,0,1
taaaauffiqqqq,Tier 3 - Regular User,0.003369830548763275,0.005616384,0.0,0.00015509486635992352,0.0,8.11181116476411e-27,0.0,0,0.0,1,1,24,0,1
osle,Tier 3 - Regular User,0.0033580514058599424,2.4992101e-05,0.008357640361765676,0.0002150543031785001,0.0,5.67873654059023e-05,0.2566414004993208,3,0.003048780487804878,1,0,2,0,1
sepantasmu.id,Tier 3 - Regular User,0.0031722037432832793,1.3411965e-05,0.007910391410438294,0.00021645772027102628,0.0,7.170573555786877e-07,0.24333357573917974,2,0.0020325203252032522,1,0,1,0,1
❤️🐦‍⬛bralingxbonek🐊💚,Tier 3 - Regular User,0.003091912012891974,3.768105e-05,0.007673258456259243,0.00018930769588710239,4.135341455143951e-06,0.0009195500633751734,0.3122214243599522,4,0.0040650406504065045,1,0,0,0,1
warung knalpot racing,Tier 3 - Regular User,0.002993840075558386,2.9282173e-05,0.007440676928986758,0.00020790678932752383,0.0,4.0426942538265924e-07,0.2472438360447883,3,0.003048780487804878,1,0,3,0,1
♊,Tier 3 - Regular User,0.002895129063488768,7.379528e-05,0.007127129732039388,0.00020280932258992244,0.0,0.00013302087707028093,0.2994695601869867,3,0.003048780487804878,1,0,1,0,1
brelians,Tier 3 - Regular User,0.002799023145242833,0.0015791896,0.004628773382611704,0.00019174267163494038,0.0,7.887018785914649e-07,0.2521594845851737,1,0.0010162601626016261,1,2042,1,0,1
duda lanang,Tier 3 - Regular User,0.0026504385878430427,0.0007368852,0.00552076864105317,0.00019509462030316537,0.0,1.0435840622216378e-05,0.29569552666226095,2,0.0020325203252032522,1,0,4,0,1
adit 🤟🤖🤟,Tier 3 - Regular User,0.0025192645495350774,5.7982634e-05,0.0062111874232361605,0.0002012653177046206,0.0,7.71999759668177e-06,0.25904984864090985,2,0.0020325203252032522,1,0,1,0,1
zalee,Tier 3 - Regular User,0.0024800045026640277,0.00017032198,0.005944528283216492,0.00019896616102136531,0.0,3.952329286077923e-06,0.2693077766502199,2,0.0020325203252032522,1,0,1,0,1
user180110321611,Tier 3 - Regular User,0.002455462056111473,0.0005609129,0.005297285811723963,0.0001932912386896047,0.0,2.081443049204786e-07,0.24691860079611058,2,0.0020325203252032522,1,1,3,0,1
snow jelly,Tier 3 - Regular User,0.002367921050035546,4.049208e-05,0.005859064504351495,0.00019789517010852263,0.0,2.1871241215272197e-05,0.2670852594268686,2,0.0020325203252032522,1,0,1,0,1
sipaling,Tier 3 - Regular User,0.0023468525614589453,0.0039114207,0.0,0.00015509486635992352,0.0,8.11181116476411e-27,0.0,0,0.0,1,1,23,0,1
guramoga,Tier 3 - Regular User,0.0022243836569150748,6.429469e-07,0.005559994721921897,0.00019463502372553043,0.0,5.666056547811161e-05,0.284491543384667,2,0.0020325203252032522,1,0,4,0,1
ojann v2,Tier 3 - Regular User,0.0021672424130816624,1.2305213e-05,0.0053996482117613705,0.00018767892470105633,0.0,0.00037345471601122314,0.2809151755839618,2,0.0020325203252032522,1,0,2,0,1
mas boy,Tier 3 - Regular User,0.0020804501762266463,5.466231e-05,0.005119131973901462,0.00019609772949204566,0.0,4.385536740500475e-07,0.24601247749043678,1,0.0010162601626016261,1,0,4,0,1
yahrisss,Tier 3 - Regular User,0.001845632652184344,2.817297e-05,0.0045718221728742355,0.00018483836649959223,0.0,0.00011577487900763009,0.2805792531019481,2,0.0020325203252032522,1,1,0,0,1
16_𝐧ɛ𝒅𝙣𝙙𝙮𝙮,Tier 3 - Regular User,0.001759290028719892,0.00015476928,0.004166071146773661,0.00018765069653505206,0.0,1.1981326678424708e-07,0.23150902852146432,1,0.0010162601626016261,1,0,4,0,1
agohige,Tier 3 - Regular User,0.001385559766196292,3.1547817e-05,0.0034165776876566695,0.00018085906470126793,0.0,8.388828197246e-06,0.2584079299631102,1,0.0010162601626016261,1,1,1,0,1
ato,Tier 3 - Regular User,0.0012920853914692998,0.0021534755,0.0,0.00015509486635992352,0.0,8.11181116476411e-27,0.0,0,0.0,1,0,11,0,1
rumah rias riris,Tier 3 - Regular User,0.001278072321718072,0.00018570163,0.00291662835222198,0.00017602983027207098,0.0,3.101400676536187e-05,0.26853722507182154,1,0.0010162601626016261,1,0,4,0,1
￴￴￴￴￴￴￴￴￴,Tier 3 - Regular User,0.0012611881829798222,0.0021019801,0.0,0.00015509486635992352,0.0,8.11181116476411e-27,0.0,0,0.0,1,0,10,0,1
sisi,Tier 3 - Regular User,0.001210301245530465,0.00010910209,0.0028620999650514063,0.00017608768456486105,0.0,1.8045719305893175e-08,0.1905273247312254,1,0.0010162601626016261,1,0,3,0,1
lizanzzstore,Tier 3 - Regular User,0.0011763474128452917,7.699545e-06,0.0029293192147352167,0.0001766103841791578,0.0,4.223333453974545e-06,0.25573231651935047,1,0.0010162601626016261,1,1,1,0,1
🛸,Tier 3 - Regular User,0.0009834440063911064,3.4240782e-06,0.0024534738987395856,0.0001714404690495665,0.0,5.858841466802391e-05,0.2689990259747826,1,0.0010162601626016261,1,0,0,0,1
faiiiq_019,Tier 3 - Regular User,0.0009714962035191274,2.267384e-06,0.002425339432896908,0.00017181185389966312,0.0,2.3044592111703575e-05,0.28294772433705645,1,0.0010162601626016261,1,0,1,0,1
pojok childs,Tier 3 - Regular User,0.0008602856863812663,6.380867e-06,0.002141142915401041,0.00016339919628650075,0.0,0.0003603407832722903,0.29247042743098045,1,0.0010162601626016261,1,1,2,0,1
anggota rbb community,Tier 3 - Regular User,0.0007912584696896374,0.001318764,0.0,0.00015509486635992352,0.0,8.11181116476411e-27,0.0,0,0.0,1,0,9,0,1
fan arfan_92,Tier 3 - Regular User,0.0005056047230027616,0.00084267446,0.0,0.00015509486635992352,0.0,8.11181116476411e-27,0.0,0,0.0,1,0,14,0,1
zhena zhen,Tier 3 - Regular User,0.00048069492913782597,0.0008011582,0.0,0.00015509486635992352,0.0,8.11181116476411e-27,0.0,0,0.0,1,0,26,0,1
ᴀʀ,Tier 3 - Regular User,0.0004485341196414083,0.00074755686,0.0,0.00015509486635992352,0.0,8.11181116476411e-27,0.0,0,0.0,1,0,27,0,1
ꦍꦗ꦳ꦂꦲꦤ꧀ꦝꦤꦶꦫꦺꦴꦧꦶ 🚀,Tier 3 - Regular User,0.0003707731666509062,0.00061795523,0.0,0.00015509486635992352,0.0,8.11181116476411e-27,0.0,0,0.0,1,0,7,0,1
h for hasbi,Tier 3 - Regular User,0.0003555251460056752,0.0005925419,0.0,0.00015509486635992352,0.0,8.11181116476411e-27,0.0,0,0.0,1,1,15,0,1
unknown,Tier 3 - Regular User,0.00034175364999100566,0.0005695894,0.0,0.00015509486635992352,0.0,8.11181116476411e-27,0.0,0,0.0,1,0,25,0,1
amylee,Tier 3 - Regular User,0.00033496820833534,0.0005582803,0.0,0.00015509486635992352,0.0,8.11181116476411e-27,0.0,0,0.0,1,0,8,0,1
nifall,Tier 3 - Regular User,0.00031997193582355976,0.00053328654,0.0,0.00015509486635992352,0.0,8.11181116476411e-27,0.0,0,0.0,1,0,19,0,1
⛓️bimbim⛓️,Tier 3 - Regular User,0.00015825199079699814,0.00026375332,0.0,0.00015509486635992352,0.0,8.11181116476411e-27,0.0,0,0.0,1,0,6,0,1
𝑵𝒂𝒅𝒊𝒓𝑨 ramadani💚💚💚,Tier 3 - Regular User,7.637358794454485e-05,0.00012728931,0.0,0.00015509486635992352,0.0,8.11181116476411e-27,0.0,0,0.0,1,2,12,0,1
j4r,Tier 3 - Regular User,1.643812174734194e-05,2.7396867e-05,0.0,0.00015509486635992352,0.0,8.11181116476411e-27,0.0,0,0.0,1,2,16,0,1
sen44you✨,Tier 3 - Regular User,5.043439159635454e-06,8.405732e-06,0.0,0.00015509486635992352,0.0,8.11181116476411e-27,0.0,0,0.0,1,0,22,0,1
