source,target,weight
!!epangg💥,"""tamalk1nt1l""",0.6614
!!epangg💥,1234lvinnn,0.7441
!!epangg💥,42,0.7219
!!epangg💥,4hs3n,0.6816
!!epangg💥,@indah e noe🌻,0.7113
!!epangg💥,@l,0.7396
!!epangg💥,abay,0.6837
!!epangg💥,afta,0.7852
!!epangg💥,agsdwh,0.7486
!!epangg💥,agungsaja v2,0.7527
!!epangg💥,aku siapa????,0.68
!!epangg💥,aldo.,0.6532
!!epangg💥,alexxxx,0.7069
!!epangg💥,alfisaktiawan,0.7006
!!epangg💥,alfri_❄❄❄,0.6811
!!epangg💥,amriajahh,0.6907
!!epangg💥,anggitaaaaaa❤️‍🔥,0.8177
!!epangg💥,anisatul,0.7592
!!epangg💥,anjanikusuma,0.7105
!!epangg💥,aqila misha,0.7184
!!epangg💥,arkhnraalfano,0.7123
!!epangg💥,artati,0.7588
!!epangg💥,balex ☘️,0.707
!!epangg💥,bilyy⁰²,0.7013
!!epangg💥,bluestar,0.6907
!!epangg💥,bowoo,0.7785
!!epangg💥,b🕸️,0.8981
!!epangg💥,caaa,0.6856
!!epangg💥,chell28,0.7242
!!epangg💥,chelll,0.6573
!!epangg💥,danzzz,0.6831
!!epangg💥,de2x.alk1,0.6738
!!epangg💥,diditarifin,0.679
!!epangg💥,dilzz v2,0.6602
!!epangg💥,dly,0.6679
!!epangg💥,donz2nd,0.7015
!!epangg💥,edhy soekamto,0.6671
!!epangg💥,f,0.7816
!!epangg💥,fafang🕷️,0.7899
!!epangg💥,fakri,0.6904
!!epangg💥,frzardtyaalvro,0.6892
!!epangg💥,f⚡,0.7155
!!epangg💥,grandberkahdoaibu,0.6812
!!epangg💥,hyan,0.7789
!!epangg💥,hαηs кαккσɪɪ.dnd.,0.8203
!!epangg💥,i,0.7475
!!epangg💥,i j a l,0.7351
!!epangg💥,ibunya ragaf,0.7162
!!epangg💥,ifaashion.id,0.7266
!!epangg💥,ig | im_alzz,0.6859
!!epangg💥,ig: ?,0.6967
!!epangg💥,inyong,0.6967
!!epangg💥,jesiccaaa,0.6895
!!epangg💥,joviinantaaaa,0.7739
!!epangg💥,jun santuy,0.6824
!!epangg💥,"kaa,a",0.781
!!epangg💥,kaji,0.6924
!!epangg💥,kang bahar,0.7127
!!epangg💥,keee keee,0.7734
!!epangg💥,kelzy24,0.6681
!!epangg💥,kiking,0.6649
!!epangg💥,kruxill🎃,0.6681
!!epangg💥,l3o m,0.7074
!!epangg💥,l4ngz_strong,0.7348
!!epangg💥,lah iya,0.7509
!!epangg💥,lele_byakar@gmail.comm,0.7055
!!epangg💥,m. rizqi_,0.7188
!!epangg💥,martati,0.7213
!!epangg💥,masjack3195,0.7723
!!epangg💥,mawar hitam 🌹🗡️,0.6907
!!epangg💥,mawarr,0.7972
!!epangg💥,mbahnya nafisha dan sava,0.654
!!epangg💥,mengomentari postingan anda,0.6593
!!epangg💥,muhamad rian,0.6748
!!epangg💥,mykids,0.7027
!!epangg💥,ndre4you,0.7468
!!epangg💥,nggaaa,0.6698
!!epangg💥,nobody,0.6711
!!epangg💥,ol²²oy,0.6802
!!epangg💥,pak haji,0.6854
!!epangg💥,pak haji sara,0.683
!!epangg💥,patirrrv2🖤,0.7564
!!epangg💥,patrick bateman,0.6963
!!epangg💥,pecey yeye,0.7348
!!epangg💥,pip2nd🧿,0.6671
!!epangg💥,praditailhm_,0.6851
!!epangg💥,princess 💅,0.905
!!epangg💥,r4ndsyh,0.669
!!epangg💥,rahmat kartolo,0.6653
!!epangg💥,reendstore,0.7323
!!epangg💥,rizzstecu✌️,0.6826
!!epangg💥,rzl,0.9205
!!epangg💥,rℹ️k🅾️🅾️🅾️,0.6619
!!epangg💥,samshl_22,0.7801
!!epangg💥,sapa bae,0.8912
!!epangg💥,sara ariska,0.7871
!!epangg💥,satria 🙌,0.6564
!!epangg💥,sayaangaenii❤️‍🔥,0.8189
!!epangg💥,scc winoww,0.7003
!!epangg💥,scc.,0.7577
!!epangg💥,secccfldsuuu21,0.7121
!!epangg💥,septiana,0.7643
!!epangg💥,sopo》,0.6609
!!epangg💥,tinnyee,0.7542
!!epangg💥,tito cans,0.7007
!!epangg💥,username12375,0.6589
!!epangg💥,uuppio,0.7753
!!epangg💥,viann,0.6952
!!epangg💥,yaraaayaaaa,0.7242
!!epangg💥,yogaaa21,0.7346
!!epangg💥,zain,0.6658
!!epangg💥,zaka.ya,0.6969
!!epangg💥,zannn,0.6567
!!epangg💥,zazamm,0.7233
!!epangg💥,zrill💥,0.6614
!!epangg💥,☝️👌👌cc,0.6921
!!epangg💥,♥,0.6787
!!epangg💥,✌️,0.6911
!!epangg💥,𝑱𝒖𝒍𝒊𝒂𝒏𝒏𝒏,0.672
!!epangg💥,𝓝𝓪𝔂𝓵𝓪_𝓓.𝓐,0.6942
!!epangg💥,𝕳𝕬𝕴𝕶𝕬𝕷 𝖁1,0.7488
!!epangg💥,𝖇𝖎𝖎𝖑𝖆,0.6863
!!epangg💥,𝘿𝙚𝙣,0.6997
!!epangg💥,𝙾𝚛𝚢𝚣𝚊 𝚂𝚊𝚝𝚒𝚟𝚊 🌾,0.7852
!!epangg💥,🆘,0.6817
!!epangg💥,🐦,0.6972
!!epangg💥,👻hsb👻,0.6933
!!epangg💥,💩.,0.6573
!!epangg💥,🕊,0.6503
!!epangg💥,🧋,0.8164
"""tamalk1nt1l""",.....🪸🐚☆putzzz☆🐚🪸.....,0.6961
"""tamalk1nt1l""",0%,0.6547
"""tamalk1nt1l""",1234lvinnn,0.7142
"""tamalk1nt1l""",445,0.7186
"""tamalk1nt1l""",@dalang_fuluzzz,0.7529
"""tamalk1nt1l""",abay,0.7007
"""tamalk1nt1l""",afta,0.7641
"""tamalk1nt1l""",agngcar07,0.6653
"""tamalk1nt1l""",aldo,0.6914
"""tamalk1nt1l""",aldo.,0.6747
"""tamalk1nt1l""",andra_zv0,0.662
"""tamalk1nt1l""",anggitaaaaaa❤️‍🔥,0.6988
"""tamalk1nt1l""",anjanikusuma,0.786
"""tamalk1nt1l""",aqila misha,0.6688
"""tamalk1nt1l""",artati,0.7294
"""tamalk1nt1l""",bobin,0.7239
"""tamalk1nt1l""",byy🌊,0.6624
"""tamalk1nt1l""",b🕸️,0.6646
"""tamalk1nt1l""",capcipcup🕊️,0.6786
"""tamalk1nt1l""",danzzz,0.6673
"""tamalk1nt1l""",dilzz v2,0.7093
"""tamalk1nt1l""",dly,0.7001
"""tamalk1nt1l""",do,0.6757
"""tamalk1nt1l""",dvaaa,0.7233
"""tamalk1nt1l""",f4r11!🇦🇱🇦🇱,0.6619
"""tamalk1nt1l""",faiz,0.6907
"""tamalk1nt1l""",f⚡,0.7146
"""tamalk1nt1l""",garangan mulet,0.6935
"""tamalk1nt1l""",hilman,0.6608
"""tamalk1nt1l""",hpiss,0.6844
"""tamalk1nt1l""",ibunya ragaf,0.6959
"""tamalk1nt1l""",ig :_17rrif★,0.6607
"""tamalk1nt1l""",ig: ?,0.6553
"""tamalk1nt1l""",ini blue🔵💨,0.6912
"""tamalk1nt1l""",inyong,0.6553
"""tamalk1nt1l""",joviinantaaaa,0.8103
"""tamalk1nt1l""",jun santuy,0.6802
"""tamalk1nt1l""",keee keee,0.6892
"""tamalk1nt1l""",kiking,0.6743
"""tamalk1nt1l""",lah iya,0.7428
"""tamalk1nt1l""",m. rizqi_,0.9043
"""tamalk1nt1l""",martati,0.7346
"""tamalk1nt1l""",masjack3195,0.6911
"""tamalk1nt1l""",mbuhsapa🤥,0.6607
"""tamalk1nt1l""",muhamad rian,0.7268
"""tamalk1nt1l""",na.,0.7009
"""tamalk1nt1l""",naufabyktsr,0.6596
"""tamalk1nt1l""",nuuuuu,0.7071
"""tamalk1nt1l""",pak haji,0.6906
"""tamalk1nt1l""",panglima boncoz,0.6872
"""tamalk1nt1l""",pip2nd🧿,0.6575
"""tamalk1nt1l""",r4ndsyh,0.7564
"""tamalk1nt1l""",ranji💤,0.7231
"""tamalk1nt1l""",reendstore,0.7416
"""tamalk1nt1l""",rehan.aj,0.6912
"""tamalk1nt1l""",ristiani14,0.6751
"""tamalk1nt1l""",rizzstecu✌️,0.7886
"""tamalk1nt1l""",rzl,0.6569
"""tamalk1nt1l""",sabiantiwulariata,0.6602
"""tamalk1nt1l""",saitama.botak6,0.6627
"""tamalk1nt1l""",sapa bae,0.6713
"""tamalk1nt1l""",sayaangaenii❤️‍🔥,0.7382
"""tamalk1nt1l""",scc.,0.7099
"""tamalk1nt1l""",septiana,0.6545
"""tamalk1nt1l""",sopo》,0.6948
"""tamalk1nt1l""",the last good man,0.7661
"""tamalk1nt1l""",tinnyee,0.6552
"""tamalk1nt1l""",username12375,0.6611
"""tamalk1nt1l""",uuppio,0.6952
"""tamalk1nt1l""",vannn opet,0.7232
"""tamalk1nt1l""",vinss,0.6704
"""tamalk1nt1l""",wdyt_,0.6876
"""tamalk1nt1l""",weird zeze🇩🇪,0.7508
"""tamalk1nt1l""",x4ngee🕊️,0.6867
"""tamalk1nt1l""",xlx🇮🇲,0.712
"""tamalk1nt1l""",zain,0.6647
"""tamalk1nt1l""",zannn,0.7277
"""tamalk1nt1l""",~~boyszzarddd~~ardboysss🇦🇱🪩,0.6596
"""tamalk1nt1l""",♥,0.7148
"""tamalk1nt1l""",ꦲꦼꦤ꧀ꦝꦺꦴꦱ꧀,0.7341
"""tamalk1nt1l""",𓏵,0.6526
"""tamalk1nt1l""","𝖂𝖍𝖔'𝕾,𝕭𝖗𝖆𝖓රධ",0.6686
"""tamalk1nt1l""",𝘉𝘐 𝔟𝔢𝔫𝔠𝔦 𝔠𝔦𝔫𝔱𝔞~,0.674
"""tamalk1nt1l""",𝙾𝚛𝚢𝚣𝚊 𝚂𝚊𝚝𝚒𝚟𝚊 🌾,0.7641
"""tamalk1nt1l""",👾,0.7071
"""tamalk1nt1l""",🧋,0.731
"""tamalk1nt1l""",🫧,0.6806
$##$,-kinderjoy🪐,0.7329
$##$,bgsz,0.7253
$##$,bobin,0.6763
$##$,celukbae abid 😃😁@?,0.6612
$##$,cici.nda🩺,0.6867
$##$,cupapimunyenyoo,0.7212
$##$,dwi reny makmoy makm,0.6863
$##$,dɹısɐɐɐ,0.7318
$##$,ens,0.68
$##$,hanipipipip,0.6851
$##$,ininaufal,0.7653
$##$,jazkyy1233,0.6608
$##$,jepri night🦸,0.7027
$##$,kkpann!,0.7625
$##$,leo,0.6543
$##$,losemyself,0.6697
$##$,masayu,0.7999
$##$,orensport,0.753
$##$,padil,0.6672
$##$,pdpputragemilang!,0.8033
$##$,pip2nd🧿,0.7231
$##$,railfans ngapak🅥,0.7477
$##$,rmdn,0.7083
$##$,sleep the saunt,0.7917
$##$,username12375,0.6536
$##$,vinss,0.6659
$##$,vnn$fomo,0.6953
$##$,weird zeze🇩🇪,0.6769
$##$,z4kk🇦🇱🇦🇱,0.6684
$##$,zain,0.7434
$##$,ziee_1901,0.8944
$##$,เςคภ,0.6687
$##$,꧁epep꧂,0.7493
$##$,￴,0.6688
$##$,🐦,0.6567
$##$,💋,0.6879
$##$,😡,0.6775
$##$,🪫,0.6742
'kassqueen',abizz '4ever,0.7622
'kassqueen',aboutdan,0.7183
'kassqueen',andra_zv0,0.6575
'kassqueen',aqiel tsany,0.6831
'kassqueen',ariepp,0.7318
'kassqueen',azziffsyazly@ official.,0.7479
'kassqueen',ba,0.6895
'kassqueen',biann,0.6959
'kassqueen',capcipcup🕊️,0.7332
'kassqueen',chikotila,0.6917
'kassqueen',deni,0.7829
'kassqueen',dip_16,0.7063
'kassqueen',ditzzganteng,0.6563
'kassqueen',dvaaa,0.6527
'kassqueen',fahri..☘️☘️,0.7829
'kassqueen',fuckingawerizsome,0.7195
'kassqueen',hamz storee,0.6725
'kassqueen',ini blue🔵💨,0.7169
'kassqueen',jok,0.6557
'kassqueen',kasnudtone,0.7175
'kassqueen',kh,0.768
'kassqueen',mulyati,0.6794
'kassqueen',na.,0.7801
'kassqueen',noellnr🍒,0.8412
'kassqueen',nyong ibaim,0.7112
'kassqueen',opangpar,0.6817
'kassqueen',osdaglog14,0.6527
'kassqueen',p1n,0.7804
'kassqueen',pangerankodok77,0.7195
'kassqueen',panggil vans✌️,0.6834
'kassqueen',panglima boncoz,0.6604
'kassqueen',pdpputragemilang!,0.6593
'kassqueen',pikaars?,0.6604
'kassqueen',puji_kodrat,0.7161
'kassqueen',rndkatsny,0.6685
'kassqueen',s. g. t.,0.7274
'kassqueen',sestu,0.6557
'kassqueen',sucilestaripp_08,0.6896
'kassqueen',syakila pbg,0.6557
'kassqueen',tll,0.7466
'kassqueen',vinza,0.7567
'kassqueen',wdyt_,0.7096
'kassqueen',wong gringsing,0.6557
'kassqueen',yafzz•𝙯𝙤𝙡𝙙𝙮𝙠🔰💤,0.7195
'kassqueen',you're okay reszz,0.6721
'kassqueen',y🅰️hya?,0.7063
'kassqueen',z4m,0.654
'kassqueen',✧-ta_kepkat,0.6515
'kassqueen',𓏵,0.6747
'kassqueen',𝐀𝐋𝐄𝐗𝐀𝐍𝐃𝐑𝐈𝐀,0.681
'kassqueen',𝑛𝑜𝑒𝑟𝑒𝑎𝑙_𝑎𝑧🍃,0.6658
'kassqueen',𝑦𝑦𝑦𝑦,0.7063
'kassqueen',𝕄 𝕒 𝕤  𝕋𝕒𝕜𝕪𝕦𝕟,0.8295
'kassqueen',"𝖂𝖍𝖔'𝕾,𝕭𝖗𝖆𝖓රධ",0.6893
'kassqueen',🔥theeam3ll⚡,0.6942
'kassqueen',🫧,0.653
(-_-),-biifavvboy☆,1.0
(-_-),_____avznocure🇦🇱,1.0
(-_-),aboutdan,0.6658
(-_-),aqiel tsany,0.6651
(-_-),azziffsyazly@ official.,0.7861
(-_-),bayzz444,0.8216
(-_-),biann,0.6699
(-_-),byy🌊,0.7163
(-_-),capcipcup🕊️,0.6901
(-_-),c✌🏻tur🌊,0.691
(-_-),deeka ada e nya,0.6535
(-_-),deni,0.6951
(-_-),dhafin &aja (@#),1.0
(-_-),dip_16,0.7361
(-_-),dvaaa,0.7397
(-_-),fahri..☘️☘️,0.6951
(-_-),gntaa,0.8511
(-_-),ini blue🔵💨,0.6792
(-_-),jok,0.7616
(-_-),joller🇦🇱,1.0
(-_-),king persija,0.6614
(-_-),na.,0.7034
(-_-),naufabyktsr,0.7141
(-_-),ngọc,0.6766
(-_-),noellnr🍒,0.664
(-_-),nyong,1.0
(-_-),n⭐👽,0.7036
(-_-),p1n,0.7111
(-_-),panglima boncoz,0.6935
(-_-),parell✈️💤,1.0
(-_-),pikaars?,0.6784
(-_-),proo,1.0
(-_-),rass.,1.0
(-_-),rehan.aj,0.6581
(-_-),ristiana08,0.7401
(-_-),rmdn,0.6521
(-_-),sestu,0.7616
(-_-),sucilestaripp_08,0.7099
(-_-),syakila pbg,0.7616
(-_-),syaqella,0.7401
(-_-),tll,0.712
(-_-),wong gringsing,0.7616
(-_-),y🅰️hya?,0.7361
(-_-),ziee_1901,0.6669
(-_-),~~boyszzarddd~~ardboysss🇦🇱🪩,0.7141
(-_-),່,1.0
(-_-),✧-ta_kepkat,0.8176
(-_-),❤️💛💚,0.918
(-_-),ꦲꦼꦤ꧀ꦝꦺꦴꦱ꧀,0.6822
(-_-),𝑦𝑦𝑦𝑦,0.7361
(-_-),𝔅𝔩𝔲𝔢𝔢𝔅𝔬𝔬𝔰𝔱 💨💫,0.8671
(-_-),"𝖂𝖍𝖔'𝕾,𝕭𝖗𝖆𝖓රධ",0.6749
(-_-),𝗕𝗠𝗞𝗚,1.0
(-_-),𝘁𝗿ē𝗻𝗱à𝗻𝘇𝘅,1.0
(-_-),💫,0.6605
(-_-),🔥theeam3ll⚡,0.8173
*_ipul.🐾,10+11=21,0.7202
*_ipul.🐾,198,0.7189
*_ipul.🐾,631nwcc4,0.7897
*_ipul.🐾,@l,0.6816
*_ipul.🐾,about you,0.6955
*_ipul.🐾,adipati rujak belink,0.7168
*_ipul.🐾,ar,0.6683
*_ipul.🐾,aris fd,0.6764
*_ipul.🐾,arul empat huruf,0.7138
*_ipul.🐾,b,0.6754
*_ipul.🐾,bowo prast,0.7272
*_ipul.🐾,cingire dava,0.6991
*_ipul.🐾,dhanadut_bae16💤,0.8312
*_ipul.🐾,dwk,0.7603
*_ipul.🐾,el smile,0.6685
*_ipul.🐾,fi🅰️n6️⃣,0.651
*_ipul.🐾,jdr,0.6995
*_ipul.🐾,k  for  kami'el,0.6509
*_ipul.🐾,kojek,0.6651
*_ipul.🐾,l4nkk,0.7629
*_ipul.🐾,lihgal18,0.7468
*_ipul.🐾,mas eng69,0.6581
*_ipul.🐾,masayu,0.673
*_ipul.🐾,mhrullam,0.72
*_ipul.🐾,muhammadchilung,0.6655
*_ipul.🐾,nadhiff👾,0.7075
*_ipul.🐾,narti,0.7205
*_ipul.🐾,narzz🌊🌊,0.6641
*_ipul.🐾,neyymar kee jakarta,0.6968
*_ipul.🐾,p4tooookkkk,0.7174
*_ipul.🐾,praditailhm_,0.6571
*_ipul.🐾,rahmat kartolo,0.7264
*_ipul.🐾,rijakipp,0.6797
*_ipul.🐾,s u m m e r .,0.6568
*_ipul.🐾,sleep the saunt,0.718
*_ipul.🐾,suyato jowo,0.8075
*_ipul.🐾,tangrajinngaji,0.703
*_ipul.🐾,tofik.putra17,0.6772
*_ipul.🐾,wo,0.7923
*_ipul.🐾,wong elek,0.7882
*_ipul.🐾,zrill🇦🇱🇦🇱,0.8296
*_ipul.🐾,￴,0.672
*_ipul.🐾,￴￴,0.6507
*_ipul.🐾,🎮,0.8071
*_ipul.🐾,🔴⚪,0.6699
+0627,arul empat huruf,0.663
+0627,bian aja,0.6537
+0627,k  for  kami'el,0.6923
+0627,kib3nk_ta,0.6668
+0627,mas eng69,0.6626
+0627,🤴🏽,0.7249
+tam🕊️,0_4 stecu,0.8923
+tam🕊️,21.alippp,0.6911
+tam🕊️,:3윤니스🇰🇷🥷💐,0.6588
+tam🕊️,?,0.8308
+tam🕊️,@!van★*,1.0
+tam🕊️,@turzxi!eu69數,0.7048
+tam🕊️,abcde?,0.8452
+tam🕊️,ajammjamm_,0.8055
+tam🕊️,alee25 store,0.8055
+tam🕊️,andre $,0.6563
+tam🕊️,arisdel8,1.0
+tam🕊️,arya,1.0
+tam🕊️,asya&fajar,0.8452
+tam🕊️,ateng54,0.8452
+tam🕊️,ath,1.0
+tam🕊️,bleng ko,0.6588
+tam🕊️,bsep,0.8452
+tam🕊️,buluk gonzales 13,0.8649
+tam🕊️,daniiii,0.8452
+tam🕊️,danzooo,0.7016
+tam🕊️,deboy,0.6757
+tam🕊️,derasah,0.8055
+tam🕊️,desttt_,0.7962
+tam🕊️,devannn,0.7392
+tam🕊️,dewoel,0.7006
+tam🕊️,dheebu,1.0
+tam🕊️,dheevaaaaaaaaaaaaaaaaaaaaa,0.6898
+tam🕊️,diah sri972,1.0
+tam🕊️,duwiii,0.8452
+tam🕊️,dwisetyarinii,0.8055
+tam🕊️,enaksekali,0.8452
+tam🕊️,enjoyss,0.7337
+tam🕊️,excel😶‍🌫️            akun №1,0.9191
+tam🕊️,fernanda,0.8452
+tam🕊️,firmannnnnnnn,0.8452
+tam🕊️,fittdos,0.8055
+tam🕊️,fzryyyy,0.6983
+tam🕊️,gl badax,1.0
+tam🕊️,haniiif,1.0
+tam🕊️,i'szz?!,0.7176
+tam🕊️,ig: ryaaa.06_,0.7056
+tam🕊️,iin,1.0
+tam🕊️,indomaret 24 jam,0.6716
+tam🕊️,ini punya aku 🤪,0.6704
+tam🕊️,juprianto anto,0.8055
+tam🕊️,kd urng ya,1.0
+tam🕊️,kembali datang,0.7337
+tam🕊️,kenzo.s.m.z,0.8452
+tam🕊️,lakmen,0.6693
+tam🕊️,lianaa,0.6525
+tam🕊️,luthfyyy,0.8055
+tam🕊️,mahendri,0.7803
+tam🕊️,mas_drun,0.8055
+tam🕊️,n4uf@l 4j4,0.862
+tam🕊️,nanangmungils1,1.0
+tam🕊️,nipzzz,0.8229
+tam🕊️,ovl,0.7056
+tam🕊️,p4n_🤷‍♂️🤷‍♂️,0.7231
+tam🕊️,pangeran kodok,0.6549
+tam🕊️,panzskbd,1.0
+tam🕊️,pasarrumah.id,0.6918
+tam🕊️,pikaars?,0.654
+tam🕊️,r 4 5 ya,0.696
+tam🕊️,rezx2nd,0.8452
+tam🕊️,riff,0.8452
+tam🕊️,risky⛔️🆘️,0.7074
+tam🕊️,sannzxkce,0.6825
+tam🕊️,scorpio🦂,0.8452
+tam🕊️,seli🌸,0.6656
+tam🕊️,sinfloww,0.8055
+tam🕊️,tokoserbada12,0.7623
+tam🕊️,tri yulianti,1.0
+tam🕊️,vann 🌳,0.6713
+tam🕊️,veri ramandani18,0.8055
+tam🕊️,wawud,0.6503
+tam🕊️,wien,0.6656
+tam🕊️,ye,0.8283
+tam🕊️,yuliazaa,0.6588
+tam🕊️,zaza,0.6641
+tam🕊️,น้ำอุ่น กัญญาภัทร เต๊กอ๋อต้ง,0.6588
+tam🕊️,⚽,0.6656
+tam🕊️,⠀ ⠀ ⠀ ⠀ ⠀᠌,1.0
+tam🕊️,レザ,0.6953
+tam🕊️,𝕱_v2,0.6794
+tam🕊️,🌵dnd's_mom🌵,0.7373
+tam🕊️,🐚🫧🪩,0.6505
+tam🕊️,🕸,0.675
-biifavvboy☆,_____avznocure🇦🇱,1.0
-biifavvboy☆,aboutdan,0.6658
-biifavvboy☆,aqiel tsany,0.6651
-biifavvboy☆,azziffsyazly@ official.,0.7861
-biifavvboy☆,bayzz444,0.8216
-biifavvboy☆,biann,0.6699
-biifavvboy☆,byy🌊,0.7163
-biifavvboy☆,capcipcup🕊️,0.6901
-biifavvboy☆,c✌🏻tur🌊,0.691
-biifavvboy☆,deeka ada e nya,0.6535
-biifavvboy☆,deni,0.6951
-biifavvboy☆,dhafin &aja (@#),1.0
-biifavvboy☆,dip_16,0.7361
-biifavvboy☆,dvaaa,0.7397
-biifavvboy☆,fahri..☘️☘️,0.6951
-biifavvboy☆,gntaa,0.8511
-biifavvboy☆,ini blue🔵💨,0.6792
-biifavvboy☆,jok,0.7616
-biifavvboy☆,joller🇦🇱,1.0
-biifavvboy☆,king persija,0.6614
-biifavvboy☆,na.,0.7034
-biifavvboy☆,naufabyktsr,0.7141
-biifavvboy☆,ngọc,0.6766
-biifavvboy☆,noellnr🍒,0.664
-biifavvboy☆,nyong,1.0
-biifavvboy☆,n⭐👽,0.7036
-biifavvboy☆,p1n,0.7111
-biifavvboy☆,panglima boncoz,0.6935
-biifavvboy☆,parell✈️💤,1.0
-biifavvboy☆,pikaars?,0.6784
-biifavvboy☆,proo,1.0
-biifavvboy☆,rass.,1.0
-biifavvboy☆,rehan.aj,0.6581
-biifavvboy☆,ristiana08,0.7401
-biifavvboy☆,rmdn,0.6521
-biifavvboy☆,sestu,0.7616
-biifavvboy☆,sucilestaripp_08,0.7099
-biifavvboy☆,syakila pbg,0.7616
-biifavvboy☆,syaqella,0.7401
-biifavvboy☆,tll,0.712
-biifavvboy☆,wong gringsing,0.7616
-biifavvboy☆,y🅰️hya?,0.7361
-biifavvboy☆,ziee_1901,0.6669
-biifavvboy☆,~~boyszzarddd~~ardboysss🇦🇱🪩,0.7141
-biifavvboy☆,່,1.0
-biifavvboy☆,✧-ta_kepkat,0.8176
-biifavvboy☆,❤️💛💚,0.918
-biifavvboy☆,ꦲꦼꦤ꧀ꦝꦺꦴꦱ꧀,0.6822
-biifavvboy☆,𝑦𝑦𝑦𝑦,0.7361
-biifavvboy☆,𝔅𝔩𝔲𝔢𝔢𝔅𝔬𝔬𝔰𝔱 💨💫,0.8671
-biifavvboy☆,"𝖂𝖍𝖔'𝕾,𝕭𝖗𝖆𝖓රධ",0.6749
-biifavvboy☆,𝗕𝗠𝗞𝗚,1.0
-biifavvboy☆,𝘁𝗿ē𝗻𝗱à𝗻𝘇𝘅,1.0
-biifavvboy☆,💫,0.6605
-biifavvboy☆,🔥theeam3ll⚡,0.8173
-fladookw,-kinderjoy🪐,0.6917
-fladookw,-🫩-,0.8206
-fladookw,030924,0.6686
-fladookw,10+11=21,0.6644
-fladookw,1234lvinnn,0.6559
-fladookw,14,0.6518
-fladookw,198,0.6687
-fladookw,27,0.6979
-fladookw,@indah e noe🌻,0.7063
-fladookw,@l,0.7004
-fladookw,_mhmmdrifq15,0.6906
-fladookw,afta,0.6646
-fladookw,agsdwh,0.6719
-fladookw,agungsaja v2,0.6941
-fladookw,ajmilllllll267,0.7492
-fladookw,aku siapa????,0.6584
-fladookw,aldo.,0.7557
-fladookw,alip ajee🌊,0.7179
-fladookw,amriajahh,0.7145
-fladookw,andi★_★№,0.7184
-fladookw,anisatul,0.6734
-fladookw,anzzbut🐊,0.6701
-fladookw,arkanan,0.7004
-fladookw,arz👾🪄,0.6624
-fladookw,atbqu25,0.6804
-fladookw,ayurahayu,0.7357
-fladookw,aziz,0.6924
-fladookw,b,0.6635
-fladookw,bluestar,0.7145
-fladookw,bowo prast,0.6801
-fladookw,bowoo,0.6569
-fladookw,b★vanss,0.7083
-fladookw,b🕸️,0.6976
-fladookw,cahyoo☄️,0.6934
-fladookw,chell28,0.6675
-fladookw,chelll,0.6515
-fladookw,cingire dava,0.6606
-fladookw,cionnnn➰,0.69
-fladookw,dhellaxriigod,0.6658
-fladookw,dimzz.stecu(setelan.cuwek💢🥶),0.6949
-fladookw,dly,0.6679
-fladookw,dwi reny makmoy makm,0.6768
-fladookw,dân stfu⸸,0.6971
-fladookw,dín dlgk?,0.6833
-fladookw,dɹısɐɐɐ,0.6758
-fladookw,er,0.6721
-fladookw,fafang🕷️,0.7225
-fladookw,febriansyah,0.6788
-fladookw,ffi🕷️,0.6519
-fladookw,hii i'm bayy.,0.6508
-fladookw,hilman,0.6756
-fladookw,hyan,0.6617
-fladookw,hαpiz_boyss⚡,0.6661
-fladookw,i,0.6817
-fladookw,ibunya ragaf,0.6775
-fladookw,ifaashion.id,0.7328
-fladookw,ig : d4haas.👾,0.6637
-fladookw,ikhsan hair,0.7259
-fladookw,im.p4yeng!!,0.7027
-fladookw,javrr⚡,0.7479
-fladookw,jun santuy,0.6932
-fladookw,juvvv,0.6761
-fladookw,kang bahar,0.6752
-fladookw,keee keee,0.6664
-fladookw,kelzy24,0.7937
-fladookw,kin_💫,0.659
-fladookw,kruxill🎃,0.7043
-fladookw,l3o m,0.6844
-fladookw,lah iya,0.6624
-fladookw,lah?kenapa?,0.7069
-fladookw,lele_byakar@gmail.comm,0.6928
-fladookw,lihgal18,0.6957
-fladookw,mas_dawet,0.6513
-fladookw,mawar hitam 🌹🗡️,0.7145
-fladookw,mawarr,0.6588
-fladookw,mbahnya nafisha dan sava,0.6949
-fladookw,mengomentari postingan anda,0.7586
-fladookw,mhrullam,0.6776
-fladookw,nadhiff👾,0.689
-fladookw,ndre4you,0.7049
-fladookw,nggaaa,0.6632
-fladookw,nino,0.6722
-fladookw,nobody,0.7184
-fladookw,nur fadil,0.6975
-fladookw,nuuuu,0.6701
-fladookw,nuuuuu,0.6766
-fladookw,ol²²oy,0.7129
-fladookw,pak haji sara,0.7078
-fladookw,patirrrv2🖤,0.6767
-fladookw,pisangambon,0.6825
-fladookw,praditailhm_,0.6842
-fladookw,princess 💅,0.662
-fladookw,put,0.7099
-fladookw,qila012,0.6763
-fladookw,raf,0.6863
-fladookw,rahmanpru,0.6653
-fladookw,regialparij,0.7017
-fladookw,ryy_,0.6795
-fladookw,rℹ️k🅾️🅾️🅾️,0.7564
-fladookw,samshl_22,0.6742
-fladookw,sara ariska,0.6627
-fladookw,satria 🙌,0.6911
-fladookw,satyaa ✦,0.6698
-fladookw,scc winoww,0.6695
-fladookw,secccfldsuuu21,0.6632
-fladookw,sendiiisen©📍,0.6808
-fladookw,si kucing,0.7302
-fladookw,sopo》,0.7558
-fladookw,stecu💤,0.6552
-fladookw,syaf__👾👾,0.7448
-fladookw,talasku99,0.7064
-fladookw,tam,0.6753
-fladookw,teteh_jawa,0.7338
-fladookw,the last good man,0.7132
-fladookw,tofik.putra17,0.6879
-fladookw,upin🐼,0.6724
-fladookw,uuppio,0.6563
-fladookw,varkon🚀🚀,0.6545
-fladookw,viann,0.6861
-fladookw,vittss..,0.7168
-fladookw,wzrd,0.6962
-fladookw,yyy,0.7198
-fladookw,zaall,0.6668
-fladookw,zaka.ya,0.653
-fladookw,zazamm,0.6867
-fladookw,zppcx,0.6631
-fladookw,zrill💥,0.7736
-fladookw,ɴᴀᴛ,0.6935
-fladookw,˚ ༘ 🦕𖦹⋆｡˚,0.655
-fladookw,★,0.654
-fladookw,☝️👌👌cc,0.7158
-fladookw,⛓️,0.6629
-fladookw,️dika_sajah,0.676
-fladookw,￴￴,0.6652
-fladookw,𝕳𝕬𝕴𝕶𝕬𝕷 𝖁1,0.6749
-fladookw,𝙡𝙚𝙣𝙜,0.7001
-fladookw,𝙾𝚛𝚢𝚣𝚊 𝚂𝚊𝚝𝚒𝚟𝚊 🌾,0.6646
-fladookw,👻hsb👻,0.6782
-fladookw,👾,0.6766
-fladookw,💋,0.665
-fladookw,🕊,0.7352
-jaa,27,0.7309
-jaa,_fahmi1111,0.661
-jaa,_𝕗 𝕕 𝟙 𝕃-𝟚𝟝,0.6706
-jaa,a,0.6599
-jaa,agnggfck🇦🇱🇦🇱,0.6846
-jaa,akaa,0.669
-jaa,aku rangerti,0.6963
-jaa,arkanan,0.6522
-jaa,arul empat huruf,0.707
-jaa,ayas hafddz,0.6811
-jaa,bagasmorgan,0.7108
-jaa,balzz,0.6686
-jaa,bang duttz,0.6763
-jaa,bimbim,0.6705
-jaa,b★vanss,0.6586
-jaa,cahyoo☄️,0.6974
-jaa,cionnnn➰,0.6512
-jaa,fann,0.6769
-jaa,genzzz,0.6945
-jaa,im.p4yeng!!,0.6756
-jaa,k  for  kami'el,0.669
-jaa,kib3nk_ta,0.6731
-jaa,kojek,0.6904
-jaa,laris manis store,0.668
-jaa,mas eng69,0.6552
-jaa,mhrullam,0.6777
-jaa,muhammadchilung,0.6898
-jaa,nadhiff👾,0.6539
-jaa,narti,0.6544
-jaa,nnaann🔫,0.6743
-jaa,náátzy.,0.6684
-jaa,pisangambon,0.6914
-jaa,rempeyek_500🌊,0.6744
-jaa,rndra,0.6715
-jaa,rpk1,0.6778
-jaa,ryy_,0.6637
-jaa,rℹ️k🅾️🅾️🅾️,0.6643
-jaa,s u m m e r .,0.6756
-jaa,satria 🙌,0.6835
-jaa,sazz,0.6677
-jaa,tam,0.6627
-jaa,tofik.putra17,0.6782
-jaa,user7098643456,0.6614
-jaa,ws🪩,0.7186
-jaa,z4kk🇦🇱🇦🇱,0.7392
-jaa,zrill🇦🇱🇦🇱,0.682
-jaa,ɴᴀᴛ,0.6738
-jaa,˚ ༘ 🦕𖦹⋆｡˚,0.6508
-jaa,فەیزال,0.701
-jaa,เςคภ,0.6589
-jaa,ᴘɪᴋᴀғʀɪᴇᴅᴄʜɪᴄᴋᴇɴ,0.6504
-jaa,✧saged🌊,0.7014
-jaa,꧁epep꧂,0.7129
-jaa,￴,0.6896
-jaa,𝕶𝖞𝖓𝖟𝖟,0.6661
-jaa,𝙖𝙩𝙨𝙨,0.6664
-justdilllzz,@cowok.gendut.com,0.7107
-justdilllzz,a r j a☘️,0.716
-justdilllzz,ambaedits,0.6705
-justdilllzz,aneppp✨,0.6923
-justdilllzz,axsa,0.82
-justdilllzz,cen,0.6861
-justdilllzz,cyy,0.6654
-justdilllzz,danzz,0.6652
-justdilllzz,dea,0.6538
-justdilllzz,do,0.676
-justdilllzz,glowupbareng.id,0.665
-justdilllzz,granddream,0.7086
-justdilllzz,jarot bae,0.6579
-justdilllzz,kall,0.6641
-justdilllzz,kizy🇦🇱,0.691
-justdilllzz,mamaz ap,0.6788
-justdilllzz,nayor,0.6536
-justdilllzz,nha_nha88,0.6871
-justdilllzz,patrick bateman,0.67
-justdilllzz,putra barepjr,0.7293
-justdilllzz,r e t z,0.6652
-justdilllzz,ririss,0.6999
-justdilllzz,saitama.botak6,0.7088
-justdilllzz,sandhi686,0.692
-justdilllzz,spilloutfittrendy,0.6644
-justdilllzz,tem - tem★★★,0.679
-justdilllzz,tole bf official316,0.7808
-justdilllzz,wong kene bae,0.6839
-justdilllzz,"wong""plosok",0.6913
-justdilllzz,| ig : @aseprmadanni,0.6712
-justdilllzz,ℒ𝓊𝓬𝓴𝔂,0.6591
-justdilllzz,🆘,0.7113
-justdilllzz,💥,0.7162
-kinderjoy🪐,..........🇦🇱🇦🇱,0.8048
-kinderjoy🪐,0%,0.6832
-kinderjoy🪐,030924,0.6751
-kinderjoy🪐,10+11=21,0.7915
-kinderjoy🪐,198,0.7598
-kinderjoy🪐,27,0.7003
-kinderjoy🪐,445,0.6738
-kinderjoy🪐,??,0.7035
-kinderjoy🪐,@4rdhy,0.6515
-kinderjoy🪐,@l,0.7281
-kinderjoy🪐,_.akbbrrr,0.7535
-kinderjoy🪐,_𝕗 𝕕 𝟙 𝕃-𝟚𝟝,0.77
-kinderjoy🪐,abas bae,0.7423
-kinderjoy🪐,abay,0.6557
-kinderjoy🪐,about you,0.7015
-kinderjoy🪐,agnggfck🇦🇱🇦🇱,0.66
-kinderjoy🪐,ajmilllllll267,0.6707
-kinderjoy🪐,alakaee,0.7038
-kinderjoy🪐,alfri_❄❄❄,0.6833
-kinderjoy🪐,amriajahh,0.6929
-kinderjoy🪐,anna,0.7172
-kinderjoy🪐,antika24♊,0.6602
-kinderjoy🪐,anzzbut🐊,0.748
-kinderjoy🪐,aris fd,0.6559
-kinderjoy🪐,arkanan,0.7829
-kinderjoy🪐,arul empat huruf,0.6679
-kinderjoy🪐,ayas hafddz,0.7024
-kinderjoy🪐,ayurahayu,0.6547
-kinderjoy🪐,aziz,0.7192
-kinderjoy🪐,b saja 👀,0.8448
-kinderjoy🪐,bagasmorgan,0.6951
-kinderjoy🪐,balzz,0.6943
-kinderjoy🪐,betmenn🦸,0.8099
-kinderjoy🪐,bilyy⁰²,0.6835
-kinderjoy🪐,bimbim,0.6724
-kinderjoy🪐,bluestar,0.6929
-kinderjoy🪐,bogel osle,0.6538
-kinderjoy🪐,b★vanss,0.6596
-kinderjoy🪐,cahyoo☄️,0.7193
-kinderjoy🪐,cantika deni,0.7723
-kinderjoy🪐,celukbae abid 😃😁@?,0.7817
-kinderjoy🪐,cingire dava,0.6983
-kinderjoy🪐,cionnnn➰,0.8217
-kinderjoy🪐,d4nnnnn23_4,0.7042
-kinderjoy🪐,danii,0.7256
-kinderjoy🪐,danu.,0.7888
-kinderjoy🪐,dhanadut_bae16💤,0.7174
-kinderjoy🪐,dhellaxriigod,0.7315
-kinderjoy🪐,dilahhh,0.7809
-kinderjoy🪐,donz2nd,0.7324
-kinderjoy🪐,dubidubidam5,0.7276
-kinderjoy🪐,dwi reny makmoy makm,0.8057
-kinderjoy🪐,dwk,0.7371
-kinderjoy🪐,dân stfu⸸,0.663
-kinderjoy🪐,dɹısɐɐɐ,0.907
-kinderjoy🪐,edhy soekamto,0.7514
-kinderjoy🪐,ens,0.8197
-kinderjoy🪐,er,0.67
-kinderjoy🪐,espede racing,0.719
-kinderjoy🪐,faaa12,0.7456
-kinderjoy🪐,faiqqqqqqq,0.6838
-kinderjoy🪐,fann,0.662
-kinderjoy🪐,farrel,0.756
-kinderjoy🪐,ffi🕷️,0.8522
-kinderjoy🪐,fikaa,0.6559
-kinderjoy🪐,genjur,0.7921
-kinderjoy🪐,genzzz,0.6731
-kinderjoy🪐,hamzzstecu,0.6735
-kinderjoy🪐,hermanto,0.6546
-kinderjoy🪐,hpiss,0.6882
-kinderjoy🪐,hαpiz_boyss⚡,0.6538
-kinderjoy🪐,ibunya ragaf,0.6874
-kinderjoy🪐,ig : d4haas.👾,0.7223
-kinderjoy🪐,ikhsan hair,0.6756
-kinderjoy🪐,im.p4yeng!!,0.7375
-kinderjoy🪐,inieidan,0.6748
-kinderjoy🪐,jagoan orangtua,0.7236
-kinderjoy🪐,javrr⚡,0.7659
-kinderjoy🪐,jdr,0.6644
-kinderjoy🪐,jepri night🦸,0.8371
-kinderjoy🪐,juvvv,0.6589
-kinderjoy🪐,kian santang,0.7173
-kinderjoy🪐,kib3nk_ta,0.6527
-kinderjoy🪐,"kicau mania""😷✌",0.6795
-kinderjoy🪐,kin_💫,0.6549
-kinderjoy🪐,kkpann!,0.7347
-kinderjoy🪐,kojek,0.7408
-kinderjoy🪐,kruxill🎃,0.6918
-kinderjoy🪐,l4nkk,0.6929
-kinderjoy🪐,lah iya,0.671
-kinderjoy🪐,lah?kenapa?,0.7463
-kinderjoy🪐,lele_byakar@gmail.comm,0.6899
-kinderjoy🪐,leo,0.6517
-kinderjoy🪐,lihgal18,0.6892
-kinderjoy🪐,masayu,0.7895
-kinderjoy🪐,mawar hitam 🌹🗡️,0.6929
-kinderjoy🪐,mhrullam,0.709
-kinderjoy🪐,mmmmm,0.6924
-kinderjoy🪐,mommy bibiel,0.6977
-kinderjoy🪐,muhammadchilung,0.7341
-kinderjoy🪐,mvinta,0.7436
-kinderjoy🪐,naa_,0.6847
-kinderjoy🪐,nadhiff👾,0.7121
-kinderjoy🪐,nar setecu🌀💤🌊,0.6594
-kinderjoy🪐,narti,0.6502
-kinderjoy🪐,narzz🌊🌊,0.6677
-kinderjoy🪐,neyymar kee jakarta,0.6582
-kinderjoy🪐,nino,0.6747
-kinderjoy🪐,nnaann🔫,0.7477
-kinderjoy🪐,nobody,0.7227
-kinderjoy🪐,ol²²oy,0.6516
-kinderjoy🪐,orensport,0.6512
-kinderjoy🪐,p4tooookkkk,0.7062
-kinderjoy🪐,padil,0.766
-kinderjoy🪐,pangeran k,0.6884
-kinderjoy🪐,pip2nd🧿,0.7391
-kinderjoy🪐,pisangambon,0.78
-kinderjoy🪐,piscesmod,0.6546
-kinderjoy🪐,praditailhm_,0.6706
-kinderjoy🪐,put,0.8737
-kinderjoy🪐,qila012,0.6617
-kinderjoy🪐,rahmat kartolo,0.6999
-kinderjoy🪐,regialparij,0.6775
-kinderjoy🪐,rempeyek_500🌊,0.7368
-kinderjoy🪐,rfky,0.7176
-kinderjoy🪐,rijakipp,0.7329
-kinderjoy🪐,rivann.ahah,0.7003
-kinderjoy🪐,rpk1,0.7742
-kinderjoy🪐,rℹ️k🅾️🅾️🅾️,0.7167
-kinderjoy🪐,s u m m e r .,0.677
-kinderjoy🪐,safi,0.6581
-kinderjoy🪐,satria 🙌,0.7775
-kinderjoy🪐,satyaa ✦,0.7359
-kinderjoy🪐,scc winoww,0.652
-kinderjoy🪐,secccfldsuuu21,0.6526
-kinderjoy🪐,sendiiisen©📍,0.7009
-kinderjoy🪐,set? iy syng,0.7022
-kinderjoy🪐,si kucing,0.7709
-kinderjoy🪐,single era,0.671
-kinderjoy🪐,sleep the saunt,0.7466
-kinderjoy🪐,stecu💤,0.7705
-kinderjoy🪐,syaf__👾👾,0.6889
-kinderjoy🪐,talasku99,0.6573
-kinderjoy🪐,tam,0.6883
-kinderjoy🪐,tangrajinngaji,0.7428
-kinderjoy🪐,teteh_jawa,0.6966
-kinderjoy🪐,tofik.putra17,0.754
-kinderjoy🪐,user13463#457344,0.7004
-kinderjoy🪐,user7098643456,0.7356
-kinderjoy🪐,van pablo,0.7242
-kinderjoy🪐,vanooo,0.6575
-kinderjoy🪐,viann,0.7081
-kinderjoy🪐,vittss..,0.7043
-kinderjoy🪐,vnn$fomo,0.6868
-kinderjoy🪐,wiindoc,0.6537
-kinderjoy🪐,wong elek,0.6899
-kinderjoy🪐,wongwonganmumet,0.8163
-kinderjoy🪐,ws🪩,0.7365
-kinderjoy🪐,wzrd,0.8072
-kinderjoy🪐,yanuar,0.6995
-kinderjoy🪐,yesakiw,0.7159
-kinderjoy🪐,yyy,0.6823
-kinderjoy🪐,y💥💯                😛,0.735
-kinderjoy🪐,z4kk🇦🇱🇦🇱,0.7962
-kinderjoy🪐,zaall,0.7663
-kinderjoy🪐,zain,0.7629
-kinderjoy🪐,zaka.ya,0.7207
-kinderjoy🪐,zeniperr,0.7708
-kinderjoy🪐,zppcx,0.6632
-kinderjoy🪐,zrill🇦🇱🇦🇱,0.7647
-kinderjoy🪐,ɴᴀᴛ,0.7004
-kinderjoy🪐,˚ ༘ 🦕𖦹⋆｡˚,0.7072
-kinderjoy🪐,فەیزال,0.7149
-kinderjoy🪐,เςคภ,0.7179
-kinderjoy🪐,™.yunz ★ 447.¥,0.711
-kinderjoy🪐,⋇⋆✦chelsea ♛┈⛧♡,0.6771
-kinderjoy🪐,★,0.7133
-kinderjoy🪐,☝️👌👌cc,0.6536
-kinderjoy🪐,✧saged🌊,0.6705
-kinderjoy🪐,ザキ・アルディアンシア,0.6624
-kinderjoy🪐,꧁epep꧂,0.6887
-kinderjoy🪐,윙고🇲🇨🇰🇷,0.7384
-kinderjoy🪐,️dika_sajah,0.8364
-kinderjoy🪐,￴,0.7929
-kinderjoy🪐,￴￴,0.6914
-kinderjoy🪐,𝐫𝐢𝐝𝐨𝐨🕊️,0.7117
-kinderjoy🪐,𝕳𝕬𝕴𝕶𝕬𝕷 𝖁1,0.665
-kinderjoy🪐,𝙋𝙍𝙄𝙉𝘾𝙀 15,0.6523
-kinderjoy🪐,𝙖𝙩𝙨𝙨,0.6838
-kinderjoy🪐,𝙡𝙚𝙣𝙜,0.7422
-kinderjoy🪐,𝙧𝙖𝙙𝙚𝙣𝙣𝙠𝙪𝙘𝙞𝙩𝙩🌊,0.7052
-kinderjoy🪐,💋,0.8317
-kinderjoy🪐,🔴⚪,0.6856
-kinderjoy🪐,🕊,0.7754
-kinderjoy🪐,😡,0.7686
-🫩-,.....🪸🐚☆putzzz☆🐚🪸.....,0.7359
-🫩-,1234lvinnn,0.7004
-🫩-,27,0.6509
-🫩-,42,0.6632
-🫩-,@l,0.6753
-🫩-,abay,0.6516
-🫩-,afta,0.6625
-🫩-,agsdwh,0.6591
-🫩-,agungsaja v2,0.6782
-🫩-,ajmilllllll267,0.6727
-🫩-,aldo.,0.8257
-🫩-,alfri_❄❄❄,0.6575
-🫩-,alip ajee🌊,0.6932
-🫩-,amriajahh,0.6975
-🫩-,andi★_★№,0.8468
-🫩-,anggitaaaaaa❤️‍🔥,0.6658
-🫩-,anisatul,0.6964
-🫩-,aqila misha,0.6639
-🫩-,atbqu25,0.6786
-🫩-,ayurahayu,0.7701
-🫩-,aziz,0.6653
-🫩-,b4ng_zam,0.7253
-🫩-,bluestar,0.6975
-🫩-,b★vanss,0.6753
-🫩-,b🕸️,0.6878
-🫩-,caaa,0.6524
-🫩-,danzzz,0.7351
-🫩-,dly,0.813
-🫩-,dân stfu⸸,0.7182
-🫩-,fafang🕷️,0.7482
-🫩-,faiz,0.671
-🫩-,hermanto,0.6688
-🫩-,hilman,0.8129
-🫩-,hpiss,0.6602
-🫩-,ibunya ragaf,0.7177
-🫩-,idk,0.6528
-🫩-,ifaashion.id,0.7
-🫩-,ig :_17rrif★,0.6537
-🫩-,ikhsan hair,0.6583
-🫩-,javrr⚡,0.6921
-🫩-,jun santuy,0.8158
-🫩-,juvvv,0.7043
-🫩-,"kaa,a",0.6536
-🫩-,kaji,0.6682
-🫩-,keee keee,0.6977
-🫩-,kelzy24,0.747
-🫩-,kruxill🎃,0.6664
-🫩-,kuwi4526,0.6646
-🫩-,l3o m,0.7447
-🫩-,l4ngz_strong,0.6758
-🫩-,lah iya,0.6962
-🫩-,lele_byakar@gmail.comm,0.6949
-🫩-,mawar hitam 🌹🗡️,0.6975
-🫩-,mbahnya nafisha dan sava,0.7719
-🫩-,mbuhsapa🤥,0.6537
-🫩-,mengomentari postingan anda,0.8387
-🫩-,mynnn,0.8172
-🫩-,naufabyktsr,0.688
-🫩-,nick!!!,0.7208
-🫩-,nobody,0.7045
-🫩-,nur fadil,0.7355
-🫩-,nuuuuu,0.7144
-🫩-,ol²²oy,0.6671
-🫩-,pak haji sara,0.7947
-🫩-,patirrrv2🖤,0.6771
-🫩-,pecey yeye,0.6758
-🫩-,praditailhm_,0.6642
-🫩-,princess 💅,0.675
-🫩-,qila012,0.6965
-🫩-,r4ndsyh,0.667
-🫩-,raf,0.671
-🫩-,rahmanpru,0.6811
-🫩-,rzl,0.6618
-🫩-,rℹ️k🅾️🅾️🅾️,0.7253
-🫩-,samshl_22,0.6671
-🫩-,satria 🙌,0.6713
-🫩-,scc winoww,0.6943
-🫩-,scc.,0.7059
-🫩-,secccfldsuuu21,0.6794
-🫩-,septiana,0.6527
-🫩-,si kucing,0.6583
-🫩-,sopo》,0.8166
-🫩-,teteh_jawa,0.6589
-🫩-,tinnyee,0.6822
-🫩-,upin🐼,0.6659
-🫩-,username12375,0.6594
-🫩-,uuppio,0.6765
-🫩-,varkon🚀🚀,0.6578
-🫩-,viann,0.657
-🫩-,wh0,0.6683
-🫩-,wzrd,0.6541
-🫩-,yogaaa21,0.6971
-🫩-,yyy,0.6678
-🫩-,zain,0.6608
-🫩-,zaka.ya,0.6588
-🫩-,zannn,0.6589
-🫩-,zazamm,0.7232
-🫩-,zrill💥,0.854
-🫩-,~~boyszzarddd~~ardboysss🇦🇱🪩,0.688
-🫩-,▪️,0.7017
-🫩-,☝️👌👌cc,0.6849
-🫩-,𝕳𝕬𝕴𝕶𝕬𝕷 𝖁1,0.6846
-🫩-,𝘿𝙚𝙣,0.7496
-🫩-,𝙡𝙚𝙣𝙜,0.661
-🫩-,𝙾𝚛𝚢𝚣𝚊 𝚂𝚊𝚝𝚒𝚟𝚊 🌾,0.6625
-🫩-,🏴󠁧󠁢󠁥󠁮󠁧󠁿🏴󠁧󠁢󠁥󠁮󠁧󠁿,0.6796
-🫩-,🐦,0.6902
-🫩-,👻hsb👻,0.7847
-🫩-,👾,0.7144
-🫩-,🕊,0.718
-🫩-,🧋,0.6835
.,14,0.6903
.,25,0.6589
.,?.,0.6602
.,abas bae,0.6665
.,agnggfck🇦🇱🇦🇱,0.6874
.,alakaee,0.7098
.,alip ajee🌊,0.6701
.,al🌠,0.7603
.,anzzbut🐊,0.6685
.,aton bae🚀🚀,0.7083
.,ayas hafddz,0.6705
.,b,0.6749
.,bogel osle,0.6651
.,cingire dava,0.6754
.,d4nnnnn23_4,0.6827
.,donz2nd,0.6619
.,dvindylndra,0.6552
.,faiqqqqqqq,0.6514
.,fens nasa 🇺🇸🚀,0.6761
.,fikaa,0.6709
.,fi🅰️n6️⃣,0.7583
.,g,0.7117
.,genzzz,0.7087
.,gtww,0.6829
.,hii i'm bayy.,0.7024
.,inieidan,0.7471
.,"kicau mania""😷✌",0.704
.,mmmmm,0.6743
.,narzz🌊🌊,0.6684
.,oz_,0.686
.,r,0.7839
.,raf,0.6518
.,rafyy😹,0.7197
.,rimzsukaessedoublechange🤤,0.6588
.,safi,0.6501
.,tam,0.6807
.,vittss..,0.6713
.,wiindoc,0.6818
.,wiwut,0.6862
.,wo,0.6547
.,ws🪩,0.7007
.,zarr★,0.7053
.,⋇⋆✦chelsea ♛┈⛧♡,0.7197
.,ザキ・アルディアンシア,0.6587
.,윙고🇲🇨🇰🇷,0.7611
.,￴￴,0.6698
.,𝘼𝙇𝙃𝘼𝙆𝙄𝙈𝙕,0.657
.,𝙋𝙍𝙄𝙉𝘾𝙀 15,0.6915
.,𝙡𝙚𝙣𝙜,0.6782
.,𝙧𝙖𝙙𝙚𝙣𝙣𝙠𝙪𝙘𝙞𝙩𝙩🌊,0.6728
.,🐣,0.7856
.,🕊,0.6527
.,🥷,0.6969
...,030924,0.6958
...,10+11=21,0.6753
...,1234lvinnn,0.7796
...,198,0.6679
...,25,0.6524
...,27,0.7108
...,42,0.6965
...,445,0.6804
...,4hs3n,0.7101
...,@indah e noe🌻,0.6918
...,@l,0.693
...,_mhmmdrifq15,0.7181
...,_𝕗 𝕕 𝟙 𝕃-𝟚𝟝,0.6538
...,abay,0.7431
...,afta,0.6695
...,agungsaja v2,0.687
...,alexxxx,0.6616
...,alfisaktiawan,0.6974
...,alfri_❄❄❄,0.7813
...,alip ajee🌊,0.7116
...,amriajahh,0.7341
...,anggitaaaaaa❤️‍🔥,0.6729
...,anisatul,0.6805
...,aqila misha,0.7371
...,ar,0.6735
...,arkhnraalfano,0.7301
...,athar aurellio,0.7805
...,ayurahayu,0.6526
...,aziz,0.6562
...,b,0.6815
...,balzz,0.7765
...,bluestar,0.7341
...,bowo prast,0.6817
...,b★vanss,0.79
...,b🕸️,0.7066
...,caaa,0.7109
...,cahyoo☄️,0.6518
...,chell28,0.7264
...,chelll,0.7208
...,cingire dava,0.6796
...,danu.,0.6517
...,dennbaee,0.6889
...,dilzz v2,0.6738
...,dimzz.stecu(setelan.cuwek💢🥶),0.7317
...,donz2nd,0.7432
...,dwk,0.6779
...,dân stfu⸸,0.7058
...,dín dlgk?,0.663
...,el smile,0.6651
...,espede racing,0.6793
...,fakri,0.6867
...,farrel,0.675
...,fcknzzshit_,0.6787
...,finzz★,0.6524
...,frzardtyaalvro,0.7488
...,f⚡,0.6566
...,g,0.6774
...,garangan mulet,0.6621
...,genzzz,0.707
...,hpiss,0.6678
...,hαpiz_boyss⚡,0.7475
...,i,0.6562
...,ibunya ragaf,0.7083
...,ig:4ufa_l,0.7023
...,ikhsan hair,0.6625
...,im.p4yeng!!,0.6716
...,inieidan,0.6544
...,jagoan orangtua,0.6929
...,javrr⚡,0.7216
...,jdr,0.712
...,jesiccaaa,0.7167
...,"kaa,a",0.7079
...,kaji,0.6934
...,kiking,0.6586
...,kin_💫,0.6593
...,kruxill🎃,0.7184
...,kuwi4526,0.6584
...,lah iya,0.7808
...,lah?kenapa?,0.7177
...,lele_byakar@gmail.comm,0.7434
...,lihgal18,0.7045
...,martati,0.653
...,mawar hitam 🌹🗡️,0.7341
...,mengomentari postingan anda,0.673
...,mhrullam,0.6933
...,mka. kka,0.7431
...,muhammadchilung,0.7029
...,mykids,0.7227
...,nadhiff👾,0.7138
...,ndre4you,0.6595
...,nobody,0.7713
...,nuuuu,0.6642
...,nuuuuu,0.6791
...,ol²²oy,0.73
...,p4tooookkkk,0.6889
...,pak haji,0.7495
...,piscesmod,0.6519
...,praditailhm_,0.6816
...,princess 💅,0.677
...,qila012,0.6582
...,rizzstecu✌️,0.6848
...,rzl,0.6549
...,rℹ️k🅾️🅾️🅾️,0.7693
...,safi,0.6593
...,satria 🙌,0.7823
...,scc winoww,0.7529
...,scc.,0.7797
...,secccfldsuuu21,0.7548
...,sendiiisen©📍,0.7298
...,stecu💤,0.7115
...,tam,0.6834
...,taxi barang purwokerto,0.6898
...,theeryoou,0.677
...,tinnyee,0.6952
...,tofik.putra17,0.7184
...,user13463#457344,0.6638
...,va 17hd,0.6704
...,van pablo,0.715
...,vanooo,0.7173
...,viann,0.6899
...,ws🪩,0.6556
...,yaraaayaaaa,0.71
...,yogaaa21,0.7121
...,zaall,0.6624
...,zaka.ya,0.7164
...,zannn,0.6828
...,zazamm,0.725
...,zrill🇦🇱🇦🇱,0.6819
...,àlwàysdip,0.7186
...,ɴᴀᴛ,0.6768
...,˚ ༘ 🦕𖦹⋆｡˚,0.7051
...,فەیزال,0.6515
...,☝️👌👌cc,0.7301
...,♥,0.7044
...,マᥱž𝚊,0.7504
...,윙고🇲🇨🇰🇷,0.66
...,￴ ￴ ￴  ￴ ￴ ￴ ￴ ￴,0.6568
...,￴￴,0.6913
...,𝐫𝐢𝐝𝐨𝐨🕊️,0.7218
...,𝑱𝒖𝒍𝒊𝒂𝒏𝒏𝒏,0.7053
...,𝓝𝓪𝔂𝓵𝓪_𝓓.𝓐,0.6748
...,𝕳𝕬𝕴𝕶𝕬𝕷 𝖁1,0.7389
...,𝘉𝘐 𝔟𝔢𝔫𝔠𝔦 𝔠𝔦𝔫𝔱𝔞~,0.663
...,𝘼𝙇𝙃𝘼𝙆𝙄𝙈𝙕,0.6728
...,𝘿𝙚𝙣,0.7027
...,𝙋𝙍𝙄𝙉𝘾𝙀 15,0.6742
...,𝙡𝙚𝙣𝙜,0.69
...,𝙾𝚛𝚢𝚣𝚊 𝚂𝚊𝚝𝚒𝚟𝚊 🌾,0.6695
...,🐣,0.6645
...,🐦,0.6967
...,👾,0.6791
...,💋,0.6644
...,💩.,0.6638
...,🕊,0.7114
..........🇦🇱🇦🇱,0%,0.6917
..........🇦🇱🇦🇱,021pardanaa,0.7097
..........🇦🇱🇦🇱,10+11=21,0.7541
..........🇦🇱🇦🇱,14,0.6634
..........🇦🇱🇦🇱,198,0.7661
..........🇦🇱🇦🇱,25,0.6919
..........🇦🇱🇦🇱,27,0.6897
..........🇦🇱🇦🇱,42,0.6844
..........🇦🇱🇦🇱,4hs3n,0.6805
..........🇦🇱🇦🇱,??,0.7046
..........🇦🇱🇦🇱,@4rdhy,0.6711
..........🇦🇱🇦🇱,@l,0.7275
..........🇦🇱🇦🇱,@tirtawijaya'87,0.6733
..........🇦🇱🇦🇱,_.akbbrrr,0.8245
..........🇦🇱🇦🇱,_𝕗 𝕕 𝟙 𝕃-𝟚𝟝,0.7817
..........🇦🇱🇦🇱,abas bae,0.7603
..........🇦🇱🇦🇱,about you,0.6567
..........🇦🇱🇦🇱,agnggfck🇦🇱🇦🇱,0.6755
..........🇦🇱🇦🇱,ajmilllllll267,0.667
..........🇦🇱🇦🇱,alakaee,0.7427
..........🇦🇱🇦🇱,alip ajee🌊,0.6589
..........🇦🇱🇦🇱,anna,0.7346
..........🇦🇱🇦🇱,antika24♊,0.7369
..........🇦🇱🇦🇱,anzzbut🐊,0.7166
..........🇦🇱🇦🇱,aris fd,0.7455
..........🇦🇱🇦🇱,arkanan,0.7351
..........🇦🇱🇦🇱,arul empat huruf,0.6913
..........🇦🇱🇦🇱,atbqu25,0.6678
..........🇦🇱🇦🇱,aton bae🚀🚀,0.707
..........🇦🇱🇦🇱,ayas hafddz,0.7
..........🇦🇱🇦🇱,ayurahayu,0.6818
..........🇦🇱🇦🇱,aziz,0.7432
..........🇦🇱🇦🇱,b saja 👀,0.8297
..........🇦🇱🇦🇱,b4ng_zam,0.6502
..........🇦🇱🇦🇱,bagasmorgan,0.6696
..........🇦🇱🇦🇱,balzz,0.6692
..........🇦🇱🇦🇱,betmenn🦸,0.8495
..........🇦🇱🇦🇱,bian aja,0.6826
..........🇦🇱🇦🇱,bilyy⁰²,0.7466
..........🇦🇱🇦🇱,bimbim,0.7118
..........🇦🇱🇦🇱,bogel osle,0.6622
..........🇦🇱🇦🇱,b★vanss,0.6616
..........🇦🇱🇦🇱,cantika deni,0.7814
..........🇦🇱🇦🇱,celukbae abid 😃😁@?,0.7728
..........🇦🇱🇦🇱,chell28,0.7038
..........🇦🇱🇦🇱,chelll,0.674
..........🇦🇱🇦🇱,cingire dava,0.7409
..........🇦🇱🇦🇱,cionnnn➰,0.7631
..........🇦🇱🇦🇱,d4nnnnn23_4,0.7413
..........🇦🇱🇦🇱,danii,0.7107
..........🇦🇱🇦🇱,danu.,0.7268
..........🇦🇱🇦🇱,dhanadut_bae16💤,0.6754
..........🇦🇱🇦🇱,dhellaxriigod,0.7221
..........🇦🇱🇦🇱,dilahhh,0.762
..........🇦🇱🇦🇱,donz2nd,0.7451
..........🇦🇱🇦🇱,dubidubidam5,0.8097
..........🇦🇱🇦🇱,dvindylndra,0.6546
..........🇦🇱🇦🇱,dwi reny makmoy makm,0.7172
..........🇦🇱🇦🇱,dwk,0.7289
..........🇦🇱🇦🇱,dɹısɐɐɐ,0.7884
..........🇦🇱🇦🇱,edhy soekamto,0.7433
..........🇦🇱🇦🇱,ens,0.7709
..........🇦🇱🇦🇱,espede racing,0.7445
..........🇦🇱🇦🇱,ewong...,0.6747
..........🇦🇱🇦🇱,faaa12,0.7932
..........🇦🇱🇦🇱,faiqqqqqqq,0.7102
..........🇦🇱🇦🇱,fann,0.6637
..........🇦🇱🇦🇱,farrel,0.7831
..........🇦🇱🇦🇱,fauzannn,0.6772
..........🇦🇱🇦🇱,febriansyah,0.6712
..........🇦🇱🇦🇱,fens nasa 🇺🇸🚀,0.7053
..........🇦🇱🇦🇱,ffi🕷️,0.8372
..........🇦🇱🇦🇱,fikaa,0.7104
..........🇦🇱🇦🇱,fin.,0.6707
..........🇦🇱🇦🇱,frzardtyaalvro,0.6828
..........🇦🇱🇦🇱,fwarelll123,0.6804
..........🇦🇱🇦🇱,g,0.6662
..........🇦🇱🇦🇱,gatau |✌😜,0.6637
..........🇦🇱🇦🇱,genjur,0.818
..........🇦🇱🇦🇱,genzzz,0.7266
..........🇦🇱🇦🇱,gh4ny1,0.6956
..........🇦🇱🇦🇱,gibr4n😑.,0.6591
..........🇦🇱🇦🇱,hermanto,0.6786
..........🇦🇱🇦🇱,hibban∆,0.6759
..........🇦🇱🇦🇱,hii i'm bayy.,0.6886
..........🇦🇱🇦🇱,ig : d4haas.👾,0.7164
..........🇦🇱🇦🇱,ig:4ufa_l,0.7019
..........🇦🇱🇦🇱,ikhsan hair,0.6749
..........🇦🇱🇦🇱,im.p4yeng!!,0.7751
..........🇦🇱🇦🇱,inieidan,0.7339
..........🇦🇱🇦🇱,jagoan orangtua,0.705
..........🇦🇱🇦🇱,javrr⚡,0.7417
..........🇦🇱🇦🇱,jdr,0.7154
..........🇦🇱🇦🇱,jepri night🦸,0.7864
..........🇦🇱🇦🇱,just friend🙂,0.7643
..........🇦🇱🇦🇱,kian santang,0.7202
..........🇦🇱🇦🇱,kib3nk_ta,0.6825
..........🇦🇱🇦🇱,"kicau mania""😷✌",0.7192
..........🇦🇱🇦🇱,kii,0.6505
..........🇦🇱🇦🇱,kin_💫,0.7279
..........🇦🇱🇦🇱,kkpann!,0.6861
..........🇦🇱🇦🇱,kojek,0.7399
..........🇦🇱🇦🇱,l4nkk,0.6968
..........🇦🇱🇦🇱,lah?kenapa?,0.7203
..........🇦🇱🇦🇱,lele_byakar@gmail.comm,0.6623
..........🇦🇱🇦🇱,masayu,0.7149
..........🇦🇱🇦🇱,mhrullam,0.7603
..........🇦🇱🇦🇱,mmmmm,0.7334
..........🇦🇱🇦🇱,mommy bibiel,0.7393
..........🇦🇱🇦🇱,muhammadchilung,0.8153
..........🇦🇱🇦🇱,mvinta,0.7184
..........🇦🇱🇦🇱,naa_,0.7128
..........🇦🇱🇦🇱,nar setecu🌀💤🌊,0.756
..........🇦🇱🇦🇱,narti,0.6521
..........🇦🇱🇦🇱,narzz🌊🌊,0.6535
..........🇦🇱🇦🇱,neyymar kee jakarta,0.7399
..........🇦🇱🇦🇱,nnaann🔫,0.7497
..........🇦🇱🇦🇱,nobody,0.676
..........🇦🇱🇦🇱,nuuuu,0.6797
..........🇦🇱🇦🇱,oz_,0.7074
..........🇦🇱🇦🇱,p4tooookkkk,0.7587
..........🇦🇱🇦🇱,padil,0.7829
..........🇦🇱🇦🇱,pangeran k,0.7242
..........🇦🇱🇦🇱,pip2nd🧿,0.6739
..........🇦🇱🇦🇱,pisangambon,0.8104
..........🇦🇱🇦🇱,piscesmod,0.7119
..........🇦🇱🇦🇱,praditailhm_,0.6878
..........🇦🇱🇦🇱,put,0.8236
..........🇦🇱🇦🇱,qila012,0.6954
..........🇦🇱🇦🇱,r,0.6554
..........🇦🇱🇦🇱,raffiii162,0.6688
..........🇦🇱🇦🇱,rafyy😹,0.6543
..........🇦🇱🇦🇱,rahmat kartolo,0.6621
..........🇦🇱🇦🇱,regialparij,0.6559
..........🇦🇱🇦🇱,rempeyek_500🌊,0.7136
..........🇦🇱🇦🇱,rfky,0.7664
..........🇦🇱🇦🇱,rijakipp,0.7384
..........🇦🇱🇦🇱,rimzsukaessedoublechange🤤,0.6602
..........🇦🇱🇦🇱,rivann.ahah,0.6659
..........🇦🇱🇦🇱,rpk1,0.7323
..........🇦🇱🇦🇱,rℹ️k🅾️🅾️🅾️,0.6542
..........🇦🇱🇦🇱,s u m m e r .,0.6669
..........🇦🇱🇦🇱,sabitulyz,0.6538
..........🇦🇱🇦🇱,safi,0.6681
..........🇦🇱🇦🇱,satria 🙌,0.7287
..........🇦🇱🇦🇱,satyaa ✦,0.6702
..........🇦🇱🇦🇱,secccfldsuuu21,0.7392
..........🇦🇱🇦🇱,sendiiisen©📍,0.713
..........🇦🇱🇦🇱,set? iy syng,0.7122
..........🇦🇱🇦🇱,si kucing,0.7548
..........🇦🇱🇦🇱,single era,0.7416
..........🇦🇱🇦🇱,sleep the saunt,0.6859
..........🇦🇱🇦🇱,sn0w,0.6549
..........🇦🇱🇦🇱,stecu💤,0.7125
..........🇦🇱🇦🇱,superman,0.663
..........🇦🇱🇦🇱,syaf__👾👾,0.6844
..........🇦🇱🇦🇱,talasku99,0.6718
..........🇦🇱🇦🇱,tam,0.6886
..........🇦🇱🇦🇱,tangrajinngaji,0.6831
..........🇦🇱🇦🇱,taxi barang purwokerto,0.7252
..........🇦🇱🇦🇱,teteh_jawa,0.6927
..........🇦🇱🇦🇱,tofik.putra17,0.7697
..........🇦🇱🇦🇱,ujangkedu,0.6796
..........🇦🇱🇦🇱,user13463#457344,0.7261
..........🇦🇱🇦🇱,user7098643456,0.7376
..........🇦🇱🇦🇱,va 17hd,0.6991
..........🇦🇱🇦🇱,van pablo,0.7521
..........🇦🇱🇦🇱,vanooo,0.6641
..........🇦🇱🇦🇱,viann,0.7169
..........🇦🇱🇦🇱,vittss..,0.7218
..........🇦🇱🇦🇱,wiindoc,0.673
..........🇦🇱🇦🇱,wo,0.6638
..........🇦🇱🇦🇱,wong elek,0.6665
..........🇦🇱🇦🇱,wongwonganmumet,0.7717
..........🇦🇱🇦🇱,ws🪩,0.7696
..........🇦🇱🇦🇱,wzrd,0.7626
..........🇦🇱🇦🇱,yanuar,0.725
..........🇦🇱🇦🇱,yesakiw,0.7068
..........🇦🇱🇦🇱,y💥💯                😛,0.7566
..........🇦🇱🇦🇱,z4kk🇦🇱🇦🇱,0.7868
..........🇦🇱🇦🇱,zaall,0.7018
..........🇦🇱🇦🇱,zain,0.6865
..........🇦🇱🇦🇱,zaka.ya,0.7092
..........🇦🇱🇦🇱,zeniperr,0.7705
..........🇦🇱🇦🇱,zrill🇦🇱🇦🇱,0.7057
..........🇦🇱🇦🇱,ɴᴀᴛ,0.7125
..........🇦🇱🇦🇱,˚ ༘ 🦕𖦹⋆｡˚,0.7364
..........🇦🇱🇦🇱,فەیزال,0.7008
..........🇦🇱🇦🇱,เςคภ,0.7317
..........🇦🇱🇦🇱,™.yunz ★ 447.¥,0.8049
..........🇦🇱🇦🇱,⋇⋆✦chelsea ♛┈⛧♡,0.7385
..........🇦🇱🇦🇱,★,0.7214
..........🇦🇱🇦🇱,ザキ・アルディアンシア,0.676
..........🇦🇱🇦🇱,윙고🇲🇨🇰🇷,0.7475
..........🇦🇱🇦🇱,️dika_sajah,0.8488
..........🇦🇱🇦🇱,￴,0.759
..........🇦🇱🇦🇱,￴ ￴ ￴  ￴ ￴ ￴ ￴ ￴,0.6931
..........🇦🇱🇦🇱,￴￴,0.6963
..........🇦🇱🇦🇱,𝐫𝐢𝐝𝐨𝐨🕊️,0.6832
..........🇦🇱🇦🇱,𝕳𝕬𝕴𝕶𝕬𝕷 𝖁1,0.6994
..........🇦🇱🇦🇱,𝘼𝙇𝙃𝘼𝙆𝙄𝙈𝙕,0.68
..........🇦🇱🇦🇱,𝙋𝙍𝙄𝙉𝘾𝙀 15,0.7383
..........🇦🇱🇦🇱,𝙖𝙩𝙨𝙨,0.7088
..........🇦🇱🇦🇱,𝙡𝙚𝙣𝙜,0.7765
..........🇦🇱🇦🇱,𝙧𝙖𝙙𝙚𝙣𝙣𝙠𝙪𝙘𝙞𝙩𝙩🌊,0.7716
..........🇦🇱🇦🇱,💋,0.7479
..........🇦🇱🇦🇱,🔴⚪,0.6749
..........🇦🇱🇦🇱,🕊,0.7527
..........🇦🇱🇦🇱,😡,0.7055
.....🪸🐚☆putzzz☆🐚🪸.....,1234lvinnn,0.6887
.....🪸🐚☆putzzz☆🐚🪸.....,afta,0.696
.....🪸🐚☆putzzz☆🐚🪸.....,agngg_⚓,0.7122
.....🪸🐚☆putzzz☆🐚🪸.....,aku siapa????,0.6565
.....🪸🐚☆putzzz☆🐚🪸.....,aldo.,0.758
.....🪸🐚☆putzzz☆🐚🪸.....,alfisaktiawan,0.6899
.....🪸🐚☆putzzz☆🐚🪸.....,andi★_★№,0.8148
.....🪸🐚☆putzzz☆🐚🪸.....,anggitaaaaaa❤️‍🔥,0.6524
.....🪸🐚☆putzzz☆🐚🪸.....,aqiel tsany,0.6559
.....🪸🐚☆putzzz☆🐚🪸.....,aqila misha,0.6532
.....🪸🐚☆putzzz☆🐚🪸.....,artati,0.7103
.....🪸🐚☆putzzz☆🐚🪸.....,ayurahayu,0.708
.....🪸🐚☆putzzz☆🐚🪸.....,byy🌊,0.675
.....🪸🐚☆putzzz☆🐚🪸.....,caaa,0.6807
.....🪸🐚☆putzzz☆🐚🪸.....,cupapimunyenyoo,0.6754
.....🪸🐚☆putzzz☆🐚🪸.....,danzzz,0.8005
.....🪸🐚☆putzzz☆🐚🪸.....,deeka ada e nya,0.655
.....🪸🐚☆putzzz☆🐚🪸.....,dilzz v2,0.6582
.....🪸🐚☆putzzz☆🐚🪸.....,dly,0.7924
.....🪸🐚☆putzzz☆🐚🪸.....,edhy soekamto,0.6645
.....🪸🐚☆putzzz☆🐚🪸.....,faiz,0.7744
.....🪸🐚☆putzzz☆🐚🪸.....,garangan mulet,0.7038
.....🪸🐚☆putzzz☆🐚🪸.....,hanipipipip,0.6645
.....🪸🐚☆putzzz☆🐚🪸.....,hilman,0.7903
.....🪸🐚☆putzzz☆🐚🪸.....,hpiss,0.6681
.....🪸🐚☆putzzz☆🐚🪸.....,ig :_17rrif★,0.6728
.....🪸🐚☆putzzz☆🐚🪸.....,ig: ?,0.7384
.....🪸🐚☆putzzz☆🐚🪸.....,ininaufal,0.6575
.....🪸🐚☆putzzz☆🐚🪸.....,inyong,0.7384
.....🪸🐚☆putzzz☆🐚🪸.....,izz_sjlh🀄,0.6765
.....🪸🐚☆putzzz☆🐚🪸.....,jesiccaaa,0.6621
.....🪸🐚☆putzzz☆🐚🪸.....,joviinantaaaa,0.6936
.....🪸🐚☆putzzz☆🐚🪸.....,jun santuy,0.8073
.....🪸🐚☆putzzz☆🐚🪸.....,juvvv,0.6678
.....🪸🐚☆putzzz☆🐚🪸.....,"kaa,a",0.6771
.....🪸🐚☆putzzz☆🐚🪸.....,keee keee,0.7198
.....🪸🐚☆putzzz☆🐚🪸.....,kiking,0.7152
.....🪸🐚☆putzzz☆🐚🪸.....,kuwi4526,0.6658
.....🪸🐚☆putzzz☆🐚🪸.....,l3o m,0.7331
.....🪸🐚☆putzzz☆🐚🪸.....,lah iya,0.6739
.....🪸🐚☆putzzz☆🐚🪸.....,m. rizqi_,0.7188
.....🪸🐚☆putzzz☆🐚🪸.....,masjack3195,0.6942
.....🪸🐚☆putzzz☆🐚🪸.....,mbahnya nafisha dan sava,0.6582
.....🪸🐚☆putzzz☆🐚🪸.....,mbuhsapa🤥,0.6728
.....🪸🐚☆putzzz☆🐚🪸.....,mengomentari postingan anda,0.6576
.....🪸🐚☆putzzz☆🐚🪸.....,muhamad rian,0.6952
.....🪸🐚☆putzzz☆🐚🪸.....,mynnn,0.7069
.....🪸🐚☆putzzz☆🐚🪸.....,na.,0.6601
.....🪸🐚☆putzzz☆🐚🪸.....,naufabyktsr,0.7175
.....🪸🐚☆putzzz☆🐚🪸.....,nick!!!,0.7793
.....🪸🐚☆putzzz☆🐚🪸.....,nuuuuu,0.7329
.....🪸🐚☆putzzz☆🐚🪸.....,n⭐👽,0.6625
.....🪸🐚☆putzzz☆🐚🪸.....,pak haji,0.6536
.....🪸🐚☆putzzz☆🐚🪸.....,pak haji sara,0.7615
.....🪸🐚☆putzzz☆🐚🪸.....,panggil vans✌️,0.7004
.....🪸🐚☆putzzz☆🐚🪸.....,panglima boncoz,0.6911
.....🪸🐚☆putzzz☆🐚🪸.....,pip2nd🧿,0.7305
.....🪸🐚☆putzzz☆🐚🪸.....,r4ndsyh,0.7382
.....🪸🐚☆putzzz☆🐚🪸.....,reendstore,0.7164
.....🪸🐚☆putzzz☆🐚🪸.....,rizzstecu✌️,0.69
.....🪸🐚☆putzzz☆🐚🪸.....,rzl,0.6718
.....🪸🐚☆putzzz☆🐚🪸.....,sabiantiwulariata,0.7297
.....🪸🐚☆putzzz☆🐚🪸.....,sayaangaenii❤️‍🔥,0.7601
.....🪸🐚☆putzzz☆🐚🪸.....,scc.,0.6626
.....🪸🐚☆putzzz☆🐚🪸.....,secccfldsuuu21,0.6512
.....🪸🐚☆putzzz☆🐚🪸.....,sopo》,0.7522
.....🪸🐚☆putzzz☆🐚🪸.....,tinnyee,0.6552
.....🪸🐚☆putzzz☆🐚🪸.....,username12375,0.653
.....🪸🐚☆putzzz☆🐚🪸.....,uuppio,0.7143
.....🪸🐚☆putzzz☆🐚🪸.....,xlx🇮🇲,0.7505
.....🪸🐚☆putzzz☆🐚🪸.....,zain,0.6781
.....🪸🐚☆putzzz☆🐚🪸.....,zainvick_,0.6538
.....🪸🐚☆putzzz☆🐚🪸.....,zazamm,0.7008
.....🪸🐚☆putzzz☆🐚🪸.....,ziee_1901,0.6504
.....🪸🐚☆putzzz☆🐚🪸.....,zrill💥,0.7173
.....🪸🐚☆putzzz☆🐚🪸.....,~~boyszzarddd~~ardboysss🇦🇱🪩,0.7175
.....🪸🐚☆putzzz☆🐚🪸.....,àlwàysdip,0.6501
.....🪸🐚☆putzzz☆🐚🪸.....,▪️,0.7206
.....🪸🐚☆putzzz☆🐚🪸.....,𝓝𝓪𝔂𝓵𝓪_𝓓.𝓐,0.7786
.....🪸🐚☆putzzz☆🐚🪸.....,𝕳𝕬𝕴𝕶𝕬𝕷 𝖁1,0.6523
.....🪸🐚☆putzzz☆🐚🪸.....,𝘿𝙚𝙣,0.6845
.....🪸🐚☆putzzz☆🐚🪸.....,𝙾𝚛𝚢𝚣𝚊 𝚂𝚊𝚝𝚒𝚟𝚊 🌾,0.696
.....🪸🐚☆putzzz☆🐚🪸.....,🐦,0.685
.....🪸🐚☆putzzz☆🐚🪸.....,👻hsb👻,0.7932
.....🪸🐚☆putzzz☆🐚🪸.....,👾,0.7329
.....🪸🐚☆putzzz☆🐚🪸.....,🧋,0.6871
0%,445,0.6938
0%,4hs3n,0.6573
0%,_.akbbrrr,0.6682
0%,_𝕗 𝕕 𝟙 𝕃-𝟚𝟝,0.6782
0%,ajmilllllll267,0.6576
0%,alfri_❄❄❄,0.6573
0%,anjanikusuma,0.6568
0%,aziz,0.6738
0%,b saja 👀,0.6594
0%,balzz,0.6664
0%,betmenn🦸,0.7052
0%,bilyy⁰²,0.6762
0%,bimbim,0.7
0%,bobin,0.7688
0%,cahyoo☄️,0.6812
0%,cantika deni,0.6796
0%,chelll,0.651
0%,danii,0.6814
0%,danu.,0.6758
0%,dhellaxriigod,0.7648
0%,dilahhh,0.679
0%,dubidubidam5,0.6641
0%,dwi reny makmoy makm,0.6692
0%,edhy soekamto,0.7234
0%,ens,0.6572
0%,faaa12,0.6565
0%,fanzz++,0.7003
0%,ffi🕷️,0.6863
0%,frzardtyaalvro,0.6856
0%,genjur,0.6697
0%,hpiss,0.664
0%,ibunya ragaf,0.6894
0%,ig: nan_sgaa,0.6986
0%,im.p4yeng!!,0.7147
0%,javrr⚡,0.6773
0%,kevin,0.6875
0%,kian santang,0.6523
0%,kkpann!,0.6563
0%,lah iya,0.6543
0%,lah?kenapa?,0.6988
0%,masayu,0.6519
0%,mbahnya nafisha dan sava,0.6807
0%,mka. kka,0.6642
0%,muhamad rian,0.6996
0%,nansya ahsh,0.6894
0%,nayor,0.678
0%,nnaann🔫,0.6545
0%,nobody,0.6643
0%,nuuuu,0.6557
0%,padil,0.6608
0%,pak haji,0.6656
0%,pangeran k,0.6659
0%,pip2nd🧿,0.6905
0%,pisangambon,0.6506
0%,piscesmod,0.67
0%,put,0.6526
0%,rfky,0.7063
0%,sabiantiwulariata,0.6805
0%,satria 🙌,0.6681
0%,scc winoww,0.6611
0%,secccfldsuuu21,0.6894
0%,set? iy syng,0.7061
0%,si kucing,0.679
0%,stecu💤,0.6703
0%,taxi barang purwokerto,0.6683
0%,the last good man,0.6628
0%,user7098643456,0.6517
0%,vnn$fomo,0.6742
0%,weird zeze🇩🇪,0.6634
0%,wongwonganmumet,0.6758
0%,yhahaha,0.6631
0%,z4kk🇦🇱🇦🇱,0.7375
0%,zaall,0.6657
0%,zain,0.7263
0%,zannn,0.6929
0%,zeniperr,0.6821
0%,zppcx,0.6663
0%,˚ ༘ 🦕𖦹⋆｡˚,0.6502
0%,™.yunz ★ 447.¥,0.7141
0%,️dika_sajah,0.6529
0%,𝕳𝕬𝕴𝕶𝕬𝕷 𝖁1,0.6545
0%,𝘉𝘐 𝔟𝔢𝔫𝔠𝔦 𝔠𝔦𝔫𝔱𝔞~,0.683
0%,𝙧𝙖𝙙𝙚𝙣𝙣𝙠𝙪𝙘𝙞𝙩𝙩🌊,0.6912
0%,💋,0.7508
0%,🕊,0.6811
0%,😡,0.6511
021pardanaa,14,0.6521
021pardanaa,_𝕗 𝕕 𝟙 𝕃-𝟚𝟝,0.6966
021pardanaa,abas bae,0.667
021pardanaa,alakaee,0.6615
021pardanaa,alzz219,0.6909
021pardanaa,anzzbut🐊,0.6536
021pardanaa,b saja 👀,0.6547
021pardanaa,celukbae abid 😃😁@?,0.6771
021pardanaa,cingire dava,0.6765
021pardanaa,davaaa,0.6693
021pardanaa,ewong...,0.6573
021pardanaa,faaa12,0.6815
021pardanaa,farrel,0.6774
021pardanaa,fens nasa 🇺🇸🚀,0.664
021pardanaa,ffi🕷️,0.6812
021pardanaa,g,0.6644
021pardanaa,genjur,0.7212
021pardanaa,gibr4n😑.,0.6783
021pardanaa,hamzzstecu,0.6733
021pardanaa,inieidan,0.6806
021pardanaa,kian santang,0.6821
021pardanaa,kojek,0.6854
021pardanaa,mmmmm,0.6894
021pardanaa,mommy bibiel,0.6609
021pardanaa,naa_,0.6569
021pardanaa,nar setecu🌀💤🌊,0.7053
021pardanaa,oz_,0.6644
021pardanaa,padil,0.6786
021pardanaa,pisangambon,0.6935
021pardanaa,rpk1,0.6838
021pardanaa,s u m m e r .,0.6841
021pardanaa,single era,0.6949
021pardanaa,superman,0.664
021pardanaa,ujangkedu,0.6615
021pardanaa,wiindoc,0.6687
021pardanaa,ws🪩,0.6542
021pardanaa,yanuar,0.7173
021pardanaa,zarr★,0.7002
021pardanaa,เςคภ,0.6808
021pardanaa,່ ‍ a,0.6626
021pardanaa,⋇⋆✦chelsea ♛┈⛧♡,0.7166
021pardanaa,★,0.6581
021pardanaa,ザキ・アルディアンシア,0.682
021pardanaa,윙고🇲🇨🇰🇷,0.6609
021pardanaa,️dika_sajah,0.6682
021pardanaa,￴￴,0.679
021pardanaa,𝘼𝙇𝙃𝘼𝙆𝙄𝙈𝙕,0.6693
021pardanaa,𝙋𝙍𝙄𝙉𝘾𝙀 15,0.6658
021pardanaa,𝙖𝙩𝙨𝙨,0.694
030924,10+11=21,0.7512
030924,1234lvinnn,0.6731
030924,198,0.7184
030924,27,0.7563
030924,42,0.6828
030924,4hs3n,0.6734
030924,@l,0.7622
030924,_mhmmdrifq15,0.7348
030924,_𝕗 𝕕 𝟙 𝕃-𝟚𝟝,0.6803
030924,abay,0.6797
030924,agsdwh,0.6589
030924,agungsaja v2,0.7039
030924,alakaee,0.6856
030924,alexxxx,0.6578
030924,alfisaktiawan,0.6727
030924,alfri_❄❄❄,0.7153
030924,alip ajee🌊,0.693
030924,amriajahh,0.7252
030924,anisatul,0.7216
030924,anzzbut🐊,0.6546
030924,apel❤️,0.7311
030924,aqila misha,0.652
030924,ar,0.6701
030924,arkhnraalfano,0.7726
030924,athar aurellio,0.7042
030924,ayurahayu,0.6749
030924,aziz,0.6893
030924,b,0.659
030924,b saja 👀,0.6874
030924,balzz,0.7667
030924,betmenn🦸,0.6516
030924,bluestar,0.7252
030924,bogel osle,0.6555
030924,bowo prast,0.6811
030924,b★vanss,0.7171
030924,b🕸️,0.6654
030924,chell28,0.7243
030924,chelll,0.7238
030924,cingire dava,0.6718
030924,danu.,0.7555
030924,dimzz.stecu(setelan.cuwek💢🥶),0.7088
030924,donz2nd,0.7399
030924,dubidubidam5,0.6678
030924,dwk,0.7807
030924,dân stfu⸸,0.8144
030924,dín dlgk?,0.6905
030924,el smile,0.7276
030924,er,0.6705
030924,espede racing,0.6841
030924,fafang🕷️,0.6589
030924,fakri,0.6628
030924,ffi🕷️,0.6632
030924,finzz★,0.6716
030924,frzardtyaalvro,0.681
030924,genzzz,0.6683
030924,grandberkahdoaibu,0.6739
030924,hermanto,0.7281
030924,hαpiz_boyss⚡,0.7797
030924,ibunya ragaf,0.8057
030924,ifaashion.id,0.6932
030924,ig : d4haas.👾,0.7458
030924,ig:4ufa_l,0.701
030924,ikhsan hair,0.7088
030924,inieidan,0.6917
030924,jagoan orangtua,0.6973
030924,javrr⚡,0.7593
030924,jdr,0.6648
030924,jesiccaaa,0.6549
030924,"kaa,a",0.6686
030924,kaji,0.6868
030924,kang bahar,0.6706
030924,kelzy24,0.6526
030924,kruxill🎃,0.6942
030924,l4nkk,0.666
030924,lah iya,0.6757
030924,lah?kenapa?,0.7424
030924,lele_byakar@gmail.comm,0.7581
030924,lihgal18,0.7035
030924,mawar hitam 🌹🗡️,0.7252
030924,mhrullam,0.6738
030924,mka. kka,0.6655
030924,mommy bibiel,0.6572
030924,muhammadchilung,0.7104
030924,nadhiff👾,0.7132
030924,narzz🌊🌊,0.7222
030924,nnaann🔫,0.6721
030924,nobody,0.7144
030924,ol²²oy,0.7025
030924,p4tooookkkk,0.6901
030924,pak haji,0.6967
030924,pak haji sara,0.6658
030924,patirrrv2🖤,0.6867
030924,piscesmod,0.6542
030924,praditailhm_,0.7581
030924,princess 💅,0.6622
030924,put,0.683
030924,qila012,0.7914
030924,raf,0.6774
030924,rahmanpru,0.6758
030924,rahmat kartolo,0.6913
030924,rizzstecu✌️,0.6579
030924,rℹ️k🅾️🅾️🅾️,0.7731
030924,satria 🙌,0.7599
030924,scc winoww,0.8
030924,scc.,0.7521
030924,secccfldsuuu21,0.6984
030924,sendiiisen©📍,0.7009
030924,set? iy syng,0.6594
030924,stecu💤,0.7174
030924,szxnoe,0.6561
030924,tam,0.6632
030924,tangrajinngaji,0.7505
030924,teteh_jawa,0.6545
030924,theeryoou,0.6855
030924,tinnyee,0.7115
030924,tofik.putra17,0.7173
030924,user13463#457344,0.6918
030924,user7098643456,0.7036
030924,userr4532552,0.6662
030924,va 17hd,0.6977
030924,van pablo,0.7224
030924,vanooo,0.7462
030924,varkon🚀🚀,0.741
030924,viann,0.724
030924,wong elek,0.7347
030924,wongwonganmumet,0.6566
030924,wzrd,0.6968
030924,yaraaayaaaa,0.6543
030924,yesakiw,0.6566
030924,yogaaa21,0.7061
030924,yyy,0.6762
030924,zaka.ya,0.758
030924,zazamm,0.7379
030924,zeniperr,0.6968
030924,zrill🇦🇱🇦🇱,0.7255
030924,ɴᴀᴛ,0.716
030924,˚ ༘ 🦕𖦹⋆｡˚,0.7352
030924,فەیزال,0.6726
030924,⋇⋆✦chelsea ♛┈⛧♡,0.6526
030924,☝️👌👌cc,0.7118
030924,マᥱž𝚊,0.6627
030924,윙고🇲🇨🇰🇷,0.6999
030924,️dika_sajah,0.6674
030924,￴ ￴ ￴  ￴ ￴ ￴ ￴ ￴,0.7416
030924,￴￴,0.7407
030924,𝑱𝒖𝒍𝒊𝒂𝒏𝒏𝒏,0.7567
030924,𝕳𝕬𝕴𝕶𝕬𝕷 𝖁1,0.7301
030924,𝘿𝙚𝙣,0.7293
030924,𝙋𝙍𝙄𝙉𝘾𝙀 15,0.6934
030924,𝙡𝙚𝙣𝙜,0.7204
030924,🏴󠁧󠁢󠁥󠁮󠁧󠁿🏴󠁧󠁢󠁥󠁮󠁧󠁿,0.6667
030924,🐣,0.6806
030924,🐦,0.6854
030924,💋,0.719
030924,💩.,0.6994
030924,🔴⚪,0.6655
030924,🕊,0.8289
07dec,@cowok.gendut.com,0.6507
07dec,a r j a☘️,0.7596
07dec,abcdefghijklanaaa,0.6718
07dec,aji jishon 17,0.7315
07dec,aneppp✨,0.7144
07dec,aryarizz,0.6856
07dec,bibb,0.6941
07dec,brahim d van basten,0.7027
07dec,cen,0.6592
07dec,d forr,0.7945
07dec,"elan jangan nakal ya, iya mah",0.684
07dec,f4r11!🇦🇱🇦🇱,0.6829
07dec,fiki v1,0.6682
07dec,jarot bae,0.7192
07dec,kall,0.6835
07dec,mamaz ap,0.7733
07dec,maswilll,0.6768
07dec,maypen🍉,0.6841
07dec,ndaru,0.671
07dec,nha_nha88,0.7306
07dec,opangpar,0.68
07dec,puji_kodrat,0.652
07dec,r e t z,0.745
07dec,r2kyy🐬,0.6766
07dec,ramadani🌀,0.7491
07dec,ririss,0.6527
07dec,saitama.botak6,0.6952
07dec,sam🍎🍎,0.693
07dec,sandhi686,0.7339
07dec,se'pull_maxwill,0.7641
07dec,spilloutfittrendy,0.6947
07dec,sri66790,0.6574
07dec,tem - tem★★★,0.6934
07dec,wong kene bae,0.6842
07dec,"wong""plosok",0.66
07dec,xy_don🚀,0.677
07dec,zye hehe,0.6997
07dec,˚꩜｡⋆˚࿔ 𝔂𝓪𝔂𝓪 𝜗𝜚˚⋆🧸ྀི,0.6851
07dec,›私hánzxyz‹★,0.6726
07dec,ℒ𝓊𝓬𝓴𝔂,0.6838
07dec,⭐zka,0.7494
07dec,𝘾𝙖𝙡𝙤𝙣 𝙃𝘼𝙅𝙄,0.6615
07dec,𝙢𝙖𝙖𝙖𝙖𝙖𝙖𝙨𝙨𝙨𝙠𝙖𝙣𝙣𝙣,0.7084
0_4 stecu,21.alippp,0.7221
0_4 stecu,:3윤니스🇰🇷🥷💐,0.6593
0_4 stecu,?,0.8069
0_4 stecu,@!van★*,0.8923
0_4 stecu,@samm__23,0.6677
0_4 stecu,@turzxi!eu69數,0.6799
0_4 stecu,abcde?,0.7572
0_4 stecu,ajammjamm_,0.7754
0_4 stecu,alee25 store,0.7754
0_4 stecu,andre $,0.6914
0_4 stecu,arisdel8,0.8923
0_4 stecu,arya,0.8923
0_4 stecu,arya🎲,0.6665
0_4 stecu,asya&fajar,0.7572
0_4 stecu,ateng54,0.7572
0_4 stecu,ath,0.8923
0_4 stecu,bleng ko,0.6593
0_4 stecu,bsep,0.7572
0_4 stecu,buluk gonzales 13,0.7918
0_4 stecu,daniiii,0.7572
0_4 stecu,danzooo,0.7596
0_4 stecu,deboy,0.6631
0_4 stecu,derasah,0.7754
0_4 stecu,desttt_,0.8594
0_4 stecu,devannn,0.688
0_4 stecu,dewoel,0.6897
0_4 stecu,dheebu,0.8923
0_4 stecu,diah sri972,0.8923
0_4 stecu,duwiii,0.7572
0_4 stecu,dwisetyarinii,0.7754
0_4 stecu,enaksekali,0.7572
0_4 stecu,enjoyss,0.6974
0_4 stecu,excel😶‍🌫️            akun №1,0.8086
0_4 stecu,fernanda,0.7572
0_4 stecu,firmannnnnnnn,0.7572
0_4 stecu,fittdos,0.7754
0_4 stecu,gl badax,0.8923
0_4 stecu,haniiif,0.8923
0_4 stecu,i'szz?!,0.7249
0_4 stecu,iin,0.8923
0_4 stecu,juprianto anto,0.7754
0_4 stecu,kd urng ya,0.8923
0_4 stecu,kembali datang,0.6974
0_4 stecu,kenzo.s.m.z,0.7572
0_4 stecu,lakmen,0.6639
0_4 stecu,lianaa,0.6674
0_4 stecu,luthfyyy,0.7754
0_4 stecu,mahendri,0.6971
0_4 stecu,mas_drun,0.7754
0_4 stecu,mei meido x kakure meme,0.6653
0_4 stecu,n4uf@l 4j4,0.8318
0_4 stecu,nanangmungils1,0.8923
0_4 stecu,nipzzz,0.8312
0_4 stecu,p4n_🤷‍♂️🤷‍♂️,0.6739
0_4 stecu,panzskbd,0.8923
0_4 stecu,pasarrumah.id,0.6717
0_4 stecu,r 4 5 ya,0.7097
0_4 stecu,rezx2nd,0.7572
0_4 stecu,riff,0.7572
0_4 stecu,risky⛔️🆘️,0.684
0_4 stecu,scorpio🦂,0.7572
0_4 stecu,sinfloww,0.7754
0_4 stecu,tokoserbada12,0.684
0_4 stecu,tri yulianti,0.8923
0_4 stecu,vann 🌳,0.7026
0_4 stecu,veri ramandani18,0.7754
0_4 stecu,ye,0.7845
0_4 stecu,yuliazaa,0.6593
0_4 stecu,น้ำอุ่น กัญญาภัทร เต๊กอ๋อต้ง,0.6593
0_4 stecu,⠀ ⠀ ⠀ ⠀ ⠀᠌,0.8923
0_4 stecu,レザ,0.7022
0_4 stecu,🄱🄰🅈🅄🄸🄽🄳🄰🄷🄾🄵🄵🅂🄴🅃,0.7307
0_4 stecu,🌵dnd's_mom🌵,0.7223
0_4 stecu,🐚🫧🪩,0.687
10+11=21,1234lvinnn,0.6602
10+11=21,198,0.8906
10+11=21,27,0.7834
10+11=21,42,0.6643
10+11=21,4hs3n,0.7153
10+11=21,@4rdhy,0.6846
10+11=21,@l,0.8557
10+11=21,_.akbbrrr,0.7218
10+11=21,_mhmmdrifq15,0.7313
10+11=21,_𝕗 𝕕 𝟙 𝕃-𝟚𝟝,0.7858
10+11=21,a,0.6976
10+11=21,abas bae,0.7003
10+11=21,about you,0.6699
10+11=21,agsdwh,0.69
10+11=21,alakaee,0.6863
10+11=21,alexxxx,0.6736
10+11=21,alfisaktiawan,0.6685
10+11=21,alfri_❄❄❄,0.7018
10+11=21,alip ajee🌊,0.6715
10+11=21,amriajahh,0.7518
10+11=21,anisatul,0.7296
10+11=21,antika24♊,0.6542
10+11=21,anzzbut🐊,0.7093
10+11=21,ar,0.7258
10+11=21,aris fd,0.6924
10+11=21,arkanan,0.7284
10+11=21,arkhnraalfano,0.717
10+11=21,arul empat huruf,0.7772
10+11=21,athar aurellio,0.684
10+11=21,ayas hafddz,0.7578
10+11=21,aziz,0.6862
10+11=21,b,0.7929
10+11=21,b saja 👀,0.7634
10+11=21,balzz,0.7306
10+11=21,betmenn🦸,0.7513
10+11=21,bian aja,0.7094
10+11=21,bluestar,0.7518
10+11=21,bogel osle,0.8027
10+11=21,bowo prast,0.7484
10+11=21,b★vanss,0.7486
10+11=21,b🕸️,0.6513
10+11=21,cantika deni,0.7299
10+11=21,celukbae abid 😃😁@?,0.7701
10+11=21,chell28,0.7586
10+11=21,chelll,0.7364
10+11=21,cingire dava,0.7634
10+11=21,cionnnn➰,0.7369
10+11=21,d4nnnnn23_4,0.7597
10+11=21,danu.,0.7613
10+11=21,dhanadut_bae16💤,0.84
10+11=21,dilahhh,0.6843
10+11=21,dimzz.stecu(setelan.cuwek💢🥶),0.701
10+11=21,donz2nd,0.7692
10+11=21,dubidubidam5,0.7094
10+11=21,dwk,0.8472
10+11=21,dân stfu⸸,0.7584
10+11=21,dín dlgk?,0.6548
10+11=21,dɹısɐɐɐ,0.8161
10+11=21,el smile,0.7592
10+11=21,ens,0.6954
10+11=21,er,0.6563
10+11=21,espede racing,0.7936
10+11=21,faaa12,0.7073
10+11=21,fahmi.zemmy✔️,0.6915
10+11=21,faiqqqqqqq,0.6985
10+11=21,fann,0.6627
10+11=21,farrel,0.7579
10+11=21,ffi🕷️,0.7804
10+11=21,fikaa,0.7566
10+11=21,fi🅰️n6️⃣,0.6756
10+11=21,frzardtyaalvro,0.6574
10+11=21,fwarelll123,0.657
10+11=21,genjur,0.7585
10+11=21,genzzz,0.7445
10+11=21,grandberkahdoaibu,0.7122
10+11=21,hamzzstecu,0.6908
10+11=21,hermanto,0.7117
10+11=21,hii i'm bayy.,0.7086
10+11=21,hαpiz_boyss⚡,0.732
10+11=21,ibunya ragaf,0.7357
10+11=21,ido.,0.7055
10+11=21,ifaashion.id,0.6682
10+11=21,ig : d4haas.👾,0.6926
10+11=21,ikhsan hair,0.6773
10+11=21,inieidan,0.7215
10+11=21,jagoan orangtua,0.7981
10+11=21,javrr⚡,0.841
10+11=21,jdr,0.809
10+11=21,jepri night🦸,0.7257
10+11=21,just friend🙂,0.7352
10+11=21,kaji,0.7235
10+11=21,kang bahar,0.7057
10+11=21,kian santang,0.691
10+11=21,kib3nk_ta,0.7101
10+11=21,kojek,0.771
10+11=21,kruxill🎃,0.7539
10+11=21,l3o m,0.6531
10+11=21,l4nkk,0.8818
10+11=21,lah?kenapa?,0.6722
10+11=21,laris manis store,0.6932
10+11=21,lele_byakar@gmail.comm,0.7773
10+11=21,lihgal18,0.8203
10+11=21,masayu,0.7098
10+11=21,mawar hitam 🌹🗡️,0.7518
10+11=21,mhrullam,0.8041
10+11=21,mka. kka,0.6564
10+11=21,mmmmm,0.7596
10+11=21,mommy bibiel,0.7158
10+11=21,muhammadchilung,0.8134
10+11=21,mvinta,0.6789
10+11=21,naa_,0.6872
10+11=21,nadhiff👾,0.8271
10+11=21,nar setecu🌀💤🌊,0.663
10+11=21,narti,0.7954
10+11=21,narzz🌊🌊,0.7353
10+11=21,neyymar kee jakarta,0.7881
10+11=21,nnaann🔫,0.6902
10+11=21,nobody,0.7369
10+11=21,ol²²oy,0.7435
10+11=21,oz_,0.7408
10+11=21,p4tooookkkk,0.7794
10+11=21,padil,0.7
10+11=21,pak haji sara,0.6616
10+11=21,pangeran k,0.6648
10+11=21,pisangambon,0.7535
10+11=21,praditailhm_,0.8096
10+11=21,princess 💅,0.6505
10+11=21,put,0.8087
10+11=21,qila012,0.7833
10+11=21,raf,0.7504
10+11=21,rahmat kartolo,0.7476
10+11=21,rempeyek_500🌊,0.6586
10+11=21,rijakipp,0.7027
10+11=21,rpk1,0.7035
10+11=21,rℹ️k🅾️🅾️🅾️,0.777
10+11=21,s u m m e r .,0.7154
10+11=21,safi,0.6514
10+11=21,satria 🙌,0.8086
10+11=21,scc winoww,0.7331
10+11=21,scc.,0.6768
10+11=21,secccfldsuuu21,0.6874
10+11=21,sendiiisen©📍,0.8267
10+11=21,si kucing,0.6895
10+11=21,single era,0.6848
10+11=21,sleep the saunt,0.6551
10+11=21,stecu💤,0.7194
10+11=21,suyato jowo,0.7866
10+11=21,syaf__👾👾,0.6842
10+11=21,tam,0.7274
10+11=21,tangrajinngaji,0.8909
10+11=21,theeryoou,0.678
10+11=21,tika kartika,0.6645
10+11=21,tinnyee,0.7322
10+11=21,tofik.putra17,0.8206
10+11=21,user13463#457344,0.8357
10+11=21,user7098643456,0.6626
10+11=21,va 17hd,0.7543
10+11=21,van pablo,0.7649
10+11=21,vanooo,0.7291
10+11=21,viann,0.8377
10+11=21,vittss..,0.6896
10+11=21,wo,0.7461
10+11=21,wong elek,0.8425
10+11=21,wongwonganmumet,0.7327
10+11=21,ws🪩,0.748
10+11=21,wzrd,0.84
10+11=21,yanuar,0.8066
10+11=21,yesakiw,0.7033
10+11=21,yogaaa21,0.7203
10+11=21,yyy,0.7097
10+11=21,y💥💯                😛,0.6814
10+11=21,z4kk🇦🇱🇦🇱,0.7149
10+11=21,zaall,0.6709
10+11=21,zaka.ya,0.8047
10+11=21,zarr★,0.6619
10+11=21,zazamm,0.7523
10+11=21,zeniperr,0.7174
10+11=21,zrill🇦🇱🇦🇱,0.8386
10+11=21,ɴᴀᴛ,0.6671
10+11=21,˚ ༘ 🦕𖦹⋆｡˚,0.7871
10+11=21,المجتهد,0.7012
10+11=21,فەیزال,0.773
10+11=21,เςคภ,0.6841
10+11=21,™.yunz ★ 447.¥,0.6617
10+11=21,⋇⋆✦chelsea ♛┈⛧♡,0.7062
10+11=21,★,0.6677
10+11=21,☝️👌👌cc,0.745
10+11=21,✌️,0.6592
10+11=21,ザキ・アルディアンシア,0.7398
10+11=21,윙고🇲🇨🇰🇷,0.7623
10+11=21,️dika_sajah,0.7723
10+11=21,￴,0.7658
10+11=21,￴ ￴ ￴  ￴ ￴ ￴ ￴ ￴,0.684
10+11=21,￴￴,0.7963
10+11=21,𝐫𝐢𝐝𝐨𝐨🕊️,0.6737
10+11=21,𝑱𝒖𝒍𝒊𝒂𝒏𝒏𝒏,0.7725
10+11=21,𝕳𝕬𝕴𝕶𝕬𝕷 𝖁1,0.7125
10+11=21,𝕶𝖞𝖓𝖟𝖟,0.7256
10+11=21,𝘼𝙇𝙃𝘼𝙆𝙄𝙈𝙕,0.7087
10+11=21,𝘿𝙚𝙣,0.7348
10+11=21,𝙋𝙍𝙄𝙉𝘾𝙀 15,0.7504
10+11=21,𝙖𝙩𝙨𝙨,0.6651
10+11=21,𝙡𝙚𝙣𝙜,0.7939
10+11=21,𝙧𝙖𝙙𝙚𝙣𝙣𝙠𝙪𝙘𝙞𝙩𝙩🌊,0.6706
10+11=21,🎮,0.7049
10+11=21,🏴󠁧󠁢󠁥󠁮󠁧󠁿🏴󠁧󠁢󠁥󠁮󠁧󠁿,0.7042
10+11=21,🐦,0.7133
10+11=21,💋,0.6944
10+11=21,🔴⚪,0.846
10+11=21,🕊,0.8586
10+11=21,😡,0.6584
1234lvinnn,27,0.737
1234lvinnn,42,0.691
1234lvinnn,445,0.6954
1234lvinnn,4hs3n,0.7127
1234lvinnn,@indah e noe🌻,0.6886
1234lvinnn,@l,0.6935
1234lvinnn,_mhmmdrifq15,0.7291
1234lvinnn,abay,0.9013
1234lvinnn,afta,0.7917
1234lvinnn,agsdwh,0.6922
1234lvinnn,agungsaja v2,0.7039
1234lvinnn,ajmilllllll267,0.6658
1234lvinnn,aku siapa????,0.6585
1234lvinnn,aldo.,0.7649
1234lvinnn,alexxxx,0.7431
1234lvinnn,alfisaktiawan,0.8028
1234lvinnn,alfri_❄❄❄,0.8826
1234lvinnn,alip ajee🌊,0.7003
1234lvinnn,amriajahh,0.8647
1234lvinnn,anggitaaaaaa❤️‍🔥,0.7847
1234lvinnn,anisatul,0.7635
1234lvinnn,apa coba,0.6975
1234lvinnn,aqila misha,0.9063
1234lvinnn,arkanan,0.6616
1234lvinnn,arkhnraalfano,0.8099
1234lvinnn,artati,0.6937
1234lvinnn,athar aurellio,0.8313
1234lvinnn,ayurahayu,0.6788
1234lvinnn,b,0.7292
1234lvinnn,balex ☘️,0.6987
1234lvinnn,balzz,0.7208
1234lvinnn,bang duttz,0.6546
1234lvinnn,bilyy⁰²,0.6577
1234lvinnn,bluestar,0.8647
1234lvinnn,bobin,0.6932
1234lvinnn,bowo prast,0.68
1234lvinnn,bowoo,0.691
1234lvinnn,b★vanss,0.742
1234lvinnn,b🕸️,0.8216
1234lvinnn,caaa,0.8498
1234lvinnn,cahyoo☄️,0.7122
1234lvinnn,chell28,0.7135
1234lvinnn,chelll,0.6866
1234lvinnn,cionnnn➰,0.6752
1234lvinnn,danzzz,0.7297
1234lvinnn,dennbaee,0.6555
1234lvinnn,dilzz v2,0.84
1234lvinnn,dimzz.stecu(setelan.cuwek💢🥶),0.6929
1234lvinnn,dly,0.7444
1234lvinnn,do,0.6677
1234lvinnn,donz2nd,0.7757
1234lvinnn,dwi reny makmoy makm,0.7683
1234lvinnn,dwk,0.6732
1234lvinnn,dân stfu⸸,0.7131
1234lvinnn,dín dlgk?,0.655
1234lvinnn,edhy soekamto,0.7118
1234lvinnn,el smile,0.6686
1234lvinnn,elyraa,0.7051
1234lvinnn,enan_25,0.6662
1234lvinnn,espede racing,0.7085
1234lvinnn,f,0.6864
1234lvinnn,fafang🕷️,0.7231
1234lvinnn,faiz,0.7132
1234lvinnn,fakri,0.6596
1234lvinnn,fcknzzshit_,0.6754
1234lvinnn,finzz★,0.7039
1234lvinnn,fkhri,0.681
1234lvinnn,frzardtyaalvro,0.7759
1234lvinnn,f⚡,0.7605
1234lvinnn,garangan mulet,0.7463
1234lvinnn,genzzz,0.6706
1234lvinnn,grandberkahdoaibu,0.7511
1234lvinnn,gudeg bu rudy klampok ✨✨,0.6838
1234lvinnn,hanipipipip,0.6645
1234lvinnn,hi_ndraa,0.6662
1234lvinnn,hilman,0.6819
1234lvinnn,hpiss,0.7971
1234lvinnn,hyan,0.6676
1234lvinnn,hαηs кαккσɪɪ.dnd.,0.6699
1234lvinnn,i,0.6946
1234lvinnn,i j a l,0.6733
1234lvinnn,ibunya ragaf,0.7994
1234lvinnn,ifaashion.id,0.6772
1234lvinnn,ig: ?,0.8115
1234lvinnn,ikhsan hair,0.6781
1234lvinnn,im.p4yeng!!,0.6986
1234lvinnn,inyong,0.8115
1234lvinnn,jagoan orangtua,0.7161
1234lvinnn,javrr⚡,0.741
1234lvinnn,jdr,0.6786
1234lvinnn,jesiccaaa,0.7995
1234lvinnn,joviinantaaaa,0.7104
1234lvinnn,jun santuy,0.7316
1234lvinnn,"kaa,a",0.8148
1234lvinnn,kaji,0.7749
1234lvinnn,kang bahar,0.6696
1234lvinnn,keee keee,0.7307
1234lvinnn,kelzy24,0.7213
1234lvinnn,kiking,0.776
1234lvinnn,kruxill🎃,0.8284
1234lvinnn,kuwi4526,0.7376
1234lvinnn,l3o m,0.7071
1234lvinnn,l4ngz_strong,0.7106
1234lvinnn,lah iya,0.9299
1234lvinnn,lele_byakar@gmail.comm,0.802
1234lvinnn,lihgal18,0.7121
1234lvinnn,m. rizqi_,0.7275
1234lvinnn,martati,0.6826
1234lvinnn,masjack3195,0.677
1234lvinnn,masrianto manalu,0.6647
1234lvinnn,mawar hitam 🌹🗡️,0.8647
1234lvinnn,mawarr,0.6951
1234lvinnn,mbahnya nafisha dan sava,0.6658
1234lvinnn,mengomentari postingan anda,0.7453
1234lvinnn,mhrullam,0.6858
1234lvinnn,mka. kka,0.7466
1234lvinnn,muhamad rian,0.7376
1234lvinnn,muhammadchilung,0.6965
1234lvinnn,mykids,0.7029
1234lvinnn,mynnn,0.6759
1234lvinnn,nadhiff👾,0.7175
1234lvinnn,naufabyktsr,0.666
1234lvinnn,ndre4you,0.7176
1234lvinnn,nino,0.6583
1234lvinnn,nobody,0.8191
1234lvinnn,nuuuuu,0.8024
1234lvinnn,ol²²oy,0.7633
1234lvinnn,p4tooookkkk,0.7018
1234lvinnn,pak haji,0.8119
1234lvinnn,pak haji sara,0.6853
1234lvinnn,patirrrv2🖤,0.6833
1234lvinnn,patrick bateman,0.6741
1234lvinnn,pecey yeye,0.7106
1234lvinnn,pip2nd🧿,0.7312
1234lvinnn,praditailhm_,0.7002
1234lvinnn,princess 💅,0.7596
1234lvinnn,qila012,0.7029
1234lvinnn,r4ndsyh,0.7274
1234lvinnn,raa 👧🏻,0.6848
1234lvinnn,rahmanpru,0.6768
1234lvinnn,rahmat kartolo,0.7484
1234lvinnn,railfans ngapak🅥,0.652
1234lvinnn,reendstore,0.6813
1234lvinnn,rio,0.6975
1234lvinnn,rizzstecu✌️,0.8625
1234lvinnn,rzl,0.7567
1234lvinnn,rℹ️k🅾️🅾️🅾️,0.7924
1234lvinnn,samshl_22,0.6799
1234lvinnn,sapa bae,0.738
1234lvinnn,sara ariska,0.6878
1234lvinnn,satria 🙌,0.8521
1234lvinnn,sayaangaenii❤️‍🔥,0.7136
1234lvinnn,scc winoww,0.7474
1234lvinnn,scc.,0.8403
1234lvinnn,secccfldsuuu21,0.7961
1234lvinnn,septiana,0.7214
1234lvinnn,sopo》,0.7897
1234lvinnn,stecu💤,0.6789
1234lvinnn,syaf__👾👾,0.6676
1234lvinnn,tam,0.7112
1234lvinnn,the last good man,0.7409
1234lvinnn,theeryoou,0.6527
1234lvinnn,tinnyee,0.8328
1234lvinnn,tofik.putra17,0.7558
1234lvinnn,username12375,0.797
1234lvinnn,uuppio,0.712
1234lvinnn,vanooo,0.6525
1234lvinnn,viann,0.7168
1234lvinnn,vinss,0.7106
1234lvinnn,vnn$fomo,0.7293
1234lvinnn,wdyt_,0.6549
1234lvinnn,weird zeze🇩🇪,0.6532
1234lvinnn,ws🪩,0.6519
1234lvinnn,wzrd,0.6571
1234lvinnn,xlx🇮🇲,0.6786
1234lvinnn,yaraaayaaaa,0.7749
1234lvinnn,yogaaa21,0.8267
1234lvinnn,yyy,0.6648
1234lvinnn,z4kk🇦🇱🇦🇱,0.6681
1234lvinnn,zaall,0.6692
1234lvinnn,zain,0.7729
1234lvinnn,zaka.ya,0.7922
1234lvinnn,zannn,0.7978
1234lvinnn,zazamm,0.7474
1234lvinnn,zppcx,0.6961
1234lvinnn,zrill🇦🇱🇦🇱,0.7173
1234lvinnn,zrill💥,0.7718
1234lvinnn,~~boyszzarddd~~ardboysss🇦🇱🪩,0.666
1234lvinnn,àlwàysdip,0.7149
1234lvinnn,ɴᴀᴛ,0.6548
1234lvinnn,˚ ༘ 🦕𖦹⋆｡˚,0.692
1234lvinnn,تسلق,0.6734
1234lvinnn,فەیزال,0.6607
1234lvinnn,ಠ_ರೃ,0.6544
1234lvinnn,ᴘɪᴋᴀғʀɪᴇᴅᴄʜɪᴄᴋᴇɴ,0.6801
1234lvinnn,▪️,0.6542
1234lvinnn,☝️👌👌cc,0.8174
1234lvinnn,♥,0.9345
1234lvinnn,マᥱž𝚊,0.6865
1234lvinnn,𝑱𝒖𝒍𝒊𝒂𝒏𝒏𝒏,0.723
1234lvinnn,𝓝𝓪𝔂𝓵𝓪_𝓓.𝓐,0.8245
1234lvinnn,𝕳𝕬𝕴𝕶𝕬𝕷 𝖁1,0.7957
1234lvinnn,𝘿𝙚𝙣,0.7861
1234lvinnn,𝙡𝙚𝙣𝙜,0.6612
1234lvinnn,𝙾𝚛𝚢𝚣𝚊 𝚂𝚊𝚝𝚒𝚟𝚊 🌾,0.7917
1234lvinnn,🏴󠁧󠁢󠁥󠁮󠁧󠁿🏴󠁧󠁢󠁥󠁮󠁧󠁿,0.7412
1234lvinnn,🐦,0.8202
1234lvinnn,👻hsb👻,0.6946
1234lvinnn,👾,0.8024
1234lvinnn,💋,0.6639
1234lvinnn,💩.,0.6513
1234lvinnn,🕊,0.7186
1234lvinnn,🧋,0.7739
12⚡️,abdullll?,0.658
12⚡️,n,0.6668
12⚡️,nansya ahsh,0.6576
12⚡️,weird zeze🇩🇪,0.6679
12⚡️,wh0,0.6661
14,25,0.7328
14,?.,0.7289
14,@cowok.gendut.com,0.6767
14,@indah e noe🌻,0.6574
14,_𝕗 𝕕 𝟙 𝕃-𝟚𝟝,0.6594
14,agung,0.6807
14,alip ajee🌊,0.6885
14,al🌠,0.6624
14,anzzbut🐊,0.6557
14,atbqu25,0.6853
14,aton bae🚀🚀,0.7315
14,bibb,0.6503
14,b★vanss,0.6683
14,cionnnn➰,0.6641
14,danzz,0.6573
14,dvindylndra,0.6644
14,dzikriibrgzazdn,0.7225
14,faaa12,0.6951
14,farrel,0.6849
14,febriansyah,0.6841
14,fin.,0.6629
14,fi🅰️n6️⃣,0.7071
14,g,0.7344
14,genzzz,0.6697
14,gesang wl,0.718
14,gtww,0.6919
14,hamka resna,0.6572
14,hii i'm bayy.,0.7051
14,inieidan,0.7325
14,"kicau mania""😷✌",0.6895
14,kitekle_,0.6509
14,mas_dawet,0.6681
14,naa_,0.6554
14,nar setecu🌀💤🌊,0.6661
14,ndre4you,0.6565
14,nha_nha88,0.6628
14,nuuuu,0.723
14,pisangambon,0.7187
14,putra barepjr,0.6827
14,r,0.6689
14,raf,0.6708
14,raffiii162,0.6983
14,rafyy😹,0.7375
14,rimzsukaessedoublechange🤤,0.7143
14,ririss,0.6505
14,safi,0.6845
14,sari 86,0.6531
14,satyaa ✦,0.6686
14,sn0w,0.7062
14,srylee,0.6629
14,syaf__👾👾,0.6919
14,talasku99,0.7007
14,tam,0.6615
14,tofik.putra17,0.6568
14,van pablo,0.6601
14,vittss..,0.699
14,wiwut,0.6719
14,ws🪩,0.6582
14,zaall,0.6554
14,| ig : @aseprmadanni,0.7496
14,⋇⋆✦chelsea ♛┈⛧♡,0.7145
14,★,0.6577
14,⛓️,0.701
14,ザキ・アルディアンシア,0.7032
14,윙고🇲🇨🇰🇷,0.69
14,️dika_sajah,0.6578
14,𝐫𝐢𝐝𝐨𝐨🕊️,0.6695
14,𝘼𝙇𝙃𝘼𝙆𝙄𝙈𝙕,0.7218
14,𝙋𝙍𝙄𝙉𝘾𝙀 15,0.6523
14,𝙖𝙩𝙨𝙨,0.6615
14,𝙡𝙚𝙣𝙜,0.6552
14,𝙧𝙖𝙙𝙚𝙣𝙣𝙠𝙪𝙘𝙞𝙩𝙩🌊,0.6609
14,🆘,0.6798
14,🐣,0.664
14,💥,0.6897
16_𝐧ɛ𝒅𝙣𝙙𝙮𝙮,@leopurnomo,0.6523
198,25,0.6772
198,27,0.754
198,42,0.6601
198,4hs3n,0.7833
198,631nwcc4,0.6954
198,??,0.6854
198,@indah e noe🌻,0.6501
198,@l,0.9116
198,_.akbbrrr,0.7063
198,_mhmmdrifq15,0.7119
198,_𝕗 𝕕 𝟙 𝕃-𝟚𝟝,0.7581
198,a,0.6877
198,abas bae,0.7045
198,agsdwh,0.7946
198,agungsaja v2,0.6691
198,alakaee,0.6858
198,alfisaktiawan,0.7345
198,alfri_❄❄❄,0.687
198,alip ajee🌊,0.728
198,alzz219,0.652
198,al🌠,0.663
198,amriajahh,0.7279
198,anisatul,0.8376
198,anna,0.6989
198,antika24♊,0.7242
198,anzzbut🐊,0.719
198,ar,0.7431
198,aris fd,0.735
198,arkanan,0.7226
198,arkhnraalfano,0.7121
198,arul empat huruf,0.7997
198,athar aurellio,0.6611
198,ayas hafddz,0.737
198,ayurahayu,0.6971
198,aziz,0.6817
198,b,0.815
198,b saja 👀,0.7721
198,balzz,0.7354
198,betmenn🦸,0.715
198,bian aja,0.6781
198,bluestar,0.7279
198,bogel osle,0.8649
198,bowo prast,0.7881
198,bowoo,0.7016
198,b★vanss,0.7702
198,b🕸️,0.6818
198,cantika deni,0.7591
198,celukbae abid 😃😁@?,0.728
198,chell28,0.811
198,chelll,0.7379
198,cingire dava,0.774
198,cionnnn➰,0.7042
198,d4nnnnn23_4,0.7459
198,danii,0.6836
198,danu.,0.7212
198,dhanadut_bae16💤,0.8457
198,dhellaxriigod,0.6889
198,dilahhh,0.7401
198,dimzz.stecu(setelan.cuwek💢🥶),0.7156
198,donz2nd,0.7873
198,dubidubidam5,0.741
198,dwk,0.7891
198,dân stfu⸸,0.7339
198,dín dlgk?,0.6758
198,dɹısɐɐɐ,0.7437
198,edhy soekamto,0.6698
198,el smile,0.8519
198,ens,0.6742
198,er,0.6739
198,espede racing,0.8341
198,f,0.7682
198,faaa12,0.6855
198,fafang🕷️,0.6826
198,fahmi.zemmy✔️,0.7089
198,faiqqqqqqq,0.7095
198,fakri,0.6781
198,farrel,0.7252
198,fens nasa 🇺🇸🚀,0.6618
198,ffi🕷️,0.7544
198,fikaa,0.7526
198,fi🅰️n6️⃣,0.6769
198,frzardtyaalvro,0.6615
198,fwarelll123,0.6994
198,genjur,0.7277
198,genzzz,0.7322
198,grandberkahdoaibu,0.6836
198,hamzzstecu,0.6579
198,hermanto,0.7588
198,hibban∆,0.7069
198,hii i'm bayy.,0.7678
198,hyan,0.6779
198,hαpiz_boyss⚡,0.7716
198,hαηs кαккσɪɪ.dnd.,0.7091
198,i,0.6985
198,ibunya ragaf,0.7213
198,ido.,0.6671
198,ifaashion.id,0.746
198,ig : d4haas.👾,0.6959
198,ig | im_alzz,0.6662
198,ig:4ufa_l,0.663
198,iis dukha,0.6966
198,inieidan,0.7185
198,jagoan orangtua,0.7627
198,javrr⚡,0.8259
198,jdr,0.8506
198,jepri night🦸,0.745
198,just friend🙂,0.723
198,kaji,0.7401
198,kang bahar,0.8108
198,kian santang,0.7248
198,kib3nk_ta,0.7136
198,kin_💫,0.6589
198,kojek,0.7196
198,kruxill🎃,0.7484
198,l4nkk,0.946
198,lah iya,0.6545
198,laris manis store,0.6621
198,lele_byakar@gmail.comm,0.7443
198,lihgal18,0.8608
198,masayu,0.6722
198,mawar hitam 🌹🗡️,0.7279
198,mawarr,0.7278
198,mhrullam,0.8013
198,mka. kka,0.6638
198,mmmmm,0.7859
198,mommy bibiel,0.6961
198,muhammadchilung,0.7966
198,mvinta,0.6916
198,naa_,0.6794
198,nadhiff👾,0.8366
198,nar setecu🌀💤🌊,0.6615
198,narti,0.7773
198,narzz🌊🌊,0.7507
198,ndre4you,0.6587
198,neyymar kee jakarta,0.8041
198,nnaann🔫,0.6788
198,nobody,0.715
198,nur fadil,0.6762
198,ol²²oy,0.777
198,oz_,0.7918
198,p4tooookkkk,0.7756
198,padil,0.7459
198,pak haji sara,0.7036
198,patirrrv2🖤,0.6695
198,pisangambon,0.7697
198,piscesmod,0.67
198,praditailhm_,0.9118
198,princess 💅,0.7482
198,put,0.763
198,qila012,0.8151
198,raf,0.7255
198,rafyy😹,0.6761
198,rahmat kartolo,0.7592
198,regialparij,0.6514
198,rempeyek_500🌊,0.7048
198,rfky,0.6969
198,rijakipp,0.7396
198,rpk1,0.6764
198,rzl,0.7221
198,rℹ️k🅾️🅾️🅾️,0.7704
198,s u m m e r .,0.6849
198,safi,0.6715
198,samshl_22,0.7208
198,sara ariska,0.7164
198,satria 🙌,0.8063
198,scc winoww,0.7464
198,scc.,0.733
198,secccfldsuuu21,0.7085
198,sendiiisen©📍,0.8051
198,si kucing,0.7371
198,single era,0.6754
198,srylee,0.6828
198,stecu💤,0.6815
198,suyato jowo,0.7845
198,syaf__👾👾,0.7103
198,tam,0.7364
198,tangrajinngaji,0.8539
198,theeryoou,0.6526
198,tika kartika,0.6514
198,tinnyee,0.7209
198,tofik.putra17,0.8089
198,upin🐼,0.6596
198,user13463#457344,0.7891
198,user7098643456,0.6617
198,uuppio,0.651
198,va 17hd,0.849
198,van pablo,0.767
198,vanooo,0.7376
198,viann,0.9452
198,vittss..,0.6974
198,wo,0.7844
198,wong elek,0.7854
198,wongwonganmumet,0.71
198,ws🪩,0.751
198,wzrd,0.8234
198,yanuar,0.7627
198,yesakiw,0.6758
198,yogaaa21,0.7287
198,yyy,0.777
198,y💥💯                😛,0.7475
198,z4kk🇦🇱🇦🇱,0.7119
198,zaall,0.6746
198,zaka.ya,0.7701
198,zarr★,0.6787
198,zazamm,0.8403
198,zeniperr,0.6947
198,zrill🇦🇱🇦🇱,0.7796
198,˚ ༘ 🦕𖦹⋆｡˚,0.7702
198,فەیزال,0.7245
198,เςคภ,0.6577
198,™.yunz ★ 447.¥,0.6511
198,⋇⋆✦chelsea ♛┈⛧♡,0.7548
198,★,0.7198
198,☝️👌👌cc,0.7746
198,✌️,0.768
198,ザキ・アルディアンシア,0.6928
198,윙고🇲🇨🇰🇷,0.7468
198,️dika_sajah,0.7393
198,￴,0.7374
198,￴ ￴ ￴  ￴ ￴ ￴ ￴ ￴,0.684
198,￴￴,0.7974
198,𝐫𝐢𝐝𝐨𝐨🕊️,0.6639
198,𝑱𝒖𝒍𝒊𝒂𝒏𝒏𝒏,0.747
198,𝕳𝕬𝕴𝕶𝕬𝕷 𝖁1,0.7484
198,𝕶𝖞𝖓𝖟𝖟,0.7285
198,𝘼𝙇𝙃𝘼𝙆𝙄𝙈𝙕,0.7636
198,𝘿𝙚𝙣,0.7343
198,𝙋𝙍𝙄𝙉𝘾𝙀 15,0.7383
198,𝙖𝙩𝙨𝙨,0.6568
198,𝙡𝙚𝙣𝙜,0.7994
198,𝙧𝙖𝙙𝙚𝙣𝙣𝙠𝙪𝙘𝙞𝙩𝙩🌊,0.6725
198,🎮,0.7367
198,🏴󠁧󠁢󠁥󠁮󠁧󠁿🏴󠁧󠁢󠁥󠁮󠁧󠁿,0.661
198,🐣,0.6617
198,🐦,0.6853
198,💋,0.6725
198,🔴⚪,0.816
198,🕊,0.8555
198,😡,0.6526
21.alippp,?,0.6787
21.alippp,@!van★*,0.6911
21.alippp,@turzxi!eu69數,0.6581
21.alippp,abcde?,0.8074
21.alippp,arisdel8,0.6911
21.alippp,arya,0.6911
21.alippp,asya&fajar,0.8074
21.alippp,ateng54,0.8074
21.alippp,ath,0.6911
21.alippp,bsep,0.8074
21.alippp,dafz second trifth19,0.7028
21.alippp,daniiii,0.8074
21.alippp,desttt_,0.729
21.alippp,devannn,0.7805
21.alippp,dewoel,0.6932
21.alippp,dheebu,0.6911
21.alippp,diah sri972,0.6911
21.alippp,duwiii,0.8074
21.alippp,enaksekali,0.8074
21.alippp,excel😶‍🌫️            akun №1,0.6556
21.alippp,fernanda,0.8074
21.alippp,firmannnnnnnn,0.8074
21.alippp,gl badax,0.6911
21.alippp,haniiif,0.6911
21.alippp,i'szz?!,0.7282
21.alippp,iin,0.6911
21.alippp,kd urng ya,0.6911
21.alippp,kenzo.s.m.z,0.8074
21.alippp,lianaa,0.7073
21.alippp,mallbelajarbaik,0.677
21.alippp,n4uf@l 4j4,0.7015
21.alippp,nanangmungils1,0.6911
21.alippp,nipzzz,0.7442
21.alippp,nycxstore,0.6507
21.alippp,p4n_🤷‍♂️🤷‍♂️,0.6813
21.alippp,panzskbd,0.6911
21.alippp,r 4 5 ya,0.6743
21.alippp,rezx2nd,0.8074
21.alippp,riff,0.8074
21.alippp,sannzxkce,0.6717
21.alippp,scorpio🦂,0.8074
21.alippp,tri yulianti,0.6911
21.alippp,vann 🌳,0.7807
21.alippp,ye,0.6779
21.alippp,⠀ ⠀ ⠀ ⠀ ⠀᠌,0.6911
21.alippp,レザ,0.6813
21.alippp,🄱🄰🅈🅄🄸🄽🄳🄰🄷🄾🄵🄵🅂🄴🅃,0.7588
21.alippp,🐚🫧🪩,0.6902
247,@leopurnomo,0.6719
247,aji jishon 17,0.669
247,aneppp✨,0.6536
247,glowupbareng.id,0.6791
247,jarot bae,0.6794
247,sandhi686,0.6544
247,tole bf official316,0.6532
25,42,0.6502
25,445,0.6647
25,?.,0.7155
25,@cowok.gendut.com,0.7782
25,@indah e noe🌻,0.7119
25,@l,0.6723
25,abas bae,0.6655
25,alakaee,0.6819
25,alip ajee🌊,0.6593
25,al🌠,0.7453
25,anzzbut🐊,0.6752
25,apel❤️,0.6704
25,asher,0.6729
25,aton bae🚀🚀,0.6849
25,ayurahayu,0.664
25,bibb,0.6736
25,b★vanss,0.6545
25,cantika deni,0.6523
25,chell28,0.6579
25,cingire dava,0.6983
25,d4nnnnn23_4,0.6647
25,dennbaee,0.657
25,donz2nd,0.696
25,dvindylndra,0.6789
25,dzky.,0.6665
25,dín dlgk?,0.7061
25,faaa12,0.6923
25,fakri,0.6778
25,farrel,0.7114
25,ffi🕷️,0.6929
25,fikaa,0.6694
25,fin.,0.6501
25,fi🅰️n6️⃣,0.6875
25,g,0.6844
25,gatau |✌😜,0.6553
25,genjur,0.6538
25,genzzz,0.6627
25,gesang wl,0.665
25,hii i'm bayy.,0.6561
25,i,0.6906
25,ig:4ufa_l,0.71
25,inieidan,0.6853
25,javrr⚡,0.6856
25,kin_💫,0.6781
25,maswilll,0.6599
25,nayor,0.6585
25,ndre4you,0.6578
25,nuuuu,0.6653
25,persiaa,0.6549
25,pisangambon,0.6753
25,put,0.6587
25,putra barepjr,0.6677
25,r,0.7002
25,rafyy😹,0.6996
25,rimzsukaessedoublechange🤤,0.6859
25,ririss,0.683
25,safi,0.6575
25,sara ariska,0.6567
25,satria 🙌,0.663
25,sendiiisen©📍,0.6762
25,sn0w,0.6674
25,syaf__👾👾,0.6933
25,talasku99,0.6742
25,tam,0.6523
25,tito cans,0.6553
25,tofik.putra17,0.654
25,van pablo,0.6895
25,vanooo,0.6661
25,vittss..,0.6932
25,ws🪩,0.6757
25,xspeedx,0.6558
25,| ig : @aseprmadanni,0.7772
25,ɓøɓ mārlɛƴ!!⛓️,0.665
25,⋇⋆✦chelsea ♛┈⛧♡,0.7144
25,★,0.6545
25,윙고🇲🇨🇰🇷,0.7218
25,️dika_sajah,0.6846
25,￴￴,0.6738
25,𝐫𝐢𝐝𝐨𝐨🕊️,0.7155
25,𝕳𝕬𝕴𝕶𝕬𝕷 𝖁1,0.654
25,𝙋𝙍𝙄𝙉𝘾𝙀 15,0.6788
25,𝙡𝙚𝙣𝙜,0.7032
25,𝙧𝙖𝙙𝙚𝙣𝙣𝙠𝙪𝙘𝙞𝙩𝙩🌊,0.6861
25,🆘,0.6721
25,🐣,0.7313
25,🕊,0.6832
27,42,0.6971
27,4hs3n,0.7755
27,@indah e noe🌻,0.6862
27,@l,0.7587
27,_.akbbrrr,0.694
27,_mhmmdrifq15,0.8331
27,_𝕗 𝕕 𝟙 𝕃-𝟚𝟝,0.6997
27,a,0.6649
27,abas bae,0.6586
27,abay,0.7616
27,about you,0.6501
27,agnggfck🇦🇱🇦🇱,0.6716
27,agsdwh,0.7543
27,agungsaja v2,0.6513
27,ajmilllllll267,0.7009
27,alakaee,0.7169
27,aldo.,0.6635
27,alexxxx,0.6519
27,alfisaktiawan,0.7078
27,alfri_❄❄❄,0.7906
27,alip ajee🌊,0.7337
27,al🌠,0.6786
27,amriajahh,0.8712
27,anisatul,0.7907
27,anna,0.6658
27,anzzbut🐊,0.7029
27,apel❤️,0.7457
27,aqila misha,0.7552
27,ar,0.6696
27,aris fd,0.6799
27,arkanan,0.7524
27,arkhnraalfano,0.7404
27,arul empat huruf,0.7594
27,athar aurellio,0.7576
27,ayas hafddz,0.7348
27,ayurahayu,0.6603
27,aziz,0.749
27,b,0.796
27,b saja 👀,0.684
27,bagasmorgan,0.7326
27,balzz,0.7617
27,bang duttz,0.656
27,betmenn🦸,0.7231
27,bimbim,0.6782
27,bluestar,0.8712
27,bogel osle,0.7331
27,bowo prast,0.7975
27,b★vanss,0.8155
27,b🕸️,0.7098
27,caaa,0.6886
27,cahyoo☄️,0.6576
27,cantika deni,0.6749
27,chell28,0.8129
27,chelll,0.7839
27,cingire dava,0.7575
27,cionnnn➰,0.7155
27,d4nnnnn23_4,0.6847
27,danii,0.7146
27,danu.,0.6808
27,dhanadut_bae16💤,0.7004
27,dilahhh,0.6633
27,dimzz.stecu(setelan.cuwek💢🥶),0.7626
27,donz2nd,0.7678
27,dubidubidam5,0.7125
27,dwi reny makmoy makm,0.6915
27,dwk,0.7955
27,dân stfu⸸,0.845
27,dín dlgk?,0.8017
27,dɹısɐɐɐ,0.7246
27,edhy soekamto,0.6642
27,el smile,0.7722
27,enan_25,0.673
27,ens,0.6727
27,er,0.6819
27,espede racing,0.7529
27,f,0.6854
27,faiqqqqqqq,0.6668
27,fakri,0.6832
27,farrel,0.6515
27,febriansyah,0.6776
27,ffi🕷️,0.6761
27,fikaa,0.6969
27,finzz★,0.7042
27,frzardtyaalvro,0.724
27,genjur,0.6621
27,genzzz,0.7633
27,grandberkahdoaibu,0.7482
27,hermanto,0.7021
27,hi_ndraa,0.673
27,hibban∆,0.703
27,hii i'm bayy.,0.7134
27,hpiss,0.6816
27,hyan,0.7063
27,hαpiz_boyss⚡,0.7561
27,i,0.7157
27,ibunya ragaf,0.8326
27,ig : d4haas.👾,0.7852
27,ig:4ufa_l,0.7133
27,iis dukha,0.6865
27,ikhsan hair,0.7507
27,im.p4yeng!!,0.7109
27,inieidan,0.7156
27,itsmeee.05,0.6702
27,ivx.ixxi_vii~,0.6971
27,jagoan orangtua,0.7848
27,javrr⚡,0.8692
27,jdr,0.6715
27,jesiccaaa,0.6864
27,just friend🙂,0.7195
27,kaji,0.7561
27,kang bahar,0.7671
27,kib3nk_ta,0.7596
27,kii,0.6601
27,kin_💫,0.6947
27,kruxill🎃,0.8743
27,l4nkk,0.7035
27,lah iya,0.7407
27,lah?kenapa?,0.7264
27,lele_byakar@gmail.comm,0.8521
27,lihgal18,0.8043
27,mawar hitam 🌹🗡️,0.8712
27,mawarr,0.7013
27,mengomentari postingan anda,0.6813
27,mhrullam,0.7956
27,mka. kka,0.7009
27,mommy bibiel,0.7467
27,muhammadchilung,0.8089
27,naa_,0.662
27,nadhiff👾,0.8101
27,narti,0.7361
27,narzz🌊🌊,0.7327
27,ndre4you,0.7047
27,nino,0.6797
27,nnaann🔫,0.7565
27,nobody,0.789
27,nuuuu,0.6667
27,ol²²oy,0.8408
27,oz_,0.7216
27,p4tooookkkk,0.7443
27,pisangambon,0.7195
27,piscesmod,0.665
27,praditailhm_,0.7968
27,princess 💅,0.661
27,put,0.7355
27,qila012,0.8232
27,rahmanpru,0.7073
27,rahmat kartolo,0.7064
27,rempeyek_500🌊,0.715
27,rfky,0.6815
27,rijakipp,0.6602
27,rivann.ahah,0.6888
27,rpk1,0.658
27,ryy_,0.683
27,rℹ️k🅾️🅾️🅾️,0.8572
27,safi,0.7523
27,sara ariska,0.6624
27,satria 🙌,0.8213
27,scc winoww,0.8088
27,scc.,0.6868
27,secccfldsuuu21,0.7284
27,sendiiisen©📍,0.8138
27,set? iy syng,0.6775
27,si kucing,0.6799
27,sopo》,0.6662
27,stecu💤,0.7518
27,syaf__👾👾,0.7479
27,talasku99,0.7163
27,tam,0.7547
27,tangrajinngaji,0.754
27,teteh_jawa,0.6817
27,theeryoou,0.7602
27,tinnyee,0.7906
27,tofik.putra17,0.8488
27,upin🐼,0.714
27,user13463#457344,0.7667
27,user7098643456,0.7665
27,username12375,0.703
27,va 17hd,0.814
27,van pablo,0.7005
27,vanooo,0.6806
27,varkon🚀🚀,0.6826
27,viann,0.7914
27,vittss..,0.7228
27,vnn$fomo,0.667
27,wiindoc,0.6513
27,wo,0.6705
27,wong elek,0.7831
27,wongwonganmumet,0.7013
27,ws🪩,0.8074
27,wzrd,0.7166
27,yanuar,0.7011
27,yaraaayaaaa,0.6592
27,yesakiw,0.679
27,yogaaa21,0.7975
27,yyy,0.7661
27,y💥💯                😛,0.6557
27,z4kk🇦🇱🇦🇱,0.7361
27,zaall,0.6937
27,zain,0.6501
27,zaka.ya,0.7963
27,zazamm,0.7781
27,zeniperr,0.718
27,zppcx,0.6703
27,zrill🇦🇱🇦🇱,0.8149
27,zrill💥,0.6555
27,ɴᴀᴛ,0.7904
27,˚ ༘ 🦕𖦹⋆｡˚,0.8522
27,فەیزال,0.7651
27,ᴘɪᴋᴀғʀɪᴇᴅᴄʜɪᴄᴋᴇɴ,0.6814
27,™.yunz ★ 447.¥,0.6618
27,⋇⋆✦chelsea ♛┈⛧♡,0.7024
27,★,0.66
27,☝️👌👌cc,0.8466
27,♥,0.6992
27,✌️,0.7099
27,✧saged🌊,0.6543
27,マᥱž𝚊,0.7107
27,꧁epep꧂,0.6705
27,윙고🇲🇨🇰🇷,0.6799
27,️dika_sajah,0.7324
27,￴,0.707
27,￴ ￴ ￴  ￴ ￴ ￴ ￴ ￴,0.7285
27,￴￴,0.7296
27,𝐫𝐢𝐝𝐨𝐨🕊️,0.6537
27,𝑱𝒖𝒍𝒊𝒂𝒏𝒏𝒏,0.7744
27,𝕳𝕬𝕴𝕶𝕬𝕷 𝖁1,0.7103
27,𝕶𝖞𝖓𝖟𝖟,0.7266
27,𝘿𝙚𝙣,0.7657
27,𝙋𝙍𝙄𝙉𝘾𝙀 15,0.7613
27,𝙖𝙩𝙨𝙨,0.6652
27,𝙡𝙚𝙣𝙜,0.8311
27,🏴󠁧󠁢󠁥󠁮󠁧󠁿🏴󠁧󠁢󠁥󠁮󠁧󠁿,0.7628
27,🐣,0.6639
27,🐦,0.7385
27,💋,0.6796
27,💩.,0.6605
27,🔴⚪,0.7061
27,🕊,0.852
2708,slowhand,0.6779
2708,z4m,0.727
2708,🤴🏽,0.6587
29_.,nopallanakbaik,0.7449
3,duta oghe,0.7903
3,fitrii💅🏻,0.6765
3,nayzz🚀,0.6845
3,oceanblue,0.8247
3,shenaseviana,0.6626
3,😂,0.7734
42,4hs3n,0.7634
42,@indah e noe🌻,0.6928
42,@l,0.7362
42,_mhmmdrifq15,0.7129
42,_𝕗 𝕕 𝟙 𝕃-𝟚𝟝,0.6636
42,agsdwh,0.6792
42,ajmilllllll267,0.653
42,alexxxx,0.6796
42,alfri_❄❄❄,0.6725
42,alip ajee🌊,0.7019
42,amriajahh,0.7265
42,andi★_★№,0.6643
42,anisatul,0.7221
42,apel❤️,0.6553
42,aqila misha,0.7003
42,arkhnraalfano,0.6869
42,atbqu25,0.6996
42,athar aurellio,0.689
42,ayurahayu,0.6972
42,aziz,0.6703
42,b,0.669
42,b4ng_zam,0.6577
42,balex ☘️,0.7254
42,balzz,0.7246
42,bilyy⁰²,0.7211
42,bluestar,0.7265
42,bowo prast,0.6758
42,b★vanss,0.7795
42,b🕸️,0.6778
42,caaa,0.6998
42,chell28,0.7885
42,chelll,0.7787
42,cingire dava,0.6821
42,dhellaxriigod,0.6585
42,dimzz.stecu(setelan.cuwek💢🥶),0.7317
42,donz2nd,0.738
42,dwk,0.6646
42,dân stfu⸸,0.7443
42,dín dlgk?,0.6706
42,edhy soekamto,0.7053
42,el smile,0.6714
42,fafang🕷️,0.662
42,fakri,0.6696
42,fanzz++,0.6631
42,farrel,0.6562
42,fcknzzshit_,0.6943
42,fikaa,0.6939
42,finzz★,0.6551
42,frzardtyaalvro,0.7691
42,g,0.678
42,garangan mulet,0.6538
42,genzzz,0.7003
42,gesang wl,0.6769
42,grandberkahdoaibu,0.6536
42,hamka resna,0.6573
42,hermanto,0.6919
42,hpiss,0.673
42,hyan,0.686
42,hαpiz_boyss⚡,0.6727
42,hαηs кαккσɪɪ.dnd.,0.6678
42,ibunya ragaf,0.7225
42,ig : d4haas.👾,0.7028
42,ig: ?,0.6575
42,ig:4ufa_l,0.7279
42,ikhsan hair,0.7128
42,inieidan,0.6982
42,inyong,0.6575
42,jagoan orangtua,0.6537
42,javrr⚡,0.7526
42,jesiccaaa,0.7601
42,"kaa,a",0.6684
42,kaji,0.6746
42,kang bahar,0.6862
42,keee keee,0.6669
42,kin_💫,0.6966
42,kruxill🎃,0.709
42,kuwi4526,0.6601
42,lah iya,0.6924
42,lah?kenapa?,0.6927
42,lele_byakar@gmail.comm,0.8213
42,lihgal18,0.6868
42,mawar hitam 🌹🗡️,0.7265
42,mbahnya nafisha dan sava,0.7094
42,mhrullam,0.6665
42,mka. kka,0.654
42,muhamad rian,0.6695
42,muhammadchilung,0.66
42,mykids,0.6967
42,nadhiff👾,0.6891
42,nobody,0.6946
42,nur fadil,0.6524
42,nuuuu,0.6716
42,ol²²oy,0.7325
42,oz_,0.667
42,p4tooookkkk,0.685
42,pak haji,0.7055
42,pak haji sara,0.6832
42,piscesmod,0.6906
42,praditailhm_,0.6843
42,princess 💅,0.7023
42,qila012,0.7514
42,raf,0.6626
42,raffiii162,0.6934
42,rafyy😹,0.6814
42,rahmanpru,0.6851
42,rzl,0.6671
42,rℹ️k🅾️🅾️🅾️,0.7751
42,safi,0.7539
42,sara ariska,0.6534
42,satria 🙌,0.7139
42,scc winoww,0.78
42,scc.,0.6796
42,secccfldsuuu21,0.7393
42,sendiiisen©📍,0.6826
42,stecu💤,0.7051
42,tam,0.703
42,taxi barang purwokerto,0.7679
42,teteh_jawa,0.7122
42,theeryoou,0.6649
42,tinnyee,0.7506
42,tito cans,0.6635
42,tofik.putra17,0.7375
42,user13463#457344,0.7025
42,va 17hd,0.7074
42,van pablo,0.6562
42,vanooo,0.6608
42,varkon🚀🚀,0.6586
42,viann,0.7088
42,ws🪩,0.687
42,yaraaayaaaa,0.7034
42,yogaaa21,0.7827
42,yyy,0.6652
42,zain,0.6863
42,zaka.ya,0.6882
42,zannn,0.6802
42,zazamm,0.7755
42,àlwàysdip,0.6954
42,ɴᴀᴛ,0.6726
42,˚ ༘ 🦕𖦹⋆｡˚,0.7253
42,☝️👌👌cc,0.708
42,✌️,0.6861
42,マᥱž𝚊,0.7038
42,️dika_sajah,0.6564
42,￴ ￴ ￴  ￴ ￴ ￴ ￴ ￴,0.7566
42,𝐫𝐢𝐝𝐨𝐨🕊️,0.6601
42,𝑱𝒖𝒍𝒊𝒂𝒏𝒏𝒏,0.709
42,𝓝𝓪𝔂𝓵𝓪_𝓓.𝓐,0.6717
42,𝕳𝕬𝕴𝕶𝕬𝕷 𝖁1,0.7511
42,𝕶𝖞𝖓𝖟𝖟,0.6598
42,𝘼𝙇𝙃𝘼𝙆𝙄𝙈𝙕,0.6834
42,𝘿𝙚𝙣,0.7687
42,𝙋𝙍𝙄𝙉𝘾𝙀 15,0.6929
42,𝙡𝙚𝙣𝙜,0.7359
42,𝙧𝙖𝙙𝙚𝙣𝙣𝙠𝙪𝙘𝙞𝙩𝙩🌊,0.6963
42,🆘,0.6609
42,🏴󠁧󠁢󠁥󠁮󠁧󠁿🏴󠁧󠁢󠁥󠁮󠁧󠁿,0.6727
42,🐣,0.6787
42,🐦,0.6981
42,💩.,0.7751
42,🕊,0.755
445,4hs3n,0.6921
445,@cowok.gendut.com,0.7039
445,@indah e noe🌻,0.7432
445,abay,0.6924
445,afta,0.685
445,ajmilllllll267,0.6738
445,aku siapa????,0.6554
445,aldo.,0.6534
445,alfri_❄❄❄,0.6792
445,alll🕷️,0.6529
445,amriajahh,0.7091
445,anjanikusuma,0.7074
445,aqila misha,0.6851
445,athar aurellio,0.6539
445,bang duttz,0.6695
445,bimo prasetyo,0.6689
445,bluestar,0.7091
445,b🕸️,0.6566
445,cahyoo☄️,0.6791
445,chell28,0.6571
445,chelll,0.6657
445,dhellaxriigod,0.6659
445,diditarifin,0.6744
445,do,0.7349
445,dân stfu⸸,0.6576
445,"elan jangan nakal ya, iya mah",0.6566
445,enan_25,0.6771
445,faaa12,0.6685
445,fann,0.6681
445,frzardtyaalvro,0.6857
445,fvcksht,0.659
445,f⚡,0.6953
445,garangan mulet,0.6502
445,gudeg bu rudy klampok ✨✨,0.6667
445,hi_ndraa,0.6771
445,hpiss,0.67
445,ibunya ragaf,0.6712
445,im.p4yeng!!,0.6723
445,javrr⚡,0.6861
445,jesiccaaa,0.6628
445,keee keee,0.6742
445,kelzy24,0.6661
445,kruxill🎃,0.6933
445,lah iya,0.727
445,lele_byakar@gmail.comm,0.73
445,m. rizqi_,0.655
445,martati,0.6898
445,mawar hitam 🌹🗡️,0.7091
445,mbahnya nafisha dan sava,0.662
445,mka. kka,0.6565
445,muhamad rian,0.6945
445,ndre4you,0.7023
445,nino,0.6513
445,nobody,0.6731
445,nuuuu,0.6936
445,nuuuuu,0.6745
445,ol²²oy,0.6841
445,pak haji,0.6788
445,patrick bateman,0.6866
445,pisangambon,0.6741
445,r e t z,0.6504
445,raa 👧🏻,0.6608
445,rivann.ahah,0.6544
445,rℹ️k🅾️🅾️🅾️,0.6978
445,safi,0.6752
445,saitama.botak6,0.7452
445,sara ariska,0.672
445,satria 🙌,0.6776
445,sazz,0.666
445,scc winoww,0.6765
445,scc.,0.6644
445,secccfldsuuu21,0.6901
445,septiana,0.677
445,sopo》,0.6821
445,the last good man,0.7788
445,tinnyee,0.684
445,username12375,0.6554
445,userr4532552,0.6845
445,uuppio,0.6619
445,v,0.6507
445,van pablo,0.6635
445,vinss,0.666
445,weird zeze🇩🇪,0.6506
445,yaraaayaaaa,0.6623
445,yogaaa21,0.7093
445,z4kk🇦🇱🇦🇱,0.6615
445,zain,0.7049
445,zannn,0.7338
445,zazamm,0.6544
445,zppcx,0.6992
445,☝️👌👌cc,0.6846
445,♥,0.6557
445,𝕳𝕬𝕴𝕶𝕬𝕷 𝖁1,0.6681
445,𝙾𝚛𝚢𝚣𝚊 𝚂𝚊𝚝𝚒𝚟𝚊 🌾,0.685
445,🆘,0.6627
445,🐦,0.6773
445,👾,0.6745
445,🧋,0.6541
4hs3n,631nwcc4,0.6719
4hs3n,@indah e noe🌻,0.7314
4hs3n,@l,0.8051
4hs3n,_mhmmdrifq15,0.7353
4hs3n,_𝕗 𝕕 𝟙 𝕃-𝟚𝟝,0.6804
4hs3n,abay,0.6885
4hs3n,agsdwh,0.7329
4hs3n,agungsaja v2,0.6748
4hs3n,ajmilllllll267,0.6504
4hs3n,alfisaktiawan,0.6785
4hs3n,alfri_❄❄❄,0.7213
4hs3n,alip ajee🌊,0.7029
4hs3n,amriajahh,0.811
4hs3n,anggitaaaaaa❤️‍🔥,0.6799
4hs3n,anisatul,0.8038
4hs3n,aqila misha,0.7453
4hs3n,ar,0.689
4hs3n,arkanan,0.6515
4hs3n,arkhnraalfano,0.7357
4hs3n,arul empat huruf,0.6885
4hs3n,athar aurellio,0.7213
4hs3n,ayas hafddz,0.6826
4hs3n,aziz,0.7042
4hs3n,b,0.7426
4hs3n,balzz,0.7519
4hs3n,bang duttz,0.6692
4hs3n,bluestar,0.811
4hs3n,bogel osle,0.6891
4hs3n,bowo prast,0.8239
4hs3n,bowoo,0.6506
4hs3n,b★vanss,0.8158
4hs3n,b🕸️,0.6989
4hs3n,caaa,0.6743
4hs3n,chell28,0.8475
4hs3n,chelll,0.7978
4hs3n,cingire dava,0.7323
4hs3n,dhanadut_bae16💤,0.7088
4hs3n,dhellaxriigod,0.6572
4hs3n,diditarifin,0.6809
4hs3n,dimzz.stecu(setelan.cuwek💢🥶),0.7806
4hs3n,donz2nd,0.709
4hs3n,dubidubidam5,0.6548
4hs3n,dwk,0.7073
4hs3n,dân stfu⸸,0.77
4hs3n,dín dlgk?,0.6725
4hs3n,el smile,0.778
4hs3n,enan_25,0.6701
4hs3n,espede racing,0.6815
4hs3n,f,0.7282
4hs3n,faaa12,0.659
4hs3n,fafang🕷️,0.6618
4hs3n,fakri,0.6696
4hs3n,fens nasa 🇺🇸🚀,0.6542
4hs3n,frzardtyaalvro,0.7713
4hs3n,genzzz,0.6967
4hs3n,gesang wl,0.6618
4hs3n,grandberkahdoaibu,0.7241
4hs3n,hi_ndraa,0.6701
4hs3n,hyan,0.742
4hs3n,hαpiz_boyss⚡,0.7594
4hs3n,hαηs кαккσɪɪ.dnd.,0.6584
4hs3n,i,0.7306
4hs3n,i j a l,0.6926
4hs3n,ibunya ragaf,0.7543
4hs3n,ifaashion.id,0.6603
4hs3n,iis dukha,0.6597
4hs3n,ikhsan hair,0.6636
4hs3n,inieidan,0.6601
4hs3n,jagoan orangtua,0.6944
4hs3n,javrr⚡,0.7843
4hs3n,jdr,0.715
4hs3n,jesiccaaa,0.713
4hs3n,just friend🙂,0.6979
4hs3n,"kaa,a",0.6553
4hs3n,kaji,0.8085
4hs3n,kang bahar,0.7502
4hs3n,keee keee,0.65
4hs3n,kib3nk_ta,0.6536
4hs3n,kiking,0.6685
4hs3n,kin_💫,0.6743
4hs3n,kkpann!,0.6566
4hs3n,kruxill🎃,0.8103
4hs3n,l4nkk,0.7336
4hs3n,lah iya,0.7299
4hs3n,lah?kenapa?,0.6675
4hs3n,lele_byakar@gmail.comm,0.8398
4hs3n,lihgal18,0.8063
4hs3n,mas eng69,0.6689
4hs3n,mawar hitam 🌹🗡️,0.811
4hs3n,mawarr,0.7329
4hs3n,mbahnya nafisha dan sava,0.6828
4hs3n,mhrullam,0.7496
4hs3n,mka. kka,0.6819
4hs3n,muhamad rian,0.6619
4hs3n,muhammadchilung,0.7101
4hs3n,nadhiff👾,0.7628
4hs3n,narti,0.6869
4hs3n,narzz🌊🌊,0.659
4hs3n,ndre4you,0.6864
4hs3n,nnaann🔫,0.676
4hs3n,nobody,0.7199
4hs3n,ol²²oy,0.8575
4hs3n,oz_,0.6596
4hs3n,p4tooookkkk,0.7317
4hs3n,pak haji,0.6734
4hs3n,pisangambon,0.6865
4hs3n,praditailhm_,0.7879
4hs3n,princess 💅,0.7221
4hs3n,qila012,0.745
4hs3n,raa 👧🏻,0.6529
4hs3n,rahmanpru,0.6702
4hs3n,rahmat kartolo,0.7223
4hs3n,rzl,0.6682
4hs3n,rℹ️k🅾️🅾️🅾️,0.8212
4hs3n,safi,0.7337
4hs3n,sara ariska,0.679
4hs3n,satria 🙌,0.7578
4hs3n,scc winoww,0.8635
4hs3n,scc.,0.7351
4hs3n,secccfldsuuu21,0.7452
4hs3n,sendiiisen©📍,0.7277
4hs3n,septiana,0.6819
4hs3n,stecu💤,0.6781
4hs3n,suyato jowo,0.6787
4hs3n,tam,0.6527
4hs3n,tangrajinngaji,0.6828
4hs3n,taxi barang purwokerto,0.6592
4hs3n,teteh_jawa,0.6594
4hs3n,the last good man,0.6636
4hs3n,theeryoou,0.684
4hs3n,tinnyee,0.7918
4hs3n,tofik.putra17,0.7667
4hs3n,trisis,0.6595
4hs3n,upin🐼,0.6576
4hs3n,user13463#457344,0.7295
4hs3n,username12375,0.719
4hs3n,uuppio,0.6647
4hs3n,va 17hd,0.8024
4hs3n,van pablo,0.6792
4hs3n,vanooo,0.6904
4hs3n,viann,0.8011
4hs3n,vittss..,0.6623
4hs3n,wo,0.7487
4hs3n,wong elek,0.7246
4hs3n,ws🪩,0.7141
4hs3n,yanuar,0.6966
4hs3n,yaraaayaaaa,0.6851
4hs3n,yogaaa21,0.8965
4hs3n,yyy,0.7259
4hs3n,z4kk🇦🇱🇦🇱,0.6573
4hs3n,zaka.ya,0.7633
4hs3n,zannn,0.6776
4hs3n,zazamm,0.8168
4hs3n,zrill🇦🇱🇦🇱,0.7066
4hs3n,ɴᴀᴛ,0.675
4hs3n,˚ ༘ 🦕𖦹⋆｡˚,0.7513
4hs3n,☝️👌👌cc,0.847
4hs3n,♥,0.6719
4hs3n,✌️,0.7763
4hs3n,マᥱž𝚊,0.7259
4hs3n,￴ ￴ ￴  ￴ ￴ ￴ ￴ ￴,0.6603
4hs3n,￴￴,0.6713
4hs3n,𝑱𝒖𝒍𝒊𝒂𝒏𝒏𝒏,0.7907
4hs3n,𝕳𝕬𝕴𝕶𝕬𝕷 𝖁1,0.7242
4hs3n,𝕶𝖞𝖓𝖟𝖟,0.7282
4hs3n,𝖇𝖎𝖎𝖑𝖆,0.6727
4hs3n,𝘼𝙇𝙃𝘼𝙆𝙄𝙈𝙕,0.7378
4hs3n,𝘿𝙚𝙣,0.7663
4hs3n,𝙋𝙍𝙄𝙉𝘾𝙀 15,0.6629
4hs3n,𝙡𝙚𝙣𝙜,0.7371
4hs3n,🏴󠁧󠁢󠁥󠁮󠁧󠁿🏴󠁧󠁢󠁥󠁮󠁧󠁿,0.7488
4hs3n,🐦,0.753
4hs3n,💩.,0.6713
4hs3n,🔴⚪,0.6988
4hs3n,🕊,0.7587
4hs3n,🧋,0.6754
62€~,dilzz v2,0.665
62€~,ig: ?,0.6508
62€~,inyong,0.6508
62€~,"kaa,a",0.652
62€~,kiking,0.6784
62€~,masjack3195,0.6815
62€~,panggil vans✌️,0.6606
62€~,panglima boncoz,0.6703
62€~,sapa bae,0.7017
62€~,𝓝𝓪𝔂𝓵𝓪_𝓓.𝓐,0.6523
62€~,🐦,0.6557
631nwcc4,@l,0.6719
631nwcc4,_𝕗 𝕕 𝟙 𝕃-𝟚𝟝,0.6579
631nwcc4,akaa,0.6689
631nwcc4,ar,0.7048
631nwcc4,arkanan,0.6945
631nwcc4,b,0.6678
631nwcc4,bowo prast,0.7279
631nwcc4,cingire dava,0.6615
631nwcc4,dhanadut_bae16💤,0.7917
631nwcc4,dimzz.stecu(setelan.cuwek💢🥶),0.6577
631nwcc4,hamzzstecu,0.662
631nwcc4,jdr,0.6945
631nwcc4,kib3nk_ta,0.6674
631nwcc4,kojek,0.6967
631nwcc4,l4nkk,0.7088
631nwcc4,lihgal18,0.7647
631nwcc4,mas eng69,0.6807
631nwcc4,mhrullam,0.7303
631nwcc4,nadhiff👾,0.7318
631nwcc4,ol²²oy,0.6728
631nwcc4,pisangambon,0.6822
631nwcc4,rahmat kartolo,0.6684
631nwcc4,rpk1,0.702
631nwcc4,s u m m e r .,0.7122
631nwcc4,satria 🙌,0.6502
631nwcc4,srylee,0.6515
631nwcc4,suyato jowo,0.7541
631nwcc4,tika kartika,0.6658
631nwcc4,tofik.putra17,0.6691
631nwcc4,wo,0.6741
631nwcc4,zrill🇦🇱🇦🇱,0.719
631nwcc4,เςคภ,0.6931
631nwcc4,່ ‍ a,0.6664
631nwcc4,☝️👌👌cc,0.6543
631nwcc4,￴￴,0.6829
631nwcc4,𝘼𝙇𝙃𝘼𝙆𝙄𝙈𝙕,0.6857
631nwcc4,𝙖𝙩𝙨𝙨,0.6741
631nwcc4,🎮,0.7435
:3윤니스🇰🇷🥷💐,@!van★*,0.6588
:3윤니스🇰🇷🥷💐,ajammjamm_,0.7331
:3윤니스🇰🇷🥷💐,alee25 store,0.7331
:3윤니스🇰🇷🥷💐,arisdel8,0.6588
:3윤니스🇰🇷🥷💐,arya,0.6588
:3윤니스🇰🇷🥷💐,arya🎲,0.8467
:3윤니스🇰🇷🥷💐,ataapppp,0.659
:3윤니스🇰🇷🥷💐,ath,0.6588
:3윤니스🇰🇷🥷💐,bleng ko,1.0
:3윤니스🇰🇷🥷💐,chikotila,0.6925
:3윤니스🇰🇷🥷💐,c✌🏻tur🌊,0.6607
:3윤니스🇰🇷🥷💐,derasah,0.7331
:3윤니스🇰🇷🥷💐,dheebu,0.6588
:3윤니스🇰🇷🥷💐,diah sri972,0.6588
:3윤니스🇰🇷🥷💐,dwisetyarinii,0.7331
:3윤니스🇰🇷🥷💐,enjoyss,0.7409
:3윤니스🇰🇷🥷💐,"fendaaa,,",0.6548
:3윤니스🇰🇷🥷💐,fittdos,0.7331
:3윤니스🇰🇷🥷💐,gl badax,0.6588
:3윤니스🇰🇷🥷💐,haniiif,0.6588
:3윤니스🇰🇷🥷💐,iin,0.6588
:3윤니스🇰🇷🥷💐,juprianto anto,0.7331
:3윤니스🇰🇷🥷💐,kd urng ya,0.6588
:3윤니스🇰🇷🥷💐,kembali datang,0.7409
:3윤니스🇰🇷🥷💐,lakmen,0.6885
:3윤니스🇰🇷🥷💐,luthfyyy,0.7331
:3윤니스🇰🇷🥷💐,mas_drun,0.7331
:3윤니스🇰🇷🥷💐,nanangmungils1,0.6588
:3윤니스🇰🇷🥷💐,panzskbd,0.6588
:3윤니스🇰🇷🥷💐,paqihh,0.6567
:3윤니스🇰🇷🥷💐,pikaars?,0.8303
:3윤니스🇰🇷🥷💐,pitawidiono,0.7665
:3윤니스🇰🇷🥷💐,r.a sbg team,0.7978
:3윤니스🇰🇷🥷💐,sinfloww,0.7331
:3윤니스🇰🇷🥷💐,tri yulianti,0.6588
:3윤니스🇰🇷🥷💐,veri ramandani18,0.7331
:3윤니스🇰🇷🥷💐,wisnu krishna,0.8381
:3윤니스🇰🇷🥷💐,yuliazaa,1.0
:3윤니스🇰🇷🥷💐,น้ำอุ่น กัญญาภัทร เต๊กอ๋อต้ง,1.0
:3윤니스🇰🇷🥷💐,⠀ ⠀ ⠀ ⠀ ⠀᠌,0.6588
:3윤니스🇰🇷🥷💐,￼,0.7475
:3윤니스🇰🇷🥷💐,🌵dnd's_mom🌵,0.8367
:3윤니스🇰🇷🥷💐,🐚🫧🪩,0.7113
?,@!van★*,0.8308
?,@turzxi!eu69數,0.7492
?,abcde?,0.6829
?,ajammjamm_,0.6771
?,alee25 store,0.6771
?,arisdel8,0.8308
?,arya,0.8308
?,asya&fajar,0.6829
?,ateng54,0.6829
?,ath,0.8308
?,billz,0.686
?,bsep,0.6829
?,buluk gonzales 13,0.7196
?,dafz second trifth19,0.6962
?,daniiii,0.6829
?,danzooo,0.7376
?,deboy,0.663
?,derasah,0.6771
?,desttt_,0.7663
?,devannn,0.699
?,dewoel,0.7137
?,dheebu,0.8308
?,diah sri972,0.8308
?,duwiii,0.6829
?,dwisetyarinii,0.6771
?,egit,0.7124
?,enaksekali,0.6829
?,excel😶‍🌫️            akun №1,0.7639
?,fernanda,0.6829
?,firmannnnnnnn,0.6829
?,fittdos,0.6771
?,gl badax,0.8308
?,haniiif,0.8308
?,i'szz?!,0.8006
?,iin,0.8308
?,juprianto anto,0.6771
?,kd urng ya,0.8308
?,kenzo.s.m.z,0.6829
?,lianaa,0.67
?,luthfyyy,0.6771
?,mahendri,0.7459
?,mas_drun,0.6771
?,mei meido x kakure meme,0.7818
?,mohammadriski077,0.6636
?,n4uf@l 4j4,0.8467
?,nanangmungils1,0.8308
?,nipzzz,0.7532
?,p,0.7553
?,p4n_🤷‍♂️🤷‍♂️,0.7499
?,pangeran kodok,0.6749
?,panzskbd,0.8308
?,pasarrumah.id,0.6831
?,r 4 5 ya,0.6863
?,rezx2nd,0.6829
?,riff,0.6829
?,rstu💤,0.6925
?,sannzxkce,0.684
?,scorpio🦂,0.6829
?,sinfloww,0.6771
?,tri yulianti,0.8308
?,vann 🌳,0.7145
?,veri ramandani18,0.6771
?,warung knalpot racing,0.7028
?,wawud,0.6589
?,ye,0.9106
?,zaza,0.7638
?,⠀ ⠀ ⠀ ⠀ ⠀᠌,0.8308
?,レザ,0.6596
?,🄱🄰🅈🅄🄸🄽🄳🄰🄷🄾🄵🄵🅂🄴🅃,0.7324
?,🕸,0.7368
?.,@cowok.gendut.com,0.6909
?.,adalah pokoknya,0.6864
?.,agnggfck🇦🇱🇦🇱,0.6778
?.,agung,0.657
?.,aton bae🚀🚀,0.7008
?.,bibb,0.6829
?.,brahim d van basten,0.723
?.,cen,0.6529
?.,dzky.,0.6696
?.,"elan jangan nakal ya, iya mah",0.738
?.,farrel,0.6522
?.,ffi🕷️,0.6516
?.,g,0.6911
?.,kall,0.6895
?.,khaa : akun business 🪐 💵,0.6772
?.,kitekle_,0.6789
?.,maa....,0.6627
?.,maswilll,0.7427
?.,nha_nha88,0.712
?.,nuuuu,0.7057
?.,r e t z,0.6981
?.,raffiii162,0.6766
?.,rian(rivan fian),0.7027
?.,rimzsukaessedoublechange🤤,0.7361
?.,ririss,0.6533
?.,saitama.botak6,0.6508
?.,sn0w,0.652
?.,spilloutfittrendy,0.6676
?.,zexx'777,0.6637
?.,zouheir.yaz_ze,0.6578
?.,| ig : @aseprmadanni,0.7015
?.,ɓøɓ mārlɛƴ!!⛓️,0.6913
?.,윙고🇲🇨🇰🇷,0.6691
?.,𝕬𝖟𝖐𝖆 𝖋𝖔𝖗 𝖞𝖔𝖚,0.6655
??,_.akbbrrr,0.7262
??,abas bae,0.7517
??,alakaee,0.6703
??,alfisaktiawan,0.7349
??,alfri_❄❄❄,0.6571
??,anisatul,0.6518
??,anna,0.7853
??,antika24♊,0.7804
??,anzzbut🐊,0.6918
??,aris fd,0.6805
??,arkanan,0.6683
??,ayurahayu,0.6885
??,b saja 👀,0.7604
??,betmenn🦸,0.7825
??,bilyy⁰²,0.7339
??,bogel osle,0.6899
??,cantika deni,0.7876
??,cionnnn➰,0.7187
??,danii,0.7185
??,dhellaxriigod,0.7139
??,dilahhh,0.7594
??,donz2nd,0.7274
??,dubidubidam5,0.7453
??,dwi reny makmoy makm,0.727
??,dɹısɐɐɐ,0.7214
??,edhy soekamto,0.8099
??,ens,0.7119
??,er,0.6503
??,espede racing,0.7561
??,ffi🕷️,0.7537
??,fwarelll123,0.655
??,genjur,0.6711
??,hermanto,0.7096
??,hibban∆,0.727
??,hii i'm bayy.,0.6648
??,ig : d4haas.👾,0.6701
??,ig | im_alzz,0.6756
??,im.p4yeng!!,0.6984
??,inisial.b,0.6642
??,jagoan orangtua,0.6555
??,javrr⚡,0.6786
??,jepri night🦸,0.7867
??,juvvv,0.6776
??,kian santang,0.7071
??,"kicau mania""😷✌",0.7095
??,kin_💫,0.6567
??,leo,0.7545
??,mmmmm,0.6567
??,mvinta,0.7242
??,oz_,0.7053
??,p4tooookkkk,0.6561
??,padil,0.7156
??,pak haji sara,0.6835
??,pangeran k,0.7649
??,pip2nd🧿,0.7923
??,piscesmod,0.6676
??,praditailhm_,0.6611
??,put,0.7077
??,qila012,0.6816
??,regialparij,0.672
??,rempeyek_500🌊,0.7357
??,rfky,0.7924
??,rijakipp,0.7318
??,sabiantiwulariata,0.6617
??,satria 🙌,0.6868
??,satyaa ✦,0.6702
??,si kucing,0.7776
??,sn0w,0.6567
??,stecu💤,0.6754
??,superman,0.7048
??,syaf__👾👾,0.695
??,tam,0.6883
??,taxi barang purwokerto,0.6555
??,teteh_jawa,0.6627
??,tofik.putra17,0.6719
??,user13463#457344,0.6515
??,user7098643456,0.6816
??,viann,0.7094
??,wongwonganmumet,0.6816
??,ws🪩,0.6989
??,wzrd,0.7403
??,y💥💯                😛,0.7703
??,z4kk🇦🇱🇦🇱,0.7037
??,zaall,0.7147
??,zain,0.7463
??,zeniperr,0.666
??,™.yunz ★ 447.¥,0.6591
??,⋇⋆✦chelsea ♛┈⛧♡,0.7113
??,★,0.7304
??,️dika_sajah,0.692
??,𝕳𝕬𝕴𝕶𝕬𝕷 𝖁1,0.6557
??,𝙡𝙚𝙣𝙜,0.679
??,𝙧𝙖𝙙𝙚𝙣𝙣𝙠𝙪𝙘𝙞𝙩𝙩🌊,0.6742
??,💋,0.7493
??,🕊,0.6938
@!van★*,@turzxi!eu69數,0.7048
@!van★*,abcde?,0.8452
@!van★*,ajammjamm_,0.8055
@!van★*,alee25 store,0.8055
@!van★*,andre $,0.6563
@!van★*,arisdel8,1.0
@!van★*,arya,1.0
@!van★*,asya&fajar,0.8452
@!van★*,ateng54,0.8452
@!van★*,ath,1.0
@!van★*,bleng ko,0.6588
@!van★*,bsep,0.8452
@!van★*,buluk gonzales 13,0.8649
@!van★*,daniiii,0.8452
@!van★*,danzooo,0.7016
@!van★*,deboy,0.6757
@!van★*,derasah,0.8055
@!van★*,desttt_,0.7962
@!van★*,devannn,0.7392
@!van★*,dewoel,0.7006
@!van★*,dheebu,1.0
@!van★*,dheevaaaaaaaaaaaaaaaaaaaaa,0.6898
@!van★*,diah sri972,1.0
@!van★*,duwiii,0.8452
@!van★*,dwisetyarinii,0.8055
@!van★*,enaksekali,0.8452
@!van★*,enjoyss,0.7337
@!van★*,excel😶‍🌫️            akun №1,0.9191
@!van★*,fernanda,0.8452
@!van★*,firmannnnnnnn,0.8452
@!van★*,fittdos,0.8055
@!van★*,fzryyyy,0.6983
@!van★*,gl badax,1.0
@!van★*,haniiif,1.0
@!van★*,i'szz?!,0.7176
@!van★*,ig: ryaaa.06_,0.7056
@!van★*,iin,1.0
@!van★*,indomaret 24 jam,0.6716
@!van★*,ini punya aku 🤪,0.6704
@!van★*,juprianto anto,0.8055
@!van★*,kd urng ya,1.0
@!van★*,kembali datang,0.7337
@!van★*,kenzo.s.m.z,0.8452
@!van★*,lakmen,0.6693
@!van★*,lianaa,0.6525
@!van★*,luthfyyy,0.8055
@!van★*,mahendri,0.7803
@!van★*,mas_drun,0.8055
@!van★*,n4uf@l 4j4,0.862
@!van★*,nanangmungils1,1.0
@!van★*,nipzzz,0.8229
@!van★*,ovl,0.7056
@!van★*,p4n_🤷‍♂️🤷‍♂️,0.7231
@!van★*,pangeran kodok,0.6549
@!van★*,panzskbd,1.0
@!van★*,pasarrumah.id,0.6918
@!van★*,pikaars?,0.654
@!van★*,r 4 5 ya,0.696
@!van★*,rezx2nd,0.8452
@!van★*,riff,0.8452
@!van★*,risky⛔️🆘️,0.7074
@!van★*,sannzxkce,0.6825
@!van★*,scorpio🦂,0.8452
@!van★*,seli🌸,0.6656
@!van★*,sinfloww,0.8055
@!van★*,tokoserbada12,0.7623
@!van★*,tri yulianti,1.0
@!van★*,vann 🌳,0.6713
@!van★*,veri ramandani18,0.8055
@!van★*,wawud,0.6503
@!van★*,wien,0.6656
@!van★*,ye,0.8283
@!van★*,yuliazaa,0.6588
@!van★*,zaza,0.6641
@!van★*,น้ำอุ่น กัญญาภัทร เต๊กอ๋อต้ง,0.6588
@!van★*,⚽,0.6656
@!van★*,⠀ ⠀ ⠀ ⠀ ⠀᠌,1.0
@!van★*,レザ,0.6953
@!van★*,𝕱_v2,0.6794
@!van★*,🌵dnd's_mom🌵,0.7373
@!van★*,🐚🫧🪩,0.6505
@!van★*,🕸,0.675
@4rdhy,@tirtawijaya'87,0.6673
@4rdhy,_.akbbrrr,0.7086
@4rdhy,abas bae,0.6716
@4rdhy,akaa,0.6506
@4rdhy,arul empat huruf,0.6891
@4rdhy,ayas hafddz,0.7417
@4rdhy,bgsz,0.6782
@4rdhy,bian aja,0.7215
@4rdhy,cantika deni,0.667
@4rdhy,celukbae abid 😃😁@?,0.7855
@4rdhy,davaaa,0.7238
@4rdhy,dɹısɐɐɐ,0.6818
@4rdhy,espede racing,0.7136
@4rdhy,ewong...,0.7387
@4rdhy,fann,0.6722
@4rdhy,farrel,0.6977
@4rdhy,genzzz,0.6502
@4rdhy,gh4ny1,0.6715
@4rdhy,ido.,0.6544
@4rdhy,jagoan orangtua,0.7909
@4rdhy,jazkyy1233,0.7232
@4rdhy,just friend🙂,0.716
@4rdhy,k  for  kami'el,0.689
@4rdhy,kib3nk_ta,0.6809
@4rdhy,kojek,0.7372
@4rdhy,lekngasu,0.6616
@4rdhy,luhur budi permana,0.6752
@4rdhy,mmmmm,0.7046
@4rdhy,mommy bibiel,0.6793
@4rdhy,muhammadchilung,0.7098
@4rdhy,nabati,0.7004
@4rdhy,nadhiff👾,0.6595
@4rdhy,narti,0.6793
@4rdhy,neyymar kee jakarta,0.6991
@4rdhy,notzstrongboyss,0.7256
@4rdhy,oz_,0.6508
@4rdhy,rpk1,0.7223
@4rdhy,s u m m e r .,0.6633
@4rdhy,single era,0.7323
@4rdhy,theeryoou,0.6722
@4rdhy,tofik.putra17,0.7024
@4rdhy,user13463#457344,0.7596
@4rdhy,ws🪩,0.689
@4rdhy,yesakiw,0.6602
@4rdhy,z4kk🇦🇱🇦🇱,0.6923
@4rdhy,zeniperr,0.7042
@4rdhy,المجتهد,0.6958
@4rdhy,فەیزال,0.7162
@4rdhy,เςคภ,0.7235
@4rdhy,™.yunz ★ 447.¥,0.6663
@4rdhy,￴,0.7312
@4rdhy,𝕶𝖞𝖓𝖟𝖟,0.6827
@4rdhy,𝙖𝙩𝙨𝙨,0.6591
@4rdhy,🔴⚪,0.6795
@4rdhy,🤴🏽,0.7033
@cowok.gendut.com,@indah e noe🌻,0.6825
@cowok.gendut.com,a r j a☘️,0.7033
@cowok.gendut.com,adalah pokoknya,0.6708
@cowok.gendut.com,aji jishon 17,0.6784
@cowok.gendut.com,aneppp✨,0.7056
@cowok.gendut.com,asher,0.7413
@cowok.gendut.com,axsa,0.7809
@cowok.gendut.com,bibb,0.7394
@cowok.gendut.com,bimo prasetyo,0.6527
@cowok.gendut.com,brahim d van basten,0.6888
@cowok.gendut.com,cen,0.7388
@cowok.gendut.com,danzz,0.7047
@cowok.gendut.com,dvindylndra,0.6554
@cowok.gendut.com,dzikriibrgzazdn,0.6662
@cowok.gendut.com,dzky.,0.6515
@cowok.gendut.com,"elan jangan nakal ya, iya mah",0.7549
@cowok.gendut.com,fanzz++,0.6591
@cowok.gendut.com,fiki v1,0.6651
@cowok.gendut.com,frhnbaeω,0.6944
@cowok.gendut.com,g,0.6973
@cowok.gendut.com,glowupbareng.id,0.6615
@cowok.gendut.com,granddream,0.7477
@cowok.gendut.com,hanifnur,0.6617
@cowok.gendut.com,kall,0.7547
@cowok.gendut.com,mamaz ap,0.7068
@cowok.gendut.com,maswilll,0.7054
@cowok.gendut.com,maypen🍉,0.6512
@cowok.gendut.com,mrco,0.6508
@cowok.gendut.com,nayor,0.69
@cowok.gendut.com,nha_nha88,0.8167
@cowok.gendut.com,nuuuu,0.7222
@cowok.gendut.com,pak haji,0.6782
@cowok.gendut.com,patrick bateman,0.6708
@cowok.gendut.com,putra barepjr,0.6826
@cowok.gendut.com,putz!!,0.6518
@cowok.gendut.com,r e t z,0.734
@cowok.gendut.com,raffiii162,0.6768
@cowok.gendut.com,ramadani🌀,0.7288
@cowok.gendut.com,rian(rivan fian),0.7054
@cowok.gendut.com,rimzsukaessedoublechange🤤,0.6974
@cowok.gendut.com,ririss,0.8136
@cowok.gendut.com,saitama.botak6,0.828
@cowok.gendut.com,sandhi686,0.7266
@cowok.gendut.com,se'pull_maxwill,0.7214
@cowok.gendut.com,sn0w,0.6648
@cowok.gendut.com,spilloutfittrendy,0.7622
@cowok.gendut.com,sri66790,0.7496
@cowok.gendut.com,tem - tem★★★,0.762
@cowok.gendut.com,tole bf official316,0.796
@cowok.gendut.com,ultrambuttttt,0.6769
@cowok.gendut.com,wong kene bae,0.8264
@cowok.gendut.com,"wong""plosok",0.7516
@cowok.gendut.com,xxtipoo🀄⚡,0.6522
@cowok.gendut.com,yaraaayaaaa,0.6564
@cowok.gendut.com,ynnnz,0.7145
@cowok.gendut.com,zexx'777,0.6536
@cowok.gendut.com,| ig : @aseprmadanni,0.8074
@cowok.gendut.com,ɓøɓ mārlɛƴ!!⛓️,0.6539
@cowok.gendut.com,ℒ𝓊𝓬𝓴𝔂,0.7078
@cowok.gendut.com,𝐫𝐢𝐝𝐨𝐨🕊️,0.6611
@cowok.gendut.com,𝕬𝖟𝖐𝖆 𝖋𝖔𝖗 𝖞𝖔𝖚,0.6696
@cowok.gendut.com,𝘾𝙖𝙡𝙤𝙣 𝙃𝘼𝙅𝙄,0.6925
@cowok.gendut.com,🆘,0.7803
@cowok.gendut.com,💥,0.6956
@dalang_fuluzzz,adit 🤟🤖🤟,0.6572
@dalang_fuluzzz,aldo,0.7499
@dalang_fuluzzz,bobin,0.7178
@dalang_fuluzzz,byy🌊,0.6627
@dalang_fuluzzz,dvaaa,0.7121
@dalang_fuluzzz,ini blue🔵💨,0.6566
@dalang_fuluzzz,m. rizqi_,0.6963
@dalang_fuluzzz,nansya ahsh,0.6583
@dalang_fuluzzz,ranji💤,0.691
@dalang_fuluzzz,rehan.aj,0.655
@dalang_fuluzzz,rezz_brew,0.7284
@dalang_fuluzzz,rizzstecu✌️,0.6798
@dalang_fuluzzz,vannn opet,0.6867
@dalang_fuluzzz,wdyt_,0.6503
@dalang_fuluzzz,weird zeze🇩🇪,0.7107
@dalang_fuluzzz,x4ngee🕊️,0.6739
@dalang_fuluzzz,ꦲꦼꦤ꧀ꦝꦺꦴꦱ꧀,0.9307
@dalang_fuluzzz,𝘉𝘐 𝔟𝔢𝔫𝔠𝔦 𝔠𝔦𝔫𝔱𝔞~,0.6502
@indah e noe🌻,@l,0.693
@indah e noe🌻,_mhmmdrifq15,0.6947
@indah e noe🌻,abay,0.6955
@indah e noe🌻,afta,0.7619
@indah e noe🌻,agsdwh,0.7692
@indah e noe🌻,agungsaja v2,0.6819
@indah e noe🌻,ajmilllllll267,0.6827
@indah e noe🌻,aldo.,0.6711
@indah e noe🌻,alfri_❄❄❄,0.6782
@indah e noe🌻,alip ajee🌊,0.6787
@indah e noe🌻,alll🕷️,0.6755
@indah e noe🌻,amriajahh,0.7452
@indah e noe🌻,anak ayam.,0.6523
@indah e noe🌻,anggitaaaaaa❤️‍🔥,0.6677
@indah e noe🌻,anisatul,0.6855
@indah e noe🌻,anjanikusuma,0.7959
@indah e noe🌻,aqila misha,0.6866
@indah e noe🌻,arkanan,0.6539
@indah e noe🌻,arkhnraalfano,0.6718
@indah e noe🌻,artati,0.6638
@indah e noe🌻,atbqu25,0.6825
@indah e noe🌻,aziz,0.688
@indah e noe🌻,b,0.6734
@indah e noe🌻,bimo prasetyo,0.7371
@indah e noe🌻,bluestar,0.7452
@indah e noe🌻,bowo prast,0.6952
@indah e noe🌻,bowoo,0.8267
@indah e noe🌻,b★vanss,0.7313
@indah e noe🌻,b🕸️,0.7933
@indah e noe🌻,cahyoo☄️,0.6858
@indah e noe🌻,chell28,0.7376
@indah e noe🌻,chelll,0.6854
@indah e noe🌻,cingire dava,0.6566
@indah e noe🌻,de2x.alk1,0.7141
@indah e noe🌻,dennbaee,0.6842
@indah e noe🌻,dhellaxriigod,0.6857
@indah e noe🌻,diditarifin,0.7457
@indah e noe🌻,dimzz.stecu(setelan.cuwek💢🥶),0.7407
@indah e noe🌻,donz2nd,0.6644
@indah e noe🌻,dân stfu⸸,0.7146
@indah e noe🌻,dín dlgk?,0.7102
@indah e noe🌻,er,0.669
@indah e noe🌻,f,0.7519
@indah e noe🌻,fafang🕷️,0.6808
@indah e noe🌻,fakri,0.6903
@indah e noe🌻,finzz★,0.6698
@indah e noe🌻,frzardtyaalvro,0.7216
@indah e noe🌻,f⚡,0.7751
@indah e noe🌻,gesang wl,0.6769
@indah e noe🌻,hii i'm bayy.,0.6661
@indah e noe🌻,hyan,0.8203
@indah e noe🌻,i,0.817
@indah e noe🌻,i j a l,0.7591
@indah e noe🌻,ibunya ragaf,0.678
@indah e noe🌻,ig:4ufa_l,0.6585
@indah e noe🌻,ikhsan hair,0.7059
@indah e noe🌻,im.p4yeng!!,0.6516
@indah e noe🌻,javrr⚡,0.7694
@indah e noe🌻,jesiccaaa,0.6735
@indah e noe🌻,kaji,0.6608
@indah e noe🌻,kang bahar,0.7594
@indah e noe🌻,keee keee,0.6519
@indah e noe🌻,kelzy24,0.7308
@indah e noe🌻,kin_💫,0.6516
@indah e noe🌻,kruxill🎃,0.7479
@indah e noe🌻,lah iya,0.7231
@indah e noe🌻,lah?kenapa?,0.6601
@indah e noe🌻,lele_byakar@gmail.comm,0.7545
@indah e noe🌻,lihgal18,0.6994
@indah e noe🌻,martati,0.6509
@indah e noe🌻,mas_dawet,0.6508
@indah e noe🌻,mawar hitam 🌹🗡️,0.7452
@indah e noe🌻,mawarr,0.7897
@indah e noe🌻,mbahnya nafisha dan sava,0.708
@indah e noe🌻,muhammadchilung,0.656
@indah e noe🌻,nadhiff👾,0.683
@indah e noe🌻,ndre4you,0.878
@indah e noe🌻,nobody,0.7044
@indah e noe🌻,nuuuu,0.6866
@indah e noe🌻,ol²²oy,0.7653
@indah e noe🌻,patrick bateman,0.6536
@indah e noe🌻,penjahat mu,0.658
@indah e noe🌻,pisangambon,0.7117
@indah e noe🌻,praditailhm_,0.6677
@indah e noe🌻,princess 💅,0.7394
@indah e noe🌻,raffiii162,0.6698
@indah e noe🌻,rafyy😹,0.7254
@indah e noe🌻,rahmanpru,0.6619
@indah e noe🌻,rzl,0.7054
@indah e noe🌻,rℹ️k🅾️🅾️🅾️,0.7699
@indah e noe🌻,safi,0.6906
@indah e noe🌻,sapa bae,0.6537
@indah e noe🌻,sara ariska,0.8254
@indah e noe🌻,sari 86,0.6847
@indah e noe🌻,satria 🙌,0.7074
@indah e noe🌻,scc winoww,0.734
@indah e noe🌻,scc.,0.654
@indah e noe🌻,secccfldsuuu21,0.6843
@indah e noe🌻,sendiiisen©📍,0.6873
@indah e noe🌻,septiana,0.834
@indah e noe🌻,sopo》,0.6817
@indah e noe🌻,syaf__👾👾,0.6897
@indah e noe🌻,talasku99,0.6523
@indah e noe🌻,teteh_jawa,0.6506
@indah e noe🌻,the last good man,0.7532
@indah e noe🌻,tinnyee,0.6728
@indah e noe🌻,tofik.putra17,0.6798
@indah e noe🌻,trisis,0.7035
@indah e noe🌻,userr4532552,0.6977
@indah e noe🌻,uuppio,0.6758
@indah e noe🌻,van pablo,0.6857
@indah e noe🌻,vanooo,0.6719
@indah e noe🌻,viann,0.6803
@indah e noe🌻,vittss..,0.6746
@indah e noe🌻,ws🪩,0.6646
@indah e noe🌻,xspeedx,0.7432
@indah e noe🌻,yogaaa21,0.7235
@indah e noe🌻,yyy,0.6648
@indah e noe🌻,zaka.ya,0.6754
@indah e noe🌻,zannn,0.6984
@indah e noe🌻,zazamm,0.6823
@indah e noe🌻,zppcx,0.6937
@indah e noe🌻,ᴘɪᴋᴀғʀɪᴇᴅᴄʜɪᴄᴋᴇɴ,0.7143
@indah e noe🌻,☝️👌👌cc,0.7603
@indah e noe🌻,⛓️,0.6928
@indah e noe🌻,✌️,0.7611
@indah e noe🌻,マᥱž𝚊,0.7084
@indah e noe🌻,𝑱𝒖𝒍𝒊𝒂𝒏𝒏𝒏,0.6542
@indah e noe🌻,𝕳𝕬𝕴𝕶𝕬𝕷 𝖁1,0.6853
@indah e noe🌻,𝖇𝖎𝖎𝖑𝖆,0.7421
@indah e noe🌻,𝘼𝙇𝙃𝘼𝙆𝙄𝙈𝙕,0.7016
@indah e noe🌻,𝙡𝙚𝙣𝙜,0.6871
@indah e noe🌻,𝙾𝚛𝚢𝚣𝚊 𝚂𝚊𝚝𝚒𝚟𝚊 🌾,0.7619
@indah e noe🌻,🏴󠁧󠁢󠁥󠁮󠁧󠁿🏴󠁧󠁢󠁥󠁮󠁧󠁿,0.6567
@indah e noe🌻,🕊,0.7048
@indah e noe🌻,🧋,0.6755
@l,_.akbbrrr,0.6812
@l,_mhmmdrifq15,0.7358
@l,_𝕗 𝕕 𝟙 𝕃-𝟚𝟝,0.7228
@l,abay,0.6544
@l,agsdwh,0.8035
@l,agungsaja v2,0.7149
@l,ajmilllllll267,0.6525
@l,aku siapa????,0.6516
@l,alakaee,0.6532
@l,alexxxx,0.6977
@l,alfisaktiawan,0.7171
@l,alfri_❄❄❄,0.7154
@l,alip ajee🌊,0.7486
@l,al🌠,0.6754
@l,amriajahh,0.7712
@l,anggitaaaaaa❤️‍🔥,0.6908
@l,anisatul,0.8625
@l,anna,0.6817
@l,anzzbut🐊,0.7071
@l,apel❤️,0.6528
@l,aqila misha,0.6979
@l,ar,0.8012
@l,aris fd,0.6744
@l,arkanan,0.7042
@l,arkhnraalfano,0.7706
@l,arul empat huruf,0.7024
@l,atbqu25,0.6704
@l,athar aurellio,0.6926
@l,ayas hafddz,0.7092
@l,ayurahayu,0.6976
@l,aziz,0.7054
@l,b,0.7948
@l,b saja 👀,0.7368
@l,balzz,0.7453
@l,betmenn🦸,0.6904
@l,bluestar,0.7712
@l,bogel osle,0.7756
@l,bowo prast,0.802
@l,bowoo,0.7079
@l,b★vanss,0.7866
@l,b🕸️,0.746
@l,caaa,0.652
@l,cantika deni,0.682
@l,celukbae abid 😃😁@?,0.6551
@l,chell28,0.8162
@l,chelll,0.7895
@l,cingire dava,0.7895
@l,cionnnn➰,0.6761
@l,d4nnnnn23_4,0.6653
@l,danu.,0.7153
@l,dhanadut_bae16💤,0.8206
@l,dilahhh,0.6562
@l,dimzz.stecu(setelan.cuwek💢🥶),0.7497
@l,donz2nd,0.8124
@l,dubidubidam5,0.7008
@l,dwk,0.8038
@l,dân stfu⸸,0.7892
@l,dín dlgk?,0.679
@l,dɹısɐɐɐ,0.7005
@l,el smile,0.834
@l,ens,0.6844
@l,espede racing,0.7676
@l,f,0.7386
@l,faaa12,0.6793
@l,fafang🕷️,0.7476
@l,fakri,0.7162
@l,farrel,0.7026
@l,ffi🕷️,0.7145
@l,fikaa,0.7492
@l,frzardtyaalvro,0.7047
@l,g,0.6522
@l,genjur,0.7052
@l,genzzz,0.7034
@l,grandberkahdoaibu,0.7618
@l,hermanto,0.7394
@l,hii i'm bayy.,0.7592
@l,hyan,0.7148
@l,hαpiz_boyss⚡,0.7509
@l,hαηs кαккσɪɪ.dnd.,0.7198
@l,i,0.7257
@l,i j a l,0.7021
@l,ibunya ragaf,0.7941
@l,ifaashion.id,0.7543
@l,ig : d4haas.👾,0.7439
@l,ig:4ufa_l,0.6889
@l,ikhsan hair,0.6801
@l,inieidan,0.7314
@l,jagoan orangtua,0.7476
@l,javrr⚡,0.8345
@l,jdr,0.8145
@l,jepri night🦸,0.6938
@l,jesiccaaa,0.6786
@l,just friend🙂,0.6837
@l,"kaa,a",0.6876
@l,kaji,0.8174
@l,kang bahar,0.8039
@l,keee keee,0.6833
@l,kelzy24,0.6552
@l,kian santang,0.701
@l,kib3nk_ta,0.6597
@l,kin_💫,0.6525
@l,kruxill🎃,0.769
@l,l4ngz_strong,0.6517
@l,l4nkk,0.8868
@l,lah iya,0.7023
@l,lah?kenapa?,0.6527
@l,lele_byakar@gmail.comm,0.7883
@l,lihgal18,0.8679
@l,mawar hitam 🌹🗡️,0.7712
@l,mawarr,0.7615
@l,mengomentari postingan anda,0.6919
@l,mhrullam,0.7753
@l,mka. kka,0.6546
@l,mmmmm,0.6941
@l,mommy bibiel,0.6502
@l,muhammadchilung,0.7516
@l,mvinta,0.674
@l,mykids,0.7137
@l,naa_,0.6714
@l,nadhiff👾,0.8325
@l,nar setecu🌀💤🌊,0.6928
@l,narti,0.7273
@l,narzz🌊🌊,0.7693
@l,ndre4you,0.7234
@l,neyymar kee jakarta,0.6984
@l,nggaaa,0.6686
@l,nnaann🔫,0.651
@l,nobody,0.7426
@l,nur fadil,0.6785
@l,ol²²oy,0.8207
@l,oz_,0.7587
@l,p4tooookkkk,0.7892
@l,padil,0.7306
@l,pak haji,0.6545
@l,pak haji sara,0.7063
@l,patirrrv2🖤,0.7185
@l,pecey yeye,0.6517
@l,persiaa,0.6579
@l,pisangambon,0.7573
@l,praditailhm_,0.8796
@l,princess 💅,0.7572
@l,put,0.7416
@l,qila012,0.8036
@l,raf,0.7835
@l,rafyy😹,0.6886
@l,rahmanpru,0.6744
@l,rahmat kartolo,0.8041
@l,rempeyek_500🌊,0.6703
@l,rijakipp,0.6721
@l,rzl,0.7567
@l,rℹ️k🅾️🅾️🅾️,0.7947
@l,safi,0.7185
@l,samshl_22,0.7316
@l,sapa bae,0.6705
@l,sara ariska,0.7519
@l,satria 🙌,0.7875
@l,satyaa ✦,0.6507
@l,scc winoww,0.8028
@l,scc.,0.786
@l,secccfldsuuu21,0.7489
@l,sendiiisen©📍,0.7625
@l,septiana,0.7034
@l,si kucing,0.7122
@l,srylee,0.7025
@l,stecu💤,0.694
@l,suyato jowo,0.734
@l,syaf__👾👾,0.6888
@l,tam,0.7379
@l,tangrajinngaji,0.8406
@l,taxi barang purwokerto,0.6657
@l,teteh_jawa,0.6664
@l,theeryoou,0.659
@l,tinnyee,0.8169
@l,tofik.putra17,0.8132
@l,upin🐼,0.6905
@l,user13463#457344,0.777
@l,user7098643456,0.6567
@l,username12375,0.675
@l,uuppio,0.7253
@l,va 17hd,0.8116
@l,van pablo,0.7585
@l,vanooo,0.7651
@l,viann,0.898
@l,vittss..,0.6755
@l,wo,0.7674
@l,wong elek,0.803
@l,wongwonganmumet,0.6872
@l,ws🪩,0.7126
@l,wzrd,0.7834
@l,yanuar,0.7783
@l,yaraaayaaaa,0.6965
@l,yesakiw,0.654
@l,yogaaa21,0.7831
@l,yyy,0.7595
@l,y💥💯                😛,0.6825
@l,z4kk🇦🇱🇦🇱,0.6529
@l,zaall,0.6571
@l,zaka.ya,0.8258
@l,zazamm,0.8655
@l,zeniperr,0.6948
@l,zrill🇦🇱🇦🇱,0.7541
@l,zrill💥,0.6617
@l,ɴᴀᴛ,0.6654
@l,˚ ༘ 🦕𖦹⋆｡˚,0.7621
@l,فەیزال,0.6654
@l,⋇⋆✦chelsea ♛┈⛧♡,0.7278
@l,★,0.7074
@l,☝️👌👌cc,0.8101
@l,⛓️,0.6509
@l,✌️,0.811
@l,ザキ・アルディアンシア,0.6713
@l,윙고🇲🇨🇰🇷,0.7275
@l,️dika_sajah,0.734
@l,￴,0.6615
@l,￴ ￴ ￴  ￴ ￴ ￴ ￴ ￴,0.7215
@l,￴￴,0.788
@l,𝐫𝐢𝐝𝐨𝐨🕊️,0.6644
@l,𝑱𝒖𝒍𝒊𝒂𝒏𝒏𝒏,0.7873
@l,𝓝𝓪𝔂𝓵𝓪_𝓓.𝓐,0.663
@l,𝕳𝕬𝕴𝕶𝕬𝕷 𝖁1,0.7889
@l,𝕶𝖞𝖓𝖟𝖟,0.6987
@l,𝘼𝙇𝙃𝘼𝙆𝙄𝙈𝙕,0.7844
@l,𝘿𝙚𝙣,0.8025
@l,𝙋𝙍𝙄𝙉𝘾𝙀 15,0.7088
@l,𝙡𝙚𝙣𝙜,0.7918
@l,𝙧𝙖𝙙𝙚𝙣𝙣𝙠𝙪𝙘𝙞𝙩𝙩🌊,0.6886
@l,🎮,0.7061
@l,🏴󠁧󠁢󠁥󠁮󠁧󠁿🏴󠁧󠁢󠁥󠁮󠁧󠁿,0.7333
@l,🐣,0.6629
@l,🐦,0.7246
@l,💩.,0.6792
@l,🔴⚪,0.7779
@l,🕊,0.8718
@l,🧋,0.6704
@leopurnomo,a r j a☘️,0.6974
@leopurnomo,aneppp✨,0.6986
@leopurnomo,ataabhrandie_,0.7071
@leopurnomo,cyy,0.6763
@leopurnomo,jarot bae,0.7373
@leopurnomo,kizy🇦🇱,0.6793
@leopurnomo,mamaz ap,0.6676
@leopurnomo,ndaru,0.7195
@leopurnomo,nha_nha88,0.6633
@leopurnomo,r e t z,0.6614
@leopurnomo,r2kyy🐬,0.6732
@leopurnomo,sandhi686,0.6623
@leopurnomo,zye hehe,0.6536
@leopurnomo,˚꩜｡⋆˚࿔ 𝔂𝓪𝔂𝓪 𝜗𝜚˚⋆🧸ྀི,0.7173
@samm__23,ajammjamm_,0.7344
@samm__23,alee25 store,0.7344
@samm__23,buluk gonzales 13,0.8392
@samm__23,deliciousrull,0.6827
@samm__23,derasah,0.7344
@samm__23,dheevaaaaaaaaaaaaaaaaaaaaa,0.9122
@samm__23,dwisetyarinii,0.7344
@samm__23,excel😶‍🌫️            akun №1,0.6661
@samm__23,fattahcake,0.7201
@samm__23,fittdos,0.7344
@samm__23,ini punya aku 🤪,0.8638
@samm__23,iyedd 🪩,0.6754
@samm__23,juprianto anto,0.7344
@samm__23,langzz,0.712
@samm__23,luthfyyy,0.7344
@samm__23,mas_drun,0.7344
@samm__23,nayzz🚀,0.7119
@samm__23,r 4 5 ya,0.7129
@samm__23,risky⛔️🆘️,0.6901
@samm__23,seli🌸,0.905
@samm__23,shenaseviana,0.7678
@samm__23,sinfloww,0.7344
@samm__23,tokoserbada12,0.7435
@samm__23,vanzzz,0.8261
@samm__23,veri ramandani18,0.7344
@samm__23,wawud,0.6813
@samm__23,wien,0.905
@samm__23,wiwut,0.6809
@samm__23,⚽,0.905
@samm__23,🕸,0.6798
@samm__23,😂,0.6962
@samm__23,🥷,0.7471
@t4pzy`,alll🕷️,0.708
@t4pzy`,bimo prasetyo,0.7396
@t4pzy`,cahyoo☄️,0.6818
@t4pzy`,de2x.alk1,0.7051
@t4pzy`,diditarifin,0.7089
@t4pzy`,i j a l,0.7076
@t4pzy`,mas_dawet,0.6527
@t4pzy`,mazz ar31,0.6605
@t4pzy`,orensport,0.7069
@t4pzy`,penjahat mu,0.6902
@t4pzy`,r4ndsyh,0.6663
@t4pzy`,ryy_,0.699
@t4pzy`,septiana,0.6756
@t4pzy`,sri wahyuningsih,0.6674
@t4pzy`,ᴘɪᴋᴀғʀɪᴇᴅᴄʜɪᴄᴋᴇɴ,0.7863
@t4pzy`,⛓️,0.6591
@t4pzy`,꧁epep꧂,0.6612
@t4pzy`,𝖇𝖎𝖎𝖑𝖆,0.6729
@tirtawijaya'87,aton bae🚀🚀,0.6554
@tirtawijaya'87,celukbae abid 😃😁@?,0.6846
@tirtawijaya'87,davaaa,0.6796
@tirtawijaya'87,fann,0.6875
@tirtawijaya'87,farrel,0.6502
@tirtawijaya'87,j4rrz.,0.6513
@tirtawijaya'87,just friend🙂,0.6623
@tirtawijaya'87,kojek,0.6521
@tirtawijaya'87,van pablo,0.6641
@tirtawijaya'87,z4kk🇦🇱🇦🇱,0.6583
@tirtawijaya'87,เςคภ,0.712
@tirtawijaya'87,™.yunz ★ 447.¥,0.6816
@turzxi!eu69數,adit anjaiygy,0.6514
@turzxi!eu69數,ajipunyaku,0.6919
@turzxi!eu69數,arisdel8,0.7048
@turzxi!eu69數,arya,0.7048
@turzxi!eu69數,arz👾🪄,0.6527
@turzxi!eu69數,ath,0.7048
@turzxi!eu69數,a🫪k44_,0.6808
@turzxi!eu69數,dafz second trifth19,0.677
@turzxi!eu69數,danzooo,0.6978
@turzxi!eu69數,danzz💤,0.6678
@turzxi!eu69數,deboy,0.6719
@turzxi!eu69數,desttt_,0.6747
@turzxi!eu69數,dewoel,0.6832
@turzxi!eu69數,dheebu,0.7048
@turzxi!eu69數,diah sri972,0.7048
@turzxi!eu69數,excel😶‍🌫️            akun №1,0.6933
@turzxi!eu69數,gl badax,0.7048
@turzxi!eu69數,haniiif,0.7048
@turzxi!eu69數,i'szz?!,0.66
@turzxi!eu69數,iin,0.7048
@turzxi!eu69數,irfan k.,0.675
@turzxi!eu69數,iyedd 🪩,0.7078
@turzxi!eu69數,izz_sjlh🀄,0.6574
@turzxi!eu69數,kd urng ya,0.7048
@turzxi!eu69數,mahendri,0.7195
@turzxi!eu69數,mallbelajarbaik,0.6745
@turzxi!eu69數,mei meido x kakure meme,0.6772
@turzxi!eu69數,mohammadriski077,0.6638
@turzxi!eu69數,n4uf@l 4j4,0.7494
@turzxi!eu69數,nanangmungils1,0.7048
@turzxi!eu69數,nipzzz,0.6794
@turzxi!eu69數,p,0.6631
@turzxi!eu69數,pangeran kodok,0.7067
@turzxi!eu69數,panzskbd,0.7048
@turzxi!eu69數,r 4 5 ya,0.6502
@turzxi!eu69數,risky⛔️🆘️,0.6865
@turzxi!eu69數,sopo iki?,0.6795
@turzxi!eu69數,tri yulianti,0.7048
@turzxi!eu69數,vann 🌳,0.6552
@turzxi!eu69數,wawud,0.6712
@turzxi!eu69數,xybca_fad,0.6739
@turzxi!eu69數,ye,0.794
@turzxi!eu69數,zaza,0.6942
@turzxi!eu69數,⠀ ⠀ ⠀ ⠀ ⠀᠌,0.7048
@turzxi!eu69數,💥,0.66
_.akbbrrr,_𝕗 𝕕 𝟙 𝕃-𝟚𝟝,0.7119
_.akbbrrr,abas bae,0.772
_.akbbrrr,about you,0.6558
_.akbbrrr,agnggfck🇦🇱🇦🇱,0.6901
_.akbbrrr,alakaee,0.7346
_.akbbrrr,anna,0.6902
_.akbbrrr,antika24♊,0.7061
_.akbbrrr,anzzbut🐊,0.7324
_.akbbrrr,aris fd,0.7178
_.akbbrrr,arkanan,0.6915
_.akbbrrr,arul empat huruf,0.7356
_.akbbrrr,aton bae🚀🚀,0.677
_.akbbrrr,ayas hafddz,0.6689
_.akbbrrr,aziz,0.6808
_.akbbrrr,b saja 👀,0.7475
_.akbbrrr,bagasmorgan,0.6989
_.akbbrrr,betmenn🦸,0.8869
_.akbbrrr,bgsz,0.6829
_.akbbrrr,bian aja,0.828
_.akbbrrr,bilyy⁰²,0.6536
_.akbbrrr,bimbim,0.6799
_.akbbrrr,bogel osle,0.652
_.akbbrrr,cantika deni,0.8392
_.akbbrrr,celukbae abid 😃😁@?,0.7486
_.akbbrrr,chelll,0.6795
_.akbbrrr,cingire dava,0.6862
_.akbbrrr,cionnnn➰,0.7179
_.akbbrrr,d4nnnnn23_4,0.6799
_.akbbrrr,danii,0.6731
_.akbbrrr,danu.,0.6859
_.akbbrrr,dilahhh,0.7248
_.akbbrrr,donz2nd,0.7314
_.akbbrrr,dubidubidam5,0.7467
_.akbbrrr,dwi reny makmoy makm,0.6573
_.akbbrrr,dwk,0.6821
_.akbbrrr,dɹısɐɐɐ,0.7881
_.akbbrrr,edhy soekamto,0.7081
_.akbbrrr,ens,0.7009
_.akbbrrr,espede racing,0.7329
_.akbbrrr,faaa12,0.6572
_.akbbrrr,faiqqqqqqq,0.7306
_.akbbrrr,farrel,0.7023
_.akbbrrr,fens nasa 🇺🇸🚀,0.6862
_.akbbrrr,ffi🕷️,0.7663
_.akbbrrr,fikaa,0.663
_.akbbrrr,fwarelll123,0.8155
_.akbbrrr,genjur,0.7645
_.akbbrrr,genzzz,0.726
_.akbbrrr,gh4ny1,0.7659
_.akbbrrr,hermanto,0.6555
_.akbbrrr,hibban∆,0.673
_.akbbrrr,ig : d4haas.👾,0.6683
_.akbbrrr,im.p4yeng!!,0.7106
_.akbbrrr,inieidan,0.6834
_.akbbrrr,jagoan orangtua,0.7394
_.akbbrrr,javrr⚡,0.7268
_.akbbrrr,jepri night🦸,0.7257
_.akbbrrr,just friend🙂,0.8814
_.akbbrrr,k  for  kami'el,0.6974
_.akbbrrr,kian santang,0.6623
_.akbbrrr,kib3nk_ta,0.6686
_.akbbrrr,"kicau mania""😷✌",0.6746
_.akbbrrr,kojek,0.7072
_.akbbrrr,l4nkk,0.6603
_.akbbrrr,lah?kenapa?,0.6501
_.akbbrrr,masayu,0.6985
_.akbbrrr,mhrullam,0.6978
_.akbbrrr,mmmmm,0.7303
_.akbbrrr,mommy bibiel,0.785
_.akbbrrr,muhammadchilung,0.8578
_.akbbrrr,mvinta,0.6871
_.akbbrrr,naa_,0.6727
_.akbbrrr,nabati,0.7273
_.akbbrrr,nadhiff👾,0.656
_.akbbrrr,narti,0.6547
_.akbbrrr,neyymar kee jakarta,0.8007
_.akbbrrr,nnaann🔫,0.7291
_.akbbrrr,notzstrongboyss,0.6917
_.akbbrrr,oz_,0.6712
_.akbbrrr,p4tooookkkk,0.7082
_.akbbrrr,padil,0.7117
_.akbbrrr,pangeran k,0.7035
_.akbbrrr,pisangambon,0.6971
_.akbbrrr,put,0.7768
_.akbbrrr,qila012,0.6707
_.akbbrrr,rempeyek_500🌊,0.7249
_.akbbrrr,rfky,0.7614
_.akbbrrr,rijakipp,0.7365
_.akbbrrr,rpk1,0.671
_.akbbrrr,safi,0.6502
_.akbbrrr,satria 🙌,0.7415
_.akbbrrr,secccfldsuuu21,0.6651
_.akbbrrr,sendiiisen©📍,0.7357
_.akbbrrr,si kucing,0.6991
_.akbbrrr,single era,0.7514
_.akbbrrr,sleep the saunt,0.6968
_.akbbrrr,stecu💤,0.6938
_.akbbrrr,syaf__👾👾,0.6796
_.akbbrrr,tam,0.666
_.akbbrrr,tangrajinngaji,0.6903
_.akbbrrr,taxi barang purwokerto,0.6522
_.akbbrrr,theeryoou,0.7117
_.akbbrrr,tofik.putra17,0.7534
_.akbbrrr,user13463#457344,0.7404
_.akbbrrr,user7098643456,0.7009
_.akbbrrr,va 17hd,0.6819
_.akbbrrr,van pablo,0.6757
_.akbbrrr,viann,0.6858
_.akbbrrr,wiindoc,0.6588
_.akbbrrr,wong elek,0.6639
_.akbbrrr,wongwonganmumet,0.7411
_.akbbrrr,ws🪩,0.7707
_.akbbrrr,wzrd,0.7273
_.akbbrrr,yanuar,0.7107
_.akbbrrr,yesakiw,0.6614
_.akbbrrr,y💥💯                😛,0.7104
_.akbbrrr,z4kk🇦🇱🇦🇱,0.8359
_.akbbrrr,zaall,0.6514
_.akbbrrr,zain,0.6552
_.akbbrrr,zaka.ya,0.662
_.akbbrrr,zeniperr,0.7531
_.akbbrrr,zrill🇦🇱🇦🇱,0.6916
_.akbbrrr,ɴᴀᴛ,0.6539
_.akbbrrr,˚ ༘ 🦕𖦹⋆｡˚,0.7037
_.akbbrrr,فەیزال,0.8049
_.akbbrrr,เςคภ,0.6562
_.akbbrrr,™.yunz ★ 447.¥,0.9251
_.akbbrrr,⋇⋆✦chelsea ♛┈⛧♡,0.6865
_.akbbrrr,★,0.6627
_.akbbrrr,ザキ・アルディアンシア,0.6521
_.akbbrrr,윙고🇲🇨🇰🇷,0.6887
_.akbbrrr,️dika_sajah,0.7682
_.akbbrrr,￴,0.8506
_.akbbrrr,𝕳𝕬𝕴𝕶𝕬𝕷 𝖁1,0.6506
_.akbbrrr,𝕶𝖞𝖓𝖟𝖟,0.6726
_.akbbrrr,𝙋𝙍𝙄𝙉𝘾𝙀 15,0.7214
_.akbbrrr,𝙡𝙚𝙣𝙜,0.7669
_.akbbrrr,𝙧𝙖𝙙𝙚𝙣𝙣𝙠𝙪𝙘𝙞𝙩𝙩🌊,0.7432
_.akbbrrr,💋,0.7477
_.akbbrrr,🔴⚪,0.6693
_.akbbrrr,🕊,0.7275
_.akbbrrr,😡,0.6867
_4e1pann'🇦🇱,kriss,0.9512
_4e1pann'🇦🇱,lakmen,0.7014
_4e1pann'🇦🇱,mbuull🫀,0.9512
_4e1pann'🇦🇱,r.a sbg team,0.71
_____avznocure🇦🇱,aboutdan,0.6658
_____avznocure🇦🇱,aqiel tsany,0.6651
_____avznocure🇦🇱,azziffsyazly@ official.,0.7861
_____avznocure🇦🇱,bayzz444,0.8216
_____avznocure🇦🇱,biann,0.6699
_____avznocure🇦🇱,byy🌊,0.7163
_____avznocure🇦🇱,capcipcup🕊️,0.6901
_____avznocure🇦🇱,c✌🏻tur🌊,0.691
_____avznocure🇦🇱,deeka ada e nya,0.6535
_____avznocure🇦🇱,deni,0.6951
_____avznocure🇦🇱,dhafin &aja (@#),1.0
_____avznocure🇦🇱,dip_16,0.7361
_____avznocure🇦🇱,dvaaa,0.7397
_____avznocure🇦🇱,fahri..☘️☘️,0.6951
_____avznocure🇦🇱,gntaa,0.8511
_____avznocure🇦🇱,ini blue🔵💨,0.6792
_____avznocure🇦🇱,jok,0.7616
_____avznocure🇦🇱,joller🇦🇱,1.0
_____avznocure🇦🇱,king persija,0.6614
_____avznocure🇦🇱,na.,0.7034
_____avznocure🇦🇱,naufabyktsr,0.7141
_____avznocure🇦🇱,ngọc,0.6766
_____avznocure🇦🇱,noellnr🍒,0.664
_____avznocure🇦🇱,nyong,1.0
_____avznocure🇦🇱,n⭐👽,0.7036
_____avznocure🇦🇱,p1n,0.7111
_____avznocure🇦🇱,panglima boncoz,0.6935
_____avznocure🇦🇱,parell✈️💤,1.0
_____avznocure🇦🇱,pikaars?,0.6784
_____avznocure🇦🇱,proo,1.0
_____avznocure🇦🇱,rass.,1.0
_____avznocure🇦🇱,rehan.aj,0.6581
_____avznocure🇦🇱,ristiana08,0.7401
_____avznocure🇦🇱,rmdn,0.6521
_____avznocure🇦🇱,sestu,0.7616
_____avznocure🇦🇱,sucilestaripp_08,0.7099
_____avznocure🇦🇱,syakila pbg,0.7616
_____avznocure🇦🇱,syaqella,0.7401
_____avznocure🇦🇱,tll,0.712
_____avznocure🇦🇱,wong gringsing,0.7616
_____avznocure🇦🇱,y🅰️hya?,0.7361
_____avznocure🇦🇱,ziee_1901,0.6669
_____avznocure🇦🇱,~~boyszzarddd~~ardboysss🇦🇱🪩,0.7141
_____avznocure🇦🇱,່,1.0
_____avznocure🇦🇱,✧-ta_kepkat,0.8176
_____avznocure🇦🇱,❤️💛💚,0.918
_____avznocure🇦🇱,ꦲꦼꦤ꧀ꦝꦺꦴꦱ꧀,0.6822
_____avznocure🇦🇱,𝑦𝑦𝑦𝑦,0.7361
_____avznocure🇦🇱,𝔅𝔩𝔲𝔢𝔢𝔅𝔬𝔬𝔰𝔱 💨💫,0.8671
_____avznocure🇦🇱,"𝖂𝖍𝖔'𝕾,𝕭𝖗𝖆𝖓රධ",0.6749
_____avznocure🇦🇱,𝗕𝗠𝗞𝗚,1.0
_____avznocure🇦🇱,𝘁𝗿ē𝗻𝗱à𝗻𝘇𝘅,1.0
_____avznocure🇦🇱,💫,0.6605
_____avznocure🇦🇱,🔥theeam3ll⚡,0.8173
_fahmi1111,arul empat huruf,0.6773
_fahmi1111,k        i       a      n    u,0.686
_fahmi1111,nnaann🔫,0.6565
_fahmi1111,sbkecu,0.6614
_mhmmdrifq15,abay,0.7235
_mhmmdrifq15,agsdwh,0.7504
_mhmmdrifq15,alakaee,0.6611
_mhmmdrifq15,alfri_❄❄❄,0.7564
_mhmmdrifq15,alip ajee🌊,0.7773
_mhmmdrifq15,al🌠,0.6938
_mhmmdrifq15,amriajahh,0.8566
_mhmmdrifq15,anak ayam.,0.668
_mhmmdrifq15,anisatul,0.7522
_mhmmdrifq15,apel❤️,0.7291
_mhmmdrifq15,aqila misha,0.7625
_mhmmdrifq15,ar,0.6618
_mhmmdrifq15,arkanan,0.6581
_mhmmdrifq15,arkhnraalfano,0.7553
_mhmmdrifq15,arul empat huruf,0.6834
_mhmmdrifq15,athar aurellio,0.7509
_mhmmdrifq15,aziz,0.669
_mhmmdrifq15,b,0.8582
_mhmmdrifq15,balzz,0.6988
_mhmmdrifq15,bluestar,0.8566
_mhmmdrifq15,bogel osle,0.7393
_mhmmdrifq15,bowo prast,0.8639
_mhmmdrifq15,b★vanss,0.8653
_mhmmdrifq15,b🕸️,0.718
_mhmmdrifq15,caaa,0.7135
_mhmmdrifq15,chell28,0.7713
_mhmmdrifq15,chelll,0.7224
_mhmmdrifq15,cingire dava,0.7051
_mhmmdrifq15,d4nnnnn23_4,0.6613
_mhmmdrifq15,dhanadut_bae16💤,0.7105
_mhmmdrifq15,dimzz.stecu(setelan.cuwek💢🥶),0.828
_mhmmdrifq15,donz2nd,0.7154
_mhmmdrifq15,dwk,0.7439
_mhmmdrifq15,dân stfu⸸,0.8244
_mhmmdrifq15,dín dlgk?,0.7652
_mhmmdrifq15,dɹısɐɐɐ,0.6521
_mhmmdrifq15,el smile,0.8004
_mhmmdrifq15,er,0.6759
_mhmmdrifq15,espede racing,0.6583
_mhmmdrifq15,f,0.6763
_mhmmdrifq15,fakri,0.6948
_mhmmdrifq15,febriansyah,0.6731
_mhmmdrifq15,fikaa,0.7577
_mhmmdrifq15,finzz★,0.798
_mhmmdrifq15,fi🅰️n6️⃣,0.6518
_mhmmdrifq15,frzardtyaalvro,0.7343
_mhmmdrifq15,genzzz,0.727
_mhmmdrifq15,grandberkahdoaibu,0.7775
_mhmmdrifq15,hermanto,0.6651
_mhmmdrifq15,hibban∆,0.6868
_mhmmdrifq15,hii i'm bayy.,0.7298
_mhmmdrifq15,hyan,0.7123
_mhmmdrifq15,hαpiz_boyss⚡,0.7413
_mhmmdrifq15,i,0.7372
_mhmmdrifq15,ibunya ragaf,0.7744
_mhmmdrifq15,ig : d4haas.👾,0.7391
_mhmmdrifq15,ig:4ufa_l,0.6616
_mhmmdrifq15,ikhsan hair,0.74
_mhmmdrifq15,inieidan,0.6781
_mhmmdrifq15,ivx.ixxi_vii~,0.6729
_mhmmdrifq15,jagoan orangtua,0.7297
_mhmmdrifq15,javrr⚡,0.8251
_mhmmdrifq15,jdr,0.6721
_mhmmdrifq15,jesiccaaa,0.7132
_mhmmdrifq15,kaji,0.7615
_mhmmdrifq15,kang bahar,0.7628
_mhmmdrifq15,kib3nk_ta,0.669
_mhmmdrifq15,kin_💫,0.65
_mhmmdrifq15,kruxill🎃,0.8298
_mhmmdrifq15,l4nkk,0.6899
_mhmmdrifq15,lah iya,0.7114
_mhmmdrifq15,lah?kenapa?,0.7138
_mhmmdrifq15,lele_byakar@gmail.comm,0.8406
_mhmmdrifq15,lihgal18,0.8126
_mhmmdrifq15,mawar hitam 🌹🗡️,0.8566
_mhmmdrifq15,mawarr,0.689
_mhmmdrifq15,mhrullam,0.7559
_mhmmdrifq15,muhammadchilung,0.7106
_mhmmdrifq15,nadhiff👾,0.7835
_mhmmdrifq15,narzz🌊🌊,0.725
_mhmmdrifq15,ndre4you,0.6921
_mhmmdrifq15,nggaaa,0.6812
_mhmmdrifq15,nino,0.6532
_mhmmdrifq15,nnaann🔫,0.6721
_mhmmdrifq15,nobody,0.7489
_mhmmdrifq15,ol²²oy,0.8526
_mhmmdrifq15,oz_,0.6768
_mhmmdrifq15,p4tooookkkk,0.6545
_mhmmdrifq15,praditailhm_,0.7818
_mhmmdrifq15,princess 💅,0.6728
_mhmmdrifq15,put,0.6831
_mhmmdrifq15,qila012,0.7892
_mhmmdrifq15,raf,0.6653
_mhmmdrifq15,rahmanpru,0.658
_mhmmdrifq15,rℹ️k🅾️🅾️🅾️,0.8557
_mhmmdrifq15,safi,0.7035
_mhmmdrifq15,satria 🙌,0.768
_mhmmdrifq15,scc winoww,0.7797
_mhmmdrifq15,scc.,0.6737
_mhmmdrifq15,secccfldsuuu21,0.6637
_mhmmdrifq15,sendiiisen©📍,0.8254
_mhmmdrifq15,stecu💤,0.7039
_mhmmdrifq15,syaf__👾👾,0.7586
_mhmmdrifq15,talasku99,0.7304
_mhmmdrifq15,tam,0.7468
_mhmmdrifq15,tangrajinngaji,0.7345
_mhmmdrifq15,teteh_jawa,0.673
_mhmmdrifq15,theeryoou,0.7041
_mhmmdrifq15,tinnyee,0.7496
_mhmmdrifq15,tofik.putra17,0.7794
_mhmmdrifq15,trisis,0.7113
_mhmmdrifq15,upin🐼,0.6696
_mhmmdrifq15,user13463#457344,0.6981
_mhmmdrifq15,user7098643456,0.6555
_mhmmdrifq15,username12375,0.6567
_mhmmdrifq15,va 17hd,0.7393
_mhmmdrifq15,vanooo,0.688
_mhmmdrifq15,varkon🚀🚀,0.6746
_mhmmdrifq15,viann,0.7389
_mhmmdrifq15,vittss..,0.741
_mhmmdrifq15,wong elek,0.7297
_mhmmdrifq15,ws🪩,0.7279
_mhmmdrifq15,wtf.prilz,0.6691
_mhmmdrifq15,wzrd,0.6744
_mhmmdrifq15,yogaaa21,0.7593
_mhmmdrifq15,yyy,0.74
_mhmmdrifq15,zaall,0.6733
_mhmmdrifq15,zaka.ya,0.7141
_mhmmdrifq15,zazamm,0.7664
_mhmmdrifq15,zrill🇦🇱🇦🇱,0.7426
_mhmmdrifq15,ɴᴀᴛ,0.7164
_mhmmdrifq15,˚ ༘ 🦕𖦹⋆｡˚,0.7595
_mhmmdrifq15,فەیزال,0.6728
_mhmmdrifq15,⋇⋆✦chelsea ♛┈⛧♡,0.6981
_mhmmdrifq15,☝️👌👌cc,0.8495
_mhmmdrifq15,♥,0.7113
_mhmmdrifq15,✌️,0.697
_mhmmdrifq15,✧saged🌊,0.66
_mhmmdrifq15,マᥱž𝚊,0.7732
_mhmmdrifq15,윙고🇲🇨🇰🇷,0.675
_mhmmdrifq15,️dika_sajah,0.6582
_mhmmdrifq15,￴ ￴ ￴  ￴ ￴ ￴ ￴ ￴,0.6698
_mhmmdrifq15,￴￴,0.7157
_mhmmdrifq15,𝑱𝒖𝒍𝒊𝒂𝒏𝒏𝒏,0.8443
_mhmmdrifq15,𝕳𝕬𝕴𝕶𝕬𝕷 𝖁1,0.6797
_mhmmdrifq15,𝕶𝖞𝖓𝖟𝖟,0.6509
_mhmmdrifq15,𝘿𝙚𝙣,0.7122
_mhmmdrifq15,𝙋𝙍𝙄𝙉𝘾𝙀 15,0.7416
_mhmmdrifq15,𝙡𝙚𝙣𝙜,0.7757
_mhmmdrifq15,🏴󠁧󠁢󠁥󠁮󠁧󠁿🏴󠁧󠁢󠁥󠁮󠁧󠁿,0.765
_mhmmdrifq15,🐣,0.6997
_mhmmdrifq15,🐦,0.681
_mhmmdrifq15,💩.,0.6705
_mhmmdrifq15,🔴⚪,0.6526
_mhmmdrifq15,🕊,0.7992
_parmin,dea,0.6567
_parmin,gl_brodol,0.7028
_parmin,hanifnur,0.6612
_parmin,kizy🇦🇱,0.706
_parmin,˚꩜｡⋆˚࿔ 𝔂𝓪𝔂𝓪 𝜗𝜚˚⋆🧸ྀི,0.6617
_𝕗 𝕕 𝟙 𝕃-𝟚𝟝,abas bae,0.6936
_𝕗 𝕕 𝟙 𝕃-𝟚𝟝,about you,0.655
_𝕗 𝕕 𝟙 𝕃-𝟚𝟝,agnggfck🇦🇱🇦🇱,0.6722
_𝕗 𝕕 𝟙 𝕃-𝟚𝟝,aku rangerti,0.6596
_𝕗 𝕕 𝟙 𝕃-𝟚𝟝,alakaee,0.6872
_𝕗 𝕕 𝟙 𝕃-𝟚𝟝,alip ajee🌊,0.6629
_𝕗 𝕕 𝟙 𝕃-𝟚𝟝,alzz219,0.6544
_𝕗 𝕕 𝟙 𝕃-𝟚𝟝,antika24♊,0.6662
_𝕗 𝕕 𝟙 𝕃-𝟚𝟝,anzzbut🐊,0.7294
_𝕗 𝕕 𝟙 𝕃-𝟚𝟝,ar,0.6548
_𝕗 𝕕 𝟙 𝕃-𝟚𝟝,aris fd,0.7071
_𝕗 𝕕 𝟙 𝕃-𝟚𝟝,arkanan,0.6553
_𝕗 𝕕 𝟙 𝕃-𝟚𝟝,arul empat huruf,0.7189
_𝕗 𝕕 𝟙 𝕃-𝟚𝟝,arz👾🪄,0.6664
_𝕗 𝕕 𝟙 𝕃-𝟚𝟝,aton bae🚀🚀,0.6916
_𝕗 𝕕 𝟙 𝕃-𝟚𝟝,ayas hafddz,0.7225
_𝕗 𝕕 𝟙 𝕃-𝟚𝟝,aziz,0.6533
_𝕗 𝕕 𝟙 𝕃-𝟚𝟝,b saja 👀,0.7486
_𝕗 𝕕 𝟙 𝕃-𝟚𝟝,bagasmorgan,0.6958
_𝕗 𝕕 𝟙 𝕃-𝟚𝟝,balzz,0.7268
_𝕗 𝕕 𝟙 𝕃-𝟚𝟝,betmenn🦸,0.7506
_𝕗 𝕕 𝟙 𝕃-𝟚𝟝,bian aja,0.6962
_𝕗 𝕕 𝟙 𝕃-𝟚𝟝,bidzz😶‍🌫️😶‍🌫️,0.6748
_𝕗 𝕕 𝟙 𝕃-𝟚𝟝,bimbim,0.6671
_𝕗 𝕕 𝟙 𝕃-𝟚𝟝,bogel osle,0.6595
_𝕗 𝕕 𝟙 𝕃-𝟚𝟝,b★vanss,0.7127
_𝕗 𝕕 𝟙 𝕃-𝟚𝟝,cantika deni,0.7065
_𝕗 𝕕 𝟙 𝕃-𝟚𝟝,celukbae abid 😃😁@?,0.7476
_𝕗 𝕕 𝟙 𝕃-𝟚𝟝,chell28,0.6739
_𝕗 𝕕 𝟙 𝕃-𝟚𝟝,chelll,0.6576
_𝕗 𝕕 𝟙 𝕃-𝟚𝟝,cingire dava,0.7536
_𝕗 𝕕 𝟙 𝕃-𝟚𝟝,cionnnn➰,0.7005
_𝕗 𝕕 𝟙 𝕃-𝟚𝟝,d4nnnnn23_4,0.7434
_𝕗 𝕕 𝟙 𝕃-𝟚𝟝,danu.,0.6966
_𝕗 𝕕 𝟙 𝕃-𝟚𝟝,dhanadut_bae16💤,0.711
_𝕗 𝕕 𝟙 𝕃-𝟚𝟝,dhellaxriigod,0.6668
_𝕗 𝕕 𝟙 𝕃-𝟚𝟝,dilahhh,0.6878
_𝕗 𝕕 𝟙 𝕃-𝟚𝟝,dimzz.stecu(setelan.cuwek💢🥶),0.6705
_𝕗 𝕕 𝟙 𝕃-𝟚𝟝,donz2nd,0.6979
_𝕗 𝕕 𝟙 𝕃-𝟚𝟝,dubidubidam5,0.6988
_𝕗 𝕕 𝟙 𝕃-𝟚𝟝,dwk,0.7187
_𝕗 𝕕 𝟙 𝕃-𝟚𝟝,dín dlgk?,0.6646
_𝕗 𝕕 𝟙 𝕃-𝟚𝟝,dɹısɐɐɐ,0.7322
_𝕗 𝕕 𝟙 𝕃-𝟚𝟝,el smile,0.6555
_𝕗 𝕕 𝟙 𝕃-𝟚𝟝,ens,0.7067
_𝕗 𝕕 𝟙 𝕃-𝟚𝟝,espede racing,0.6803
_𝕗 𝕕 𝟙 𝕃-𝟚𝟝,faaa12,0.7306
_𝕗 𝕕 𝟙 𝕃-𝟚𝟝,faiqqqqqqq,0.6919
_𝕗 𝕕 𝟙 𝕃-𝟚𝟝,fanzz++,0.6639
_𝕗 𝕕 𝟙 𝕃-𝟚𝟝,farrel,0.7229
_𝕗 𝕕 𝟙 𝕃-𝟚𝟝,febriansyah,0.6725
_𝕗 𝕕 𝟙 𝕃-𝟚𝟝,fens nasa 🇺🇸🚀,0.7077
_𝕗 𝕕 𝟙 𝕃-𝟚𝟝,ffi🕷️,0.7247
_𝕗 𝕕 𝟙 𝕃-𝟚𝟝,fi🅰️n6️⃣,0.6707
_𝕗 𝕕 𝟙 𝕃-𝟚𝟝,genjur,0.7595
_𝕗 𝕕 𝟙 𝕃-𝟚𝟝,genzzz,0.7279
_𝕗 𝕕 𝟙 𝕃-𝟚𝟝,gibr4n😑.,0.6742
_𝕗 𝕕 𝟙 𝕃-𝟚𝟝,hamka resna,0.6895
_𝕗 𝕕 𝟙 𝕃-𝟚𝟝,hamzzstecu,0.7124
_𝕗 𝕕 𝟙 𝕃-𝟚𝟝,hermanto,0.687
_𝕗 𝕕 𝟙 𝕃-𝟚𝟝,hαpiz_boyss⚡,0.7007
_𝕗 𝕕 𝟙 𝕃-𝟚𝟝,ig : d4haas.👾,0.6793
_𝕗 𝕕 𝟙 𝕃-𝟚𝟝,ig:4ufa_l,0.6865
_𝕗 𝕕 𝟙 𝕃-𝟚𝟝,im.p4yeng!!,0.69
_𝕗 𝕕 𝟙 𝕃-𝟚𝟝,inieidan,0.7358
_𝕗 𝕕 𝟙 𝕃-𝟚𝟝,jagoan orangtua,0.6758
_𝕗 𝕕 𝟙 𝕃-𝟚𝟝,javrr⚡,0.7185
_𝕗 𝕕 𝟙 𝕃-𝟚𝟝,jdr,0.7108
_𝕗 𝕕 𝟙 𝕃-𝟚𝟝,jepri night🦸,0.7286
_𝕗 𝕕 𝟙 𝕃-𝟚𝟝,just friend🙂,0.6852
_𝕗 𝕕 𝟙 𝕃-𝟚𝟝,kian santang,0.6782
_𝕗 𝕕 𝟙 𝕃-𝟚𝟝,kib3nk_ta,0.7064
_𝕗 𝕕 𝟙 𝕃-𝟚𝟝,"kicau mania""😷✌",0.6568
_𝕗 𝕕 𝟙 𝕃-𝟚𝟝,kin_💫,0.6546
_𝕗 𝕕 𝟙 𝕃-𝟚𝟝,kkpann!,0.6811
_𝕗 𝕕 𝟙 𝕃-𝟚𝟝,kojek,0.7473
_𝕗 𝕕 𝟙 𝕃-𝟚𝟝,l4nkk,0.7131
_𝕗 𝕕 𝟙 𝕃-𝟚𝟝,lah?kenapa?,0.6997
_𝕗 𝕕 𝟙 𝕃-𝟚𝟝,lele_byakar@gmail.comm,0.668
_𝕗 𝕕 𝟙 𝕃-𝟚𝟝,lihgal18,0.6847
_𝕗 𝕕 𝟙 𝕃-𝟚𝟝,masayu,0.7001
_𝕗 𝕕 𝟙 𝕃-𝟚𝟝,mhrullam,0.7213
_𝕗 𝕕 𝟙 𝕃-𝟚𝟝,mmmmm,0.7331
_𝕗 𝕕 𝟙 𝕃-𝟚𝟝,mommy bibiel,0.7665
_𝕗 𝕕 𝟙 𝕃-𝟚𝟝,muhammadchilung,0.7229
_𝕗 𝕕 𝟙 𝕃-𝟚𝟝,naa_,0.6952
_𝕗 𝕕 𝟙 𝕃-𝟚𝟝,nadhiff👾,0.7006
_𝕗 𝕕 𝟙 𝕃-𝟚𝟝,nar setecu🌀💤🌊,0.7015
_𝕗 𝕕 𝟙 𝕃-𝟚𝟝,narti,0.656
_𝕗 𝕕 𝟙 𝕃-𝟚𝟝,narzz🌊🌊,0.7088
_𝕗 𝕕 𝟙 𝕃-𝟚𝟝,neyymar kee jakarta,0.6913
_𝕗 𝕕 𝟙 𝕃-𝟚𝟝,nnaann🔫,0.6947
_𝕗 𝕕 𝟙 𝕃-𝟚𝟝,nobody,0.6647
_𝕗 𝕕 𝟙 𝕃-𝟚𝟝,nuuuu,0.6747
_𝕗 𝕕 𝟙 𝕃-𝟚𝟝,oz_,0.6934
_𝕗 𝕕 𝟙 𝕃-𝟚𝟝,p4tooookkkk,0.7464
_𝕗 𝕕 𝟙 𝕃-𝟚𝟝,padil,0.7301
_𝕗 𝕕 𝟙 𝕃-𝟚𝟝,pangeran k,0.7119
_𝕗 𝕕 𝟙 𝕃-𝟚𝟝,pisangambon,0.7886
_𝕗 𝕕 𝟙 𝕃-𝟚𝟝,piscesmod,0.6635
_𝕗 𝕕 𝟙 𝕃-𝟚𝟝,praditailhm_,0.6688
_𝕗 𝕕 𝟙 𝕃-𝟚𝟝,put,0.723
_𝕗 𝕕 𝟙 𝕃-𝟚𝟝,qila012,0.7006
_𝕗 𝕕 𝟙 𝕃-𝟚𝟝,raf,0.68
_𝕗 𝕕 𝟙 𝕃-𝟚𝟝,rafyy😹,0.6653
_𝕗 𝕕 𝟙 𝕃-𝟚𝟝,rempeyek_500🌊,0.6776
_𝕗 𝕕 𝟙 𝕃-𝟚𝟝,rfky,0.6611
_𝕗 𝕕 𝟙 𝕃-𝟚𝟝,rijakipp,0.6715
_𝕗 𝕕 𝟙 𝕃-𝟚𝟝,rpk1,0.7362
_𝕗 𝕕 𝟙 𝕃-𝟚𝟝,rℹ️k🅾️🅾️🅾️,0.6978
_𝕗 𝕕 𝟙 𝕃-𝟚𝟝,s u m m e r .,0.6931
_𝕗 𝕕 𝟙 𝕃-𝟚𝟝,sabitulyz,0.6689
_𝕗 𝕕 𝟙 𝕃-𝟚𝟝,safi,0.7156
_𝕗 𝕕 𝟙 𝕃-𝟚𝟝,satria 🙌,0.7054
_𝕗 𝕕 𝟙 𝕃-𝟚𝟝,scc winoww,0.6533
_𝕗 𝕕 𝟙 𝕃-𝟚𝟝,secccfldsuuu21,0.6626
_𝕗 𝕕 𝟙 𝕃-𝟚𝟝,sendiiisen©📍,0.7116
_𝕗 𝕕 𝟙 𝕃-𝟚𝟝,set? iy syng,0.7201
_𝕗 𝕕 𝟙 𝕃-𝟚𝟝,si kucing,0.6743
_𝕗 𝕕 𝟙 𝕃-𝟚𝟝,single era,0.7091
_𝕗 𝕕 𝟙 𝕃-𝟚𝟝,sleep the saunt,0.6593
_𝕗 𝕕 𝟙 𝕃-𝟚𝟝,stecu💤,0.8102
_𝕗 𝕕 𝟙 𝕃-𝟚𝟝,szxnoe,0.6938
_𝕗 𝕕 𝟙 𝕃-𝟚𝟝,talasku99,0.6569
_𝕗 𝕕 𝟙 𝕃-𝟚𝟝,tam,0.6978
_𝕗 𝕕 𝟙 𝕃-𝟚𝟝,tangrajinngaji,0.699
_𝕗 𝕕 𝟙 𝕃-𝟚𝟝,taxi barang purwokerto,0.6641
_𝕗 𝕕 𝟙 𝕃-𝟚𝟝,tofik.putra17,0.7251
_𝕗 𝕕 𝟙 𝕃-𝟚𝟝,ujangkedu,0.698
_𝕗 𝕕 𝟙 𝕃-𝟚𝟝,user13463#457344,0.7153
_𝕗 𝕕 𝟙 𝕃-𝟚𝟝,user7098643456,0.6782
_𝕗 𝕕 𝟙 𝕃-𝟚𝟝,va 17hd,0.691
_𝕗 𝕕 𝟙 𝕃-𝟚𝟝,van pablo,0.7669
_𝕗 𝕕 𝟙 𝕃-𝟚𝟝,viann,0.6912
_𝕗 𝕕 𝟙 𝕃-𝟚𝟝,vittss..,0.6916
_𝕗 𝕕 𝟙 𝕃-𝟚𝟝,wiindoc,0.6711
_𝕗 𝕕 𝟙 𝕃-𝟚𝟝,wo,0.6786
_𝕗 𝕕 𝟙 𝕃-𝟚𝟝,wong elek,0.6703
_𝕗 𝕕 𝟙 𝕃-𝟚𝟝,wongwonganmumet,0.6937
_𝕗 𝕕 𝟙 𝕃-𝟚𝟝,ws🪩,0.7352
_𝕗 𝕕 𝟙 𝕃-𝟚𝟝,wzrd,0.7048
_𝕗 𝕕 𝟙 𝕃-𝟚𝟝,xxtipoo🀄⚡,0.6512
_𝕗 𝕕 𝟙 𝕃-𝟚𝟝,yanuar,0.7107
_𝕗 𝕕 𝟙 𝕃-𝟚𝟝,yesakiw,0.7321
_𝕗 𝕕 𝟙 𝕃-𝟚𝟝,y💥💯                😛,0.6651
_𝕗 𝕕 𝟙 𝕃-𝟚𝟝,z4kk🇦🇱🇦🇱,0.7475
_𝕗 𝕕 𝟙 𝕃-𝟚𝟝,zaall,0.6748
_𝕗 𝕕 𝟙 𝕃-𝟚𝟝,zaka.ya,0.7092
_𝕗 𝕕 𝟙 𝕃-𝟚𝟝,zarr★,0.7072
_𝕗 𝕕 𝟙 𝕃-𝟚𝟝,zazamm,0.661
_𝕗 𝕕 𝟙 𝕃-𝟚𝟝,zeniperr,0.6968
_𝕗 𝕕 𝟙 𝕃-𝟚𝟝,zrill🇦🇱🇦🇱,0.7381
_𝕗 𝕕 𝟙 𝕃-𝟚𝟝,ɴᴀᴛ,0.6808
_𝕗 𝕕 𝟙 𝕃-𝟚𝟝,˚ ༘ 🦕𖦹⋆｡˚,0.7126
_𝕗 𝕕 𝟙 𝕃-𝟚𝟝,فەیزال,0.691
_𝕗 𝕕 𝟙 𝕃-𝟚𝟝,เςคภ,0.7165
_𝕗 𝕕 𝟙 𝕃-𝟚𝟝,™.yunz ★ 447.¥,0.717
_𝕗 𝕕 𝟙 𝕃-𝟚𝟝,⋇⋆✦chelsea ♛┈⛧♡,0.7221
_𝕗 𝕕 𝟙 𝕃-𝟚𝟝,★,0.6822
_𝕗 𝕕 𝟙 𝕃-𝟚𝟝,ザキ・アルディアンシア,0.6914
_𝕗 𝕕 𝟙 𝕃-𝟚𝟝,꧁epep꧂,0.6616
_𝕗 𝕕 𝟙 𝕃-𝟚𝟝,윙고🇲🇨🇰🇷,0.7218
_𝕗 𝕕 𝟙 𝕃-𝟚𝟝,️dika_sajah,0.7442
_𝕗 𝕕 𝟙 𝕃-𝟚𝟝,￴,0.7278
_𝕗 𝕕 𝟙 𝕃-𝟚𝟝,￴ ￴ ￴  ￴ ￴ ￴ ￴ ￴,0.7422
_𝕗 𝕕 𝟙 𝕃-𝟚𝟝,￴￴,0.746
_𝕗 𝕕 𝟙 𝕃-𝟚𝟝,𝐫𝐢𝐝𝐨𝐨🕊️,0.6963
_𝕗 𝕕 𝟙 𝕃-𝟚𝟝,𝕳𝕬𝕴𝕶𝕬𝕷 𝖁1,0.6524
_𝕗 𝕕 𝟙 𝕃-𝟚𝟝,𝕶𝖞𝖓𝖟𝖟,0.7052
_𝕗 𝕕 𝟙 𝕃-𝟚𝟝,𝘼𝙇𝙃𝘼𝙆𝙄𝙈𝙕,0.7188
_𝕗 𝕕 𝟙 𝕃-𝟚𝟝,𝙋𝙍𝙄𝙉𝘾𝙀 15,0.7359
_𝕗 𝕕 𝟙 𝕃-𝟚𝟝,𝙖𝙩𝙨𝙨,0.6892
_𝕗 𝕕 𝟙 𝕃-𝟚𝟝,𝙡𝙚𝙣𝙜,0.7331
_𝕗 𝕕 𝟙 𝕃-𝟚𝟝,𝙧𝙖𝙙𝙚𝙣𝙣𝙠𝙪𝙘𝙞𝙩𝙩🌊,0.7309
_𝕗 𝕕 𝟙 𝕃-𝟚𝟝,🐣,0.6622
_𝕗 𝕕 𝟙 𝕃-𝟚𝟝,💋,0.7061
_𝕗 𝕕 𝟙 𝕃-𝟚𝟝,🔴⚪,0.7108
_𝕗 𝕕 𝟙 𝕃-𝟚𝟝,🕊,0.7257
_𝕗 𝕕 𝟙 𝕃-𝟚𝟝,😡,0.689
a,aku rangerti,0.6629
a,arul empat huruf,0.7581
a,ayas hafddz,0.6969
a,balzz,0.7122
a,bian aja,0.718
a,cantika deni,0.6598
a,celukbae abid 😃😁@?,0.6928
a,d4nnnnn23_4,0.6558
a,dwk,0.6517
a,espede racing,0.7108
a,farrel,0.699
a,genzzz,0.6811
a,gh4ny1,0.6662
a,hamzzstecu,0.6508
a,jagoan orangtua,0.653
a,javrr⚡,0.6507
a,jdr,0.6874
a,just friend🙂,0.673
a,kojek,0.7164
a,mhrullam,0.6685
a,mmmmm,0.7017
a,mommy bibiel,0.6886
a,muhammadchilung,0.7192
a,nadhiff👾,0.6669
a,narti,0.7282
a,neyymar kee jakarta,0.7281
a,notzstrongboyss,0.6781
a,p4tooookkkk,0.6955
a,rahmat kartolo,0.6574
a,satria 🙌,0.6953
a,sendiiisen©📍,0.7163
a,suyato jowo,0.6612
a,tangrajinngaji,0.6916
a,tofik.putra17,0.6696
a,user13463#457344,0.6659
a,wong elek,0.6769
a,ws🪩,0.6898
a,zrill🇦🇱🇦🇱,0.6963
a,˚ ༘ 🦕𖦹⋆｡˚,0.7209
a,فەیزال,0.7165
a,เςคภ,0.6575
a,￴,0.732
a,𝙋𝙍𝙄𝙉𝘾𝙀 15,0.7077
a,𝙡𝙚𝙣𝙜,0.6593
a,🔴⚪,0.7102
a,🕊,0.6527
a r j a☘️,abcdefghijklanaaa,0.7577
a r j a☘️,adalah pokoknya,0.7346
a r j a☘️,aji jishon 17,0.7279
a r j a☘️,ambaedits,0.6687
a r j a☘️,aneppp✨,0.9042
a r j a☘️,arm team,0.7047
a r j a☘️,aryarizz,0.7133
a r j a☘️,ataabhrandie_,0.6856
a r j a☘️,axsa,0.7746
a r j a☘️,balbol,0.6522
a r j a☘️,bibb,0.716
a r j a☘️,brahim d van basten,0.7158
a r j a☘️,cen,0.7092
a r j a☘️,cyy,0.7851
a r j a☘️,d forr,0.7809
a r j a☘️,danzz,0.6983
a r j a☘️,dea,0.749
a r j a☘️,do,0.6968
a r j a☘️,dzky.,0.664
a r j a☘️,"elan jangan nakal ya, iya mah",0.7713
a r j a☘️,federico,0.8012
a r j a☘️,fiki v1,0.6533
a r j a☘️,frhnbaeω,0.7452
a r j a☘️,glowupbareng.id,0.712
a r j a☘️,granddream,0.6697
a r j a☘️,hanifnur,0.7323
a r j a☘️,icin,0.6821
a r j a☘️,iyann noverse ☄️🪐,0.7669
a r j a☘️,jarot bae,0.7668
a r j a☘️,kall,0.7104
a r j a☘️,khaa : akun business 🪐 💵,0.7351
a r j a☘️,kizy🇦🇱,0.8316
a r j a☘️,kmu gpp zaa?,0.7033
a r j a☘️,maa....,0.715
a r j a☘️,mamaz ap,0.94
a r j a☘️,maswilll,0.7758
a r j a☘️,maypen🍉,0.6556
a r j a☘️,mrco,0.7089
a r j a☘️,namaku atha,0.685
a r j a☘️,nayor,0.7021
a r j a☘️,ndaru,0.7088
a r j a☘️,nha_nha88,0.8103
a r j a☘️,r e t z,0.7531
a r j a☘️,ramadani🌀,0.7347
a r j a☘️,rian(rivan fian),0.7837
a r j a☘️,ririss,0.7047
a r j a☘️,saitama.botak6,0.8153
a r j a☘️,sandhi686,0.7571
a r j a☘️,se'pull_maxwill,0.7193
a r j a☘️,spilloutfittrendy,0.7964
a r j a☘️,sri66790,0.6985
a r j a☘️,tem - tem★★★,0.6955
a r j a☘️,tole bf official316,0.7224
a r j a☘️,ultrambuttttt,0.6574
a r j a☘️,wong kene bae,0.6625
a r j a☘️,"wong""plosok",0.7965
a r j a☘️,xy_don🚀,0.8141
a r j a☘️,zexx'777,0.7187
a r j a☘️,zye hehe,0.811
a r j a☘️,| ig : @aseprmadanni,0.6524
a r j a☘️,ɓøɓ mārlɛƴ!!⛓️,0.681
a r j a☘️,˚꩜｡⋆˚࿔ 𝔂𝓪𝔂𝓪 𝜗𝜚˚⋆🧸ྀི,0.7608
a r j a☘️,ℒ𝓊𝓬𝓴𝔂,0.6549
a r j a☘️,⭐zka,0.7831
a r j a☘️,𝕬𝖟𝖐𝖆 𝖋𝖔𝖗 𝖞𝖔𝖚,0.7891
a r j a☘️,𝘾𝙖𝙡𝙤𝙣 𝙃𝘼𝙅𝙄,0.7349
a r j a☘️,𝙎𝘽𝙎 001_𝙨𝙠𝙖𝙮 𝙮𝙚𝙡𝙤𝙬,0.7878
abas bae,agnggfck🇦🇱🇦🇱,0.7179
abas bae,alakaee,0.7824
abas bae,al🌠,0.6586
abas bae,anna,0.6806
abas bae,antika24♊,0.7376
abas bae,anzzbut🐊,0.7294
abas bae,aris fd,0.6954
abas bae,arkanan,0.7099
abas bae,arul empat huruf,0.6835
abas bae,aton bae🚀🚀,0.6607
abas bae,ayas hafddz,0.7013
abas bae,aziz,0.6912
abas bae,b saja 👀,0.7764
abas bae,betmenn🦸,0.7762
abas bae,bian aja,0.6746
abas bae,bimbim,0.6753
abas bae,bogel osle,0.6732
abas bae,cantika deni,0.7711
abas bae,celukbae abid 😃😁@?,0.7231
abas bae,cingire dava,0.6712
abas bae,cionnnn➰,0.7195
abas bae,d4nnnnn23_4,0.675
abas bae,danii,0.7085
abas bae,danu.,0.6936
abas bae,dhellaxriigod,0.6986
abas bae,dilahhh,0.7582
abas bae,donz2nd,0.7204
abas bae,dubidubidam5,0.7461
abas bae,dín dlgk?,0.6543
abas bae,dɹısɐɐɐ,0.7445
abas bae,edhy soekamto,0.6773
abas bae,ens,0.6871
abas bae,espede racing,0.742
abas bae,ewong...,0.6783
abas bae,faiqqqqqqq,0.7361
abas bae,farrel,0.7326
abas bae,fens nasa 🇺🇸🚀,0.6983
abas bae,ffi🕷️,0.8119
abas bae,fwarelll123,0.7113
abas bae,g,0.6672
abas bae,genjur,0.7684
abas bae,genzzz,0.7139
abas bae,gh4ny1,0.6502
abas bae,hermanto,0.7155
abas bae,hibban∆,0.7105
abas bae,hii i'm bayy.,0.6774
abas bae,ig : d4haas.👾,0.6819
abas bae,im.p4yeng!!,0.6797
abas bae,inieidan,0.7116
abas bae,jagoan orangtua,0.7168
abas bae,javrr⚡,0.7341
abas bae,jepri night🦸,0.7296
abas bae,just friend🙂,0.678
abas bae,kian santang,0.6604
abas bae,"kicau mania""😷✌",0.7184
abas bae,kin_💫,0.6861
abas bae,kojek,0.6785
abas bae,lah?kenapa?,0.6946
abas bae,leo,0.7172
abas bae,mhrullam,0.6649
abas bae,mmmmm,0.763
abas bae,mommy bibiel,0.7563
abas bae,muhammadchilung,0.7147
abas bae,mvinta,0.7393
abas bae,naa_,0.6883
abas bae,nadhiff👾,0.6611
abas bae,neyymar kee jakarta,0.7015
abas bae,nnaann🔫,0.6852
abas bae,nobody,0.6857
abas bae,oz_,0.693
abas bae,padil,0.7023
abas bae,pangeran k,0.6833
abas bae,pisangambon,0.7026
abas bae,piscesmod,0.6618
abas bae,praditailhm_,0.6595
abas bae,put,0.7914
abas bae,qila012,0.6716
abas bae,regialparij,0.6578
abas bae,rempeyek_500🌊,0.6957
abas bae,rfky,0.7426
abas bae,rijakipp,0.7247
abas bae,sabitulyz,0.6566
abas bae,satria 🙌,0.694
abas bae,sendiiisen©📍,0.6998
abas bae,si kucing,0.7013
abas bae,single era,0.7071
abas bae,syaf__👾👾,0.6924
abas bae,talasku99,0.6665
abas bae,tam,0.6974
abas bae,tangrajinngaji,0.6717
abas bae,tofik.putra17,0.7164
abas bae,user13463#457344,0.6976
abas bae,user7098643456,0.7389
abas bae,va 17hd,0.6513
abas bae,van pablo,0.6586
abas bae,viann,0.7004
abas bae,vittss..,0.6879
abas bae,wiindoc,0.7066
abas bae,wongwonganmumet,0.7238
abas bae,ws🪩,0.7595
abas bae,wzrd,0.7442
abas bae,yanuar,0.6526
abas bae,yesakiw,0.6783
abas bae,y💥💯                😛,0.7331
abas bae,z4kk🇦🇱🇦🇱,0.7324
abas bae,zaall,0.6611
abas bae,zarr★,0.6674
abas bae,zeniperr,0.7852
abas bae,˚ ༘ 🦕𖦹⋆｡˚,0.685
abas bae,فەیزال,0.699
abas bae,™.yunz ★ 447.¥,0.7484
abas bae,⋇⋆✦chelsea ♛┈⛧♡,0.7505
abas bae,★,0.7253
abas bae,✧saged🌊,0.6514
abas bae,ザキ・アルディアンシア,0.6555
abas bae,윙고🇲🇨🇰🇷,0.7985
abas bae,️dika_sajah,0.7718
abas bae,￴,0.7045
abas bae,￴ ￴ ￴  ￴ ￴ ￴ ￴ ￴,0.6504
abas bae,￴￴,0.6936
abas bae,𝐫𝐢𝐝𝐨𝐨🕊️,0.6732
abas bae,𝙋𝙍𝙄𝙉𝘾𝙀 15,0.7174
abas bae,𝙖𝙩𝙨𝙨,0.6553
abas bae,𝙡𝙚𝙣𝙜,0.7452
abas bae,𝙧𝙖𝙙𝙚𝙣𝙣𝙠𝙪𝙘𝙞𝙩𝙩🌊,0.7433
abas bae,🐣,0.676
abas bae,💋,0.7553
abas bae,🕊,0.753
abay,afta,0.7656
abay,agsdwh,0.6622
abay,agungsaja v2,0.6863
abay,ajmilllllll267,0.6868
abay,aldo.,0.7206
abay,alexxxx,0.6939
abay,alfisaktiawan,0.7532
abay,alfri_❄❄❄,0.8561
abay,alip ajee🌊,0.6645
abay,amriajahh,0.8603
abay,anggitaaaaaa❤️‍🔥,0.7349
abay,anisatul,0.7054
abay,apa coba,0.7118
abay,aqila misha,0.8667
abay,arkanan,0.679
abay,arkhnraalfano,0.7646
abay,athar aurellio,0.7985
abay,b,0.7145
abay,balzz,0.7273
abay,bluestar,0.8603
abay,bobin,0.6915
abay,bowo prast,0.6624
abay,bowoo,0.6636
abay,b★vanss,0.7325
abay,b🕸️,0.7954
abay,caaa,0.7879
abay,cahyoo☄️,0.7217
abay,chell28,0.6845
abay,chelll,0.6739
abay,cionnnn➰,0.6509
abay,danzzz,0.652
abay,dilzz v2,0.782
abay,dimzz.stecu(setelan.cuwek💢🥶),0.69
abay,dly,0.6603
abay,donz2nd,0.7504
abay,dwi reny makmoy makm,0.7396
abay,dwk,0.6584
abay,dân stfu⸸,0.7251
abay,dín dlgk?,0.6818
abay,dɹısɐɐɐ,0.653
abay,edhy soekamto,0.6615
abay,el smile,0.6527
abay,elyraa,0.743
abay,enan_25,0.6928
abay,espede racing,0.6838
abay,f,0.6644
abay,fafang🕷️,0.6508
abay,fcknzzshit_,0.653
abay,finzz★,0.7125
abay,fkhri,0.6608
abay,frzardtyaalvro,0.7445
abay,f⚡,0.7688
abay,garangan mulet,0.7047
abay,genzzz,0.6668
abay,grandberkahdoaibu,0.7037
abay,gudeg bu rudy klampok ✨✨,0.6944
abay,hi_ndraa,0.6928
abay,hpiss,0.7823
abay,hyan,0.6586
abay,hαpiz_boyss⚡,0.6547
abay,i,0.688
abay,ibunya ragaf,0.7843
abay,ig: ?,0.7421
abay,ikhsan hair,0.7234
abay,im.p4yeng!!,0.7304
abay,inyong,0.7421
abay,jagoan orangtua,0.7058
abay,javrr⚡,0.7495
abay,jesiccaaa,0.7525
abay,joviinantaaaa,0.6792
abay,jun santuy,0.6809
abay,"kaa,a",0.7357
abay,kaji,0.7235
abay,kang bahar,0.6544
abay,keee keee,0.6851
abay,kelzy24,0.697
abay,kiking,0.6952
abay,kruxill🎃,0.8264
abay,kuwi4526,0.6985
abay,lah iya,0.8795
abay,lah?kenapa?,0.6707
abay,lele_byakar@gmail.comm,0.7794
abay,lihgal18,0.6951
abay,m. rizqi_,0.6971
abay,martati,0.6689
abay,masrianto manalu,0.6947
abay,mawar hitam 🌹🗡️,0.8603
abay,mawarr,0.677
abay,mengomentari postingan anda,0.676
abay,mhrullam,0.6831
abay,mka. kka,0.7417
abay,muhamad rian,0.6756
abay,muhammadchilung,0.7132
abay,nadhiff👾,0.7048
abay,ndre4you,0.71
abay,nino,0.6572
abay,nnaann🔫,0.6733
abay,nobody,0.7891
abay,nuuuuu,0.7246
abay,ol²²oy,0.7484
abay,p4tooookkkk,0.6716
abay,pak haji,0.7515
abay,pip2nd🧿,0.6762
abay,piscesmod,0.658
abay,praditailhm_,0.6688
abay,princess 💅,0.7078
abay,qila012,0.6816
abay,r4ndsyh,0.6829
abay,raa 👧🏻,0.6621
abay,rahmanpru,0.7034
abay,rahmat kartolo,0.6844
abay,rio,0.7118
abay,rizzstecu✌️,0.8222
abay,rzl,0.7014
abay,rℹ️k🅾️🅾️🅾️,0.7939
abay,sapa bae,0.6838
abay,sara ariska,0.6601
abay,satria 🙌,0.8375
abay,scc winoww,0.7414
abay,scc.,0.7744
abay,secccfldsuuu21,0.7856
abay,septiana,0.6855
abay,sopo》,0.7613
abay,stecu💤,0.6722
abay,syaf__👾👾,0.6583
abay,tam,0.6636
abay,the last good man,0.7431
abay,theeryoou,0.6571
abay,tinnyee,0.7904
abay,tofik.putra17,0.7301
abay,upin🐼,0.6741
abay,username12375,0.7634
abay,uuppio,0.6578
abay,van pablo,0.6613
abay,viann,0.677
abay,vinss,0.7204
abay,vnn$fomo,0.7127
abay,wdyt_,0.6661
abay,weird zeze🇩🇪,0.6574
abay,ws🪩,0.664
abay,wzrd,0.6616
abay,yaraaayaaaa,0.7291
abay,yogaaa21,0.7852
abay,z4kk🇦🇱🇦🇱,0.6934
abay,zaall,0.677
abay,zain,0.7379
abay,zaka.ya,0.7726
abay,zannn,0.7568
abay,zazamm,0.6926
abay,zppcx,0.7406
abay,zrill🇦🇱🇦🇱,0.7246
abay,zrill💥,0.7227
abay,àlwàysdip,0.7035
abay,ɴᴀᴛ,0.6785
abay,˚ ༘ 🦕𖦹⋆｡˚,0.6876
abay,فەیزال,0.6862
abay,ᴘɪᴋᴀғʀɪᴇᴅᴄʜɪᴄᴋᴇɴ,0.6806
abay,☝️👌👌cc,0.8
abay,♥,0.9007
abay,マᥱž𝚊,0.714
abay,꧁epep꧂,0.6568
abay,￴￴,0.6726
abay,𝑱𝒖𝒍𝒊𝒂𝒏𝒏𝒏,0.6941
abay,𝓝𝓪𝔂𝓵𝓪_𝓓.𝓐,0.7514
abay,𝕳𝕬𝕴𝕶𝕬𝕷 𝖁1,0.7669
abay,𝘿𝙚𝙣,0.7274
abay,𝙡𝙚𝙣𝙜,0.663
abay,𝙾𝚛𝚢𝚣𝚊 𝚂𝚊𝚝𝚒𝚟𝚊 🌾,0.7656
abay,🏴󠁧󠁢󠁥󠁮󠁧󠁿🏴󠁧󠁢󠁥󠁮󠁧󠁿,0.7202
abay,🐦,0.767
abay,👾,0.7246
abay,💋,0.6853
abay,🕊,0.7111
abay,🧋,0.7439
abcdavid,mrco,0.6925
abcdavid,nayor,0.6916
abcdavid,nuuuu,0.6658
abcdavid,putra barepjr,0.6584
abcdavid,raffiii162,0.6559
abcdavid,taxi barang purwokerto,0.6555
abcdavid,ujangkedu,0.6662
abcdavid,xxtipoo🀄⚡,0.6556
abcde?,ajammjamm_,0.7107
abcde?,alee25 store,0.7107
abcde?,arisdel8,0.8452
abcde?,arya,0.8452
abcde?,arya🎲,0.6842
abcde?,asya&fajar,1.0
abcde?,ateng in here,0.7639
abcde?,ateng54,1.0
abcde?,ath,0.8452
abcde?,bsep,1.0
abcde?,buluk gonzales 13,0.7122
abcde?,dafz second trifth19,0.6787
abcde?,daniiii,1.0
abcde?,derasah,0.7107
abcde?,desttt_,0.6798
abcde?,devannn,0.8518
abcde?,dewoel,0.6867
abcde?,dheebu,0.8452
abcde?,diah sri972,0.8452
abcde?,duwiii,1.0
abcde?,dwisetyarinii,0.7107
abcde?,enaksekali,1.0
abcde?,enjoyss,0.7261
abcde?,excel😶‍🌫️            akun №1,0.785
abcde?,fernanda,1.0
abcde?,firmannnnnnnn,1.0
abcde?,fittdos,0.7107
abcde?,fzryyyy,0.7054
abcde?,gl badax,0.8452
abcde?,haniiif,0.8452
abcde?,ig: ryaaa.06_,0.7528
abcde?,iin,0.8452
abcde?,indomaret 24 jam,0.7184
abcde?,juprianto anto,0.7107
abcde?,kd urng ya,0.8452
abcde?,kembali datang,0.7261
abcde?,kenzo.s.m.z,1.0
abcde?,lakmen,0.6874
abcde?,luthfyyy,0.7107
abcde?,mahendri,0.6602
abcde?,mas_drun,0.7107
abcde?,n4uf@l 4j4,0.72
abcde?,nanangmungils1,0.8452
abcde?,nipzzz,0.7549
abcde?,nycxstore,0.6549
abcde?,ovl,0.7528
abcde?,panzskbd,0.8452
abcde?,pikaars?,0.6747
abcde?,rezx2nd,1.0
abcde?,riff,1.0
abcde?,sannzxkce,0.6708
abcde?,satriaaa,0.7639
abcde?,scorpio🦂,1.0
abcde?,sinfloww,0.7107
abcde?,tri yulianti,0.8452
abcde?,vann 🌳,0.7717
abcde?,veri ramandani18,0.7107
abcde?,ye,0.6851
abcde?,⠀ ⠀ ⠀ ⠀ ⠀᠌,0.8452
abcde?,🄱🄰🅈🅄🄸🄽🄳🄰🄷🄾🄵🄵🅂🄴🅃,0.7271
abcde?,🌵dnd's_mom🌵,0.6685
abcde?,🐚🫧🪩,0.6677
abcdea 💋,ambaedits,0.6842
abcdea 💋,anak mbarep,0.7041
abcdea 💋,aryarizz,0.6594
abcdea 💋,ataabhrandie_,0.682
abcdea 💋,cyy,0.7149
abcdea 💋,dea,0.6553
abcdea 💋,deboy,0.6519
abcdea 💋,duta oghe,0.6973
abcdea 💋,fitrii💅🏻,0.6642
abcdea 💋,icin,0.6928
abcdea 💋,ig:amrizalss,0.7427
abcdea 💋,iyann noverse ☄️🪐,0.6623
abcdea 💋,nurul hidayanti 🐗,0.7354
abcdea 💋,p!n,0.6535
abcdea 💋,ssuuu,0.6818
abcdea 💋,zexx'777,0.689
abcdea 💋,¥,0.6698
abcdea 💋,˚꩜｡⋆˚࿔ 𝔂𝓪𝔂𝓪 𝜗𝜚˚⋆🧸ྀི,0.6538
abcdea 💋,🎀sheila||suka ngonten🎀,0.6902
abcdefghijklanaaa,adalah pokoknya,0.8156
abcdefghijklanaaa,ambaedits,0.6991
abcdefghijklanaaa,aneppp✨,0.7453
abcdefghijklanaaa,arm team,0.7485
abcdefghijklanaaa,aryarizz,0.7234
abcdefghijklanaaa,ataabhrandie_,0.6772
abcdefghijklanaaa,bibb,0.8023
abcdefghijklanaaa,brahim d van basten,0.6777
abcdefghijklanaaa,cen,0.7173
abcdefghijklanaaa,cyy,0.7256
abcdefghijklanaaa,d forr,0.7452
abcdefghijklanaaa,dea,0.7699
abcdefghijklanaaa,dzikriibrgzazdn,0.7001
abcdefghijklanaaa,dzky.,0.7161
abcdefghijklanaaa,"elan jangan nakal ya, iya mah",0.7165
abcdefghijklanaaa,federico,0.7589
abcdefghijklanaaa,frhnbaeω,0.7766
abcdefghijklanaaa,hanifnur,0.7171
abcdefghijklanaaa,icin,0.6943
abcdefghijklanaaa,iyann noverse ☄️🪐,0.8398
abcdefghijklanaaa,khaa : akun business 🪐 💵,0.8227
abcdefghijklanaaa,kmu gpp zaa?,0.733
abcdefghijklanaaa,maa....,0.815
abcdefghijklanaaa,mamaz ap,0.8229
abcdefghijklanaaa,maswilll,0.7494
abcdefghijklanaaa,nafz?yakena😹🤓🤭😋,0.6603
abcdefghijklanaaa,namaku atha,0.7375
abcdefghijklanaaa,nha_nha88,0.7746
abcdefghijklanaaa,r e t z,0.6982
abcdefghijklanaaa,rian(rivan fian),0.7703
abcdefghijklanaaa,rimzsukaessedoublechange🤤,0.6618
abcdefghijklanaaa,ririss,0.7111
abcdefghijklanaaa,sandhi686,0.6587
abcdefghijklanaaa,se'pull_maxwill,0.6535
abcdefghijklanaaa,spilloutfittrendy,0.7664
abcdefghijklanaaa,tem - tem★★★,0.6897
abcdefghijklanaaa,"wong""plosok",0.6927
abcdefghijklanaaa,xy_don🚀,0.7894
abcdefghijklanaaa,yoo🅰️jahh,0.6665
abcdefghijklanaaa,zexx'777,0.8065
abcdefghijklanaaa,zouheir.yaz_ze,0.6746
abcdefghijklanaaa,zye hehe,0.7911
abcdefghijklanaaa,ɓøɓ mārlɛƴ!!⛓️,0.7289
abcdefghijklanaaa,˚꩜｡⋆˚࿔ 𝔂𝓪𝔂𝓪 𝜗𝜚˚⋆🧸ྀི,0.6763
abcdefghijklanaaa,⭐zka,0.7349
abcdefghijklanaaa,𝕬𝖟𝖐𝖆 𝖋𝖔𝖗 𝖞𝖔𝖚,0.7893
abcdefghijklanaaa,𝙎𝘽𝙎 001_𝙨𝙠𝙖𝙮 𝙮𝙚𝙡𝙤𝙬,0.7047
abcdefghijklanaaa,𝙔𝙊𝙂𝙂𝘼𝘼⭐💦,0.6679
abcdeskha,agnggfck🇦🇱🇦🇱,0.7421
abcdeskha,annayully,0.6675
abcdeskha,arz👾🪄,0.7292
abcdeskha,bidzz😶‍🌫️😶‍🌫️,0.7481
abcdeskha,gesang wl,0.6775
abcdeskha,gtww,0.7156
abcdeskha,inieidan,0.6607
abcdeskha,talasku99,0.6768
abcdeskha,wiindoc,0.6738
abcdeskha,ɴᴀᴛ,0.6783
abdullll?,alzz219,0.6559
abdullll?,bimo prasetyo,0.6768
abdullll?,kian santang,0.6592
abdullll?,mas_dawet,0.6607
abdullll?,nuuuu,0.6841
abdullll?,pisangambon,0.6726
abdullll?,rafyy😹,0.7178
abdullll?,sara ariska,0.6627
abdullll?,superman,0.6858
abdullll?,𝘼𝙇𝙃𝘼𝙆𝙄𝙈𝙕,0.6697
abizz '4ever,aboutdan,0.6635
abizz '4ever,azziffsyazly@ official.,0.6539
abizz '4ever,bayzz444,0.6749
abizz '4ever,biann,0.6561
abizz '4ever,biw,0.6595
abizz '4ever,capcipcup🕊️,0.6555
abizz '4ever,deni,0.73
abizz '4ever,fahri..☘️☘️,0.73
abizz '4ever,fuckingawerizsome,0.6691
abizz '4ever,ini blue🔵💨,0.6689
abizz '4ever,kasnudtone,0.6917
abizz '4ever,kh,0.7315
abizz '4ever,na.,0.6933
abizz '4ever,noellnr🍒,0.6693
abizz '4ever,nyong ibaim,0.6746
abizz '4ever,p1n,0.7159
abizz '4ever,pangerankodok77,0.6691
abizz '4ever,rndkatsny,0.7056
abizz '4ever,s. g. t.,0.6529
abizz '4ever,sucilestaripp_08,0.7016
abizz '4ever,tll,0.6686
abizz '4ever,vinza,0.6892
abizz '4ever,wdyt_,0.6589
abizz '4ever,yafzz•𝙯𝙤𝙡𝙙𝙮𝙠🔰💤,0.6691
abizz '4ever,𝑛𝑜𝑒𝑟𝑒𝑎𝑙_𝑎𝑧🍃,0.7329
abizz '4ever,𝕄 𝕒 𝕤  𝕋𝕒𝕜𝕪𝕦𝕟,0.7105
about you,adipati rujak belink,0.6595
about you,akaa,0.6985
about you,anzzbut🐊,0.665
about you,aris fd,0.6937
about you,arkanan,0.7283
about you,aton bae🚀🚀,0.6649
about you,b saja 👀,0.6687
about you,betmenn🦸,0.6766
about you,cantika deni,0.6615
about you,celukbae abid 😃😁@?,0.658
about you,cingire dava,0.7185
about you,cionnnn➰,0.7125
about you,dilahhh,0.683
about you,dubidubidam5,0.7028
about you,dwk,0.7025
about you,dɹısɐɐɐ,0.7111
about you,ens,0.7484
about you,febriansyah,0.662
about you,ffi🕷️,0.7002
about you,genjur,0.665
about you,hamzzstecu,0.6557
about you,jepri night🦸,0.6693
about you,kkpann!,0.7321
about you,kojek,0.6908
about you,masayu,0.7418
about you,mhrullam,0.682
about you,narti,0.696
about you,nnaann🔫,0.6864
about you,p4tooookkkk,0.6953
about you,put,0.7041
about you,rahmat kartolo,0.6643
about you,rempeyek_500🌊,0.6613
about you,rijakipp,0.7772
about you,rivann.ahah,0.7329
about you,rpk1,0.653
about you,s u m m e r .,0.6706
about you,sleep the saunt,0.7661
about you,suyato jowo,0.666
about you,tika kartika,0.7098
about you,tofik.putra17,0.6625
about you,user7098643456,0.6531
about you,wo,0.6626
about you,wong elek,0.7085
about you,wongwonganmumet,0.747
about you,ws🪩,0.662
about you,y💥💯                😛,0.6771
about you,z4kk🇦🇱🇦🇱,0.6745
about you,zeniperr,0.651
about you,zrill🇦🇱🇦🇱,0.7377
about you,꧁epep꧂,0.6534
about you,️dika_sajah,0.7062
about you,￴,0.7232
about you,𝙖𝙩𝙨𝙨,0.6764
about you,𝙡𝙚𝙣𝙜,0.6541
about you,💋,0.6502
about you,🔴⚪,0.6534
aboutdan,aqiel tsany,0.6762
aboutdan,ariepp,0.6609
aboutdan,azziffsyazly@ official.,0.7395
aboutdan,ba,0.6897
aboutdan,biann,0.7136
aboutdan,capcipcup🕊️,0.6954
aboutdan,deni,0.7225
aboutdan,dhafin &aja (@#),0.6658
aboutdan,dip_16,0.6681
aboutdan,ditzzganteng,0.6946
aboutdan,fahri..☘️☘️,0.7225
aboutdan,fuckingawerizsome,0.7126
aboutdan,gntaa,0.6599
aboutdan,hamz storee,0.6701
aboutdan,joller🇦🇱,0.6658
aboutdan,kh,0.7415
aboutdan,mulyati,0.6663
aboutdan,na.,0.6975
aboutdan,noellnr🍒,0.7097
aboutdan,nyong,0.6658
aboutdan,nyong ibaim,0.6896
aboutdan,opangpar,0.6841
aboutdan,p1n,0.7081
aboutdan,pangerankodok77,0.7126
aboutdan,panggil vans✌️,0.6538
aboutdan,parell✈️💤,0.6658
aboutdan,pdpputragemilang!,0.6566
aboutdan,proo,0.6658
aboutdan,rass.,0.6658
aboutdan,ristiana08,0.6522
aboutdan,s. g. t.,0.6685
aboutdan,syaqella,0.6522
aboutdan,tll,0.7353
aboutdan,vinza,0.6567
aboutdan,wdyt_,0.6671
aboutdan,yafzz•𝙯𝙤𝙡𝙙𝙮𝙠🔰💤,0.7126
aboutdan,y🅰️hya?,0.6681
aboutdan,z4m,0.682
aboutdan,່,0.6658
aboutdan,𝑦𝑦𝑦𝑦,0.6681
aboutdan,"𝖂𝖍𝖔'𝕾,𝕭𝖗𝖆𝖓රධ",0.6895
aboutdan,𝗕𝗠𝗞𝗚,0.6658
aboutdan,𝘁𝗿ē𝗻𝗱à𝗻𝘇𝘅,0.6658
aboutdan,💫,0.6827
aboutdan,🔥theeam3ll⚡,0.6561
adalah pokoknya,ambaedits,0.6559
adalah pokoknya,aneppp✨,0.7042
adalah pokoknya,angga.f,0.6653
adalah pokoknya,arm team,0.6578
adalah pokoknya,aryarizz,0.67
adalah pokoknya,bambang spektakuler!,0.6596
adalah pokoknya,bibb,0.7804
adalah pokoknya,brahim d van basten,0.7245
adalah pokoknya,cen,0.6931
adalah pokoknya,cyy,0.6829
adalah pokoknya,d forr,0.686
adalah pokoknya,danzz,0.6601
adalah pokoknya,dea,0.6804
adalah pokoknya,dzikriibrgzazdn,0.6616
adalah pokoknya,dzky.,0.7603
adalah pokoknya,"elan jangan nakal ya, iya mah",0.8298
adalah pokoknya,farrel,0.6558
adalah pokoknya,fiki v1,0.6886
adalah pokoknya,frhnbaeω,0.7636
adalah pokoknya,g,0.6877
adalah pokoknya,hanifnur,0.7004
adalah pokoknya,iyann noverse ☄️🪐,0.7631
adalah pokoknya,kall,0.6694
adalah pokoknya,khaa : akun business 🪐 💵,0.7768
adalah pokoknya,kizy🇦🇱,0.6685
adalah pokoknya,kmu gpp zaa?,0.6516
adalah pokoknya,maa....,0.7578
adalah pokoknya,mamaz ap,0.742
adalah pokoknya,masarrrr,0.6574
adalah pokoknya,maswilll,0.8262
adalah pokoknya,namaku atha,0.6942
adalah pokoknya,nha_nha88,0.7514
adalah pokoknya,r e t z,0.6724
adalah pokoknya,rian(rivan fian),0.7726
adalah pokoknya,rimzsukaessedoublechange🤤,0.7289
adalah pokoknya,ririss,0.6701
adalah pokoknya,saitama.botak6,0.6637
adalah pokoknya,se'pull_maxwill,0.6568
adalah pokoknya,spilloutfittrendy,0.7178
adalah pokoknya,sri66790,0.6523
adalah pokoknya,wong kene bae,0.6667
adalah pokoknya,"wong""plosok",0.6749
adalah pokoknya,xy_don🚀,0.7397
adalah pokoknya,yoo🅰️jahh,0.6514
adalah pokoknya,zexx'777,0.7433
adalah pokoknya,zouheir.yaz_ze,0.6712
adalah pokoknya,zye hehe,0.7355
adalah pokoknya,| ig : @aseprmadanni,0.6574
adalah pokoknya,ɓøɓ mārlɛƴ!!⛓️,0.7761
adalah pokoknya,˚꩜｡⋆˚࿔ 𝔂𝓪𝔂𝓪 𝜗𝜚˚⋆🧸ྀི,0.6689
adalah pokoknya,⭐zka,0.6923
adalah pokoknya,윙고🇲🇨🇰🇷,0.6693
adalah pokoknya,𝐫𝐢𝐝𝐨𝐨🕊️,0.6764
adalah pokoknya,𝕬𝖟𝖐𝖆 𝖋𝖔𝖗 𝖞𝖔𝖚,0.7294
adalah pokoknya,𝘾𝙖𝙡𝙤𝙣 𝙃𝘼𝙅𝙄,0.6681
adalah pokoknya,𝙎𝘽𝙎 001_𝙨𝙠𝙖𝙮 𝙮𝙚𝙡𝙤𝙬,0.666
adalah pokoknya,𝙔𝙊𝙂𝙂𝘼𝘼⭐💦,0.6531
adi er,akun tidak ditemukan,0.6624
adi er,annayully,0.687
adi er,arz👾🪄,0.658
adi er,b4ng_zam,0.7193
adi er,cahyoo☄️,0.6626
adi er,do,0.6763
adi er,hamka resna,0.796
adi er,im.p4yeng!!,0.6975
adi er,kelzy24,0.6559
adi er,kii,0.7317
adi er,mas_dawet,0.6627
adi er,mengomentari postingan anda,0.6611
adi er,nuuuu,0.7396
adi er,opetporeperr,0.7238
adi er,patrick bateman,0.6562
adi er,piscesmod,0.6759
adi er,raffiii162,0.6863
adi er,ryy_,0.7201
adi er,sazz,0.6517
adi er,sn0w,0.6917
adi er,wh0,0.6609
adi er,xxtipoo🀄⚡,0.671
adi er,ɴᴀᴛ,0.6782
adi er,🕸️,0.6923
adipati rujak belink,akaa,0.6956
adipati rujak belink,bang duttz,0.6501
adipati rujak belink,celukbae abid 😃😁@?,0.6574
adipati rujak belink,davaaa,0.6746
adipati rujak belink,eno mountainer,0.7202
adipati rujak belink,fahmi.zemmy✔️,0.6785
adipati rujak belink,ido.,0.7411
adipati rujak belink,kojek,0.6668
adipati rujak belink,laris manis store,0.711
adipati rujak belink,masayu,0.6808
adipati rujak belink,nabi sulaiman,0.6574
adipati rujak belink,narti,0.7021
adipati rujak belink,notzstrongboyss,0.7431
adipati rujak belink,ovii ..,0.6721
adipati rujak belink,s u m m e r .,0.6818
adipati rujak belink,sleep the saunt,0.7266
adipati rujak belink,suyato jowo,0.7074
adipati rujak belink,tika kartika,0.6978
adipati rujak belink,topexx11,0.6793
adipati rujak belink,wo,0.6784
adipati rujak belink,wong elek,0.6928
adipati rujak belink,yanuar,0.6738
adipati rujak belink,المجتهد,0.714
adipati rujak belink,เςคภ,0.6837
adipati rujak belink,🔴⚪,0.6809
adipati rujak belink,🪫,0.6512
adipati rujak belink,🪽,0.6677
adit anjaiygy,billz,0.6698
adit anjaiygy,deboy,0.7416
adit anjaiygy,deliciousrull,0.7201
adit anjaiygy,fattahcake,0.6574
adit anjaiygy,i'szz?!,0.6696
adit anjaiygy,ini punya aku 🤪,0.6818
adit anjaiygy,iyedd 🪩,0.839
adit anjaiygy,langzz,0.7786
adit anjaiygy,mohammadriski077,0.6685
adit anjaiygy,pangeran kodok,0.699
adit anjaiygy,r,0.6636
adit anjaiygy,risky⛔️🆘️,0.7338
adit anjaiygy,tokoserbada12,0.7187
adit anjaiygy,wawud,0.7425
adit anjaiygy,wiwut,0.6823
adit anjaiygy,🕸,0.7294
adit anjaiygy,😂,0.6855
adit anjaiygy,🥷,0.6864
adit 🤟🤖🤟,ꦲꦼꦤ꧀ꦝꦺꦴꦱ꧀,0.6839
afta,agsdwh,0.6884
afta,agungsaja v2,0.7235
afta,aku siapa????,0.7296
afta,aldo.,0.7422
afta,alexxxx,0.6859
afta,alfisaktiawan,0.6618
afta,alfri_❄❄❄,0.7302
afta,amriajahh,0.7263
afta,anggitaaaaaa❤️‍🔥,0.7206
afta,anisatul,0.6871
afta,anjanikusuma,0.7366
afta,aqila misha,0.7488
afta,arkhnraalfano,0.6678
afta,artati,0.7472
afta,athar aurellio,0.6615
afta,bluestar,0.7263
afta,bowoo,0.7833
afta,b🕸️,0.8663
afta,caaa,0.6702
afta,cahyoo☄️,0.666
afta,chell28,0.6584
afta,danzzz,0.6858
afta,dennbaee,0.71
afta,diditarifin,0.6798
afta,dilzz v2,0.6714
afta,dly,0.7015
afta,do,0.681
afta,dwi reny makmoy makm,0.7065
afta,f,0.6506
afta,fafang🕷️,0.6776
afta,faiz,0.6685
afta,fcknzzshit_,0.6682
afta,frzardtyaalvro,0.6663
afta,f⚡,0.8509
afta,garangan mulet,0.7472
afta,hilman,0.6621
afta,hpiss,0.7545
afta,hyan,0.6639
afta,hαηs кαккσɪɪ.dnd.,0.6582
afta,i,0.6663
afta,i j a l,0.7481
afta,ibunya ragaf,0.7026
afta,ig:4ufa_l,0.6555
afta,javrr⚡,0.653
afta,jesiccaaa,0.6664
afta,joviinantaaaa,0.8935
afta,jun santuy,0.717
afta,"kaa,a",0.7857
afta,kaji,0.6595
afta,kang bahar,0.6589
afta,keee keee,0.7518
afta,kelzy24,0.7562
afta,kiking,0.6529
afta,kruxill🎃,0.7069
afta,kuwi4526,0.7262
afta,l3o m,0.7269
afta,lah iya,0.7969
afta,lele_byakar@gmail.comm,0.6758
afta,m. rizqi_,0.8133
afta,martati,0.7326
afta,masjack3195,0.875
afta,mawar hitam 🌹🗡️,0.7263
afta,mawarr,0.6688
afta,mengomentari postingan anda,0.6806
afta,muhamad rian,0.6922
afta,naufabyktsr,0.6659
afta,ndre4you,0.846
afta,nobody,0.7408
afta,nuuuuu,0.7725
afta,ol²²oy,0.6795
afta,pak haji,0.6595
afta,pak haji sara,0.6647
afta,panglima boncoz,0.723
afta,patirrrv2🖤,0.673
afta,pip2nd🧿,0.6661
afta,princess 💅,0.7626
afta,r4ndsyh,0.7481
afta,reendstore,0.7615
afta,rizzstecu✌️,0.691
afta,rzl,0.8016
afta,rℹ️k🅾️🅾️🅾️,0.67
afta,samshl_22,0.6594
afta,sapa bae,0.8002
afta,sara ariska,0.8047
afta,satria 🙌,0.6998
afta,sayaangaenii❤️‍🔥,0.8761
afta,scc winoww,0.6807
afta,scc.,0.7448
afta,secccfldsuuu21,0.6684
afta,septiana,0.8251
afta,sopo》,0.7535
afta,the last good man,0.7768
afta,tinnyee,0.6934
afta,username12375,0.6629
afta,userr4532552,0.6952
afta,uuppio,0.7755
afta,vinss,0.679
afta,yaraaayaaaa,0.6578
afta,yogaaa21,0.6791
afta,zain,0.7023
afta,zaka.ya,0.6681
afta,zannn,0.7555
afta,zazamm,0.66
afta,zrill💥,0.7236
afta,~~boyszzarddd~~ardboysss🇦🇱🪩,0.6659
afta,àlwàysdip,0.7108
afta,ᴘɪᴋᴀғʀɪᴇᴅᴄʜɪᴄᴋᴇɴ,0.6569
afta,▪️,0.6681
afta,☝️👌👌cc,0.7142
afta,♥,0.7521
afta,𝕳𝕬𝕴𝕶𝕬𝕷 𝖁1,0.6753
afta,𝙾𝚛𝚢𝚣𝚊 𝚂𝚊𝚝𝚒𝚟𝚊 🌾,1.0
afta,🆘,0.6619
afta,🐦,0.6752
afta,👻hsb👻,0.6958
afta,👾,0.7725
afta,🧋,0.7441
agngcar07,anggitaaaaaa❤️‍🔥,0.6644
agngcar07,aqiel tsany,0.749
agngcar07,balex ☘️,0.6782
agngcar07,danzzz,0.6839
agngcar07,deni,0.7141
agngcar07,ditzzganteng,0.7459
agngcar07,fahri..☘️☘️,0.7141
agngcar07,faiz,0.7357
agngcar07,granddream,0.6723
agngcar07,hamz storee,0.6544
agngcar07,ig :_17rrif★,0.6541
agngcar07,kiking,0.7022
agngcar07,mbahnya nafisha dan sava,0.6795
agngcar07,mbuhsapa🤥,0.6541
agngcar07,muhamad rian,0.8208
agngcar07,na.,0.653
agngcar07,nuuuuu,0.7172
agngcar07,opangpar,0.8123
agngcar07,osdaglog14,0.6513
agngcar07,panggil vans✌️,0.7907
agngcar07,pdpputragemilang!,0.6527
agngcar07,ranji💤,0.6615
agngcar07,reval soso,0.6939
agngcar07,sam🍎🍎,0.6674
agngcar07,say,0.754
agngcar07,wdyt_,0.6623
agngcar07,xlx🇮🇲,0.8436
agngcar07,zannn,0.7871
agngcar07,ಠ_ರೃ,0.6685
agngcar07,𓏵,0.6508
agngcar07,👻,0.6649
agngcar07,👾,0.7172
agngg_⚓,andi★_★№,0.6913
agngg_⚓,andra_zv0,0.6671
agngg_⚓,ariepp,0.6845
agngg_⚓,asher,0.6611
agngg_⚓,byy🌊,0.6536
agngg_⚓,cici.nda🩺,0.6624
agngg_⚓,cupapimunyenyoo,0.6679
agngg_⚓,deeka ada e nya,0.6523
agngg_⚓,fcknzzshit_,0.6758
agngg_⚓,garangan mulet,0.6872
agngg_⚓,granddream,0.6689
agngg_⚓,hanipipipip,0.6684
agngg_⚓,hilman,0.6716
agngg_⚓,ig: nan_sgaa,0.7108
agngg_⚓,izz_sjlh🀄,0.6961
agngg_⚓,jesiccaaa,0.6591
agngg_⚓,kiking,0.676
agngg_⚓,m6uladi.,0.6727
agngg_⚓,mazz ar31,0.6609
agngg_⚓,mrco,0.6587
agngg_⚓,nopallanakbaik,0.6502
agngg_⚓,n⭐👽,0.7246
agngg_⚓,osdaglog14,0.6587
agngg_⚓,rehan.aj,0.6645
agngg_⚓,rezz_brew,0.7288
agngg_⚓,ristiani14,0.6576
agngg_⚓,sabiantiwulariata,0.6642
agngg_⚓,xlx🇮🇲,0.6785
agngg_⚓,zain,0.6609
agngg_⚓,ziee_1901,0.6589
agngg_⚓,àlwàysdip,0.6557
agngg_⚓,𝘉𝘐 𝔟𝔢𝔫𝔠𝔦 𝔠𝔦𝔫𝔱𝔞~,0.7049
agnggfck🇦🇱🇦🇱,alakaee,0.7337
agnggfck🇦🇱🇦🇱,alip ajee🌊,0.6604
agnggfck🇦🇱🇦🇱,alll🕷️,0.6696
agnggfck🇦🇱🇦🇱,al🌠,0.6675
agnggfck🇦🇱🇦🇱,annayully,0.6902
agnggfck🇦🇱🇦🇱,anzzbut🐊,0.7566
agnggfck🇦🇱🇦🇱,apel❤️,0.6592
agnggfck🇦🇱🇦🇱,arkanan,0.6674
agnggfck🇦🇱🇦🇱,arz👾🪄,0.6503
agnggfck🇦🇱🇦🇱,atbqu25,0.6563
agnggfck🇦🇱🇦🇱,aton bae🚀🚀,0.6903
agnggfck🇦🇱🇦🇱,ayas hafddz,0.7178
agnggfck🇦🇱🇦🇱,aziz,0.7147
agnggfck🇦🇱🇦🇱,betmenn🦸,0.7206
agnggfck🇦🇱🇦🇱,bidzz😶‍🌫️😶‍🌫️,0.6717
agnggfck🇦🇱🇦🇱,bimbim,0.7255
agnggfck🇦🇱🇦🇱,bimo prasetyo,0.6747
agnggfck🇦🇱🇦🇱,b★vanss,0.6586
agnggfck🇦🇱🇦🇱,cahyoo☄️,0.6913
agnggfck🇦🇱🇦🇱,cantika deni,0.6671
agnggfck🇦🇱🇦🇱,celukbae abid 😃😁@?,0.6704
agnggfck🇦🇱🇦🇱,cingire dava,0.6914
agnggfck🇦🇱🇦🇱,cionnnn➰,0.6728
agnggfck🇦🇱🇦🇱,d4nnnnn23_4,0.6557
agnggfck🇦🇱🇦🇱,dín dlgk?,0.6568
agnggfck🇦🇱🇦🇱,dɹısɐɐɐ,0.6562
agnggfck🇦🇱🇦🇱,ewong...,0.7093
agnggfck🇦🇱🇦🇱,febriansyah,0.7243
agnggfck🇦🇱🇦🇱,fens nasa 🇺🇸🚀,0.7032
agnggfck🇦🇱🇦🇱,ffi🕷️,0.6777
agnggfck🇦🇱🇦🇱,genjur,0.6883
agnggfck🇦🇱🇦🇱,genzzz,0.7164
agnggfck🇦🇱🇦🇱,gtww,0.7085
agnggfck🇦🇱🇦🇱,hamka resna,0.7022
agnggfck🇦🇱🇦🇱,hii i'm bayy.,0.6537
agnggfck🇦🇱🇦🇱,ig : d4haas.👾,0.7154
agnggfck🇦🇱🇦🇱,im.p4yeng!!,0.7072
agnggfck🇦🇱🇦🇱,inieidan,0.7363
agnggfck🇦🇱🇦🇱,inisial.b,0.6713
agnggfck🇦🇱🇦🇱,javrr⚡,0.6587
agnggfck🇦🇱🇦🇱,kib3nk_ta,0.6735
agnggfck🇦🇱🇦🇱,"kicau mania""😷✌",0.6596
agnggfck🇦🇱🇦🇱,mas_dawet,0.7066
agnggfck🇦🇱🇦🇱,mommy bibiel,0.7012
agnggfck🇦🇱🇦🇱,muhammadchilung,0.6584
agnggfck🇦🇱🇦🇱,nuuuu,0.6728
agnggfck🇦🇱🇦🇱,pisangambon,0.7131
agnggfck🇦🇱🇦🇱,piscesmod,0.6561
agnggfck🇦🇱🇦🇱,r,0.7409
agnggfck🇦🇱🇦🇱,rafyy😹,0.6671
agnggfck🇦🇱🇦🇱,rempeyek_500🌊,0.6718
agnggfck🇦🇱🇦🇱,rfky,0.6587
agnggfck🇦🇱🇦🇱,rivann.ahah,0.6754
agnggfck🇦🇱🇦🇱,rpk1,0.653
agnggfck🇦🇱🇦🇱,ryy_,0.7522
agnggfck🇦🇱🇦🇱,sabitulyz,0.6588
agnggfck🇦🇱🇦🇱,safi,0.6946
agnggfck🇦🇱🇦🇱,satria 🙌,0.6528
agnggfck🇦🇱🇦🇱,sn0w,0.6657
agnggfck🇦🇱🇦🇱,stecu💤,0.6762
agnggfck🇦🇱🇦🇱,syaf__👾👾,0.6617
agnggfck🇦🇱🇦🇱,talasku99,0.725
agnggfck🇦🇱🇦🇱,tam,0.6636
agnggfck🇦🇱🇦🇱,tofik.putra17,0.6596
agnggfck🇦🇱🇦🇱,user7098643456,0.7233
agnggfck🇦🇱🇦🇱,va 17hd,0.6566
agnggfck🇦🇱🇦🇱,vittss..,0.6803
agnggfck🇦🇱🇦🇱,wiindoc,0.7397
agnggfck🇦🇱🇦🇱,wongwonganmumet,0.6768
agnggfck🇦🇱🇦🇱,ws🪩,0.7079
agnggfck🇦🇱🇦🇱,yesakiw,0.6534
agnggfck🇦🇱🇦🇱,yyy,0.6831
agnggfck🇦🇱🇦🇱,z4kk🇦🇱🇦🇱,0.7044
agnggfck🇦🇱🇦🇱,zeniperr,0.6695
agnggfck🇦🇱🇦🇱,ziie34,0.6753
agnggfck🇦🇱🇦🇱,ɴᴀᴛ,0.7508
agnggfck🇦🇱🇦🇱,˚ ༘ 🦕𖦹⋆｡˚,0.6616
agnggfck🇦🇱🇦🇱,فەیزال,0.6681
agnggfck🇦🇱🇦🇱,ᴘɪᴋᴀғʀɪᴇᴅᴄʜɪᴄᴋᴇɴ,0.7065
agnggfck🇦🇱🇦🇱,™.yunz ★ 447.¥,0.68
agnggfck🇦🇱🇦🇱,⋇⋆✦chelsea ♛┈⛧♡,0.6779
agnggfck🇦🇱🇦🇱,★,0.7072
agnggfck🇦🇱🇦🇱,⛓️,0.6679
agnggfck🇦🇱🇦🇱,꧁epep꧂,0.6858
agnggfck🇦🇱🇦🇱,윙고🇲🇨🇰🇷,0.6896
agnggfck🇦🇱🇦🇱,￴￴,0.6853
agnggfck🇦🇱🇦🇱,𝙖𝙩𝙨𝙨,0.6588
agnggfck🇦🇱🇦🇱,𝙡𝙚𝙣𝙜,0.7196
agnggfck🇦🇱🇦🇱,🐣,0.6803
agnggfck🇦🇱🇦🇱,💋,0.715
agnggfck🇦🇱🇦🇱,🕊,0.6849
agohige,say,0.6791
agsdwh,agungsaja v2,0.6901
agsdwh,aldo.,0.6681
agsdwh,alfisaktiawan,0.7336
agsdwh,alfri_❄❄❄,0.6968
agsdwh,alip ajee🌊,0.7117
agsdwh,al🌠,0.65
agsdwh,amriajahh,0.7933
agsdwh,anisatul,0.8852
agsdwh,anna,0.6659
agsdwh,apel❤️,0.6746
agsdwh,aqila misha,0.7024
agsdwh,ar,0.6752
agsdwh,arkanan,0.6643
agsdwh,arkhnraalfano,0.7375
agsdwh,artati,0.6799
agsdwh,atbqu25,0.6575
agsdwh,athar aurellio,0.6583
agsdwh,ayurahayu,0.6855
agsdwh,aziz,0.6809
agsdwh,b,0.7473
agsdwh,bilyy⁰²,0.667
agsdwh,bimo prasetyo,0.7593
agsdwh,bluestar,0.7933
agsdwh,bogel osle,0.7703
agsdwh,bowo prast,0.7572
agsdwh,bowoo,0.9055
agsdwh,budi_24,0.6726
agsdwh,b★vanss,0.7548
agsdwh,b🕸️,0.7941
agsdwh,caaa,0.6564
agsdwh,chell28,0.8283
agsdwh,chelll,0.7159
agsdwh,cingire dava,0.6906
agsdwh,danii,0.6649
agsdwh,de2x.alk1,0.7221
agsdwh,dhellaxriigod,0.6604
agsdwh,diditarifin,0.7427
agsdwh,dimzz.stecu(setelan.cuwek💢🥶),0.7133
agsdwh,donz2nd,0.7187
agsdwh,dwk,0.6933
agsdwh,dân stfu⸸,0.7895
agsdwh,dín dlgk?,0.7095
agsdwh,edhy soekamto,0.6684
agsdwh,el smile,0.8124
agsdwh,er,0.6794
agsdwh,espede racing,0.7235
agsdwh,f,0.8955
agsdwh,fafang🕷️,0.7367
agsdwh,fakri,0.7395
agsdwh,fikaa,0.6646
agsdwh,finzz★,0.6824
agsdwh,frzardtyaalvro,0.6809
agsdwh,f⚡,0.6817
agsdwh,genzzz,0.6517
agsdwh,grandberkahdoaibu,0.7714
agsdwh,hermanto,0.7183
agsdwh,hibban∆,0.6991
agsdwh,hii i'm bayy.,0.8111
agsdwh,hyan,0.8356
agsdwh,hαpiz_boyss⚡,0.686
agsdwh,hαηs кαккσɪɪ.dnd.,0.7698
agsdwh,i,0.8417
agsdwh,i j a l,0.8141
agsdwh,ibunya ragaf,0.7756
agsdwh,ifaashion.id,0.7228
agsdwh,ig : d4haas.👾,0.7371
agsdwh,ig | im_alzz,0.7217
agsdwh,ig:4ufa_l,0.676
agsdwh,iis dukha,0.7093
agsdwh,ikhsan hair,0.6573
agsdwh,inisial.b,0.7072
agsdwh,javrr⚡,0.7716
agsdwh,jdr,0.6828
agsdwh,jesiccaaa,0.6648
agsdwh,"kaa,a",0.6598
agsdwh,kaji,0.7862
agsdwh,kang bahar,0.9623
agsdwh,kelzy24,0.6727
agsdwh,kin_💫,0.6686
agsdwh,kruxill🎃,0.7934
agsdwh,l4nkk,0.753
agsdwh,lah iya,0.6893
agsdwh,lele_byakar@gmail.comm,0.7727
agsdwh,lihgal18,0.7696
agsdwh,mas_dawet,0.7601
agsdwh,mawar hitam 🌹🗡️,0.7933
agsdwh,mawarr,0.8834
agsdwh,mengomentari postingan anda,0.6766
agsdwh,mhrullam,0.6875
agsdwh,muhammadchilung,0.661
agsdwh,nadhiff👾,0.7247
agsdwh,narzz🌊🌊,0.6721
agsdwh,ndre4you,0.8575
agsdwh,nggaaa,0.6721
agsdwh,nino,0.6739
agsdwh,nobody,0.6941
agsdwh,nur fadil,0.732
agsdwh,ol²²oy,0.8211
agsdwh,oz_,0.7156
agsdwh,pak haji sara,0.6921
agsdwh,patirrrv2🖤,0.7067
agsdwh,pisangambon,0.6593
agsdwh,praditailhm_,0.858
agsdwh,princess 💅,0.8318
agsdwh,qila012,0.7905
agsdwh,raf,0.6849
agsdwh,raffiii162,0.6509
agsdwh,rafyy😹,0.7441
agsdwh,rahmat kartolo,0.6636
agsdwh,regialparij,0.6772
agsdwh,rempeyek_500🌊,0.6875
agsdwh,rfky,0.6501
agsdwh,rzl,0.8146
agsdwh,rℹ️k🅾️🅾️🅾️,0.7811
agsdwh,safi,0.7003
agsdwh,samshl_22,0.7662
agsdwh,sapa bae,0.6647
agsdwh,sara ariska,0.905
agsdwh,satria 🙌,0.7173
agsdwh,sayaangaenii❤️‍🔥,0.7119
agsdwh,scc winoww,0.7565
agsdwh,scc.,0.7134
agsdwh,secccfldsuuu21,0.6927
agsdwh,sendiiisen©📍,0.7115
agsdwh,septiana,0.7768
agsdwh,si kucing,0.7123
agsdwh,sopo》,0.6537
agsdwh,sri wahyuningsih,0.6924
agsdwh,syaf__👾👾,0.7037
agsdwh,tam,0.6878
agsdwh,tangrajinngaji,0.682
agsdwh,tinnyee,0.7745
agsdwh,tofik.putra17,0.7269
agsdwh,trisis,0.6737
agsdwh,upin🐼,0.7063
agsdwh,user13463#457344,0.6727
agsdwh,username12375,0.6542
agsdwh,uuppio,0.6975
agsdwh,va 17hd,0.8086
agsdwh,vanooo,0.6642
agsdwh,viann,0.8543
agsdwh,wong elek,0.6765
agsdwh,ws🪩,0.6691
agsdwh,wzrd,0.6873
agsdwh,xspeedx,0.6849
agsdwh,yogaaa21,0.7657
agsdwh,yyy,0.8142
agsdwh,zaka.ya,0.7404
agsdwh,zazamm,0.849
agsdwh,zrill💥,0.6655
agsdwh,˚ ༘ 🦕𖦹⋆｡˚,0.7198
agsdwh,ᴘɪᴋᴀғʀɪᴇᴅᴄʜɪᴄᴋᴇɴ,0.7332
agsdwh,⋇⋆✦chelsea ♛┈⛧♡,0.6611
agsdwh,★,0.6758
agsdwh,☝️👌👌cc,0.8277
agsdwh,⛓️,0.6994
agsdwh,✌️,0.8653
agsdwh,𝑱𝒖𝒍𝒊𝒂𝒏𝒏𝒏,0.7157
agsdwh,𝓝𝓪𝔂𝓵𝓪_𝓓.𝓐,0.6774
agsdwh,𝕳𝕬𝕴𝕶𝕬𝕷 𝖁1,0.7143
agsdwh,𝖇𝖎𝖎𝖑𝖆,0.7402
agsdwh,𝘼𝙇𝙃𝘼𝙆𝙄𝙈𝙕,0.6953
agsdwh,𝘿𝙚𝙣,0.7232
agsdwh,𝙡𝙚𝙣𝙜,0.7495
agsdwh,𝙾𝚛𝚢𝚣𝚊 𝚂𝚊𝚝𝚒𝚟𝚊 🌾,0.6884
agsdwh,🏴󠁧󠁢󠁥󠁮󠁧󠁿🏴󠁧󠁢󠁥󠁮󠁧󠁿,0.7356
agsdwh,🐦,0.6795
agsdwh,💩.,0.6543
agsdwh,🕊,0.7904
agung,b4ng_zam,0.6644
agung,dennbaee,0.6801
agung,idk,0.6697
agung,kii,0.6943
agung,mengomentari postingan anda,0.6572
agung,nuuuu,0.7113
agung,nuuuuu,0.653
agung,raffiii162,0.6957
agung,ryy_,0.6575
agung,safi,0.6613
agung,⛓️,0.6561
agung,𝙖𝙩𝙨𝙨,0.6788
agung,👾,0.653
agungsaja v2,aku siapa????,0.7494
agungsaja v2,alfisaktiawan,0.6605
agungsaja v2,alfri_❄❄❄,0.681
agungsaja v2,amriajahh,0.6882
agungsaja v2,anggitaaaaaa❤️‍🔥,0.8227
agungsaja v2,anisatul,0.7293
agungsaja v2,aqila misha,0.6591
agungsaja v2,ar,0.673
agungsaja v2,arkhnraalfano,0.7387
agungsaja v2,aziz,0.6668
agungsaja v2,balzz,0.6635
agungsaja v2,bluestar,0.6882
agungsaja v2,bowo prast,0.6598
agungsaja v2,bowoo,0.6727
agungsaja v2,b★vanss,0.6706
agungsaja v2,b🕸️,0.82
agungsaja v2,chell28,0.7286
agungsaja v2,chelll,0.659
agungsaja v2,cingire dava,0.6514
agungsaja v2,de2x.alk1,0.6693
agungsaja v2,donz2nd,0.6715
agungsaja v2,dwk,0.6826
agungsaja v2,dân stfu⸸,0.7053
agungsaja v2,dín dlgk?,0.6842
agungsaja v2,f,0.739
agungsaja v2,fafang🕷️,0.8777
agungsaja v2,fakri,0.6631
agungsaja v2,f⚡,0.6647
agungsaja v2,grandberkahdoaibu,0.6503
agungsaja v2,hyan,0.69
agungsaja v2,hαpiz_boyss⚡,0.691
agungsaja v2,hαηs кαккσɪɪ.dnd.,0.7377
agungsaja v2,i,0.7157
agungsaja v2,i j a l,0.686
agungsaja v2,ibunya ragaf,0.7458
agungsaja v2,ifaashion.id,0.8157
agungsaja v2,ig : d4haas.👾,0.6634
agungsaja v2,ig | im_alzz,0.7039
agungsaja v2,ig:4ufa_l,0.6779
agungsaja v2,javrr⚡,0.678
agungsaja v2,joviinantaaaa,0.7085
agungsaja v2,"kaa,a",0.7202
agungsaja v2,kaji,0.698
agungsaja v2,kang bahar,0.7001
agungsaja v2,keee keee,0.7585
agungsaja v2,kelzy24,0.754
agungsaja v2,kin_💫,0.6553
agungsaja v2,kruxill🎃,0.6901
agungsaja v2,l4ngz_strong,0.8146
agungsaja v2,lah iya,0.7192
agungsaja v2,lele_byakar@gmail.comm,0.6874
agungsaja v2,lihgal18,0.6753
agungsaja v2,m. rizqi_,0.6735
agungsaja v2,mama alzak,0.6782
agungsaja v2,martati,0.6613
agungsaja v2,mawar hitam 🌹🗡️,0.6882
agungsaja v2,mawarr,0.7529
agungsaja v2,mengomentari postingan anda,0.6593
agungsaja v2,mykids,0.6797
agungsaja v2,nadhiff👾,0.6721
agungsaja v2,ndre4you,0.7174
agungsaja v2,nggaaa,0.8351
agungsaja v2,nobody,0.7196
agungsaja v2,ol²²oy,0.7154
agungsaja v2,pak haji,0.6896
agungsaja v2,patirrrv2🖤,0.9384
agungsaja v2,patrick bateman,0.7126
agungsaja v2,pecey yeye,0.8146
agungsaja v2,praditailhm_,0.6899
agungsaja v2,princess 💅,0.792
agungsaja v2,rivann.ahah,0.6506
agungsaja v2,rizzstecu✌️,0.6698
agungsaja v2,rzl,0.8002
agungsaja v2,rℹ️k🅾️🅾️🅾️,0.7107
agungsaja v2,samshl_22,0.8776
agungsaja v2,sapa bae,0.772
agungsaja v2,sara ariska,0.714
agungsaja v2,sari 86,0.6696
agungsaja v2,satria 🙌,0.6752
agungsaja v2,scc winoww,0.752
agungsaja v2,scc.,0.8206
agungsaja v2,secccfldsuuu21,0.715
agungsaja v2,septiana,0.6916
agungsaja v2,sn0w,0.6627
agungsaja v2,syaf__👾👾,0.6761
agungsaja v2,tangrajinngaji,0.6502
agungsaja v2,the last good man,0.7071
agungsaja v2,tinnyee,0.6796
agungsaja v2,userr4532552,0.6918
agungsaja v2,uuppio,0.7601
agungsaja v2,van pablo,0.6924
agungsaja v2,vanooo,0.7365
agungsaja v2,viann,0.7051
agungsaja v2,yaraaayaaaa,0.6655
agungsaja v2,yogaaa21,0.6812
agungsaja v2,yogszz⚡,0.6579
agungsaja v2,yyy,0.7277
agungsaja v2,zaka.ya,0.703
agungsaja v2,zazamm,0.7243
agungsaja v2,☝️👌👌cc,0.7232
agungsaja v2,✌️,0.6825
agungsaja v2,￴￴,0.655
agungsaja v2,𝑱𝒖𝒍𝒊𝒂𝒏𝒏𝒏,0.6928
agungsaja v2,𝕳𝕬𝕴𝕶𝕬𝕷 𝖁1,0.7281
agungsaja v2,𝘿𝙚𝙣,0.6681
agungsaja v2,𝙾𝚛𝚢𝚣𝚊 𝚂𝚊𝚝𝚒𝚟𝚊 🌾,0.7235
agungsaja v2,🐦,0.6613
agungsaja v2,🕊,0.7198
agungsaja v2,🧋,0.743
ajammjamm_,alee25 store,1.0
ajammjamm_,andre $,0.7932
ajammjamm_,arisdel8,0.8055
ajammjamm_,arya,0.8055
ajammjamm_,arya🎲,0.6598
ajammjamm_,asya&fajar,0.7107
ajammjamm_,ateng54,0.7107
ajammjamm_,ath,0.8055
ajammjamm_,bleng ko,0.7331
ajammjamm_,bsep,0.7107
ajammjamm_,buluk gonzales 13,0.854
ajammjamm_,daniiii,0.7107
ajammjamm_,derasah,1.0
ajammjamm_,desttt_,0.6863
ajammjamm_,dewoel,0.6854
ajammjamm_,dheebu,0.8055
ajammjamm_,dheevaaaaaaaaaaaaaaaaaaaaa,0.8024
ajammjamm_,diah sri972,0.8055
ajammjamm_,duwiii,0.7107
ajammjamm_,dwisetyarinii,1.0
ajammjamm_,enaksekali,0.7107
ajammjamm_,enjoyss,0.7804
ajammjamm_,excel😶‍🌫️            akun №1,0.7619
ajammjamm_,fernanda,0.7107
ajammjamm_,firmannnnnnnn,0.7107
ajammjamm_,fittdos,1.0
ajammjamm_,gl badax,0.8055
ajammjamm_,haniiif,0.8055
ajammjamm_,iin,0.8055
ajammjamm_,ini punya aku 🤪,0.7278
ajammjamm_,juprianto anto,1.0
ajammjamm_,kd urng ya,0.8055
ajammjamm_,kembali datang,0.7804
ajammjamm_,kenzo.s.m.z,0.7107
ajammjamm_,lakmen,0.6829
ajammjamm_,luthfyyy,1.0
ajammjamm_,mas_drun,1.0
ajammjamm_,n4uf@l 4j4,0.6723
ajammjamm_,nanangmungils1,0.8055
ajammjamm_,nipzzz,0.7101
ajammjamm_,panzskbd,0.8055
ajammjamm_,pikaars?,0.681
ajammjamm_,pitawidiono,0.7697
ajammjamm_,r 4 5 ya,0.7866
ajammjamm_,r.a sbg team,0.7145
ajammjamm_,rezx2nd,0.7107
ajammjamm_,riff,0.7107
ajammjamm_,sannzxkce,0.6506
ajammjamm_,scorpio🦂,0.7107
ajammjamm_,seli🌸,0.8043
ajammjamm_,sinfloww,1.0
ajammjamm_,sopo iki?,0.6912
ajammjamm_,tri yulianti,0.8055
ajammjamm_,veri ramandani18,1.0
ajammjamm_,wien,0.8043
ajammjamm_,wisnu krishna,0.7068
ajammjamm_,ye,0.6586
ajammjamm_,yuliazaa,0.7331
ajammjamm_,น้ำอุ่น กัญญาภัทร เต๊กอ๋อต้ง,0.7331
ajammjamm_,⚽,0.8043
ajammjamm_,⠀ ⠀ ⠀ ⠀ ⠀᠌,0.8055
ajammjamm_,レザ,0.7607
ajammjamm_,𝕱_v2,0.6945
ajammjamm_,🌵dnd's_mom🌵,0.7323
aji jishon 17,ambaedits,0.6654
aji jishon 17,aneppp✨,0.7914
aji jishon 17,arm team,0.6767
aji jishon 17,aryarizz,0.6658
aji jishon 17,axsa,0.6975
aji jishon 17,bibb,0.661
aji jishon 17,cen,0.6983
aji jishon 17,davaaa,0.6791
aji jishon 17,dzikriibrgzazdn,0.6656
aji jishon 17,esall💤,0.6551
aji jishon 17,frhnbaeω,0.6865
aji jishon 17,glowupbareng.id,0.7279
aji jishon 17,granddream,0.8005
aji jishon 17,iyann noverse ☄️🪐,0.6951
aji jishon 17,jairo,0.7007
aji jishon 17,jarot bae,0.6991
aji jishon 17,kall,0.7334
aji jishon 17,mamaz ap,0.7439
aji jishon 17,maypen🍉,0.7185
aji jishon 17,ndaru,0.6661
aji jishon 17,nha_nha88,0.7398
aji jishon 17,official store🛒🛍️,0.678
aji jishon 17,opangpar,0.6858
aji jishon 17,r e t z,0.7572
aji jishon 17,ramadani🌀,0.6612
aji jishon 17,rian(rivan fian),0.6956
aji jishon 17,rimzsukaessedoublechange🤤,0.6538
aji jishon 17,ririss,0.656
aji jishon 17,saitama.botak6,0.6866
aji jishon 17,sam🍎🍎,0.7447
aji jishon 17,sandhi686,0.7303
aji jishon 17,se'pull_maxwill,0.74
aji jishon 17,spilloutfittrendy,0.7783
aji jishon 17,sri66790,0.6921
aji jishon 17,tem - tem★★★,0.7447
aji jishon 17,tole bf official316,0.6871
aji jishon 17,ultrambuttttt,0.6745
aji jishon 17,wirr tzy,0.6772
aji jishon 17,wong kene bae,0.7002
aji jishon 17,"wong""plosok",0.7387
aji jishon 17,xy_don🚀,0.6709
aji jishon 17,zye hehe,0.6798
aji jishon 17,| ig : @aseprmadanni,0.6682
aji jishon 17,˚꩜｡⋆˚࿔ 𝔂𝓪𝔂𝓪 𝜗𝜚˚⋆🧸ྀི,0.6902
aji jishon 17,›私hánzxyz‹★,0.6686
aji jishon 17,ℒ𝓊𝓬𝓴𝔂,0.7089
aji jishon 17,⭐zka,0.7786
aji jishon 17,𝘾𝙖𝙡𝙤𝙣 𝙃𝘼𝙅𝙄,0.7113
aji jishon 17,𝙢𝙖𝙖𝙖𝙖𝙖𝙖𝙨𝙨𝙨𝙠𝙖𝙣𝙣𝙣,0.7222
aji jishon 17,🕊️,0.657
ajipunyaku,bambang spektakuler!,0.6648
ajipunyaku,danzz💤,0.6934
ajipunyaku,mahendri,0.6544
ajipunyaku,zaza,0.6743
ajipunyaku,💥,0.6516
ajmilllllll267,aldo.,0.7263
ajmilllllll267,alfri_❄❄❄,0.683
ajmilllllll267,amriajahh,0.7404
ajmilllllll267,anisatul,0.6668
ajmilllllll267,aqila misha,0.6872
ajmilllllll267,arkanan,0.663
ajmilllllll267,aziz,0.6918
ajmilllllll267,b saja 👀,0.6509
ajmilllllll267,b4ng_zam,0.669
ajmilllllll267,betmenn🦸,0.6788
ajmilllllll267,bilyy⁰²,0.6501
ajmilllllll267,bimo prasetyo,0.6601
ajmilllllll267,bluestar,0.7404
ajmilllllll267,b★vanss,0.6598
ajmilllllll267,cahyoo☄️,0.6646
ajmilllllll267,chell28,0.6743
ajmilllllll267,cionnnn➰,0.6723
ajmilllllll267,dhellaxriigod,0.6909
ajmilllllll267,dimzz.stecu(setelan.cuwek💢🥶),0.6796
ajmilllllll267,donz2nd,0.653
ajmilllllll267,dwi reny makmoy makm,0.7009
ajmilllllll267,dân stfu⸸,0.7043
ajmilllllll267,dín dlgk?,0.6562
ajmilllllll267,edhy soekamto,0.6578
ajmilllllll267,enan_25,0.6865
ajmilllllll267,er,0.6634
ajmilllllll267,faaa12,0.7169
ajmilllllll267,frzardtyaalvro,0.6813
ajmilllllll267,genjur,0.6778
ajmilllllll267,hi_ndraa,0.6865
ajmilllllll267,hpiss,0.668
ajmilllllll267,hyan,0.6511
ajmilllllll267,ibunya ragaf,0.7298
ajmilllllll267,ig : d4haas.👾,0.6566
ajmilllllll267,ikhsan hair,0.7364
ajmilllllll267,im.p4yeng!!,0.7257
ajmilllllll267,javrr⚡,0.7429
ajmilllllll267,jesiccaaa,0.6634
ajmilllllll267,kelzy24,0.7057
ajmilllllll267,kevin,0.6736
ajmilllllll267,khhafijah firda,0.7078
ajmilllllll267,kian santang,0.7104
ajmilllllll267,kii,0.6596
ajmilllllll267,kruxill🎃,0.7078
ajmilllllll267,lah iya,0.6825
ajmilllllll267,lah?kenapa?,0.7374
ajmilllllll267,lele_byakar@gmail.comm,0.7315
ajmilllllll267,mawar hitam 🌹🗡️,0.7404
ajmilllllll267,mbahnya nafisha dan sava,0.7019
ajmilllllll267,mengomentari postingan anda,0.6669
ajmilllllll267,nar setecu🌀💤🌊,0.6713
ajmilllllll267,ndre4you,0.6689
ajmilllllll267,nino,0.6773
ajmilllllll267,nnaann🔫,0.6576
ajmilllllll267,nobody,0.7021
ajmilllllll267,nur fadil,0.697
ajmilllllll267,nuuuu,0.6905
ajmilllllll267,ol²²oy,0.6851
ajmilllllll267,padil,0.6618
ajmilllllll267,pisangambon,0.6854
ajmilllllll267,piscesmod,0.6573
ajmilllllll267,put,0.7015
ajmilllllll267,rahmanpru,0.7162
ajmilllllll267,rℹ️k🅾️🅾️🅾️,0.7041
ajmilllllll267,safi,0.664
ajmilllllll267,satria 🙌,0.6816
ajmilllllll267,scc winoww,0.6735
ajmilllllll267,secccfldsuuu21,0.7166
ajmilllllll267,set? iy syng,0.707
ajmilllllll267,si kucing,0.7032
ajmilllllll267,sopo》,0.7123
ajmilllllll267,stecu💤,0.6571
ajmilllllll267,syaf__👾👾,0.6602
ajmilllllll267,talasku99,0.6756
ajmilllllll267,teteh_jawa,0.8208
ajmilllllll267,the last good man,0.7124
ajmilllllll267,tinnyee,0.6818
ajmilllllll267,tofik.putra17,0.6689
ajmilllllll267,u,0.6723
ajmilllllll267,upin🐼,0.7295
ajmilllllll267,varkon🚀🚀,0.6642
ajmilllllll267,vittss..,0.6705
ajmilllllll267,vnn$fomo,0.6545
ajmilllllll267,wzrd,0.6624
ajmilllllll267,yanuar,0.6823
ajmilllllll267,yhahaha,0.6558
ajmilllllll267,yogaaa21,0.6836
ajmilllllll267,yyy,0.6521
ajmilllllll267,z4kk🇦🇱🇦🇱,0.6777
ajmilllllll267,zain,0.6885
ajmilllllll267,zaka.ya,0.7048
ajmilllllll267,zannn,0.6722
ajmilllllll267,zppcx,0.7684
ajmilllllll267,zrill💥,0.671
ajmilllllll267,ɴᴀᴛ,0.6901
ajmilllllll267,˚ ༘ 🦕𖦹⋆｡˚,0.6738
ajmilllllll267,☝️👌👌cc,0.6863
ajmilllllll267,️dika_sajah,0.686
ajmilllllll267,𝕳𝕬𝕴𝕶𝕬𝕷 𝖁1,0.6624
ajmilllllll267,𝙡𝙚𝙣𝙜,0.6932
ajmilllllll267,💋,0.6665
ajmilllllll267,🕊,0.71
akaa,arkanan,0.7263
akaa,ayas hafddz,0.6627
akaa,celukbae abid 😃😁@?,0.6811
akaa,cingire dava,0.6585
akaa,cionnnn➰,0.6663
akaa,davaaa,0.6867
akaa,dilahhh,0.6661
akaa,dɹısɐɐɐ,0.6549
akaa,eno mountainer,0.6997
akaa,faaa12,0.6861
akaa,fahmi.zemmy✔️,0.6594
akaa,fann,0.6684
akaa,farrel,0.6679
akaa,febriansyah,0.6519
akaa,ido.,0.7192
akaa,k  for  kami'el,0.666
akaa,kojek,0.743
akaa,laris manis store,0.7167
akaa,mhrullam,0.737
akaa,nabi sulaiman,0.7014
akaa,narti,0.7205
akaa,orensport,0.6847
akaa,p4tooookkkk,0.7307
akaa,pisangambon,0.7281
akaa,rijakipp,0.6583
akaa,rimzsukaessedoublechange🤤,0.6837
akaa,rpk1,0.6795
akaa,s u m m e r .,0.7454
akaa,suyato jowo,0.7025
akaa,tika kartika,0.7913
akaa,tofik.putra17,0.6751
akaa,topexx11,0.6689
akaa,wo,0.6658
akaa,yanuar,0.6802
akaa,y💥💯                😛,0.6643
akaa,z4kk🇦🇱🇦🇱,0.6881
akaa,zrill🇦🇱🇦🇱,0.6521
akaa,المجتهد,0.682
akaa,เςคภ,0.7375
akaa,່ ‍ a,0.6965
akaa,𝘼𝙇𝙃𝘼𝙆𝙄𝙈𝙕,0.662
akaa,𝙖𝙩𝙨𝙨,0.7937
akaa,🤴🏽,0.6556
akaa,🪽,0.6836
aku rangerti,bgsz,0.7436
aku rangerti,k  for  kami'el,0.7357
aku rangerti,kojek,0.6873
aku rangerti,laris manis store,0.656
aku rangerti,nabati,0.6952
aku rangerti,notzstrongboyss,0.7245
aku rangerti,pdpputragemilang!,0.6607
aku rangerti,raa 👧🏻,0.6622
aku rangerti,satria 🙌,0.6675
aku rangerti,z4kk🇦🇱🇦🇱,0.7029
aku rangerti,เςคภ,0.6743
aku rangerti,￴,0.6605
aku siapa????,anggitaaaaaa❤️‍🔥,0.7149
aku siapa????,anisatul,0.7001
aku siapa????,artati,0.6735
aku siapa????,bowoo,0.6681
aku siapa????,b🕸️,0.6996
aku siapa????,danzzz,0.6596
aku siapa????,do,0.7499
aku siapa????,fafang🕷️,0.7394
aku siapa????,fauzannn,0.6652
aku siapa????,hpiss,0.6505
aku siapa????,i j a l,0.6981
aku siapa????,ifaashion.id,0.756
aku siapa????,ig | im_alzz,0.6725
aku siapa????,joviinantaaaa,0.6797
aku siapa????,jun santuy,0.6596
aku siapa????,"kaa,a",0.6541
aku siapa????,kaji,0.6737
aku siapa????,keee keee,0.8516
aku siapa????,kelzy24,0.8368
aku siapa????,kin_💫,0.6503
aku siapa????,l3o m,0.6519
aku siapa????,l4ngz_strong,0.772
aku siapa????,lah iya,0.684
aku siapa????,m. rizqi_,0.7028
aku siapa????,mama alzak,0.7409
aku siapa????,martati,0.651
aku siapa????,masjack3195,0.7632
aku siapa????,mengomentari postingan anda,0.6674
aku siapa????,mykids,0.6655
aku siapa????,mynnn,0.6632
aku siapa????,ndre4you,0.6888
aku siapa????,nggaaa,0.6591
aku siapa????,nuuuuu,0.6616
aku siapa????,panglima boncoz,0.7106
aku siapa????,patirrrv2🖤,0.7464
aku siapa????,patrick bateman,0.7463
aku siapa????,pecey yeye,0.772
aku siapa????,princess 💅,0.6728
aku siapa????,putra barepjr,0.6843
aku siapa????,r4ndsyh,0.666
aku siapa????,reendstore,0.7091
aku siapa????,rzl,0.6902
aku siapa????,samshl_22,0.7514
aku siapa????,sapa bae,0.689
aku siapa????,sara ariska,0.7039
aku siapa????,sayaangaenii❤️‍🔥,0.6775
aku siapa????,scc.,0.7604
aku siapa????,septiana,0.6966
aku siapa????,the last good man,0.772
aku siapa????,userr4532552,0.716
aku siapa????,uuppio,0.9211
aku siapa????,viann,0.6546
aku siapa????,yogszz⚡,0.6686
aku siapa????,yyy,0.696
aku siapa????,zain,0.6571
aku siapa????,zazamm,0.7068
aku siapa????,àlwàysdip,0.6525
aku siapa????,☝️👌👌cc,0.6669
aku siapa????,𝙾𝚛𝚢𝚣𝚊 𝚂𝚊𝚝𝚒𝚟𝚊 🌾,0.7296
aku siapa????,👻hsb👻,0.6556
aku siapa????,👾,0.6616
aku siapa????,🧋,0.6924
akun tidak ditemukan,asher,0.6553
akun tidak ditemukan,ayurahayu,0.6669
akun tidak ditemukan,bilzzzz  youre,0.668
akun tidak ditemukan,fcknzzshit_,0.7554
akun tidak ditemukan,garangan mulet,0.726
akun tidak ditemukan,hpiss,0.6688
akun tidak ditemukan,kuwi4526,0.7148
akun tidak ditemukan,mykids,0.6646
akun tidak ditemukan,nuuuuu,0.6619
akun tidak ditemukan,sn0w,0.6935
akun tidak ditemukan,taxi barang purwokerto,0.6575
akun tidak ditemukan,zain,0.6628
akun tidak ditemukan,àlwàysdip,0.7702
akun tidak ditemukan,👾,0.6619
alakaee,alip ajee🌊,0.6774
alakaee,al🌠,0.7148
alakaee,antika24♊,0.7169
alakaee,anzzbut🐊,0.7537
alakaee,apel❤️,0.7902
alakaee,aris fd,0.662
alakaee,arul empat huruf,0.7296
alakaee,aton bae🚀🚀,0.684
alakaee,aziz,0.7312
alakaee,b,0.6652
alakaee,b saja 👀,0.7302
alakaee,bagasmorgan,0.6995
alakaee,balzz,0.655
alakaee,betmenn🦸,0.7185
alakaee,bidzz😶‍🌫️😶‍🌫️,0.674
alakaee,bimbim,0.656
alakaee,bogel osle,0.7194
alakaee,b★vanss,0.6863
alakaee,cantika deni,0.7237
alakaee,celukbae abid 😃😁@?,0.6971
alakaee,chell28,0.6608
alakaee,chelll,0.6619
alakaee,cingire dava,0.7354
alakaee,d4nnnnn23_4,0.7255
alakaee,danii,0.6763
alakaee,danu.,0.7111
alakaee,dhellaxriigod,0.6816
alakaee,dilahhh,0.6686
alakaee,donz2nd,0.7084
alakaee,dubidubidam5,0.6948
alakaee,dwk,0.6948
alakaee,dân stfu⸸,0.713
alakaee,dín dlgk?,0.7134
alakaee,dɹısɐɐɐ,0.6982
alakaee,edhy soekamto,0.6514
alakaee,ens,0.653
alakaee,er,0.6636
alakaee,espede racing,0.6781
alakaee,ewong...,0.6626
alakaee,faiqqqqqqq,0.7666
alakaee,farrel,0.6688
alakaee,febriansyah,0.6791
alakaee,fens nasa 🇺🇸🚀,0.7495
alakaee,ffi🕷️,0.7713
alakaee,fikaa,0.6916
alakaee,fi🅰️n6️⃣,0.665
alakaee,fwarelll123,0.6877
alakaee,genjur,0.7543
alakaee,genzzz,0.7285
alakaee,hermanto,0.7044
alakaee,hibban∆,0.7299
alakaee,hii i'm bayy.,0.7234
alakaee,hαpiz_boyss⚡,0.6734
alakaee,ibunya ragaf,0.6763
alakaee,ig : d4haas.👾,0.7874
alakaee,ig:4ufa_l,0.727
alakaee,ikhsan hair,0.6633
alakaee,im.p4yeng!!,0.6538
alakaee,inieidan,0.7654
alakaee,ivx.ixxi_vii~,0.7129
alakaee,jagoan orangtua,0.6697
alakaee,javrr⚡,0.7587
alakaee,jepri night🦸,0.6613
alakaee,just friend🙂,0.6847
alakaee,kang bahar,0.6556
alakaee,kib3nk_ta,0.7546
alakaee,"kicau mania""😷✌",0.6503
alakaee,kin_💫,0.6651
alakaee,lah?kenapa?,0.7188
alakaee,lele_byakar@gmail.comm,0.6583
alakaee,mhrullam,0.6574
alakaee,mmmmm,0.7331
alakaee,mommy bibiel,0.824
alakaee,muhammadchilung,0.7218
alakaee,mvinta,0.7047
alakaee,naa_,0.7128
alakaee,nadhiff👾,0.6535
alakaee,narzz🌊🌊,0.713
alakaee,neyymar kee jakarta,0.6907
alakaee,nnaann🔫,0.7038
alakaee,oz_,0.6788
alakaee,pisangambon,0.6795
alakaee,praditailhm_,0.6701
alakaee,put,0.7319
alakaee,qila012,0.7471
alakaee,r,0.7067
alakaee,rafyy😹,0.6648
alakaee,rempeyek_500🌊,0.6512
alakaee,rfky,0.6719
alakaee,rℹ️k🅾️🅾️🅾️,0.6878
alakaee,sabitulyz,0.6836
alakaee,safi,0.665
alakaee,satria 🙌,0.7275
alakaee,sendiiisen©📍,0.7652
alakaee,set? iy syng,0.6591
alakaee,si kucing,0.655
alakaee,stecu💤,0.6896
alakaee,syaf__👾👾,0.7442
alakaee,talasku99,0.7643
alakaee,tam,0.7128
alakaee,tangrajinngaji,0.6837
alakaee,taxi barang purwokerto,0.6527
alakaee,teteh_jawa,0.6518
alakaee,tofik.putra17,0.7038
alakaee,user13463#457344,0.6684
alakaee,user7098643456,0.7454
alakaee,va 17hd,0.6953
alakaee,van pablo,0.6536
alakaee,varkon🚀🚀,0.6643
alakaee,viann,0.678
alakaee,vittss..,0.7422
alakaee,wiindoc,0.7634
alakaee,wongwonganmumet,0.6839
alakaee,ws🪩,0.7781
alakaee,wtf.prilz,0.6554
alakaee,wzrd,0.7194
alakaee,yanuar,0.6513
alakaee,yesakiw,0.7032
alakaee,yyy,0.6728
alakaee,z4kk🇦🇱🇦🇱,0.708
alakaee,zarr★,0.6531
alakaee,zeniperr,0.7374
alakaee,ɴᴀᴛ,0.6706
alakaee,˚ ༘ 🦕𖦹⋆｡˚,0.7084
alakaee,فەیزال,0.6989
alakaee,™.yunz ★ 447.¥,0.7241
alakaee,⋇⋆✦chelsea ♛┈⛧♡,0.786
alakaee,★,0.7174
alakaee,✧saged🌊,0.6946
alakaee,윙고🇲🇨🇰🇷,0.8173
alakaee,️dika_sajah,0.7321
alakaee,￴,0.7275
alakaee,￴ ￴ ￴  ￴ ￴ ￴ ￴ ￴,0.6775
alakaee,￴￴,0.6905
alakaee,𝐫𝐢𝐝𝐨𝐨🕊️,0.6639
alakaee,𝕶𝖞𝖓𝖟𝖟,0.662
alakaee,𝙋𝙍𝙄𝙉𝘾𝙀 15,0.7718
alakaee,𝙡𝙚𝙣𝙜,0.818
alakaee,𝙧𝙖𝙙𝙚𝙣𝙣𝙠𝙪𝙘𝙞𝙩𝙩🌊,0.7018
alakaee,🐣,0.7947
alakaee,💋,0.7576
alakaee,🕊,0.7998
alambuh,ambaedits,0.6635
alambuh,andre $,0.6554
alambuh,aryarizz,0.6721
alambuh,ataabhrandie_,0.6564
alambuh,bambang spektakuler!,0.7712
alambuh,cyy,0.6725
alambuh,dewoel,0.7229
alambuh,dzky.,0.6695
alambuh,fz,0.7216
alambuh,masarrrr,0.7239
alambuh,p!n,0.6808
alambuh,r 4 5 ya,0.6757
alambuh,wiwut,0.691
alambuh,zexx'777,0.6521
alambuh,🎀sheila||suka ngonten🎀,0.673
alambuh,🐚🫧🪩,0.6567
alambuh,😂,0.6541
aldo,bobin,0.6737
aldo,dvaaa,0.6514
aldo,gatau,0.7745
aldo,vannn opet,0.8297
aldo,wdyt_,0.667
aldo,weird zeze🇩🇪,0.702
aldo,x4ngee🕊️,0.6812
aldo,ꦲꦼꦤ꧀ꦝꦺꦴꦱ꧀,0.7055
aldo.,alfisaktiawan,0.6655
aldo.,alfri_❄❄❄,0.7165
aldo.,amriajahh,0.7675
aldo.,andi★_★№,0.7356
aldo.,anisatul,0.7155
aldo.,aqila misha,0.7327
aldo.,arkanan,0.6512
aldo.,arkhnraalfano,0.6507
aldo.,athar aurellio,0.6862
aldo.,ayurahayu,0.7055
aldo.,bilyy⁰²,0.6994
aldo.,bluestar,0.7675
aldo.,bowoo,0.6945
aldo.,b🕸️,0.7348
aldo.,caaa,0.6727
aldo.,cahyoo☄️,0.6733
aldo.,chell28,0.6593
aldo.,cionnnn➰,0.6744
aldo.,danzzz,0.7179
aldo.,dly,0.8332
aldo.,dwi reny makmoy makm,0.7287
aldo.,dân stfu⸸,0.6711
aldo.,edhy soekamto,0.6823
aldo.,fafang🕷️,0.6712
aldo.,faiz,0.6686
aldo.,fkhri,0.7093
aldo.,frzardtyaalvro,0.6803
aldo.,f⚡,0.6899
aldo.,garangan mulet,0.6715
aldo.,hilman,0.8148
aldo.,hpiss,0.7337
aldo.,i,0.6544
aldo.,ibunya ragaf,0.7389
aldo.,ig :_17rrif★,0.706
aldo.,ikhsan hair,0.6865
aldo.,im.p4yeng!!,0.664
aldo.,javrr⚡,0.6997
aldo.,jun santuy,0.8151
aldo.,juvvv,0.6591
aldo.,kaji,0.6725
aldo.,kang bahar,0.6597
aldo.,keee keee,0.6801
aldo.,kelzy24,0.7349
aldo.,kruxill🎃,0.712
aldo.,kuwi4526,0.6758
aldo.,l3o m,0.7609
aldo.,lah iya,0.7591
aldo.,lele_byakar@gmail.comm,0.6974
aldo.,m. rizqi_,0.6673
aldo.,masrianto manalu,0.6828
aldo.,mawar hitam 🌹🗡️,0.7675
aldo.,mbahnya nafisha dan sava,0.7729
aldo.,mbuhsapa🤥,0.706
aldo.,mengomentari postingan anda,0.7968
aldo.,muhamad rian,0.6699
aldo.,mynnn,0.6799
aldo.,naufabyktsr,0.664
aldo.,ndre4you,0.7142
aldo.,nick!!!,0.7718
aldo.,nino,0.6729
aldo.,nobody,0.7304
aldo.,nur fadil,0.7804
aldo.,nuuuuu,0.7508
aldo.,ol²²oy,0.689
aldo.,pak haji sara,0.7237
aldo.,pip2nd🧿,0.6858
aldo.,princess 💅,0.676
aldo.,put,0.6518
aldo.,rahmanpru,0.6745
aldo.,regialparij,0.6776
aldo.,rizzstecu✌️,0.6641
aldo.,rzl,0.6695
aldo.,rℹ️k🅾️🅾️🅾️,0.7148
aldo.,sara ariska,0.6963
aldo.,satria 🙌,0.7098
aldo.,sayaangaenii❤️‍🔥,0.6526
aldo.,scc winoww,0.6531
aldo.,scc.,0.6717
aldo.,secccfldsuuu21,0.6845
aldo.,septiana,0.6761
aldo.,si kucing,0.6855
aldo.,sopo》,0.9551
aldo.,syaf__👾👾,0.6733
aldo.,teteh_jawa,0.6777
aldo.,the last good man,0.759
aldo.,tinnyee,0.7274
aldo.,tofik.putra17,0.657
aldo.,upin🐼,0.6552
aldo.,username12375,0.6609
aldo.,uuppio,0.7061
aldo.,vnn$fomo,0.6506
aldo.,wzrd,0.6509
aldo.,xlx🇮🇲,0.6514
aldo.,yogaaa21,0.7135
aldo.,zaall,0.6634
aldo.,zain,0.7023
aldo.,zaka.ya,0.6761
aldo.,zannn,0.739
aldo.,zazamm,0.6627
aldo.,zppcx,0.7084
aldo.,zrill💥,0.9115
aldo.,~~boyszzarddd~~ardboysss🇦🇱🪩,0.664
aldo.,ᴘɪᴋᴀғʀɪᴇᴅᴄʜɪᴄᴋᴇɴ,0.6542
aldo.,▪️,0.6763
aldo.,☝️👌👌cc,0.7291
aldo.,♥,0.7257
aldo.,𝕳𝕬𝕴𝕶𝕬𝕷 𝖁1,0.6804
aldo.,𝘿𝙚𝙣,0.6502
aldo.,𝙾𝚛𝚢𝚣𝚊 𝚂𝚊𝚝𝚒𝚟𝚊 🌾,0.7422
aldo.,🏴󠁧󠁢󠁥󠁮󠁧󠁿🏴󠁧󠁢󠁥󠁮󠁧󠁿,0.6956
aldo.,🐦,0.6606
aldo.,👻hsb👻,0.7697
aldo.,👾,0.7508
aldo.,💋,0.6503
aldo.,🕊,0.6714
aldo.,🧋,0.6994
alee25 store,andre $,0.7932
alee25 store,arisdel8,0.8055
alee25 store,arya,0.8055
alee25 store,arya🎲,0.6598
alee25 store,asya&fajar,0.7107
alee25 store,ateng54,0.7107
alee25 store,ath,0.8055
alee25 store,bleng ko,0.7331
alee25 store,bsep,0.7107
alee25 store,buluk gonzales 13,0.854
alee25 store,daniiii,0.7107
alee25 store,derasah,1.0
alee25 store,desttt_,0.6863
alee25 store,dewoel,0.6854
alee25 store,dheebu,0.8055
alee25 store,dheevaaaaaaaaaaaaaaaaaaaaa,0.8024
alee25 store,diah sri972,0.8055
alee25 store,duwiii,0.7107
alee25 store,dwisetyarinii,1.0
alee25 store,enaksekali,0.7107
alee25 store,enjoyss,0.7804
alee25 store,excel😶‍🌫️            akun №1,0.7619
alee25 store,fernanda,0.7107
alee25 store,firmannnnnnnn,0.7107
alee25 store,fittdos,1.0
alee25 store,gl badax,0.8055
alee25 store,haniiif,0.8055
alee25 store,iin,0.8055
alee25 store,ini punya aku 🤪,0.7278
alee25 store,juprianto anto,1.0
alee25 store,kd urng ya,0.8055
alee25 store,kembali datang,0.7804
alee25 store,kenzo.s.m.z,0.7107
alee25 store,lakmen,0.6829
alee25 store,luthfyyy,1.0
alee25 store,mas_drun,1.0
alee25 store,n4uf@l 4j4,0.6723
alee25 store,nanangmungils1,0.8055
alee25 store,nipzzz,0.7101
alee25 store,panzskbd,0.8055
alee25 store,pikaars?,0.681
alee25 store,pitawidiono,0.7697
alee25 store,r 4 5 ya,0.7866
alee25 store,r.a sbg team,0.7145
alee25 store,rezx2nd,0.7107
alee25 store,riff,0.7107
alee25 store,sannzxkce,0.6506
alee25 store,scorpio🦂,0.7107
alee25 store,seli🌸,0.8043
alee25 store,sinfloww,1.0
alee25 store,sopo iki?,0.6912
alee25 store,tri yulianti,0.8055
alee25 store,veri ramandani18,1.0
alee25 store,wien,0.8043
alee25 store,wisnu krishna,0.7068
alee25 store,ye,0.6586
alee25 store,yuliazaa,0.7331
alee25 store,น้ำอุ่น กัญญาภัทร เต๊กอ๋อต้ง,0.7331
alee25 store,⚽,0.8043
alee25 store,⠀ ⠀ ⠀ ⠀ ⠀᠌,0.8055
alee25 store,レザ,0.7607
alee25 store,𝕱_v2,0.6945
alee25 store,🌵dnd's_mom🌵,0.7323
alexxxx,alfisaktiawan,0.7328
alexxxx,alfri_❄❄❄,0.7254
alexxxx,amriajahh,0.6958
alexxxx,anggitaaaaaa❤️‍🔥,0.6815
alexxxx,anisatul,0.7114
alexxxx,aqila misha,0.7948
alexxxx,arkhnraalfano,0.7202
alexxxx,balex ☘️,0.7049
alexxxx,balzz,0.6658
alexxxx,bilzzzz  youre,0.6722
alexxxx,bluestar,0.6958
alexxxx,b★vanss,0.676
alexxxx,b🕸️,0.6925
alexxxx,caaa,0.7358
alexxxx,chell28,0.6555
alexxxx,danzzz,0.6913
alexxxx,dilzz v2,0.7371
alexxxx,donz2nd,0.6965
alexxxx,dwk,0.6766
alexxxx,dân stfu⸸,0.6681
alexxxx,edhy soekamto,0.6525
alexxxx,espede racing,0.6589
alexxxx,fafang🕷️,0.6628
alexxxx,faiz,0.6552
alexxxx,frzardtyaalvro,0.6804
alexxxx,garangan mulet,0.6788
alexxxx,grandberkahdoaibu,0.6745
alexxxx,hpiss,0.6786
alexxxx,ibunya ragaf,0.749
alexxxx,ig : d4haas.👾,0.6597
alexxxx,ig: ?,0.7278
alexxxx,inyong,0.7278
alexxxx,jesiccaaa,0.7487
alexxxx,joviinantaaaa,0.6747
alexxxx,jun santuy,0.6769
alexxxx,"kaa,a",0.7522
alexxxx,kaji,0.6812
alexxxx,keee keee,0.6751
alexxxx,kiking,0.7672
alexxxx,kruxill🎃,0.6616
alexxxx,l3o m,0.6929
alexxxx,lah iya,0.7526
alexxxx,lele_byakar@gmail.comm,0.7079
alexxxx,m. rizqi_,0.6516
alexxxx,martati,0.6875
alexxxx,mawar hitam 🌹🗡️,0.6958
alexxxx,mka. kka,0.6595
alexxxx,nar setecu🌀💤🌊,0.6539
alexxxx,nobody,0.7311
alexxxx,nuuuuu,0.6583
alexxxx,ol²²oy,0.6787
alexxxx,oz_,0.6732
alexxxx,p4tooookkkk,0.7122
alexxxx,pak haji,0.7348
alexxxx,pak haji sara,0.669
alexxxx,pip2nd🧿,0.6694
alexxxx,princess 💅,0.6957
alexxxx,qila012,0.6788
alexxxx,r4ndsyh,0.6682
alexxxx,raf,0.6619
alexxxx,rahmat kartolo,0.6875
alexxxx,rizzstecu✌️,0.7407
alexxxx,rzl,0.7101
alexxxx,rℹ️k🅾️🅾️🅾️,0.6555
alexxxx,sapa bae,0.6898
alexxxx,sara ariska,0.6518
alexxxx,satria 🙌,0.7025
alexxxx,sayaangaenii❤️‍🔥,0.6767
alexxxx,scc winoww,0.6939
alexxxx,scc.,0.7331
alexxxx,secccfldsuuu21,0.6922
alexxxx,septiana,0.6835
alexxxx,stecu💤,0.6852
alexxxx,tinnyee,0.7352
alexxxx,tofik.putra17,0.6997
alexxxx,username12375,0.6772
alexxxx,viann,0.6618
alexxxx,yaraaayaaaa,0.6943
alexxxx,yogaaa21,0.7073
alexxxx,zain,0.6702
alexxxx,zaka.ya,0.7731
alexxxx,zazamm,0.7209
alexxxx,zrill🇦🇱🇦🇱,0.6553
alexxxx,˚ ༘ 🦕𖦹⋆｡˚,0.6712
alexxxx,☝️👌👌cc,0.6561
alexxxx,♥,0.6979
alexxxx,𝑱𝒖𝒍𝒊𝒂𝒏𝒏𝒏,0.6831
alexxxx,𝓝𝓪𝔂𝓵𝓪_𝓓.𝓐,0.7577
alexxxx,𝕳𝕬𝕴𝕶𝕬𝕷 𝖁1,0.7069
alexxxx,𝘿𝙚𝙣,0.7224
alexxxx,𝙾𝚛𝚢𝚣𝚊 𝚂𝚊𝚝𝚒𝚟𝚊 🌾,0.6859
alexxxx,🏴󠁧󠁢󠁥󠁮󠁧󠁿🏴󠁧󠁢󠁥󠁮󠁧󠁿,0.6545
alexxxx,🐦,0.7092
alexxxx,👻hsb👻,0.6995
alexxxx,👾,0.6583
alexxxx,🕊,0.6902
alexxxx,🧋,0.6621
alfisaktiawan,alfri_❄❄❄,0.9128
alfisaktiawan,alip ajee🌊,0.6717
alfisaktiawan,amriajahh,0.7311
alfisaktiawan,anggitaaaaaa❤️‍🔥,0.7023
alfisaktiawan,anisatul,0.8098
alfisaktiawan,anna,0.7358
alfisaktiawan,aqila misha,0.7708
alfisaktiawan,arkhnraalfano,0.7642
alfisaktiawan,artati,0.7049
alfisaktiawan,atbqu25,0.6549
alfisaktiawan,athar aurellio,0.7453
alfisaktiawan,ayurahayu,0.7108
alfisaktiawan,aziz,0.6654
alfisaktiawan,b saja 👀,0.7047
alfisaktiawan,balex ☘️,0.6797
alfisaktiawan,balzz,0.7248
alfisaktiawan,betmenn🦸,0.6736
alfisaktiawan,bilyy⁰²,0.6978
alfisaktiawan,bluestar,0.7311
alfisaktiawan,bogel osle,0.7007
alfisaktiawan,bowoo,0.707
alfisaktiawan,b★vanss,0.6801
alfisaktiawan,b🕸️,0.7202
alfisaktiawan,caaa,0.7491
alfisaktiawan,cantika deni,0.7005
alfisaktiawan,chell28,0.7575
alfisaktiawan,chelll,0.6946
alfisaktiawan,cingire dava,0.6622
alfisaktiawan,danii,0.704
alfisaktiawan,danzzz,0.6822
alfisaktiawan,dhellaxriigod,0.6889
alfisaktiawan,dilahhh,0.6939
alfisaktiawan,dilzz v2,0.7722
alfisaktiawan,dly,0.6733
alfisaktiawan,donz2nd,0.8148
alfisaktiawan,dubidubidam5,0.6996
alfisaktiawan,dwi reny makmoy makm,0.6803
alfisaktiawan,dwk,0.6899
alfisaktiawan,dân stfu⸸,0.6868
alfisaktiawan,edhy soekamto,0.7714
alfisaktiawan,el smile,0.712
alfisaktiawan,ens,0.6532
alfisaktiawan,espede racing,0.8244
alfisaktiawan,f,0.7216
alfisaktiawan,fafang🕷️,0.6788
alfisaktiawan,faiz,0.6959
alfisaktiawan,fakri,0.6757
alfisaktiawan,fcknzzshit_,0.6538
alfisaktiawan,fikaa,0.6675
alfisaktiawan,frzardtyaalvro,0.7389
alfisaktiawan,garangan mulet,0.6744
alfisaktiawan,genzzz,0.6623
alfisaktiawan,grandberkahdoaibu,0.6679
alfisaktiawan,hermanto,0.7466
alfisaktiawan,hibban∆,0.6778
alfisaktiawan,hii i'm bayy.,0.6536
alfisaktiawan,hpiss,0.6699
alfisaktiawan,hαηs кαккσɪɪ.dnd.,0.6905
alfisaktiawan,ibunya ragaf,0.777
alfisaktiawan,ifaashion.id,0.6901
alfisaktiawan,ig : d4haas.👾,0.6615
alfisaktiawan,ig: ?,0.7476
alfisaktiawan,inyong,0.7476
alfisaktiawan,jagoan orangtua,0.6932
alfisaktiawan,javrr⚡,0.7233
alfisaktiawan,jdr,0.7141
alfisaktiawan,jepri night🦸,0.703
alfisaktiawan,jesiccaaa,0.7185
alfisaktiawan,jun santuy,0.6527
alfisaktiawan,juvvv,0.6601
alfisaktiawan,"kaa,a",0.7251
alfisaktiawan,kaji,0.6981
alfisaktiawan,kang bahar,0.7365
alfisaktiawan,keee keee,0.6836
alfisaktiawan,kian santang,0.692
alfisaktiawan,kiking,0.6876
alfisaktiawan,kin_💫,0.6859
alfisaktiawan,kruxill🎃,0.7039
alfisaktiawan,kuwi4526,0.6709
alfisaktiawan,l4nkk,0.6779
alfisaktiawan,lah iya,0.8019
alfisaktiawan,lele_byakar@gmail.comm,0.7227
alfisaktiawan,lihgal18,0.6704
alfisaktiawan,m. rizqi_,0.6555
alfisaktiawan,mawar hitam 🌹🗡️,0.7311
alfisaktiawan,mawarr,0.6864
alfisaktiawan,mengomentari postingan anda,0.6518
alfisaktiawan,mhrullam,0.6744
alfisaktiawan,mka. kka,0.7721
alfisaktiawan,muhamad rian,0.7178
alfisaktiawan,muhammadchilung,0.6851
alfisaktiawan,mykids,0.6724
alfisaktiawan,nadhiff👾,0.6874
alfisaktiawan,nitalifa,0.6581
alfisaktiawan,nobody,0.7123
alfisaktiawan,nur fadil,0.6662
alfisaktiawan,nuuuuu,0.6963
alfisaktiawan,ol²²oy,0.6651
alfisaktiawan,oz_,0.7305
alfisaktiawan,p4tooookkkk,0.748
alfisaktiawan,padil,0.6748
alfisaktiawan,pak haji,0.75
alfisaktiawan,pak haji sara,0.7578
alfisaktiawan,pangeran k,0.6752
alfisaktiawan,pip2nd🧿,0.7637
alfisaktiawan,piscesmod,0.6949
alfisaktiawan,praditailhm_,0.76
alfisaktiawan,princess 💅,0.7699
alfisaktiawan,qila012,0.7509
alfisaktiawan,r4ndsyh,0.6515
alfisaktiawan,rahmat kartolo,0.7324
alfisaktiawan,rempeyek_500🌊,0.7023
alfisaktiawan,rfky,0.7364
alfisaktiawan,rizzstecu✌️,0.7876
alfisaktiawan,rzl,0.7854
alfisaktiawan,rℹ️k🅾️🅾️🅾️,0.6884
alfisaktiawan,sabiantiwulariata,0.6998
alfisaktiawan,samshl_22,0.6964
alfisaktiawan,sapa bae,0.668
alfisaktiawan,sara ariska,0.7188
alfisaktiawan,satria 🙌,0.7939
alfisaktiawan,sayaangaenii❤️‍🔥,0.7139
alfisaktiawan,scc winoww,0.7112
alfisaktiawan,scc.,0.7848
alfisaktiawan,secccfldsuuu21,0.7804
alfisaktiawan,septiana,0.656
alfisaktiawan,si kucing,0.7139
alfisaktiawan,sopo》,0.6562
alfisaktiawan,stecu💤,0.6523
alfisaktiawan,superman,0.7044
alfisaktiawan,tam,0.6835
alfisaktiawan,tangrajinngaji,0.6636
alfisaktiawan,taxi barang purwokerto,0.6675
alfisaktiawan,tinnyee,0.7634
alfisaktiawan,tofik.putra17,0.7332
alfisaktiawan,user1233833380586,0.6734
alfisaktiawan,user13463#457344,0.6771
alfisaktiawan,user7098643456,0.6579
alfisaktiawan,username12375,0.6829
alfisaktiawan,uuppio,0.6839
alfisaktiawan,va 17hd,0.6965
alfisaktiawan,viann,0.7893
alfisaktiawan,ws🪩,0.6511
alfisaktiawan,wzrd,0.7042
alfisaktiawan,xlx🇮🇲,0.6516
alfisaktiawan,yaraaayaaaa,0.7389
alfisaktiawan,yogaaa21,0.7435
alfisaktiawan,yyy,0.6961
alfisaktiawan,y💥💯                😛,0.6885
alfisaktiawan,zain,0.6893
alfisaktiawan,zaka.ya,0.7847
alfisaktiawan,zannn,0.6629
alfisaktiawan,zazamm,0.7637
alfisaktiawan,zrill🇦🇱🇦🇱,0.6606
alfisaktiawan,zrill💥,0.6537
alfisaktiawan,àlwàysdip,0.6769
alfisaktiawan,˚ ༘ 🦕𖦹⋆｡˚,0.732
alfisaktiawan,★,0.6698
alfisaktiawan,☝️👌👌cc,0.6986
alfisaktiawan,♥,0.7533
alfisaktiawan,❤️🐦‍⬛bralingxbonek🐊💚,0.6503
alfisaktiawan,𝑱𝒖𝒍𝒊𝒂𝒏𝒏𝒏,0.6735
alfisaktiawan,𝓝𝓪𝔂𝓵𝓪_𝓓.𝓐,0.8276
alfisaktiawan,𝕳𝕬𝕴𝕶𝕬𝕷 𝖁1,0.7872
alfisaktiawan,𝘼𝙇𝙃𝘼𝙆𝙄𝙈𝙕,0.6594
alfisaktiawan,𝘿𝙚𝙣,0.7343
alfisaktiawan,𝙡𝙚𝙣𝙜,0.6785
alfisaktiawan,𝙾𝚛𝚢𝚣𝚊 𝚂𝚊𝚝𝚒𝚟𝚊 🌾,0.6618
alfisaktiawan,🏴󠁧󠁢󠁥󠁮󠁧󠁿🏴󠁧󠁢󠁥󠁮󠁧󠁿,0.6876
alfisaktiawan,🐦,0.7348
alfisaktiawan,👾,0.6963
alfisaktiawan,💋,0.6899
alfisaktiawan,🕊,0.7538
alfisaktiawan,🧋,0.7091
alfri_❄❄❄,alip ajee🌊,0.7236
alfri_❄❄❄,al🌠,0.6695
alfri_❄❄❄,amriajahh,0.8417
alfri_❄❄❄,anak ayam.,0.6524
alfri_❄❄❄,anggitaaaaaa❤️‍🔥,0.6958
alfri_❄❄❄,anisatul,0.7553
alfri_❄❄❄,anna,0.6705
alfri_❄❄❄,apel❤️,0.6529
alfri_❄❄❄,aqila misha,0.8405
alfri_❄❄❄,ar,0.651
alfri_❄❄❄,arkanan,0.681
alfri_❄❄❄,arkhnraalfano,0.8106
alfri_❄❄❄,athar aurellio,0.8427
alfri_❄❄❄,ayas hafddz,0.6675
alfri_❄❄❄,ayurahayu,0.667
alfri_❄❄❄,aziz,0.7093
alfri_❄❄❄,b,0.7377
alfri_❄❄❄,b saja 👀,0.6733
alfri_❄❄❄,balex ☘️,0.6521
alfri_❄❄❄,balzz,0.763
alfri_❄❄❄,bang duttz,0.6603
alfri_❄❄❄,betmenn🦸,0.6862
alfri_❄❄❄,bluestar,0.8417
alfri_❄❄❄,bowo prast,0.7006
alfri_❄❄❄,bowoo,0.6796
alfri_❄❄❄,b★vanss,0.7633
alfri_❄❄❄,b🕸️,0.778
alfri_❄❄❄,caaa,0.7926
alfri_❄❄❄,cahyoo☄️,0.6947
alfri_❄❄❄,cantika deni,0.6523
alfri_❄❄❄,chell28,0.7469
alfri_❄❄❄,chelll,0.7311
alfri_❄❄❄,cingire dava,0.6973
alfri_❄❄❄,cionnnn➰,0.6959
alfri_❄❄❄,danii,0.6771
alfri_❄❄❄,danu.,0.6657
alfri_❄❄❄,dhellaxriigod,0.6586
alfri_❄❄❄,dilahhh,0.6648
alfri_❄❄❄,dilzz v2,0.7845
alfri_❄❄❄,dimzz.stecu(setelan.cuwek💢🥶),0.7207
alfri_❄❄❄,dly,0.6554
alfri_❄❄❄,donz2nd,0.8033
alfri_❄❄❄,dubidubidam5,0.666
alfri_❄❄❄,dwi reny makmoy makm,0.7512
alfri_❄❄❄,dwk,0.7263
alfri_❄❄❄,dân stfu⸸,0.7394
alfri_❄❄❄,dín dlgk?,0.6759
alfri_❄❄❄,dɹısɐɐɐ,0.6864
alfri_❄❄❄,edhy soekamto,0.7159
alfri_❄❄❄,el smile,0.7032
alfri_❄❄❄,elyraa,0.6779
alfri_❄❄❄,ens,0.6678
alfri_❄❄❄,espede racing,0.761
alfri_❄❄❄,f,0.6737
alfri_❄❄❄,fafang🕷️,0.6664
alfri_❄❄❄,fakri,0.6697
alfri_❄❄❄,farrel,0.6653
alfri_❄❄❄,fcknzzshit_,0.6867
alfri_❄❄❄,fikaa,0.676
alfri_❄❄❄,finzz★,0.7274
alfri_❄❄❄,frzardtyaalvro,0.7943
alfri_❄❄❄,f⚡,0.6963
alfri_❄❄❄,g,0.6572
alfri_❄❄❄,garangan mulet,0.7032
alfri_❄❄❄,genzzz,0.7281
alfri_❄❄❄,grandberkahdoaibu,0.7361
alfri_❄❄❄,gudeg bu rudy klampok ✨✨,0.6704
alfri_❄❄❄,hermanto,0.6692
alfri_❄❄❄,hpiss,0.7529
alfri_❄❄❄,hyan,0.6708
alfri_❄❄❄,hαpiz_boyss⚡,0.6839
alfri_❄❄❄,i,0.6794
alfri_❄❄❄,ibunya ragaf,0.8082
alfri_❄❄❄,ig : d4haas.👾,0.674
alfri_❄❄❄,ig: ?,0.739
alfri_❄❄❄,ig:4ufa_l,0.6502
alfri_❄❄❄,ikhsan hair,0.6984
alfri_❄❄❄,im.p4yeng!!,0.7106
alfri_❄❄❄,inyong,0.739
alfri_❄❄❄,jagoan orangtua,0.7704
alfri_❄❄❄,javrr⚡,0.7907
alfri_❄❄❄,jdr,0.7158
alfri_❄❄❄,jepri night🦸,0.656
alfri_❄❄❄,jesiccaaa,0.7671
alfri_❄❄❄,joviinantaaaa,0.6555
alfri_❄❄❄,"kaa,a",0.7374
alfri_❄❄❄,kaji,0.7553
alfri_❄❄❄,kang bahar,0.6859
alfri_❄❄❄,keee keee,0.662
alfri_❄❄❄,kelzy24,0.6913
alfri_❄❄❄,kiking,0.6735
alfri_❄❄❄,kin_💫,0.6771
alfri_❄❄❄,kruxill🎃,0.8021
alfri_❄❄❄,kuwi4526,0.7194
alfri_❄❄❄,l3o m,0.6534
alfri_❄❄❄,lah iya,0.8734
alfri_❄❄❄,lah?kenapa?,0.71
alfri_❄❄❄,lele_byakar@gmail.comm,0.7957
alfri_❄❄❄,lihgal18,0.7506
alfri_❄❄❄,m. rizqi_,0.6511
alfri_❄❄❄,masrianto manalu,0.6573
alfri_❄❄❄,mawar hitam 🌹🗡️,0.8417
alfri_❄❄❄,mawarr,0.6803
alfri_❄❄❄,mbahnya nafisha dan sava,0.6501
alfri_❄❄❄,mengomentari postingan anda,0.6901
alfri_❄❄❄,mhrullam,0.7217
alfri_❄❄❄,mka. kka,0.7675
alfri_❄❄❄,muhamad rian,0.6792
alfri_❄❄❄,muhammadchilung,0.7522
alfri_❄❄❄,mykids,0.6903
alfri_❄❄❄,nadhiff👾,0.768
alfri_❄❄❄,ndre4you,0.7118
alfri_❄❄❄,nnaann🔫,0.6861
alfri_❄❄❄,nobody,0.7982
alfri_❄❄❄,nuuuuu,0.7156
alfri_❄❄❄,ol²²oy,0.7533
alfri_❄❄❄,oz_,0.6547
alfri_❄❄❄,p4tooookkkk,0.7331
alfri_❄❄❄,pak haji,0.7569
alfri_❄❄❄,pak haji sara,0.6691
alfri_❄❄❄,pangeran k,0.6716
alfri_❄❄❄,patirrrv2🖤,0.6527
alfri_❄❄❄,pip2nd🧿,0.6884
alfri_❄❄❄,pisangambon,0.654
alfri_❄❄❄,piscesmod,0.6796
alfri_❄❄❄,praditailhm_,0.7278
alfri_❄❄❄,princess 💅,0.7197
alfri_❄❄❄,put,0.6992
alfri_❄❄❄,qila012,0.7316
alfri_❄❄❄,r4ndsyh,0.665
alfri_❄❄❄,raa 👧🏻,0.6546
alfri_❄❄❄,rahmanpru,0.6876
alfri_❄❄❄,rahmat kartolo,0.7363
alfri_❄❄❄,rempeyek_500🌊,0.6697
alfri_❄❄❄,rfky,0.6834
alfri_❄❄❄,rizzstecu✌️,0.7953
alfri_❄❄❄,rzl,0.7112
alfri_❄❄❄,rℹ️k🅾️🅾️🅾️,0.8025
alfri_❄❄❄,sapa bae,0.6587
alfri_❄❄❄,sara ariska,0.6848
alfri_❄❄❄,satria 🙌,0.8676
alfri_❄❄❄,scc winoww,0.7647
alfri_❄❄❄,scc.,0.8041
alfri_❄❄❄,secccfldsuuu21,0.7808
alfri_❄❄❄,sendiiisen©📍,0.707
alfri_❄❄❄,septiana,0.6898
alfri_❄❄❄,si kucing,0.6607
alfri_❄❄❄,sopo》,0.7304
alfri_❄❄❄,stecu💤,0.7071
alfri_❄❄❄,syaf__👾👾,0.6809
alfri_❄❄❄,tam,0.7316
alfri_❄❄❄,tangrajinngaji,0.694
alfri_❄❄❄,taxi barang purwokerto,0.6542
alfri_❄❄❄,teteh_jawa,0.6625
alfri_❄❄❄,the last good man,0.7042
alfri_❄❄❄,theeryoou,0.704
alfri_❄❄❄,tinnyee,0.791
alfri_❄❄❄,tofik.putra17,0.7833
alfri_❄❄❄,user13463#457344,0.6883
alfri_❄❄❄,user7098643456,0.6915
alfri_❄❄❄,username12375,0.725
alfri_❄❄❄,uuppio,0.6634
alfri_❄❄❄,va 17hd,0.6662
alfri_❄❄❄,van pablo,0.6667
alfri_❄❄❄,vanooo,0.6616
alfri_❄❄❄,viann,0.7366
alfri_❄❄❄,vinss,0.6629
alfri_❄❄❄,vnn$fomo,0.7083
alfri_❄❄❄,wong elek,0.6887
alfri_❄❄❄,wongwonganmumet,0.6551
alfri_❄❄❄,ws🪩,0.7018
alfri_❄❄❄,wzrd,0.6959
alfri_❄❄❄,yaraaayaaaa,0.7287
alfri_❄❄❄,yogaaa21,0.7893
alfri_❄❄❄,yyy,0.682
alfri_❄❄❄,z4kk🇦🇱🇦🇱,0.6986
alfri_❄❄❄,zaall,0.7085
alfri_❄❄❄,zain,0.7273
alfri_❄❄❄,zaka.ya,0.7952
alfri_❄❄❄,zannn,0.7408
alfri_❄❄❄,zazamm,0.7335
alfri_❄❄❄,zeniperr,0.6577
alfri_❄❄❄,zppcx,0.685
alfri_❄❄❄,zrill🇦🇱🇦🇱,0.7549
alfri_❄❄❄,zrill💥,0.7141
alfri_❄❄❄,àlwàysdip,0.7293
alfri_❄❄❄,ɴᴀᴛ,0.7175
alfri_❄❄❄,˚ ༘ 🦕𖦹⋆｡˚,0.7526
alfri_❄❄❄,فەیزال,0.727
alfri_❄❄❄,ᴘɪᴋᴀғʀɪᴇᴅᴄʜɪᴄᴋᴇɴ,0.6572
alfri_❄❄❄,☝️👌👌cc,0.7998
alfri_❄❄❄,♥,0.8592
alfri_❄❄❄,マᥱž𝚊,0.7055
alfri_❄❄❄,️dika_sajah,0.692
alfri_❄❄❄,￴ ￴ ￴  ￴ ￴ ￴ ￴ ￴,0.6523
alfri_❄❄❄,￴￴,0.6685
alfri_❄❄❄,𝐫𝐢𝐝𝐨𝐨🕊️,0.662
alfri_❄❄❄,𝑱𝒖𝒍𝒊𝒂𝒏𝒏𝒏,0.7376
alfri_❄❄❄,𝓝𝓪𝔂𝓵𝓪_𝓓.𝓐,0.7564
alfri_❄❄❄,𝕳𝕬𝕴𝕶𝕬𝕷 𝖁1,0.7584
alfri_❄❄❄,𝘼𝙇𝙃𝘼𝙆𝙄𝙈𝙕,0.6522
alfri_❄❄❄,𝘿𝙚𝙣,0.7544
alfri_❄❄❄,𝙋𝙍𝙄𝙉𝘾𝙀 15,0.6937
alfri_❄❄❄,𝙡𝙚𝙣𝙜,0.724
alfri_❄❄❄,𝙾𝚛𝚢𝚣𝚊 𝚂𝚊𝚝𝚒𝚟𝚊 🌾,0.7302
alfri_❄❄❄,🏴󠁧󠁢󠁥󠁮󠁧󠁿🏴󠁧󠁢󠁥󠁮󠁧󠁿,0.7458
alfri_❄❄❄,🐦,0.7672
alfri_❄❄❄,👾,0.7156
alfri_❄❄❄,💋,0.7126
alfri_❄❄❄,💩.,0.6587
alfri_❄❄❄,🕊,0.772
alfri_❄❄❄,🧋,0.7103
alip ajee🌊,al🌠,0.7651
alip ajee🌊,amriajahh,0.693
alip ajee🌊,anisatul,0.7424
alip ajee🌊,anna,0.6924
alip ajee🌊,anzzbut🐊,0.7005
alip ajee🌊,apel❤️,0.6913
alip ajee🌊,aqila misha,0.6602
alip ajee🌊,ar,0.6811
alip ajee🌊,arkhnraalfano,0.6948
alip ajee🌊,arul empat huruf,0.6651
alip ajee🌊,atbqu25,0.7283
alip ajee🌊,athar aurellio,0.7043
alip ajee🌊,ayas hafddz,0.6663
alip ajee🌊,ayurahayu,0.7444
alip ajee🌊,aziz,0.702
alip ajee🌊,b,0.7619
alip ajee🌊,balzz,0.6837
alip ajee🌊,betmenn🦸,0.6667
alip ajee🌊,bluestar,0.693
alip ajee🌊,bogel osle,0.6699
alip ajee🌊,bowo prast,0.7437
alip ajee🌊,b★vanss,0.8004
alip ajee🌊,b🕸️,0.694
alip ajee🌊,caaa,0.6891
alip ajee🌊,cahyoo☄️,0.6695
alip ajee🌊,chell28,0.7368
alip ajee🌊,chelll,0.6932
alip ajee🌊,cingire dava,0.7224
alip ajee🌊,dhanadut_bae16💤,0.6595
alip ajee🌊,dhellaxriigod,0.6811
alip ajee🌊,dimzz.stecu(setelan.cuwek💢🥶),0.7346
alip ajee🌊,donz2nd,0.7425
alip ajee🌊,dubidubidam5,0.6549
alip ajee🌊,dwk,0.674
alip ajee🌊,dân stfu⸸,0.7032
alip ajee🌊,dín dlgk?,0.7547
alip ajee🌊,el smile,0.76
alip ajee🌊,er,0.6719
alip ajee🌊,espede racing,0.7031
alip ajee🌊,f,0.666
alip ajee🌊,fafang🕷️,0.7063
alip ajee🌊,faiqqqqqqq,0.6804
alip ajee🌊,fakri,0.7716
alip ajee🌊,farrel,0.654
alip ajee🌊,fauzannn,0.7472
alip ajee🌊,febriansyah,0.7035
alip ajee🌊,fens nasa 🇺🇸🚀,0.6805
alip ajee🌊,fikaa,0.6946
alip ajee🌊,finzz★,0.7148
alip ajee🌊,fi🅰️n6️⃣,0.6949
alip ajee🌊,frzardtyaalvro,0.7287
alip ajee🌊,g,0.6716
alip ajee🌊,genzzz,0.8026
alip ajee🌊,gtww,0.6523
alip ajee🌊,hamka resna,0.6665
alip ajee🌊,hermanto,0.7282
alip ajee🌊,hibban∆,0.6946
alip ajee🌊,hii i'm bayy.,0.722
alip ajee🌊,hpiss,0.6566
alip ajee🌊,hyan,0.6966
alip ajee🌊,hαpiz_boyss⚡,0.7097
alip ajee🌊,hαηs кαккσɪɪ.dnd.,0.678
alip ajee🌊,i,0.727
alip ajee🌊,ibunya ragaf,0.6799
alip ajee🌊,ifaashion.id,0.7086
alip ajee🌊,ig : d4haas.👾,0.7079
alip ajee🌊,ig:4ufa_l,0.7072
alip ajee🌊,ikhsan hair,0.7103
alip ajee🌊,im.p4yeng!!,0.6957
alip ajee🌊,inieidan,0.7314
alip ajee🌊,jagoan orangtua,0.7019
alip ajee🌊,javrr⚡,0.7791
alip ajee🌊,jdr,0.7452
alip ajee🌊,jesiccaaa,0.7091
alip ajee🌊,kaji,0.68
alip ajee🌊,kang bahar,0.7072
alip ajee🌊,kelzy24,0.713
alip ajee🌊,kib3nk_ta,0.6649
alip ajee🌊,kin_💫,0.7401
alip ajee🌊,kruxill🎃,0.6893
alip ajee🌊,l4nkk,0.6765
alip ajee🌊,lah iya,0.6896
alip ajee🌊,lah?kenapa?,0.6863
alip ajee🌊,lele_byakar@gmail.comm,0.724
alip ajee🌊,lihgal18,0.7743
alip ajee🌊,mas_dawet,0.6899
alip ajee🌊,mawar hitam 🌹🗡️,0.693
alip ajee🌊,mawarr,0.6905
alip ajee🌊,mengomentari postingan anda,0.7148
alip ajee🌊,mhrullam,0.7294
alip ajee🌊,mommy bibiel,0.6736
alip ajee🌊,muhammadchilung,0.7274
alip ajee🌊,mykids,0.6864
alip ajee🌊,naa_,0.6786
alip ajee🌊,nadhiff👾,0.7552
alip ajee🌊,narzz🌊🌊,0.7026
alip ajee🌊,ndre4you,0.6567
alip ajee🌊,nggaaa,0.6625
alip ajee🌊,nnaann🔫,0.6549
alip ajee🌊,nobody,0.7454
alip ajee🌊,nur fadil,0.6649
alip ajee🌊,ol²²oy,0.7376
alip ajee🌊,oz_,0.7009
alip ajee🌊,p4tooookkkk,0.6911
alip ajee🌊,pisangambon,0.6867
alip ajee🌊,piscesmod,0.7337
alip ajee🌊,praditailhm_,0.7634
alip ajee🌊,princess 💅,0.6804
alip ajee🌊,qila012,0.7592
alip ajee🌊,r,0.6603
alip ajee🌊,raf,0.7152
alip ajee🌊,raffiii162,0.6553
alip ajee🌊,rafyy😹,0.7223
alip ajee🌊,rahmat kartolo,0.6599
alip ajee🌊,rfky,0.6523
alip ajee🌊,rℹ️k🅾️🅾️🅾️,0.7743
alip ajee🌊,sabitulyz,0.6729
alip ajee🌊,safi,0.6643
alip ajee🌊,samshl_22,0.6561
alip ajee🌊,satria 🙌,0.7608
alip ajee🌊,satyaa ✦,0.6797
alip ajee🌊,scc winoww,0.6996
alip ajee🌊,scc.,0.7186
alip ajee🌊,secccfldsuuu21,0.7053
alip ajee🌊,sendiiisen©📍,0.7405
alip ajee🌊,si kucing,0.6919
alip ajee🌊,sn0w,0.653
alip ajee🌊,stecu💤,0.7219
alip ajee🌊,syaf__👾👾,0.7839
alip ajee🌊,talasku99,0.7315
alip ajee🌊,tam,0.7676
alip ajee🌊,tangrajinngaji,0.6666
alip ajee🌊,taxi barang purwokerto,0.689
alip ajee🌊,teteh_jawa,0.6757
alip ajee🌊,theeryoou,0.6801
alip ajee🌊,tofik.putra17,0.7394
alip ajee🌊,trisis,0.6684
alip ajee🌊,upin🐼,0.6723
alip ajee🌊,user13463#457344,0.6683
alip ajee🌊,user7098643456,0.6978
alip ajee🌊,va 17hd,0.7352
alip ajee🌊,vanooo,0.6631
alip ajee🌊,varkon🚀🚀,0.6591
alip ajee🌊,viann,0.7588
alip ajee🌊,vittss..,0.7536
alip ajee🌊,wong elek,0.672
alip ajee🌊,ws🪩,0.7572
alip ajee🌊,wzrd,0.6862
alip ajee🌊,yogaaa21,0.6666
alip ajee🌊,yyy,0.7338
alip ajee🌊,z4kk🇦🇱🇦🇱,0.651
alip ajee🌊,zaall,0.681
alip ajee🌊,zaka.ya,0.6977
alip ajee🌊,zazamm,0.7769
alip ajee🌊,zeniperr,0.6651
alip ajee🌊,zrill🇦🇱🇦🇱,0.6787
alip ajee🌊,àlwàysdip,0.6616
alip ajee🌊,ɴᴀᴛ,0.7279
alip ajee🌊,˚ ༘ 🦕𖦹⋆｡˚,0.7356
alip ajee🌊,فەیزال,0.6757
alip ajee🌊,⋇⋆✦chelsea ♛┈⛧♡,0.7506
alip ajee🌊,★,0.6888
alip ajee🌊,☝️👌👌cc,0.7389
alip ajee🌊,⛓️,0.6526
alip ajee🌊,✌️,0.7185
alip ajee🌊,ザキ・アルディアンシア,0.665
alip ajee🌊,マᥱž𝚊,0.7591
alip ajee🌊,윙고🇲🇨🇰🇷,0.6984
alip ajee🌊,️dika_sajah,0.6639
alip ajee🌊,￴ ￴ ￴  ￴ ￴ ￴ ￴ ￴,0.7408
alip ajee🌊,￴￴,0.7346
alip ajee🌊,𝐫𝐢𝐝𝐨𝐨🕊️,0.6785
alip ajee🌊,𝑱𝒖𝒍𝒊𝒂𝒏𝒏𝒏,0.6678
alip ajee🌊,𝕳𝕬𝕴𝕶𝕬𝕷 𝖁1,0.6979
alip ajee🌊,𝕶𝖞𝖓𝖟𝖟,0.6568
alip ajee🌊,𝘼𝙇𝙃𝘼𝙆𝙄𝙈𝙕,0.7204
alip ajee🌊,𝘿𝙚𝙣,0.7066
alip ajee🌊,𝙋𝙍𝙄𝙉𝘾𝙀 15,0.7841
alip ajee🌊,𝙡𝙚𝙣𝙜,0.7855
alip ajee🌊,🅰️★,0.6527
alip ajee🌊,🏴󠁧󠁢󠁥󠁮󠁧󠁿🏴󠁧󠁢󠁥󠁮󠁧󠁿,0.6577
alip ajee🌊,🐣,0.704
alip ajee🌊,💩.,0.685
alip ajee🌊,🕊,0.7711
alll🕷️,amriajahh,0.6777
alll🕷️,arkanan,0.6753
alll🕷️,aziz,0.6858
alll🕷️,bang duttz,0.6768
alll🕷️,bayhaqii,0.6677
alll🕷️,bimo prasetyo,0.6754
alll🕷️,bluestar,0.6777
alll🕷️,cahyoo☄️,0.6838
alll🕷️,cionnnn➰,0.6723
alll🕷️,diditarifin,0.6793
alll🕷️,enan_25,0.7161
alll🕷️,f,0.663
alll🕷️,hi_ndraa,0.7161
alll🕷️,i,0.6533
alll🕷️,i j a l,0.6666
alll🕷️,inisial.b,0.687
alll🕷️,iqqq⚡⚡,0.6622
alll🕷️,kruxill🎃,0.6893
alll🕷️,mas_dawet,0.709
alll🕷️,mawar hitam 🌹🗡️,0.6777
alll🕷️,ndre4you,0.658
alll🕷️,nino,0.6706
alll🕷️,ol²²oy,0.6944
alll🕷️,orensport,0.6625
alll🕷️,patrick bateman,0.675
alll🕷️,penjahat mu,0.6974
alll🕷️,pisangambon,0.699
alll🕷️,raffiii162,0.6578
alll🕷️,regialparij,0.6872
alll🕷️,rivann.ahah,0.6573
alll🕷️,ryy_,0.8206
alll🕷️,rℹ️k🅾️🅾️🅾️,0.6826
alll🕷️,s u m m e r .,0.6874
alll🕷️,septiana,0.6634
alll🕷️,trisis,0.6508
alll🕷️,ufa,0.6933
alll🕷️,vittss..,0.6667
alll🕷️,yogszz⚡,0.6959
alll🕷️,yyy,0.6693
alll🕷️,ɴᴀᴛ,0.6799
alll🕷️,ᴘɪᴋᴀғʀɪᴇᴅᴄʜɪᴄᴋᴇɴ,0.7849
alll🕷️,☝️👌👌cc,0.6915
alll🕷️,⛓️,0.7084
alll🕷️,꧁epep꧂,0.6616
alll🕷️,𝖇𝖎𝖎𝖑𝖆,0.6527
alzz219,ayas hafddz,0.6608
alzz219,gibr4n😑.,0.7017
alzz219,inieidan,0.6945
alzz219,mmmmm,0.6592
alzz219,padil,0.6558
alzz219,pisangambon,0.6739
alzz219,r,0.6524
alzz219,rafyy😹,0.6715
alzz219,rpk1,0.6599
alzz219,zarr★,0.7312
alzz219,⋇⋆✦chelsea ♛┈⛧♡,0.6601
alzz219,￴￴,0.6817
alzz219,𝘼𝙇𝙃𝘼𝙆𝙄𝙈𝙕,0.693
alzz219,🀄penjahatmu🀄,0.6679
al🌠,antika24♊,0.6594
al🌠,anzzbut🐊,0.6745
al🌠,apel❤️,0.7245
al🌠,ar,0.6549
al🌠,athar aurellio,0.6532
al🌠,b,0.7029
al🌠,betmenn🦸,0.6614
al🌠,b★vanss,0.6835
al🌠,cantika deni,0.6549
al🌠,chell28,0.658
al🌠,cingire dava,0.7335
al🌠,d4nnnnn23_4,0.6534
al🌠,dimzz.stecu(setelan.cuwek💢🥶),0.6659
al🌠,donz2nd,0.7318
al🌠,dwk,0.6608
al🌠,dín dlgk?,0.7406
al🌠,espede racing,0.6665
al🌠,fakri,0.7153
al🌠,ffi🕷️,0.6533
al🌠,fikaa,0.7142
al🌠,fi🅰️n6️⃣,0.7263
al🌠,frzardtyaalvro,0.668
al🌠,g,0.6994
al🌠,genzzz,0.7201
al🌠,hermanto,0.7024
al🌠,hibban∆,0.6686
al🌠,hii i'm bayy.,0.7368
al🌠,ibunya ragaf,0.6562
al🌠,ig : d4haas.👾,0.7309
al🌠,ig:4ufa_l,0.7456
al🌠,inieidan,0.7561
al🌠,jagoan orangtua,0.6815
al🌠,javrr⚡,0.7059
al🌠,jdr,0.6865
al🌠,kang bahar,0.6586
al🌠,kib3nk_ta,0.6833
al🌠,kin_💫,0.6645
al🌠,lihgal18,0.6642
al🌠,mhrullam,0.6773
al🌠,mommy bibiel,0.66
al🌠,muhammadchilung,0.6736
al🌠,nadhiff👾,0.6711
al🌠,narzz🌊🌊,0.7198
al🌠,nobody,0.6503
al🌠,oz_,0.7092
al🌠,praditailhm_,0.7078
al🌠,qila012,0.6779
al🌠,r,0.6991
al🌠,raf,0.6886
al🌠,rafyy😹,0.7276
al🌠,rstu💤,0.6639
al🌠,sabitulyz,0.6636
al🌠,satria 🙌,0.6806
al🌠,sendiiisen©📍,0.6963
al🌠,stecu💤,0.6538
al🌠,syaf__👾👾,0.7355
al🌠,talasku99,0.723
al🌠,tam,0.7416
al🌠,tangrajinngaji,0.6628
al🌠,tofik.putra17,0.7061
al🌠,user13463#457344,0.6744
al🌠,user7098643456,0.666
al🌠,vanooo,0.6506
al🌠,viann,0.6718
al🌠,vittss..,0.7024
al🌠,wiindoc,0.7112
al🌠,ws🪩,0.7225
al🌠,zaka.ya,0.6554
al🌠,zeniperr,0.6805
al🌠,˚ ༘ 🦕𖦹⋆｡˚,0.6688
al🌠,⋇⋆✦chelsea ♛┈⛧♡,0.7735
al🌠,★,0.6943
al🌠,ザキ・アルディアンシア,0.6543
al🌠,윙고🇲🇨🇰🇷,0.7632
al🌠,️dika_sajah,0.6632
al🌠,￴ ￴ ￴  ￴ ￴ ￴ ￴ ￴,0.6624
al🌠,￴￴,0.7255
al🌠,𝐫𝐢𝐝𝐨𝐨🕊️,0.6854
al🌠,𝘼𝙇𝙃𝘼𝙆𝙄𝙈𝙕,0.678
al🌠,𝙋𝙍𝙄𝙉𝘾𝙀 15,0.729
al🌠,𝙡𝙚𝙣𝙜,0.7267
al🌠,🅰️★,0.6635
al🌠,🐣,0.759
al🌠,🕊,0.7347
ambaedits,anak mbarep,0.706
ambaedits,andre $,0.6908
ambaedits,aneppp✨,0.7122
ambaedits,arm team,0.7006
ambaedits,aryarizz,0.8021
ambaedits,ataabhrandie_,0.7528
ambaedits,axsa,0.7061
ambaedits,bambang spektakuler!,0.6598
ambaedits,bibb,0.6973
ambaedits,cen,0.7417
ambaedits,cyy,0.7593
ambaedits,danzooo,0.6948
ambaedits,dea,0.7327
ambaedits,deboy,0.7357
ambaedits,deliciousrull,0.777
ambaedits,dewoel,0.7001
ambaedits,frhnbaeω,0.7391
ambaedits,granddream,0.6514
ambaedits,hanifnur,0.6777
ambaedits,icin,0.7134
ambaedits,iyann noverse ☄️🪐,0.7425
ambaedits,kall,0.6766
ambaedits,khaa : akun business 🪐 💵,0.6835
ambaedits,maa....,0.6511
ambaedits,mamaz ap,0.6827
ambaedits,maswilll,0.6835
ambaedits,maypen🍉,0.6766
ambaedits,nafz?yakena😹🤓🤭😋,0.7111
ambaedits,namaku atha,0.6557
ambaedits,ndaru,0.657
ambaedits,nha_nha88,0.7435
ambaedits,p!n,0.7395
ambaedits,r e t z,0.6758
ambaedits,rian(rivan fian),0.7272
ambaedits,ririss,0.6682
ambaedits,se'pull_maxwill,0.6707
ambaedits,spilloutfittrendy,0.7276
ambaedits,tem - tem★★★,0.6847
ambaedits,tole bf official316,0.6646
ambaedits,wiwut,0.688
ambaedits,"wong""plosok",0.7225
ambaedits,xy_don🚀,0.6668
ambaedits,yoo🅰️jahh,0.7532
ambaedits,zaza,0.7187
ambaedits,zexx'777,0.7338
ambaedits,zye hehe,0.711
ambaedits,| ig : @aseprmadanni,0.6641
ambaedits,˚꩜｡⋆˚࿔ 𝔂𝓪𝔂𝓪 𝜗𝜚˚⋆🧸ྀི,0.6722
ambaedits,⭐zka,0.6672
ambaedits,レザ,0.7055
ambaedits,𝕬𝖟𝖐𝖆 𝖋𝖔𝖗 𝖞𝖔𝖚,0.7077
ambaedits,𝘾𝙖𝙡𝙤𝙣 𝙃𝘼𝙅𝙄,0.7105
ambaedits,🎀sheila||suka ngonten🎀,0.6615
ambaedits,💥,0.7444
amin ismoyo,nayzz🚀,0.6804
amin ismoyo,wahyu,0.7006
amin ismoyo,wiwut,0.6664
amin ismoyo,zi yan,0.6596
amin ismoyo,🥷,0.7016
amriajahh,anak ayam.,0.6662
amriajahh,anggitaaaaaa❤️‍🔥,0.6915
amriajahh,anisatul,0.8311
amriajahh,apa coba,0.7839
amriajahh,apel❤️,0.6948
amriajahh,aqila misha,0.8794
amriajahh,arkanan,0.7304
amriajahh,arkhnraalfano,0.8064
amriajahh,athar aurellio,0.8194
amriajahh,ayas hafddz,0.6554
amriajahh,aziz,0.703
amriajahh,b,0.8256
amriajahh,balzz,0.7364
amriajahh,bang duttz,0.6901
amriajahh,betmenn🦸,0.6572
amriajahh,bluestar,1.0
amriajahh,bogel osle,0.7225
amriajahh,bowo prast,0.824
amriajahh,bowoo,0.7136
amriajahh,budi_24,0.659
amriajahh,b★vanss,0.8452
amriajahh,b🕸️,0.7942
amriajahh,caaa,0.7713
amriajahh,cahyoo☄️,0.7027
amriajahh,chell28,0.8122
amriajahh,chelll,0.7868
amriajahh,cingire dava,0.7077
amriajahh,cionnnn➰,0.6992
amriajahh,danu.,0.6632
amriajahh,dhanadut_bae16💤,0.6722
amriajahh,dilzz v2,0.7382
amriajahh,dimzz.stecu(setelan.cuwek💢🥶),0.8041
amriajahh,dly,0.6783
amriajahh,donz2nd,0.7478
amriajahh,dwi reny makmoy makm,0.7403
amriajahh,dwk,0.7485
amriajahh,dân stfu⸸,0.8737
amriajahh,dín dlgk?,0.7189
amriajahh,dɹısɐɐɐ,0.6979
amriajahh,edhy soekamto,0.6835
amriajahh,el smile,0.7729
amriajahh,elyraa,0.6573
amriajahh,enan_25,0.7765
amriajahh,ens,0.6528
amriajahh,er,0.6849
amriajahh,espede racing,0.7075
amriajahh,f,0.7281
amriajahh,fafang🕷️,0.6806
amriajahh,fakri,0.6599
amriajahh,fikaa,0.6719
amriajahh,finzz★,0.746
amriajahh,frzardtyaalvro,0.7529
amriajahh,f⚡,0.7219
amriajahh,genzzz,0.6938
amriajahh,grandberkahdoaibu,0.8767
amriajahh,gudeg bu rudy klampok ✨✨,0.7024
amriajahh,hi_ndraa,0.7765
amriajahh,hibban∆,0.6547
amriajahh,hii i'm bayy.,0.7022
amriajahh,hilman,0.6589
amriajahh,hpiss,0.7424
amriajahh,hyan,0.7224
amriajahh,hαpiz_boyss⚡,0.7321
amriajahh,i,0.7497
amriajahh,i j a l,0.6854
amriajahh,ibunya ragaf,0.8887
amriajahh,ig : d4haas.👾,0.7339
amriajahh,ig: ?,0.7068
amriajahh,ig:4ufa_l,0.6523
amriajahh,iis dukha,0.6615
amriajahh,ikhsan hair,0.7433
amriajahh,im.p4yeng!!,0.7
amriajahh,inyong,0.7068
amriajahh,jagoan orangtua,0.7627
amriajahh,javrr⚡,0.8535
amriajahh,jdr,0.6514
amriajahh,jesiccaaa,0.7487
amriajahh,jun santuy,0.667
amriajahh,"kaa,a",0.7157
amriajahh,kaji,0.8796
amriajahh,kang bahar,0.7951
amriajahh,keee keee,0.6528
amriajahh,kelzy24,0.6846
amriajahh,kiking,0.6617
amriajahh,kruxill🎃,0.9547
amriajahh,kuwi4526,0.6541
amriajahh,l4nkk,0.6817
amriajahh,lah iya,0.8492
amriajahh,lah?kenapa?,0.7186
amriajahh,lele_byakar@gmail.comm,0.9155
amriajahh,lihgal18,0.8151
amriajahh,masrianto manalu,0.7097
amriajahh,mawar hitam 🌹🗡️,1.0
amriajahh,mawarr,0.7395
amriajahh,mbahnya nafisha dan sava,0.6997
amriajahh,mengomentari postingan anda,0.7113
amriajahh,mhrullam,0.7513
amriajahh,mka. kka,0.7139
amriajahh,muhamad rian,0.6663
amriajahh,muhammadchilung,0.7439
amriajahh,nadhiff👾,0.7956
amriajahh,narti,0.6803
amriajahh,narzz🌊🌊,0.6811
amriajahh,ndre4you,0.7558
amriajahh,nggaaa,0.6622
amriajahh,nino,0.7219
amriajahh,nnaann🔫,0.7046
amriajahh,nobody,0.8032
amriajahh,nur fadil,0.6614
amriajahh,nuuuuu,0.6718
amriajahh,ol²²oy,0.9153
amriajahh,p4tooookkkk,0.6987
amriajahh,pak haji,0.7047
amriajahh,patirrrv2🖤,0.6682
amriajahh,pip2nd🧿,0.6573
amriajahh,pisangambon,0.6603
amriajahh,praditailhm_,0.789
amriajahh,princess 💅,0.7329
amriajahh,put,0.7129
amriajahh,qila012,0.7874
amriajahh,rahmanpru,0.7382
amriajahh,rahmat kartolo,0.7213
amriajahh,rempeyek_500🌊,0.6733
amriajahh,rio,0.7839
amriajahh,rivann.ahah,0.6593
amriajahh,rizzstecu✌️,0.7787
amriajahh,ryy_,0.664
amriajahh,rzl,0.7008
amriajahh,rℹ️k🅾️🅾️🅾️,0.9149
amriajahh,safi,0.7356
amriajahh,sara ariska,0.7123
amriajahh,satria 🙌,0.8539
amriajahh,scc winoww,0.8514
amriajahh,scc.,0.7545
amriajahh,secccfldsuuu21,0.7629
amriajahh,sendiiisen©📍,0.778
amriajahh,septiana,0.718
amriajahh,si kucing,0.6626
amriajahh,sopo》,0.8009
amriajahh,stecu💤,0.7153
amriajahh,syaf__👾👾,0.7194
amriajahh,talasku99,0.6804
amriajahh,tam,0.7025
amriajahh,tangrajinngaji,0.7218
amriajahh,teteh_jawa,0.6903
amriajahh,the last good man,0.7357
amriajahh,theeryoou,0.7092
amriajahh,tinnyee,0.921
amriajahh,tofik.putra17,0.8037
amriajahh,trisis,0.6618
amriajahh,u,0.6712
amriajahh,upin🐼,0.738
amriajahh,user13463#457344,0.7221
amriajahh,user7098643456,0.6738
amriajahh,username12375,0.8587
amriajahh,va 17hd,0.7618
amriajahh,van pablo,0.6551
amriajahh,vanooo,0.6979
amriajahh,varkon🚀🚀,0.6865
amriajahh,viann,0.7826
amriajahh,vittss..,0.6903
amriajahh,vnn$fomo,0.6842
amriajahh,wong elek,0.746
amriajahh,wongwonganmumet,0.6711
amriajahh,ws🪩,0.7128
amriajahh,wzrd,0.6962
amriajahh,yanuar,0.6808
amriajahh,yaraaayaaaa,0.6979
amriajahh,yogaaa21,0.9094
amriajahh,yyy,0.777
amriajahh,z4kk🇦🇱🇦🇱,0.6975
amriajahh,zaall,0.68
amriajahh,zain,0.7024
amriajahh,zaka.ya,0.8048
amriajahh,zannn,0.7449
amriajahh,zazamm,0.8049
amriajahh,zppcx,0.7309
amriajahh,zrill🇦🇱🇦🇱,0.7572
amriajahh,zrill💥,0.7681
amriajahh,ɴᴀᴛ,0.7261
amriajahh,˚ ༘ 🦕𖦹⋆｡˚,0.7697
amriajahh,فەیزال,0.7062
amriajahh,ಠ_ರೃ,0.6562
amriajahh,ᴘɪᴋᴀғʀɪᴇᴅᴄʜɪᴄᴋᴇɴ,0.7114
amriajahh,☝️👌👌cc,0.9513
amriajahh,♥,0.8716
amriajahh,✌️,0.7042
amriajahh,マᥱž𝚊,0.7356
amriajahh,️dika_sajah,0.6712
amriajahh,￴￴,0.6795
amriajahh,𝑱𝒖𝒍𝒊𝒂𝒏𝒏𝒏,0.8309
amriajahh,𝓝𝓪𝔂𝓵𝓪_𝓓.𝓐,0.7187
amriajahh,𝕳𝕬𝕴𝕶𝕬𝕷 𝖁1,0.7487
amriajahh,𝕶𝖞𝖓𝖟𝖟,0.6649
amriajahh,𝘿𝙚𝙣,0.8106
amriajahh,𝙋𝙍𝙄𝙉𝘾𝙀 15,0.6658
amriajahh,𝙡𝙚𝙣𝙜,0.7841
amriajahh,𝙾𝚛𝚢𝚣𝚊 𝚂𝚊𝚝𝚒𝚟𝚊 🌾,0.7263
amriajahh,🏴󠁧󠁢󠁥󠁮󠁧󠁿🏴󠁧󠁢󠁥󠁮󠁧󠁿,0.8565
amriajahh,🐦,0.8298
amriajahh,👾,0.6718
amriajahh,💋,0.6735
amriajahh,🔴⚪,0.6701
amriajahh,🕊,0.824
amriajahh,🧋,0.7073
anak ayam.,bluestar,0.6662
anak ayam.,cahyoo☄️,0.6964
anak ayam.,den 🍀,0.6911
anak ayam.,dimzz.stecu(setelan.cuwek💢🥶),0.6529
anak ayam.,er,0.8469
anak ayam.,finzz★,0.7586
anak ayam.,hpiss,0.71
anak ayam.,ikhsan hair,0.8048
anak ayam.,im.p4yeng!!,0.6826
anak ayam.,javrr⚡,0.6541
anak ayam.,kelzy24,0.6647
anak ayam.,lah?kenapa?,0.7183
anak ayam.,lele_byakar@gmail.comm,0.6607
anak ayam.,masrianto manalu,0.7772
anak ayam.,mawar hitam 🌹🗡️,0.6662
anak ayam.,nino,0.679
anak ayam.,nobody,0.6523
anak ayam.,rahmanpru,0.7322
anak ayam.,rℹ️k🅾️🅾️🅾️,0.7024
anak ayam.,talasku99,0.6574
anak ayam.,the last good man,0.6522
anak ayam.,upin🐼,0.7328
anak ayam.,varkon🚀🚀,0.7212
anak ayam.,wtf.prilz,0.7165
anak ayam.,wzrd,0.6687
anak ayam.,zaall,0.6565
anak ayam.,®️e💤🅰️ sur,0.6834
anak ayam.,ɴᴀᴛ,0.6581
anak ayam.,☝️👌👌cc,0.6549
anak mbarep,andre $,0.718
anak mbarep,aryarizz,0.7383
anak mbarep,ataabhrandie_,0.756
anak mbarep,cyy,0.7093
anak mbarep,duta oghe,0.7067
anak mbarep,enjoyss,0.6693
anak mbarep,fz,0.7238
anak mbarep,icin,0.66
anak mbarep,ig:amrizalss,0.6901
anak mbarep,kembali datang,0.6693
anak mbarep,nafz?yakena😹🤓🤭😋,0.6978
anak mbarep,p!n,0.7923
anak mbarep,sannzxkce,0.6723
anak mbarep,レザ,0.7018
anak mbarep,𝕱_v2,0.7015
anak mbarep,🐚🫧🪩,0.6587
andikaputra,aryarizz,0.6733
andikaputra,ataabhrandie_,0.7029
andikaputra,diee_aja,0.6895
andikaputra,nafz?yakena😹🤓🤭😋,0.6555
andikaputra,p!n,0.6822
andikaputra,yoo🅰️jahh,0.719
andikaputra,レザ,0.6756
andi★_★№,atbqu25,0.6741
andi★_★№,ayurahayu,0.7163
andi★_★№,danzzz,0.7049
andi★_★№,dhellaxriigod,0.6624
andi★_★№,dly,0.7776
andi★_★№,edhy soekamto,0.6668
andi★_★№,fafang🕷️,0.6665
andi★_★№,faiz,0.7295
andi★_★№,hermanto,0.6952
andi★_★№,hilman,0.8227
andi★_★№,ifaashion.id,0.668
andi★_★№,jun santuy,0.8193
andi★_★№,juvvv,0.6684
andi★_★№,"kaa,a",0.6799
andi★_★№,keee keee,0.706
andi★_★№,kelzy24,0.7131
andi★_★№,kevin,0.6869
andi★_★№,l3o m,0.6983
andi★_★№,lele_byakar@gmail.comm,0.6521
andi★_★№,mbahnya nafisha dan sava,0.7251
andi★_★№,mengomentari postingan anda,0.681
andi★_★№,mka. kka,0.6566
andi★_★№,mynnn,0.6822
andi★_★№,nick!!!,0.7067
andi★_★№,nur fadil,0.7041
andi★_★№,nuuuuu,0.6594
andi★_★№,pak haji sara,0.7717
andi★_★№,pip2nd🧿,0.659
andi★_★№,qila012,0.6805
andi★_★№,rℹ️k🅾️🅾️🅾️,0.6523
andi★_★№,secccfldsuuu21,0.6658
andi★_★№,set? iy syng,0.6632
andi★_★№,sopo》,0.7321
andi★_★№,taxi barang purwokerto,0.6556
andi★_★№,zain,0.6573
andi★_★№,zazamm,0.6779
andi★_★№,zrill💥,0.7051
andi★_★№,▪️,0.652
andi★_★№,𝕳𝕬𝕴𝕶𝕬𝕷 𝖁1,0.6621
andi★_★№,𝘿𝙚𝙣,0.6876
andi★_★№,🐦,0.6572
andi★_★№,👻hsb👻,0.7734
andi★_★№,👾,0.6594
andi★_★№,🕊,0.6638
andi★_★№,🧋,0.6685
andra_zv0,ariepp,0.7374
andra_zv0,artati,0.6642
andra_zv0,balex ☘️,0.6785
andra_zv0,bayzz444,0.7213
andra_zv0,byy🌊,0.7741
andra_zv0,capcipcup🕊️,0.6864
andra_zv0,danzzz,0.6695
andra_zv0,faiz,0.6895
andra_zv0,garangan mulet,0.6861
andra_zv0,granddream,0.6513
andra_zv0,hanipipipip,0.6704
andra_zv0,kasnudtone,0.6643
andra_zv0,kdrt57gnk,0.7543
andra_zv0,kevin,0.6554
andra_zv0,kiking,0.6899
andra_zv0,m6uladi.,0.6952
andra_zv0,maulll suka suka,0.6978
andra_zv0,muhamad rian,0.69
andra_zv0,na.,0.758
andra_zv0,nitalifa,0.71
andra_zv0,nuuuuu,0.6631
andra_zv0,nyong ibaim,0.6722
andra_zv0,opangpar,0.6742
andra_zv0,osdaglog14,0.7889
andra_zv0,panggil vans✌️,0.6662
andra_zv0,pip2nd🧿,0.6592
andra_zv0,puji_kodrat,0.668
andra_zv0,reendstore,0.6762
andra_zv0,rehan.aj,0.8103
andra_zv0,rezz_brew,0.6503
andra_zv0,ristiani14,0.7511
andra_zv0,sabiantiwulariata,0.7384
andra_zv0,superman,0.7286
andra_zv0,tole bf official316,0.685
andra_zv0,vannn opet,0.6733
andra_zv0,vinza,0.6683
andra_zv0,wdyt_,0.7291
andra_zv0,weird zeze🇩🇪,0.6669
andra_zv0,wongurip,0.7322
andra_zv0,x4ngee🕊️,0.7137
andra_zv0,xlx🇮🇲,0.7011
andra_zv0,you're okay reszz,0.6817
andra_zv0,zainvick_,0.7034
andra_zv0,ℒ𝓊𝓬𝓴𝔂,0.6932
andra_zv0,𓏵,0.6651
andra_zv0,𝑛𝑜𝑒𝑟𝑒𝑎𝑙_𝑎𝑧🍃,0.6999
andra_zv0,𝓝𝓪𝔂𝓵𝓪_𝓓.𝓐,0.6566
andra_zv0,"𝖂𝖍𝖔'𝕾,𝕭𝖗𝖆𝖓රධ",0.6515
andra_zv0,🆘,0.6661
andra_zv0,👀,0.6515
andra_zv0,👾,0.6631
andra_zv0,🫧,0.6872
andre $,arisdel8,0.6563
andre $,arya,0.6563
andre $,aryarizz,0.755
andre $,ataabhrandie_,0.6669
andre $,ath,0.6563
andre $,buluk gonzales 13,0.685
andre $,danzooo,0.6773
andre $,derasah,0.7932
andre $,desttt_,0.6602
andre $,dewoel,0.7272
andre $,dheebu,0.6563
andre $,diah sri972,0.6563
andre $,diee_aja,0.6902
andre $,dwisetyarinii,0.7932
andre $,enjoyss,0.6613
andre $,fittdos,0.7932
andre $,fz,0.7133
andre $,gl badax,0.6563
andre $,haniiif,0.6563
andre $,iin,0.6563
andre $,juprianto anto,0.7932
andre $,kd urng ya,0.6563
andre $,kembali datang,0.6613
andre $,luthfyyy,0.7932
andre $,mas_drun,0.7932
andre $,n4uf@l 4j4,0.6533
andre $,nanangmungils1,0.6563
andre $,nipzzz,0.6583
andre $,otong,0.6567
andre $,p!n,0.7185
andre $,panzskbd,0.6563
andre $,r 4 5 ya,0.7404
andre $,sannzxkce,0.6643
andre $,sinfloww,0.7932
andre $,sopo iki?,0.6677
andre $,tri yulianti,0.6563
andre $,veri ramandani18,0.7932
andre $,⠀ ⠀ ⠀ ⠀ ⠀᠌,0.6563
andre $,レザ,0.7968
andre $,𝕱_v2,0.6705
andre $,🐚🫧🪩,0.6828
aneppp✨,arm team,0.7301
aneppp✨,aryarizz,0.7035
aneppp✨,ataabhrandie_,0.7063
aneppp✨,axsa,0.8067
aneppp✨,balbol,0.653
aneppp✨,bibb,0.7061
aneppp✨,brahim d van basten,0.6956
aneppp✨,cen,0.756
aneppp✨,cyy,0.7631
aneppp✨,d forr,0.7303
aneppp✨,danzz,0.7094
aneppp✨,dea,0.7546
aneppp✨,do,0.74
aneppp✨,dzikriibrgzazdn,0.6893
aneppp✨,"elan jangan nakal ya, iya mah",0.7296
aneppp✨,federico,0.8515
aneppp✨,fiki v1,0.6932
aneppp✨,frhnbaeω,0.7447
aneppp✨,glowupbareng.id,0.7143
aneppp✨,granddream,0.7245
aneppp✨,hanifnur,0.7271
aneppp✨,icin,0.6843
aneppp✨,iyann noverse ☄️🪐,0.7836
aneppp✨,jarot bae,0.7367
aneppp✨,kall,0.722
aneppp✨,khaa : akun business 🪐 💵,0.72
aneppp✨,kizy🇦🇱,0.8174
aneppp✨,kmu gpp zaa?,0.688
aneppp✨,maa....,0.6946
aneppp✨,mamaz ap,0.8968
aneppp✨,maswilll,0.754
aneppp✨,maypen🍉,0.6782
aneppp✨,mrco,0.7018
aneppp✨,namaku atha,0.694
aneppp✨,ndaru,0.7079
aneppp✨,nha_nha88,0.8176
aneppp✨,r e t z,0.7829
aneppp✨,ramadani🌀,0.7002
aneppp✨,rian(rivan fian),0.7788
aneppp✨,rimzsukaessedoublechange🤤,0.6982
aneppp✨,ririss,0.7084
aneppp✨,saitama.botak6,0.7209
aneppp✨,sandhi686,0.7287
aneppp✨,se'pull_maxwill,0.6912
aneppp✨,spilloutfittrendy,0.828
aneppp✨,sri66790,0.7485
aneppp✨,tem - tem★★★,0.7109
aneppp✨,tole bf official316,0.7395
aneppp✨,ultrambuttttt,0.7053
aneppp✨,wong kene bae,0.6626
aneppp✨,"wong""plosok",0.7966
aneppp✨,xy_don🚀,0.8116
aneppp✨,yoo🅰️jahh,0.6862
aneppp✨,zexx'777,0.7209
aneppp✨,zye hehe,0.7844
aneppp✨,| ig : @aseprmadanni,0.7492
aneppp✨,ɓøɓ mārlɛƴ!!⛓️,0.6533
aneppp✨,˚꩜｡⋆˚࿔ 𝔂𝓪𝔂𝓪 𝜗𝜚˚⋆🧸ྀི,0.7652
aneppp✨,ℒ𝓊𝓬𝓴𝔂,0.6563
aneppp✨,⭐zka,0.7738
aneppp✨,𝕬𝖟𝖐𝖆 𝖋𝖔𝖗 𝖞𝖔𝖚,0.7789
aneppp✨,𝘾𝙖𝙡𝙤𝙣 𝙃𝘼𝙅𝙄,0.7598
aneppp✨,𝙎𝘽𝙎 001_𝙨𝙠𝙖𝙮 𝙮𝙚𝙡𝙤𝙬,0.7397
aneppp✨,𝙢𝙖𝙖𝙖𝙖𝙖𝙖𝙨𝙨𝙨𝙠𝙖𝙣𝙣𝙣,0.6768
aneppp✨,🆘,0.6712
angga.f,"elan jangan nakal ya, iya mah",0.703
angga.f,ewong...,0.658
angga.f,fanzz++,0.6559
angga.f,glowupbareng.id,0.679
angga.f,hanipipipip,0.6855
angga.f,jazkyy1233,0.7961
angga.f,kall,0.7029
angga.f,kitekle_,0.7365
angga.f,lekngasu,0.7814
angga.f,luhur budi permana,0.6572
angga.f,mamaz ap,0.6526
angga.f,maswilll,0.6828
angga.f,mnopqrst,0.713
angga.f,mulyati,0.7084
angga.f,pak haji,0.6685
angga.f,rara,0.7224
angga.f,saitama.botak6,0.6995
angga.f,selialls,0.6778
angga.f,tole bf official316,0.7154
angga.f,weird zeze🇩🇪,0.7115
angga.f,⭐zka,0.6621
angga.f,𓏵,0.6582
anggitaaaaaa❤️‍🔥,anisatul,0.7033
anggitaaaaaa❤️‍🔥,anjanikusuma,0.7256
anggitaaaaaa❤️‍🔥,aqila misha,0.7307
anggitaaaaaa❤️‍🔥,arkhnraalfano,0.7139
anggitaaaaaa❤️‍🔥,artati,0.7064
anggitaaaaaa❤️‍🔥,athar aurellio,0.6623
anggitaaaaaa❤️‍🔥,balex ☘️,0.6881
anggitaaaaaa❤️‍🔥,balzz,0.6951
anggitaaaaaa❤️‍🔥,bluestar,0.6915
anggitaaaaaa❤️‍🔥,bowoo,0.6689
anggitaaaaaa❤️‍🔥,b🕸️,0.789
anggitaaaaaa❤️‍🔥,caaa,0.688
anggitaaaaaa❤️‍🔥,chell28,0.6652
anggitaaaaaa❤️‍🔥,danzzz,0.7603
anggitaaaaaa❤️‍🔥,dilzz v2,0.7187
anggitaaaaaa❤️‍🔥,dly,0.6922
anggitaaaaaa❤️‍🔥,do,0.664
anggitaaaaaa❤️‍🔥,donz2nd,0.6964
anggitaaaaaa❤️‍🔥,f,0.7089
anggitaaaaaa❤️‍🔥,fafang🕷️,0.8296
anggitaaaaaa❤️‍🔥,faiz,0.6822
anggitaaaaaa❤️‍🔥,fakri,0.6883
anggitaaaaaa❤️‍🔥,frzardtyaalvro,0.6734
anggitaaaaaa❤️‍🔥,f⚡,0.6907
anggitaaaaaa❤️‍🔥,garangan mulet,0.6591
anggitaaaaaa❤️‍🔥,hpiss,0.6541
anggitaaaaaa❤️‍🔥,hyan,0.6612
anggitaaaaaa❤️‍🔥,hαηs кαккσɪɪ.dnd.,0.7382
anggitaaaaaa❤️‍🔥,i,0.7047
anggitaaaaaa❤️‍🔥,i j a l,0.6759
anggitaaaaaa❤️‍🔥,ibunya ragaf,0.6863
anggitaaaaaa❤️‍🔥,ifaashion.id,0.7525
anggitaaaaaa❤️‍🔥,ig: ?,0.7449
anggitaaaaaa❤️‍🔥,inyong,0.7449
anggitaaaaaa❤️‍🔥,jesiccaaa,0.6733
anggitaaaaaa❤️‍🔥,joviinantaaaa,0.6869
anggitaaaaaa❤️‍🔥,jun santuy,0.6951
anggitaaaaaa❤️‍🔥,"kaa,a",0.7485
anggitaaaaaa❤️‍🔥,kaji,0.6864
anggitaaaaaa❤️‍🔥,keee keee,0.8301
anggitaaaaaa❤️‍🔥,kelzy24,0.7101
anggitaaaaaa❤️‍🔥,kiking,0.7493
anggitaaaaaa❤️‍🔥,kruxill🎃,0.6711
anggitaaaaaa❤️‍🔥,l4ngz_strong,0.8154
anggitaaaaaa❤️‍🔥,lah iya,0.7939
anggitaaaaaa❤️‍🔥,lele_byakar@gmail.comm,0.6774
anggitaaaaaa❤️‍🔥,m. rizqi_,0.7079
anggitaaaaaa❤️‍🔥,mama alzak,0.6521
anggitaaaaaa❤️‍🔥,martati,0.7042
anggitaaaaaa❤️‍🔥,masjack3195,0.6766
anggitaaaaaa❤️‍🔥,mawar hitam 🌹🗡️,0.6915
anggitaaaaaa❤️‍🔥,mawarr,0.7158
anggitaaaaaa❤️‍🔥,mbahnya nafisha dan sava,0.6821
anggitaaaaaa❤️‍🔥,mka. kka,0.6598
anggitaaaaaa❤️‍🔥,muhamad rian,0.7159
anggitaaaaaa❤️‍🔥,mykids,0.7257
anggitaaaaaa❤️‍🔥,ndre4you,0.6607
anggitaaaaaa❤️‍🔥,nggaaa,0.716
anggitaaaaaa❤️‍🔥,nobody,0.6817
anggitaaaaaa❤️‍🔥,nuuuuu,0.6927
anggitaaaaaa❤️‍🔥,ol²²oy,0.6604
anggitaaaaaa❤️‍🔥,p4tooookkkk,0.6728
anggitaaaaaa❤️‍🔥,pak haji,0.7016
anggitaaaaaa❤️‍🔥,patirrrv2🖤,0.7785
anggitaaaaaa❤️‍🔥,patrick bateman,0.7325
anggitaaaaaa❤️‍🔥,pecey yeye,0.8154
anggitaaaaaa❤️‍🔥,princess 💅,0.7847
anggitaaaaaa❤️‍🔥,putz!!,0.6521
anggitaaaaaa❤️‍🔥,r4ndsyh,0.6648
anggitaaaaaa❤️‍🔥,rahmat kartolo,0.6905
anggitaaaaaa❤️‍🔥,reendstore,0.6785
anggitaaaaaa❤️‍🔥,rizzstecu✌️,0.7391
anggitaaaaaa❤️‍🔥,rzl,0.7981
anggitaaaaaa❤️‍🔥,rℹ️k🅾️🅾️🅾️,0.6559
anggitaaaaaa❤️‍🔥,samshl_22,0.7923
anggitaaaaaa❤️‍🔥,sapa bae,0.7879
anggitaaaaaa❤️‍🔥,sara ariska,0.6843
anggitaaaaaa❤️‍🔥,satria 🙌,0.6808
anggitaaaaaa❤️‍🔥,say,0.6524
anggitaaaaaa❤️‍🔥,sayaangaenii❤️‍🔥,0.7131
anggitaaaaaa❤️‍🔥,scc winoww,0.6873
anggitaaaaaa❤️‍🔥,scc.,0.7874
anggitaaaaaa❤️‍🔥,secccfldsuuu21,0.7618
anggitaaaaaa❤️‍🔥,septiana,0.6899
anggitaaaaaa❤️‍🔥,sopo》,0.6733
anggitaaaaaa❤️‍🔥,taxi barang purwokerto,0.6537
anggitaaaaaa❤️‍🔥,the last good man,0.7053
anggitaaaaaa❤️‍🔥,tinnyee,0.7697
anggitaaaaaa❤️‍🔥,tito cans,0.6881
anggitaaaaaa❤️‍🔥,tole bf official316,0.6651
anggitaaaaaa❤️‍🔥,username12375,0.6781
anggitaaaaaa❤️‍🔥,uuppio,0.8122
anggitaaaaaa❤️‍🔥,viann,0.6593
anggitaaaaaa❤️‍🔥,xlx🇮🇲,0.6667
anggitaaaaaa❤️‍🔥,yaraaayaaaa,0.7621
anggitaaaaaa❤️‍🔥,yogaaa21,0.7312
anggitaaaaaa❤️‍🔥,zain,0.668
anggitaaaaaa❤️‍🔥,zaka.ya,0.6897
anggitaaaaaa❤️‍🔥,zannn,0.6992
anggitaaaaaa❤️‍🔥,zazamm,0.688
anggitaaaaaa❤️‍🔥,zrill💥,0.6659
anggitaaaaaa❤️‍🔥,☝️👌👌cc,0.6868
anggitaaaaaa❤️‍🔥,♥,0.7229
anggitaaaaaa❤️‍🔥,𝑱𝒖𝒍𝒊𝒂𝒏𝒏𝒏,0.6625
anggitaaaaaa❤️‍🔥,𝓝𝓪𝔂𝓵𝓪_𝓓.𝓐,0.716
anggitaaaaaa❤️‍🔥,𝕳𝕬𝕴𝕶𝕬𝕷 𝖁1,0.8127
anggitaaaaaa❤️‍🔥,𝖇𝖎𝖎𝖑𝖆,0.6513
anggitaaaaaa❤️‍🔥,𝘿𝙚𝙣,0.6902
anggitaaaaaa❤️‍🔥,𝙾𝚛𝚢𝚣𝚊 𝚂𝚊𝚝𝚒𝚟𝚊 🌾,0.7206
anggitaaaaaa❤️‍🔥,🐦,0.7099
anggitaaaaaa❤️‍🔥,👻hsb👻,0.6572
anggitaaaaaa❤️‍🔥,👾,0.6927
anggitaaaaaa❤️‍🔥,🧋,0.8182
anisatul,anna,0.7303
anisatul,apel❤️,0.6707
anisatul,aqila misha,0.7694
anisatul,ar,0.719
anisatul,arkanan,0.6557
anisatul,arkhnraalfano,0.7875
anisatul,artati,0.6919
anisatul,athar aurellio,0.7146
anisatul,ayurahayu,0.7214
anisatul,aziz,0.6899
anisatul,b,0.7634
anisatul,b saja 👀,0.6926
anisatul,balzz,0.6757
anisatul,betmenn🦸,0.6601
anisatul,bilyy⁰²,0.7012
anisatul,bimo prasetyo,0.712
anisatul,bluestar,0.8311
anisatul,bogel osle,0.7726
anisatul,bowo prast,0.783
anisatul,bowoo,0.7861
anisatul,budi_24,0.6864
anisatul,b★vanss,0.7578
anisatul,b🕸️,0.7889
anisatul,caaa,0.7239
anisatul,cantika deni,0.6692
anisatul,chell28,0.8752
anisatul,chelll,0.7568
anisatul,cingire dava,0.7145
anisatul,danii,0.6914
anisatul,de2x.alk1,0.6588
anisatul,dhanadut_bae16💤,0.6722
anisatul,dhellaxriigod,0.6916
anisatul,diditarifin,0.6764
anisatul,dilzz v2,0.6651
anisatul,dimzz.stecu(setelan.cuwek💢🥶),0.7286
anisatul,dly,0.6652
anisatul,donz2nd,0.7733
anisatul,dubidubidam5,0.6902
anisatul,dwi reny makmoy makm,0.6589
anisatul,dwk,0.7517
anisatul,dân stfu⸸,0.8336
anisatul,dín dlgk?,0.6883
anisatul,edhy soekamto,0.7309
anisatul,el smile,0.8536
anisatul,er,0.6895
anisatul,espede racing,0.7677
anisatul,f,0.8203
anisatul,fafang🕷️,0.7693
anisatul,fakri,0.7027
anisatul,fikaa,0.682
anisatul,finzz★,0.6705
anisatul,frzardtyaalvro,0.7324
anisatul,grandberkahdoaibu,0.7894
anisatul,hermanto,0.7301
anisatul,hibban∆,0.72
anisatul,hii i'm bayy.,0.7453
anisatul,hpiss,0.6646
anisatul,hyan,0.7473
anisatul,hαpiz_boyss⚡,0.7294
anisatul,hαηs кαккσɪɪ.dnd.,0.7749
anisatul,i,0.7492
anisatul,i j a l,0.7262
anisatul,ibunya ragaf,0.8814
anisatul,ifaashion.id,0.7641
anisatul,ig : d4haas.👾,0.7668
anisatul,ig | im_alzz,0.7461
anisatul,ig: ?,0.6844
anisatul,ig:4ufa_l,0.68
anisatul,iis dukha,0.736
anisatul,ikhsan hair,0.6886
anisatul,inyong,0.6844
anisatul,jagoan orangtua,0.6861
anisatul,javrr⚡,0.799
anisatul,jdr,0.7212
anisatul,jepri night🦸,0.6611
anisatul,jesiccaaa,0.7209
anisatul,juvvv,0.6611
anisatul,"kaa,a",0.73
anisatul,kaji,0.8654
anisatul,kang bahar,0.887
anisatul,keee keee,0.6857
anisatul,kelzy24,0.699
anisatul,kian santang,0.6665
anisatul,kin_💫,0.6961
anisatul,kruxill🎃,0.8008
anisatul,l4ngz_strong,0.6754
anisatul,l4nkk,0.7896
anisatul,lah iya,0.7635
anisatul,lele_byakar@gmail.comm,0.8241
anisatul,lihgal18,0.8047
anisatul,mama alzak,0.6692
anisatul,mas_dawet,0.6872
anisatul,masrianto manalu,0.6557
anisatul,mawar hitam 🌹🗡️,0.8311
anisatul,mawarr,0.8119
anisatul,mengomentari postingan anda,0.7089
anisatul,mhrullam,0.6925
anisatul,mka. kka,0.694
anisatul,muhamad rian,0.6504
anisatul,muhammadchilung,0.6841
anisatul,mykids,0.6731
anisatul,nadhiff👾,0.7591
anisatul,narzz🌊🌊,0.6986
anisatul,ndre4you,0.7476
anisatul,nggaaa,0.6703
anisatul,nino,0.668
anisatul,nnaann🔫,0.6565
anisatul,nobody,0.7299
anisatul,nur fadil,0.7537
anisatul,ol²²oy,0.8662
anisatul,oz_,0.7308
anisatul,p4tooookkkk,0.7118
anisatul,padil,0.6956
anisatul,pak haji,0.6859
anisatul,pak haji sara,0.7384
anisatul,patirrrv2🖤,0.7409
anisatul,pecey yeye,0.6754
anisatul,pip2nd🧿,0.713
anisatul,pisangambon,0.6587
anisatul,piscesmod,0.6666
anisatul,praditailhm_,0.8933
anisatul,princess 💅,0.8376
anisatul,put,0.6511
anisatul,qila012,0.8215
anisatul,raf,0.6859
anisatul,rafyy😹,0.6753
anisatul,rahmanpru,0.6879
anisatul,rahmat kartolo,0.7318
anisatul,regialparij,0.6597
anisatul,rempeyek_500🌊,0.7234
anisatul,rfky,0.6934
anisatul,rijakipp,0.6575
anisatul,rizzstecu✌️,0.7114
anisatul,rzl,0.8328
anisatul,rℹ️k🅾️🅾️🅾️,0.7869
anisatul,safi,0.7058
anisatul,samshl_22,0.798
anisatul,sapa bae,0.6943
anisatul,sara ariska,0.8102
anisatul,satria 🙌,0.7626
anisatul,sayaangaenii❤️‍🔥,0.7115
anisatul,scc winoww,0.8264
anisatul,scc.,0.8279
anisatul,secccfldsuuu21,0.7524
anisatul,sendiiisen©📍,0.7162
anisatul,septiana,0.7082
anisatul,si kucing,0.7506
anisatul,sopo》,0.6861
anisatul,sri wahyuningsih,0.6537
anisatul,stecu💤,0.694
anisatul,syaf__👾👾,0.6946
anisatul,tam,0.682
anisatul,tangrajinngaji,0.7355
anisatul,the last good man,0.66
anisatul,theeryoou,0.6665
anisatul,tinnyee,0.8377
anisatul,tofik.putra17,0.7608
anisatul,upin🐼,0.7022
anisatul,user1233833380586,0.6524
anisatul,user13463#457344,0.7376
anisatul,user7098643456,0.667
anisatul,username12375,0.7358
anisatul,uuppio,0.7517
anisatul,va 17hd,0.8413
anisatul,van pablo,0.6521
anisatul,vanooo,0.6746
anisatul,viann,0.9057
anisatul,wo,0.6515
anisatul,wong elek,0.7367
anisatul,ws🪩,0.6542
anisatul,wzrd,0.7194
anisatul,yanuar,0.6719
anisatul,yaraaayaaaa,0.6801
anisatul,yogaaa21,0.8247
anisatul,yyy,0.8176
anisatul,y💥💯                😛,0.6732
anisatul,zaka.ya,0.8062
anisatul,zazamm,0.9112
anisatul,zppcx,0.6519
anisatul,zrill🇦🇱🇦🇱,0.6598
anisatul,zrill💥,0.6894
anisatul,˚ ༘ 🦕𖦹⋆｡˚,0.7673
anisatul,ᴘɪᴋᴀғʀɪᴇᴅᴄʜɪᴄᴋᴇɴ,0.6661
anisatul,⋇⋆✦chelsea ♛┈⛧♡,0.6733
anisatul,★,0.6568
anisatul,☝️👌👌cc,0.8819
anisatul,♥,0.6998
anisatul,✌️,0.7846
anisatul,￴ ￴ ￴  ￴ ￴ ￴ ￴ ￴,0.664
anisatul,𝑱𝒖𝒍𝒊𝒂𝒏𝒏𝒏,0.7473
anisatul,𝓝𝓪𝔂𝓵𝓪_𝓓.𝓐,0.7717
anisatul,𝕳𝕬𝕴𝕶𝕬𝕷 𝖁1,0.761
anisatul,𝖇𝖎𝖎𝖑𝖆,0.6676
anisatul,𝘼𝙇𝙃𝘼𝙆𝙄𝙈𝙕,0.7012
anisatul,𝘿𝙚𝙣,0.7879
anisatul,𝙋𝙍𝙄𝙉𝘾𝙀 15,0.6601
anisatul,𝙡𝙚𝙣𝙜,0.75
anisatul,𝙾𝚛𝚢𝚣𝚊 𝚂𝚊𝚝𝚒𝚟𝚊 🌾,0.6871
anisatul,🏴󠁧󠁢󠁥󠁮󠁧󠁿🏴󠁧󠁢󠁥󠁮󠁧󠁿,0.7827
anisatul,🐣,0.6536
anisatul,🐦,0.7439
anisatul,💩.,0.6669
anisatul,🕊,0.8361
anisatul,🧋,0.7138
anjanikusuma,artati,0.7002
anjanikusuma,b🕸️,0.6851
anjanikusuma,f⚡,0.7202
anjanikusuma,joviinantaaaa,0.6896
anjanikusuma,keee keee,0.6688
anjanikusuma,lah iya,0.6725
anjanikusuma,m. rizqi_,0.687
anjanikusuma,martati,0.7056
anjanikusuma,masjack3195,0.6685
anjanikusuma,mbahnya nafisha dan sava,0.7352
anjanikusuma,muhamad rian,0.7637
anjanikusuma,princess 💅,0.6856
anjanikusuma,rzl,0.6795
anjanikusuma,sara ariska,0.6568
anjanikusuma,sayaangaenii❤️‍🔥,0.7127
anjanikusuma,scc winoww,0.6502
anjanikusuma,secccfldsuuu21,0.6523
anjanikusuma,the last good man,0.7334
anjanikusuma,tinnyee,0.6546
anjanikusuma,tito cans,0.7169
anjanikusuma,uuppio,0.6886
anjanikusuma,yogaaa21,0.6756
anjanikusuma,zannn,0.7458
anjanikusuma,𝕳𝕬𝕴𝕶𝕬𝕷 𝖁1,0.6824
anjanikusuma,𝙾𝚛𝚢𝚣𝚊 𝚂𝚊𝚝𝚒𝚟𝚊 🌾,0.7366
anjanikusuma,🧋,0.704
anna,antika24♊,0.7512
anna,anzzbut🐊,0.7262
anna,aris fd,0.7071
anna,arkanan,0.6841
anna,atbqu25,0.655
anna,ayurahayu,0.7773
anna,aziz,0.6741
anna,b saja 👀,0.7597
anna,b4ng_zam,0.7176
anna,betmenn🦸,0.7726
anna,bilyy⁰²,0.8007
anna,bimo prasetyo,0.6561
anna,cahyoo☄️,0.6732
anna,cantika deni,0.803
anna,chell28,0.7141
anna,cionnnn➰,0.743
anna,danii,0.7997
anna,dhellaxriigod,0.7465
anna,dilahhh,0.7194
anna,donz2nd,0.7464
anna,dubidubidam5,0.7529
anna,dwi reny makmoy makm,0.757
anna,dín dlgk?,0.673
anna,dɹısɐɐɐ,0.7155
anna,edhy soekamto,0.869
anna,el smile,0.6645
anna,ens,0.7534
anna,er,0.6654
anna,espede racing,0.7214
anna,fakri,0.6622
anna,fauzannn,0.7005
anna,ffi🕷️,0.7043
anna,fikaa,0.6971
anna,fin.,0.7224
anna,frzardtyaalvro,0.6701
anna,genjur,0.6686
anna,genzzz,0.6651
anna,hamka resna,0.666
anna,hermanto,0.7394
anna,hibban∆,0.7604
anna,hii i'm bayy.,0.6777
anna,ibunya ragaf,0.6663
anna,ifaashion.id,0.6949
anna,ig : d4haas.👾,0.7553
anna,ig | im_alzz,0.728
anna,ikhsan hair,0.6584
anna,im.p4yeng!!,0.7197
anna,inisial.b,0.7212
anna,javrr⚡,0.6966
anna,jepri night🦸,0.7681
anna,juvvv,0.7192
anna,kang bahar,0.6691
anna,kelzy24,0.6549
anna,kian santang,0.6675
anna,"kicau mania""😷✌",0.7025
anna,kii,0.7216
anna,kin_💫,0.7637
anna,lah?kenapa?,0.6826
anna,leo,0.6559
anna,mama alzak,0.7185
anna,mas_dawet,0.7481
anna,masayu,0.6791
anna,mengomentari postingan anda,0.7027
anna,mvinta,0.7084
anna,nar setecu🌀💤🌊,0.6634
anna,narzz🌊🌊,0.693
anna,nino,0.6581
anna,nnaann🔫,0.6735
anna,nobody,0.6611
anna,nur fadil,0.6712
anna,nuuuu,0.6724
anna,oz_,0.7187
anna,padil,0.7483
anna,pak haji sara,0.7441
anna,pangeran k,0.6698
anna,pip2nd🧿,0.8292
anna,pisangambon,0.6605
anna,piscesmod,0.7604
anna,praditailhm_,0.7214
anna,princess 💅,0.6934
anna,put,0.7188
anna,qila012,0.7024
anna,raffiii162,0.6526
anna,regialparij,0.7549
anna,rempeyek_500🌊,0.7952
anna,rfky,0.8377
anna,rijakipp,0.7179
anna,rzl,0.6588
anna,sabiantiwulariata,0.6759
anna,safi,0.6988
anna,samshl_22,0.6702
anna,satria 🙌,0.6811
anna,satyaa ✦,0.8048
anna,secccfldsuuu21,0.6722
anna,set? iy syng,0.6806
anna,si kucing,0.8335
anna,sn0w,0.7205
anna,stecu💤,0.7882
anna,syaf__👾👾,0.6917
anna,tam,0.7055
anna,taxi barang purwokerto,0.705
anna,teteh_jawa,0.7146
anna,tofik.putra17,0.707
anna,user7098643456,0.7478
anna,va 17hd,0.672
anna,viann,0.7201
anna,vittss..,0.6683
anna,vnn$fomo,0.6633
anna,wiindoc,0.6537
anna,wongwonganmumet,0.7089
anna,ws🪩,0.7111
anna,wzrd,0.7115
anna,yaraaayaaaa,0.6683
anna,yyy,0.7258
anna,y💥💯                😛,0.7668
anna,z4kk🇦🇱🇦🇱,0.694
anna,zaall,0.7642
anna,zain,0.7486
anna,zaka.ya,0.6843
anna,zazamm,0.6882
anna,zeniperr,0.7084
anna,ɴᴀᴛ,0.7162
anna,˚ ༘ 🦕𖦹⋆｡˚,0.7499
anna,⋇⋆✦chelsea ♛┈⛧♡,0.7138
anna,★,0.7353
anna,❤️🐦‍⬛bralingxbonek🐊💚,0.6667
anna,️dika_sajah,0.7586
anna,￴ ￴ ￴  ￴ ￴ ￴ ￴ ￴,0.7071
anna,𝕳𝕬𝕴𝕶𝕬𝕷 𝖁1,0.6935
anna,𝙡𝙚𝙣𝙜,0.7405
anna,𝙧𝙖𝙙𝙚𝙣𝙣𝙠𝙪𝙘𝙞𝙩𝙩🌊,0.7136
anna,💋,0.7589
anna,🕊,0.7174
annayully,arz👾🪄,0.6825
annayully,gesang wl,0.6597
annayully,hamka resna,0.7123
annayully,tuty ra,0.6845
annayully,マᥱž𝚊,0.6803
antika24♊,anzzbut🐊,0.7119
antika24♊,aris fd,0.7976
antika24♊,arkanan,0.6595
antika24♊,ayurahayu,0.6563
antika24♊,b saja 👀,0.785
antika24♊,betmenn🦸,0.7272
antika24♊,bilyy⁰²,0.6824
antika24♊,bogel osle,0.7244
antika24♊,cantika deni,0.7767
antika24♊,cingire dava,0.69
antika24♊,cionnnn➰,0.6943
antika24♊,danii,0.6806
antika24♊,dhellaxriigod,0.6583
antika24♊,dilahhh,0.7441
antika24♊,donz2nd,0.6756
antika24♊,dubidubidam5,0.7922
antika24♊,dwi reny makmoy makm,0.6596
antika24♊,dwk,0.6799
antika24♊,dín dlgk?,0.6514
antika24♊,dɹısɐɐɐ,0.6761
antika24♊,edhy soekamto,0.7307
antika24♊,ens,0.7159
antika24♊,espede racing,0.7085
antika24♊,faiqqqqqqq,0.7141
antika24♊,farrel,0.6677
antika24♊,ffi🕷️,0.715
antika24♊,fikaa,0.6949
antika24♊,fin.,0.7008
antika24♊,fwarelll123,0.717
antika24♊,genjur,0.6769
antika24♊,genzzz,0.6555
antika24♊,hermanto,0.745
antika24♊,hibban∆,0.7483
antika24♊,hii i'm bayy.,0.6965
antika24♊,ig : d4haas.👾,0.6857
antika24♊,iis dukha,0.6621
antika24♊,inieidan,0.6874
antika24♊,inisial.b,0.6585
antika24♊,ivx.ixxi_vii~,0.66
antika24♊,javrr⚡,0.6754
antika24♊,jepri night🦸,0.788
antika24♊,kang bahar,0.6521
antika24♊,kian santang,0.6996
antika24♊,"kicau mania""😷✌",0.729
antika24♊,l4nkk,0.6834
antika24♊,leo,0.7771
antika24♊,masayu,0.6835
antika24♊,mhrullam,0.6642
antika24♊,mmmmm,0.7371
antika24♊,mommy bibiel,0.6948
antika24♊,mvinta,0.7373
antika24♊,naa_,0.6612
antika24♊,nar setecu🌀💤🌊,0.6578
antika24♊,narzz🌊🌊,0.6914
antika24♊,neyymar kee jakarta,0.6935
antika24♊,oz_,0.7228
antika24♊,p4tooookkkk,0.7011
antika24♊,padil,0.7185
antika24♊,pip2nd🧿,0.6928
antika24♊,piscesmod,0.6808
antika24♊,praditailhm_,0.697
antika24♊,put,0.7019
antika24♊,qila012,0.7035
antika24♊,rafyy😹,0.6839
antika24♊,rempeyek_500🌊,0.6897
antika24♊,rfky,0.7345
antika24♊,rijakipp,0.8104
antika24♊,satyaa ✦,0.6642
antika24♊,sendiiisen©📍,0.6561
antika24♊,si kucing,0.7438
antika24♊,superman,0.6701
antika24♊,talasku99,0.6672
antika24♊,tam,0.6936
antika24♊,tofik.putra17,0.6649
antika24♊,user7098643456,0.6596
antika24♊,va 17hd,0.6568
antika24♊,viann,0.693
antika24♊,vittss..,0.6666
antika24♊,wiindoc,0.6824
antika24♊,wo,0.6853
antika24♊,wongwonganmumet,0.6973
antika24♊,ws🪩,0.7332
antika24♊,wzrd,0.7434
antika24♊,yanuar,0.6547
antika24♊,y💥💯                😛,0.7873
antika24♊,zaall,0.6644
antika24♊,zaka.ya,0.6529
antika24♊,zarr★,0.6811
antika24♊,zrill🇦🇱🇦🇱,0.6616
antika24♊,˚ ༘ 🦕𖦹⋆｡˚,0.6607
antika24♊,⋇⋆✦chelsea ♛┈⛧♡,0.8222
antika24♊,★,0.7624
antika24♊,ザキ・アルディアンシア,0.6782
antika24♊,윙고🇲🇨🇰🇷,0.6971
antika24♊,️dika_sajah,0.7318
antika24♊,￴,0.6667
antika24♊,￴ ￴ ￴  ￴ ￴ ￴ ￴ ￴,0.6837
antika24♊,𝙋𝙍𝙄𝙉𝘾𝙀 15,0.7284
antika24♊,𝙡𝙚𝙣𝙜,0.7009
antika24♊,𝙧𝙖𝙙𝙚𝙣𝙣𝙠𝙪𝙘𝙞𝙩𝙩🌊,0.7385
antika24♊,💋,0.6613
antika24♊,🕊,0.6852
anzzbut🐊,apel❤️,0.6545
anzzbut🐊,aris fd,0.6958
anzzbut🐊,arkanan,0.7015
anzzbut🐊,arul empat huruf,0.7025
anzzbut🐊,aton bae🚀🚀,0.6947
anzzbut🐊,ayas hafddz,0.692
anzzbut🐊,ayurahayu,0.7065
anzzbut🐊,aziz,0.6586
anzzbut🐊,b,0.6561
anzzbut🐊,b saja 👀,0.7459
anzzbut🐊,bagasmorgan,0.7041
anzzbut🐊,balzz,0.6775
anzzbut🐊,betmenn🦸,0.7795
anzzbut🐊,bian aja,0.6629
anzzbut🐊,bidzz😶‍🌫️😶‍🌫️,0.7569
anzzbut🐊,bilyy⁰²,0.6686
anzzbut🐊,bimbim,0.6671
anzzbut🐊,bogel osle,0.6648
anzzbut🐊,b★vanss,0.6783
anzzbut🐊,cantika deni,0.7763
anzzbut🐊,celukbae abid 😃😁@?,0.6796
anzzbut🐊,cingire dava,0.6896
anzzbut🐊,cionnnn➰,0.714
anzzbut🐊,d4nnnnn23_4,0.6953
anzzbut🐊,danii,0.6953
anzzbut🐊,danu.,0.7181
anzzbut🐊,dhellaxriigod,0.6639
anzzbut🐊,dilahhh,0.7028
anzzbut🐊,donz2nd,0.7271
anzzbut🐊,dubidubidam5,0.6899
anzzbut🐊,dwi reny makmoy makm,0.6815
anzzbut🐊,dwk,0.6757
anzzbut🐊,dín dlgk?,0.758
anzzbut🐊,dɹısɐɐɐ,0.7396
anzzbut🐊,edhy soekamto,0.709
anzzbut🐊,ens,0.7308
anzzbut🐊,espede racing,0.6936
anzzbut🐊,faiqqqqqqq,0.7232
anzzbut🐊,fakri,0.6596
anzzbut🐊,farrel,0.6956
anzzbut🐊,febriansyah,0.6907
anzzbut🐊,fens nasa 🇺🇸🚀,0.6703
anzzbut🐊,ffi🕷️,0.7333
anzzbut🐊,fikaa,0.6501
anzzbut🐊,fin.,0.7244
anzzbut🐊,genjur,0.7756
anzzbut🐊,genzzz,0.7397
anzzbut🐊,gh4ny1,0.6552
anzzbut🐊,gtww,0.6666
anzzbut🐊,hamka resna,0.6535
anzzbut🐊,hermanto,0.7263
anzzbut🐊,hii i'm bayy.,0.6712
anzzbut🐊,hαpiz_boyss⚡,0.6659
anzzbut🐊,ifaashion.id,0.6796
anzzbut🐊,ig : d4haas.👾,0.7367
anzzbut🐊,ig:4ufa_l,0.6661
anzzbut🐊,im.p4yeng!!,0.6838
anzzbut🐊,inieidan,0.7044
anzzbut🐊,jagoan orangtua,0.6651
anzzbut🐊,javrr⚡,0.7107
anzzbut🐊,jepri night🦸,0.7509
anzzbut🐊,just friend🙂,0.6519
anzzbut🐊,juvvv,0.6706
anzzbut🐊,kib3nk_ta,0.6815
anzzbut🐊,"kicau mania""😷✌",0.7128
anzzbut🐊,kin_💫,0.6536
anzzbut🐊,kkpann!,0.7011
anzzbut🐊,kojek,0.6515
anzzbut🐊,lah?kenapa?,0.6705
anzzbut🐊,leo,0.7095
anzzbut🐊,mas_dawet,0.6684
anzzbut🐊,masayu,0.6936
anzzbut🐊,mengomentari postingan anda,0.6701
anzzbut🐊,mhrullam,0.6814
anzzbut🐊,mmmmm,0.7203
anzzbut🐊,mommy bibiel,0.7798
anzzbut🐊,muhammadchilung,0.7007
anzzbut🐊,mvinta,0.6874
anzzbut🐊,naa_,0.6877
anzzbut🐊,nadhiff👾,0.6658
anzzbut🐊,nar setecu🌀💤🌊,0.6578
anzzbut🐊,narzz🌊🌊,0.7032
anzzbut🐊,neyymar kee jakarta,0.6624
anzzbut🐊,nnaann🔫,0.6856
anzzbut🐊,nobody,0.6658
anzzbut🐊,nuuuu,0.6575
anzzbut🐊,oz_,0.6913
anzzbut🐊,p4tooookkkk,0.6736
anzzbut🐊,padil,0.723
anzzbut🐊,pangeran k,0.6674
anzzbut🐊,pip2nd🧿,0.6912
anzzbut🐊,pisangambon,0.6938
anzzbut🐊,praditailhm_,0.6738
anzzbut🐊,put,0.7393
anzzbut🐊,qila012,0.7008
anzzbut🐊,r,0.6882
anzzbut🐊,raf,0.7045
anzzbut🐊,raffiii162,0.658
anzzbut🐊,regialparij,0.6744
anzzbut🐊,rempeyek_500🌊,0.7063
anzzbut🐊,rfky,0.7062
anzzbut🐊,rijakipp,0.702
anzzbut🐊,rivann.ahah,0.6658
anzzbut🐊,rpk1,0.6537
anzzbut🐊,rℹ️k🅾️🅾️🅾️,0.676
anzzbut🐊,sabitulyz,0.7159
anzzbut🐊,safi,0.7039
anzzbut🐊,satria 🙌,0.7381
anzzbut🐊,satyaa ✦,0.6984
anzzbut🐊,sendiiisen©📍,0.6932
anzzbut🐊,set? iy syng,0.6697
anzzbut🐊,si kucing,0.7026
anzzbut🐊,single era,0.7163
anzzbut🐊,sleep the saunt,0.6621
anzzbut🐊,sn0w,0.6787
anzzbut🐊,srylee,0.6538
anzzbut🐊,stecu💤,0.7456
anzzbut🐊,syaf__👾👾,0.719
anzzbut🐊,talasku99,0.7159
anzzbut🐊,tam,0.7284
anzzbut🐊,taxi barang purwokerto,0.6648
anzzbut🐊,teteh_jawa,0.6979
anzzbut🐊,tofik.putra17,0.7164
anzzbut🐊,user13463#457344,0.6618
anzzbut🐊,user7098643456,0.7091
anzzbut🐊,va 17hd,0.669
anzzbut🐊,van pablo,0.6685
anzzbut🐊,viann,0.707
anzzbut🐊,vittss..,0.711
anzzbut🐊,wiindoc,0.7069
anzzbut🐊,wong elek,0.657
anzzbut🐊,wongwonganmumet,0.7105
anzzbut🐊,ws🪩,0.7512
anzzbut🐊,wzrd,0.703
anzzbut🐊,yesakiw,0.6567
anzzbut🐊,yyy,0.7218
anzzbut🐊,y💥💯                😛,0.711
anzzbut🐊,z4kk🇦🇱🇦🇱,0.7529
anzzbut🐊,zaall,0.6947
anzzbut🐊,zain,0.7177
anzzbut🐊,zaka.ya,0.6629
anzzbut🐊,zarr★,0.6533
anzzbut🐊,zazamm,0.6566
anzzbut🐊,zeniperr,0.6842
anzzbut🐊,zrill🇦🇱🇦🇱,0.7021
anzzbut🐊,ɴᴀᴛ,0.6691
anzzbut🐊,˚ ༘ 🦕𖦹⋆｡˚,0.7054
anzzbut🐊,فەیزال,0.6867
anzzbut🐊,™.yunz ★ 447.¥,0.6867
anzzbut🐊,⋇⋆✦chelsea ♛┈⛧♡,0.7544
anzzbut🐊,★,0.7405
anzzbut🐊,⛓️,0.664
anzzbut🐊,✧saged🌊,0.6756
anzzbut🐊,ザキ・アルディアンシア,0.6624
anzzbut🐊,꧁epep꧂,0.6504
anzzbut🐊,윙고🇲🇨🇰🇷,0.7038
anzzbut🐊,️dika_sajah,0.7307
anzzbut🐊,￴,0.7452
anzzbut🐊,￴ ￴ ￴  ￴ ￴ ￴ ￴ ￴,0.6886
anzzbut🐊,￴￴,0.7028
anzzbut🐊,𝐫𝐢𝐝𝐨𝐨🕊️,0.6703
anzzbut🐊,𝕳𝕬𝕴𝕶𝕬𝕷 𝖁1,0.6793
anzzbut🐊,𝕶𝖞𝖓𝖟𝖟,0.6655
anzzbut🐊,𝘼𝙇𝙃𝘼𝙆𝙄𝙈𝙕,0.6509
anzzbut🐊,𝘿𝙚𝙣,0.6564
anzzbut🐊,𝙋𝙍𝙄𝙉𝘾𝙀 15,0.7135
anzzbut🐊,𝙖𝙩𝙨𝙨,0.6999
anzzbut🐊,𝙡𝙚𝙣𝙜,0.7876
anzzbut🐊,𝙧𝙖𝙙𝙚𝙣𝙣𝙠𝙪𝙘𝙞𝙩𝙩🌊,0.71
anzzbut🐊,🐣,0.6666
anzzbut🐊,💋,0.787
anzzbut🐊,🕊,0.7386
anzzbut🐊,😡,0.7026
apa coba,aqila misha,0.7402
apa coba,bang duttz,0.7793
apa coba,bluestar,0.7839
apa coba,budi_24,0.6763
apa coba,dilzz v2,0.6724
apa coba,elyraa,0.7377
apa coba,enan_25,0.8363
apa coba,fkhri,0.7956
apa coba,grandberkahdoaibu,0.6847
apa coba,gudeg bu rudy klampok ✨✨,0.761
apa coba,hi_ndraa,0.8363
apa coba,ig :_17rrif★,0.6696
apa coba,kaji,0.7109
apa coba,kruxill🎃,0.7412
apa coba,lah iya,0.6853
apa coba,laris manis store,0.6593
apa coba,lele_byakar@gmail.comm,0.672
apa coba,mawar hitam 🌹🗡️,0.7839
apa coba,mbuhsapa🤥,0.6696
apa coba,noellnr🍒,0.6696
apa coba,ol²²oy,0.7121
apa coba,ovii ..,0.6613
apa coba,ranji💤,0.6548
apa coba,rio,1.0
apa coba,rizzstecu✌️,0.6774
apa coba,slowhand,0.7473
apa coba,tinnyee,0.7355
apa coba,username12375,0.8367
apa coba,vnn$fomo,0.6514
apa coba,wdyt_,0.7338
apa coba,yogaaa21,0.7126
apa coba,z4m,0.7302
apa coba,zppcx,0.6864
apa coba,ಠ_ರೃ,0.8066
apa coba,☝️👌👌cc,0.7438
apa coba,♥,0.7816
apa coba,🏴󠁧󠁢󠁥󠁮󠁧󠁿🏴󠁧󠁢󠁥󠁮󠁧󠁿,0.6747
apa coba,🐦,0.7224
apel❤️,aziz,0.7184
apel❤️,b,0.6537
apel❤️,balzz,0.6588
apel❤️,bluestar,0.6948
apel❤️,b★vanss,0.7431
apel❤️,chell28,0.6898
apel❤️,chelll,0.7212
apel❤️,cingire dava,0.7321
apel❤️,dimzz.stecu(setelan.cuwek💢🥶),0.681
apel❤️,donz2nd,0.684
apel❤️,dwk,0.6959
apel❤️,dân stfu⸸,0.8051
apel❤️,dín dlgk?,0.7386
apel❤️,el smile,0.6745
apel❤️,er,0.6818
apel❤️,fakri,0.6986
apel❤️,febriansyah,0.6566
apel❤️,fens nasa 🇺🇸🚀,0.674
apel❤️,ffi🕷️,0.6656
apel❤️,fikaa,0.6692
apel❤️,genzzz,0.6733
apel❤️,hermanto,0.6646
apel❤️,hibban∆,0.719
apel❤️,hii i'm bayy.,0.6703
apel❤️,hαpiz_boyss⚡,0.7372
apel❤️,i,0.6541
apel❤️,ibunya ragaf,0.7454
apel❤️,ig : d4haas.👾,0.7837
apel❤️,ig:4ufa_l,0.7091
apel❤️,ikhsan hair,0.7043
apel❤️,im.p4yeng!!,0.6743
apel❤️,inieidan,0.7002
apel❤️,ivx.ixxi_vii~,0.703
apel❤️,javrr⚡,0.7361
apel❤️,kang bahar,0.6993
apel❤️,kib3nk_ta,0.6795
apel❤️,kin_💫,0.7025
apel❤️,kruxill🎃,0.6696
apel❤️,lah?kenapa?,0.7191
apel❤️,lele_byakar@gmail.comm,0.7166
apel❤️,mawar hitam 🌹🗡️,0.6948
apel❤️,mommy bibiel,0.6965
apel❤️,muhammadchilung,0.6685
apel❤️,mvinta,0.6536
apel❤️,narzz🌊🌊,0.697
apel❤️,nur fadil,0.6799
apel❤️,nuuuu,0.6537
apel❤️,ol²²oy,0.6853
apel❤️,praditailhm_,0.7082
apel❤️,qila012,0.7345
apel❤️,rafyy😹,0.6515
apel❤️,rℹ️k🅾️🅾️🅾️,0.7678
apel❤️,safi,0.7169
apel❤️,satria 🙌,0.6748
apel❤️,scc winoww,0.7183
apel❤️,secccfldsuuu21,0.6585
apel❤️,sendiiisen©📍,0.7099
apel❤️,set? iy syng,0.6531
apel❤️,stecu💤,0.6926
apel❤️,syaf__👾👾,0.7212
apel❤️,talasku99,0.7512
apel❤️,tam,0.6741
apel❤️,teteh_jawa,0.6893
apel❤️,theeryoou,0.6562
apel❤️,tofik.putra17,0.6616
apel❤️,upin🐼,0.6598
apel❤️,user7098643456,0.7003
apel❤️,va 17hd,0.6901
apel❤️,vanooo,0.6536
apel❤️,varkon🚀🚀,0.7145
apel❤️,viann,0.6606
apel❤️,vittss..,0.7088
apel❤️,wiindoc,0.6799
apel❤️,ws🪩,0.6924
apel❤️,wtf.prilz,0.7029
apel❤️,yyy,0.6937
apel❤️,zazamm,0.6577
apel❤️,zeniperr,0.7077
apel❤️,ɴᴀᴛ,0.7045
apel❤️,˚ ༘ 🦕𖦹⋆｡˚,0.7173
apel❤️,⋇⋆✦chelsea ♛┈⛧♡,0.6931
apel❤️,☝️👌👌cc,0.6794
apel❤️,윙고🇲🇨🇰🇷,0.7505
apel❤️,️dika_sajah,0.6732
apel❤️,￴ ￴ ￴  ￴ ￴ ￴ ￴ ￴,0.6613
apel❤️,￴￴,0.6658
apel❤️,𝕳𝕬𝕴𝕶𝕬𝕷 𝖁1,0.6686
apel❤️,𝙋𝙍𝙄𝙉𝘾𝙀 15,0.6838
apel❤️,𝙡𝙚𝙣𝙜,0.7862
apel❤️,🐣,0.7676
apel❤️,💋,0.6817
apel❤️,🕊,0.7907
aqiel tsany,ariepp,0.6554
aqiel tsany,azziffsyazly@ official.,0.7023
aqiel tsany,biann,0.6789
aqiel tsany,capcipcup🕊️,0.6806
aqiel tsany,chikotila,0.6733
aqiel tsany,danzzz,0.7606
aqiel tsany,dedi intan,0.6814
aqiel tsany,deni,0.7235
aqiel tsany,dhafin &aja (@#),0.6651
aqiel tsany,dilzz v2,0.6593
aqiel tsany,dip_16,0.6763
aqiel tsany,ditzzganteng,0.7021
aqiel tsany,dly,0.6649
aqiel tsany,dvaaa,0.6604
aqiel tsany,fahri..☘️☘️,0.7235
aqiel tsany,faiz,0.6653
aqiel tsany,"fendaaa,,",0.6654
aqiel tsany,fkhri,0.704
aqiel tsany,hamz storee,0.6781
aqiel tsany,hilman,0.6785
aqiel tsany,ig :_17rrif★,0.6984
aqiel tsany,jok,0.7535
aqiel tsany,joller🇦🇱,0.6651
aqiel tsany,kh,0.6822
aqiel tsany,kiking,0.7012
aqiel tsany,king persija,0.6676
aqiel tsany,mbuhsapa🤥,0.6984
aqiel tsany,mulyati,0.6617
aqiel tsany,na.,0.6778
aqiel tsany,naufabyktsr,0.7444
aqiel tsany,ngọc,0.6861
aqiel tsany,nick!!!,0.6616
aqiel tsany,noellnr🍒,0.6782
aqiel tsany,nuuuuu,0.6582
aqiel tsany,nyong,0.6651
aqiel tsany,opangpar,0.6914
aqiel tsany,p1n,0.6988
aqiel tsany,panggil vans✌️,0.7544
aqiel tsany,panglima boncoz,0.6538
aqiel tsany,parell✈️💤,0.6651
aqiel tsany,pdpputragemilang!,0.6716
aqiel tsany,pikaars?,0.6824
aqiel tsany,proo,0.6651
aqiel tsany,railfans ngapak🅥,0.6532
aqiel tsany,ranji💤,0.7256
aqiel tsany,rass.,0.6651
aqiel tsany,reval soso,0.7487
aqiel tsany,say,0.7922
aqiel tsany,sestu,0.7535
aqiel tsany,syakila pbg,0.7535
aqiel tsany,tll,0.672
aqiel tsany,username12375,0.6653
aqiel tsany,vinza,0.6917
aqiel tsany,wdyt_,0.6939
aqiel tsany,wong gringsing,0.7535
aqiel tsany,xlx🇮🇲,0.7523
aqiel tsany,y🅰️hya?,0.6763
aqiel tsany,z4m,0.6732
aqiel tsany,zannn,0.6527
aqiel tsany,~~boyszzarddd~~ardboysss🇦🇱🪩,0.7444
aqiel tsany,ಠ_ರೃ,0.6609
aqiel tsany,່,0.6651
aqiel tsany,▪️,0.6703
aqiel tsany,✧-ta_kepkat,0.6686
aqiel tsany,❤️💛💚,0.6771
aqiel tsany,𓏵,0.6528
aqiel tsany,𝑦𝑦𝑦𝑦,0.6763
aqiel tsany,"𝖂𝖍𝖔'𝕾,𝕭𝖗𝖆𝖓රධ",0.671
aqiel tsany,𝗕𝗠𝗞𝗚,0.6651
aqiel tsany,𝘁𝗿ē𝗻𝗱à𝗻𝘇𝘅,0.6651
aqiel tsany,👻,0.7038
aqiel tsany,👾,0.6582
aqiel tsany,💫,0.6909
aqiel tsany,🔥theeam3ll⚡,0.6804
aqila misha,arkanan,0.6709
aqila misha,arkhnraalfano,0.7894
aqila misha,athar aurellio,0.79
aqila misha,b,0.7097
aqila misha,balex ☘️,0.7202
aqila misha,balzz,0.6983
aqila misha,bluestar,0.8794
aqila misha,bobin,0.6592
aqila misha,bowo prast,0.7253
aqila misha,bowoo,0.6779
aqila misha,b★vanss,0.7711
aqila misha,b🕸️,0.7832
aqila misha,caaa,0.8803
aqila misha,cahyoo☄️,0.6801
aqila misha,chell28,0.7188
aqila misha,chelll,0.6835
aqila misha,cionnnn➰,0.6611
aqila misha,danzzz,0.7002
aqila misha,diditarifin,0.6609
aqila misha,dilzz v2,0.8445
aqila misha,dimzz.stecu(setelan.cuwek💢🥶),0.7386
aqila misha,dly,0.6896
aqila misha,donz2nd,0.7347
aqila misha,dwi reny makmoy makm,0.7467
aqila misha,dwk,0.6716
aqila misha,dân stfu⸸,0.7383
aqila misha,dín dlgk?,0.6558
aqila misha,edhy soekamto,0.6898
aqila misha,el smile,0.6973
aqila misha,elyraa,0.6957
aqila misha,enan_25,0.7111
aqila misha,espede racing,0.6769
aqila misha,f,0.6799
aqila misha,faaa12,0.6505
aqila misha,fafang🕷️,0.6656
aqila misha,faiz,0.6694
aqila misha,finzz★,0.6882
aqila misha,fkhri,0.6545
aqila misha,frzardtyaalvro,0.7819
aqila misha,f⚡,0.7323
aqila misha,garangan mulet,0.6967
aqila misha,genzzz,0.6591
aqila misha,grandberkahdoaibu,0.7676
aqila misha,gudeg bu rudy klampok ✨✨,0.7019
aqila misha,hi_ndraa,0.7111
aqila misha,hilman,0.6667
aqila misha,hpiss,0.7343
aqila misha,hyan,0.6905
aqila misha,i,0.6855
aqila misha,i j a l,0.6897
aqila misha,ibunya ragaf,0.8169
aqila misha,ig : d4haas.👾,0.6642
aqila misha,ig: ?,0.8321
aqila misha,ikhsan hair,0.6691
aqila misha,im.p4yeng!!,0.6577
aqila misha,inyong,0.8321
aqila misha,jagoan orangtua,0.6865
aqila misha,javrr⚡,0.7445
aqila misha,jesiccaaa,0.8539
aqila misha,joviinantaaaa,0.6575
aqila misha,jun santuy,0.6703
aqila misha,"kaa,a",0.7831
aqila misha,kaji,0.7786
aqila misha,kang bahar,0.7019
aqila misha,keee keee,0.6795
aqila misha,kelzy24,0.6721
aqila misha,kiking,0.8044
aqila misha,kruxill🎃,0.8505
aqila misha,kuwi4526,0.7056
aqila misha,l4ngz_strong,0.6573
aqila misha,lah iya,0.8821
aqila misha,lele_byakar@gmail.comm,0.8295
aqila misha,lihgal18,0.7056
aqila misha,m. rizqi_,0.6718
aqila misha,masrianto manalu,0.6573
aqila misha,mawar hitam 🌹🗡️,0.8794
aqila misha,mawarr,0.6906
aqila misha,mengomentari postingan anda,0.698
aqila misha,mhrullam,0.7274
aqila misha,mka. kka,0.6948
aqila misha,muhamad rian,0.7028
aqila misha,muhammadchilung,0.6578
aqila misha,nadhiff👾,0.6919
aqila misha,ndre4you,0.7112
aqila misha,nino,0.6794
aqila misha,nnaann🔫,0.65
aqila misha,nobody,0.8327
aqila misha,nuuuuu,0.7402
aqila misha,ol²²oy,0.8294
aqila misha,oz_,0.6773
aqila misha,p4tooookkkk,0.7161
aqila misha,pak haji,0.7691
aqila misha,pecey yeye,0.6573
aqila misha,pip2nd🧿,0.701
aqila misha,praditailhm_,0.6964
aqila misha,princess 💅,0.7249
aqila misha,qila012,0.7056
aqila misha,r4ndsyh,0.6604
aqila misha,raa 👧🏻,0.7137
aqila misha,rahmanpru,0.6783
aqila misha,rahmat kartolo,0.7265
aqila misha,reendstore,0.668
aqila misha,rempeyek_500🌊,0.6553
aqila misha,rio,0.7402
aqila misha,rizzstecu✌️,0.8606
aqila misha,rzl,0.7297
aqila misha,rℹ️k🅾️🅾️🅾️,0.7715
aqila misha,safi,0.6898
aqila misha,sapa bae,0.7124
aqila misha,sara ariska,0.6869
aqila misha,satria 🙌,0.7931
aqila misha,sayaangaenii❤️‍🔥,0.6638
aqila misha,scc winoww,0.774
aqila misha,scc.,0.77
aqila misha,secccfldsuuu21,0.7673
aqila misha,septiana,0.7377
aqila misha,sopo》,0.7495
aqila misha,stecu💤,0.6801
aqila misha,the last good man,0.6986
aqila misha,theeryoou,0.6721
aqila misha,tinnyee,0.8454
aqila misha,tofik.putra17,0.7876
aqila misha,upin🐼,0.6557
aqila misha,user1233833380586,0.6594
aqila misha,username12375,0.8084
aqila misha,uuppio,0.6512
aqila misha,va 17hd,0.6841
aqila misha,viann,0.6947
aqila misha,vinss,0.6746
aqila misha,vnn$fomo,0.6893
aqila misha,weird zeze🇩🇪,0.6505
aqila misha,ws🪩,0.6538
aqila misha,yaraaayaaaa,0.7269
aqila misha,yogaaa21,0.8354
aqila misha,yyy,0.6705
aqila misha,zaall,0.6629
aqila misha,zain,0.7354
aqila misha,zaka.ya,0.8067
aqila misha,zannn,0.7593
aqila misha,zazamm,0.7582
aqila misha,zppcx,0.7035
aqila misha,zrill🇦🇱🇦🇱,0.6953
aqila misha,zrill💥,0.7187
aqila misha,àlwàysdip,0.671
aqila misha,ɴᴀᴛ,0.6606
aqila misha,˚ ༘ 🦕𖦹⋆｡˚,0.6988
aqila misha,تسلق,0.6909
aqila misha,ᴘɪᴋᴀғʀɪᴇᴅᴄʜɪᴄᴋᴇɴ,0.6727
aqila misha,☝️👌👌cc,0.8226
aqila misha,♥,0.9266
aqila misha,マᥱž𝚊,0.6879
aqila misha,𝑱𝒖𝒍𝒊𝒂𝒏𝒏𝒏,0.7595
aqila misha,𝓝𝓪𝔂𝓵𝓪_𝓓.𝓐,0.8447
aqila misha,𝕳𝕬𝕴𝕶𝕬𝕷 𝖁1,0.7504
aqila misha,𝘼𝙇𝙃𝘼𝙆𝙄𝙈𝙕,0.6616
aqila misha,𝘿𝙚𝙣,0.7755
aqila misha,𝙡𝙚𝙣𝙜,0.6526
aqila misha,𝙾𝚛𝚢𝚣𝚊 𝚂𝚊𝚝𝚒𝚟𝚊 🌾,0.7488
aqila misha,🏴󠁧󠁢󠁥󠁮󠁧󠁿🏴󠁧󠁢󠁥󠁮󠁧󠁿,0.766
aqila misha,🐦,0.7871
aqila misha,👾,0.7402
aqila misha,💩.,0.6738
aqila misha,🕊,0.7131
aqila misha,🧋,0.71
ar,arkhnraalfano,0.7177
ar,aziz,0.6509
ar,b,0.6832
ar,bowo prast,0.7241
ar,b★vanss,0.6771
ar,chell28,0.7163
ar,chelll,0.6503
ar,cingire dava,0.7769
ar,danu.,0.6697
ar,dhanadut_bae16💤,0.766
ar,dimzz.stecu(setelan.cuwek💢🥶),0.705
ar,donz2nd,0.6719
ar,dwk,0.764
ar,dân stfu⸸,0.7167
ar,el smile,0.7297
ar,farrel,0.6582
ar,ffi🕷️,0.6508
ar,frzardtyaalvro,0.6622
ar,hamzzstecu,0.6511
ar,hermanto,0.6554
ar,hαpiz_boyss⚡,0.6765
ar,ibunya ragaf,0.7135
ar,ig : d4haas.👾,0.6718
ar,ig:4ufa_l,0.6751
ar,inieidan,0.6756
ar,javrr⚡,0.7388
ar,jdr,0.7225
ar,kaji,0.6894
ar,kang bahar,0.6741
ar,kian santang,0.6592
ar,l4nkk,0.7811
ar,lele_byakar@gmail.comm,0.6845
ar,lihgal18,0.7898
ar,mhrullam,0.6922
ar,nadhiff👾,0.7551
ar,narzz🌊🌊,0.7514
ar,ndre4you,0.6644
ar,nobody,0.6709
ar,ol²²oy,0.7033
ar,p4tooookkkk,0.682
ar,pisangambon,0.6692
ar,praditailhm_,0.7458
ar,put,0.6569
ar,qila012,0.667
ar,raf,0.6715
ar,rahmat kartolo,0.7158
ar,rℹ️k🅾️🅾️🅾️,0.6709
ar,sara ariska,0.6695
ar,satria 🙌,0.6683
ar,scc winoww,0.7663
ar,scc.,0.7386
ar,sendiiisen©📍,0.6906
ar,srylee,0.6537
ar,suyato jowo,0.6897
ar,tangrajinngaji,0.7957
ar,tofik.putra17,0.6902
ar,user13463#457344,0.679
ar,va 17hd,0.6583
ar,van pablo,0.6757
ar,vanooo,0.7157
ar,viann,0.7224
ar,wo,0.6652
ar,wong elek,0.7371
ar,wongwonganmumet,0.6843
ar,wzrd,0.6998
ar,yanuar,0.7037
ar,yogaaa21,0.6537
ar,zaka.ya,0.7816
ar,zazamm,0.7437
ar,zrill🇦🇱🇦🇱,0.6838
ar,˚ ༘ 🦕𖦹⋆｡˚,0.6715
ar,☝️👌👌cc,0.6831
ar,✌️,0.6942
ar,윙고🇲🇨🇰🇷,0.6976
ar,￴ ￴ ￴  ￴ ￴ ￴ ￴ ￴,0.6546
ar,￴￴,0.7422
ar,𝐫𝐢𝐝𝐨𝐨🕊️,0.655
ar,𝑱𝒖𝒍𝒊𝒂𝒏𝒏𝒏,0.6897
ar,𝘼𝙇𝙃𝘼𝙆𝙄𝙈𝙕,0.7221
ar,𝘿𝙚𝙣,0.6782
ar,𝙋𝙍𝙄𝙉𝘾𝙀 15,0.6512
ar,🎮,0.6775
ar,🏴󠁧󠁢󠁥󠁮󠁧󠁿🏴󠁧󠁢󠁥󠁮󠁧󠁿,0.6747
ar,🕊,0.7576
argapati iskandar,budi_24,0.6932
argapati iskandar,capcipcup🕊️,0.6609
argapati iskandar,enan_25,0.6975
argapati iskandar,hi_ndraa,0.6975
argapati iskandar,ig :_17rrif★,0.6757
argapati iskandar,khhafijah firda,0.6871
argapati iskandar,mbuhsapa🤥,0.6757
argapati iskandar,momon,1.0
argapati iskandar,na.,0.672
argapati iskandar,xlx🇮🇲,0.6588
argapati iskandar,👀,0.8353
ariepp,azziffsyazly@ official.,0.6746
ariepp,bayzz444,0.6809
ariepp,bilzzzz  youre,0.6559
ariepp,byy🌊,0.7069
ariepp,capcipcup🕊️,0.7378
ariepp,chikotila,0.6513
ariepp,cici.nda🩺,0.7278
ariepp,cupapimunyenyoo,0.6783
ariepp,c✌🏻tur🌊,0.66
ariepp,deni,0.7065
ariepp,dip_16,0.6502
ariepp,ditzzganteng,0.6748
ariepp,fahri..☘️☘️,0.7065
ariepp,gntaa,0.6535
ariepp,"gzzz,💤",0.6596
ariepp,hanipipipip,0.6741
ariepp,ininaufal,0.6661
ariepp,kasnudtone,0.6671
ariepp,kiking,0.6665
ariepp,maulll suka suka,0.6603
ariepp,mejikuhibinendy🌱,0.711
ariepp,mulyati,0.7033
ariepp,na.,0.7559
ariepp,noellnr🍒,0.6599
ariepp,nopallanakbaik,0.6732
ariepp,nyong ibaim,0.6718
ariepp,opangpar,0.664
ariepp,osdaglog14,0.7236
ariepp,p1n,0.6555
ariepp,panggil vans✌️,0.6773
ariepp,panglima boncoz,0.6611
ariepp,pdpputragemilang!,0.6684
ariepp,pikaars?,0.6571
ariepp,rehan.aj,0.7101
ariepp,rezz_brew,0.6891
ariepp,ristiani14,0.6704
ariepp,tll,0.6514
ariepp,vinss,0.6558
ariepp,vinza,0.6894
ariepp,wdyt_,0.7204
ariepp,weird zeze🇩🇪,0.6903
ariepp,you're okay reszz,0.6599
ariepp,y🅰️hya?,0.6502
ariepp,ziee_1901,0.7165
ariepp,ꦲꦼꦤ꧀ꦝꦺꦴꦱ꧀,0.6534
ariepp,𓏵,0.6998
ariepp,𝑦𝑦𝑦𝑦,0.6502
ariepp,𝕄 𝕒 𝕤  𝕋𝕒𝕜𝕪𝕦𝕟,0.6713
ariepp,"𝖂𝖍𝖔'𝕾,𝕭𝖗𝖆𝖓රධ",0.7114
ariepp,🫧,0.6566
aris fd,arkanan,0.7194
aris fd,arul empat huruf,0.6869
aris fd,b saja 👀,0.7123
aris fd,betmenn🦸,0.709
aris fd,bian aja,0.7012
aris fd,bogel osle,0.6917
aris fd,cantika deni,0.7123
aris fd,chell28,0.6823
aris fd,cingire dava,0.7034
aris fd,cionnnn➰,0.7287
aris fd,dhanadut_bae16💤,0.6648
aris fd,dilahhh,0.716
aris fd,donz2nd,0.6929
aris fd,dubidubidam5,0.765
aris fd,dwk,0.7134
aris fd,dín dlgk?,0.6526
aris fd,dɹısɐɐɐ,0.6941
aris fd,edhy soekamto,0.6632
aris fd,el smile,0.6842
aris fd,ens,0.7068
aris fd,espede racing,0.7088
aris fd,faaa12,0.6622
aris fd,faiqqqqqqq,0.6839
aris fd,febriansyah,0.6727
aris fd,ffi🕷️,0.6881
aris fd,fikaa,0.6933
aris fd,fin.,0.6505
aris fd,fi🅰️n6️⃣,0.6603
aris fd,fwarelll123,0.6955
aris fd,genjur,0.6862
aris fd,hamzzstecu,0.6794
aris fd,hermanto,0.6819
aris fd,hibban∆,0.6774
aris fd,hii i'm bayy.,0.713
aris fd,ig : d4haas.👾,0.6696
aris fd,inieidan,0.7044
aris fd,ivx.ixxi_vii~,0.6891
aris fd,javrr⚡,0.6781
aris fd,jepri night🦸,0.7205
aris fd,just friend🙂,0.666
aris fd,kian santang,0.6605
aris fd,kib3nk_ta,0.657
aris fd,"kicau mania""😷✌",0.6854
aris fd,kkpann!,0.6856
aris fd,kojek,0.6515
aris fd,l4nkk,0.71
aris fd,leo,0.6803
aris fd,masayu,0.7311
aris fd,mhrullam,0.7426
aris fd,mmmmm,0.7169
aris fd,mommy bibiel,0.6955
aris fd,muhammadchilung,0.6771
aris fd,mvinta,0.6795
aris fd,nar setecu🌀💤🌊,0.6729
aris fd,narti,0.6775
aris fd,narzz🌊🌊,0.738
aris fd,neyymar kee jakarta,0.7309
aris fd,nnaann🔫,0.708
aris fd,oz_,0.7289
aris fd,p4tooookkkk,0.7291
aris fd,padil,0.735
aris fd,pisangambon,0.6917
aris fd,praditailhm_,0.7337
aris fd,put,0.6854
aris fd,qila012,0.7184
aris fd,rahmat kartolo,0.6703
aris fd,rempeyek_500🌊,0.7565
aris fd,rfky,0.7085
aris fd,rijakipp,0.8207
aris fd,sendiiisen©📍,0.6617
aris fd,si kucing,0.7307
aris fd,single era,0.6504
aris fd,sleep the saunt,0.6931
aris fd,tam,0.6699
aris fd,tika kartika,0.6874
aris fd,tofik.putra17,0.7217
aris fd,user1233833380586,0.7252
aris fd,user13463#457344,0.6613
aris fd,user7098643456,0.7212
aris fd,va 17hd,0.6838
aris fd,viann,0.6955
aris fd,vittss..,0.6938
aris fd,wo,0.7396
aris fd,wong elek,0.6969
aris fd,wongwonganmumet,0.724
aris fd,ws🪩,0.7312
aris fd,wzrd,0.6909
aris fd,yanuar,0.6731
aris fd,yyy,0.6518
aris fd,y💥💯                😛,0.7815
aris fd,z4kk🇦🇱🇦🇱,0.6734
aris fd,zaka.ya,0.6827
aris fd,zarr★,0.6966
aris fd,zrill🇦🇱🇦🇱,0.7032
aris fd,˚ ༘ 🦕𖦹⋆｡˚,0.6773
aris fd,™.yunz ★ 447.¥,0.6642
aris fd,⋇⋆✦chelsea ♛┈⛧♡,0.7634
aris fd,★,0.7203
aris fd,ザキ・アルディアンシア,0.6645
aris fd,윙고🇲🇨🇰🇷,0.6623
aris fd,️dika_sajah,0.7196
aris fd,￴,0.7441
aris fd,𝙋𝙍𝙄𝙉𝘾𝙀 15,0.6971
aris fd,𝙖𝙩𝙨𝙨,0.6753
aris fd,𝙡𝙚𝙣𝙜,0.7143
aris fd,𝙧𝙖𝙙𝙚𝙣𝙣𝙠𝙪𝙘𝙞𝙩𝙩🌊,0.6972
aris fd,🕊,0.6915
arisdel8,arya,1.0
arisdel8,asya&fajar,0.8452
arisdel8,ateng54,0.8452
arisdel8,ath,1.0
arisdel8,bleng ko,0.6588
arisdel8,bsep,0.8452
arisdel8,buluk gonzales 13,0.8649
arisdel8,daniiii,0.8452
arisdel8,danzooo,0.7016
arisdel8,deboy,0.6757
arisdel8,derasah,0.8055
arisdel8,desttt_,0.7962
arisdel8,devannn,0.7392
arisdel8,dewoel,0.7006
arisdel8,dheebu,1.0
arisdel8,dheevaaaaaaaaaaaaaaaaaaaaa,0.6898
arisdel8,diah sri972,1.0
arisdel8,duwiii,0.8452
arisdel8,dwisetyarinii,0.8055
arisdel8,enaksekali,0.8452
arisdel8,enjoyss,0.7337
arisdel8,excel😶‍🌫️            akun №1,0.9191
arisdel8,fernanda,0.8452
arisdel8,firmannnnnnnn,0.8452
arisdel8,fittdos,0.8055
arisdel8,fzryyyy,0.6983
arisdel8,gl badax,1.0
arisdel8,haniiif,1.0
arisdel8,i'szz?!,0.7176
arisdel8,ig: ryaaa.06_,0.7056
arisdel8,iin,1.0
arisdel8,indomaret 24 jam,0.6716
arisdel8,ini punya aku 🤪,0.6704
arisdel8,juprianto anto,0.8055
arisdel8,kd urng ya,1.0
arisdel8,kembali datang,0.7337
arisdel8,kenzo.s.m.z,0.8452
arisdel8,lakmen,0.6693
arisdel8,lianaa,0.6525
arisdel8,luthfyyy,0.8055
arisdel8,mahendri,0.7803
arisdel8,mas_drun,0.8055
arisdel8,n4uf@l 4j4,0.862
arisdel8,nanangmungils1,1.0
arisdel8,nipzzz,0.8229
arisdel8,ovl,0.7056
arisdel8,p4n_🤷‍♂️🤷‍♂️,0.7231
arisdel8,pangeran kodok,0.6549
arisdel8,panzskbd,1.0
arisdel8,pasarrumah.id,0.6918
arisdel8,pikaars?,0.654
arisdel8,r 4 5 ya,0.696
arisdel8,rezx2nd,0.8452
arisdel8,riff,0.8452
arisdel8,risky⛔️🆘️,0.7074
arisdel8,sannzxkce,0.6825
arisdel8,scorpio🦂,0.8452
arisdel8,seli🌸,0.6656
arisdel8,sinfloww,0.8055
arisdel8,tokoserbada12,0.7623
arisdel8,tri yulianti,1.0
arisdel8,vann 🌳,0.6713
arisdel8,veri ramandani18,0.8055
arisdel8,wawud,0.6503
arisdel8,wien,0.6656
arisdel8,ye,0.8283
arisdel8,yuliazaa,0.6588
arisdel8,zaza,0.6641
arisdel8,น้ำอุ่น กัญญาภัทร เต๊กอ๋อต้ง,0.6588
arisdel8,⚽,0.6656
arisdel8,⠀ ⠀ ⠀ ⠀ ⠀᠌,1.0
arisdel8,レザ,0.6953
arisdel8,𝕱_v2,0.6794
arisdel8,🌵dnd's_mom🌵,0.7373
arisdel8,🐚🫧🪩,0.6505
arisdel8,🕸,0.675
arkanan,arul empat huruf,0.6554
arkanan,athar aurellio,0.6555
arkanan,ayas hafddz,0.6781
arkanan,aziz,0.698
arkanan,b,0.7105
arkanan,b saja 👀,0.7234
arkanan,betmenn🦸,0.7319
arkanan,bilyy⁰²,0.655
arkanan,bimo prasetyo,0.661
arkanan,bluestar,0.7304
arkanan,bowo prast,0.6784
arkanan,b★vanss,0.6798
arkanan,cahyoo☄️,0.7153
arkanan,cantika deni,0.6951
arkanan,celukbae abid 😃😁@?,0.6594
arkanan,chell28,0.6627
arkanan,cingire dava,0.7186
arkanan,cionnnn➰,0.8475
arkanan,danii,0.6629
arkanan,dhanadut_bae16💤,0.7348
arkanan,dhellaxriigod,0.6647
arkanan,dilahhh,0.7909
arkanan,dimzz.stecu(setelan.cuwek💢🥶),0.6566
arkanan,donz2nd,0.7074
arkanan,dubidubidam5,0.7064
arkanan,dwi reny makmoy makm,0.7839
arkanan,dwk,0.6961
arkanan,dín dlgk?,0.6827
arkanan,dɹısɐɐɐ,0.8477
arkanan,edhy soekamto,0.6683
arkanan,enan_25,0.6575
arkanan,ens,0.7403
arkanan,espede racing,0.7157
arkanan,f,0.6634
arkanan,faaa12,0.7476
arkanan,faiqqqqqqq,0.6805
arkanan,farrel,0.6812
arkanan,febriansyah,0.7365
arkanan,ffi🕷️,0.7738
arkanan,fikaa,0.6579
arkanan,frzardtyaalvro,0.6521
arkanan,genjur,0.7133
arkanan,genzzz,0.6709
arkanan,hi_ndraa,0.6575
arkanan,hii i'm bayy.,0.7308
arkanan,hyan,0.6841
arkanan,i,0.6819
arkanan,ig : d4haas.👾,0.6797
arkanan,ikhsan hair,0.6781
arkanan,im.p4yeng!!,0.6994
arkanan,inieidan,0.661
arkanan,iqqq⚡⚡,0.6584
arkanan,jagoan orangtua,0.7337
arkanan,javrr⚡,0.796
arkanan,jepri night🦸,0.7164
arkanan,kang bahar,0.6765
arkanan,kib3nk_ta,0.6624
arkanan,"kicau mania""😷✌",0.7076
arkanan,kii,0.6526
arkanan,kin_💫,0.6554
arkanan,kkpann!,0.6711
arkanan,kojek,0.7038
arkanan,kruxill🎃,0.7496
arkanan,l4nkk,0.6798
arkanan,lah iya,0.6652
arkanan,lah?kenapa?,0.6584
arkanan,laris manis store,0.662
arkanan,lele_byakar@gmail.comm,0.6591
arkanan,lihgal18,0.7148
arkanan,mas_dawet,0.6547
arkanan,masayu,0.7135
arkanan,mawar hitam 🌹🗡️,0.7304
arkanan,mawarr,0.6505
arkanan,mhrullam,0.8088
arkanan,mommy bibiel,0.6672
arkanan,muhammadchilung,0.7248
arkanan,mvinta,0.728
arkanan,naa_,0.6743
arkanan,nadhiff👾,0.719
arkanan,narti,0.6682
arkanan,narzz🌊🌊,0.6812
arkanan,ndre4you,0.6739
arkanan,nino,0.6641
arkanan,nnaann🔫,0.7119
arkanan,nobody,0.7426
arkanan,ol²²oy,0.7217
arkanan,oz_,0.6886
arkanan,p4tooookkkk,0.6923
arkanan,padil,0.7496
arkanan,pangeran k,0.6667
arkanan,pip2nd🧿,0.6548
arkanan,pisangambon,0.8057
arkanan,praditailhm_,0.7188
arkanan,put,0.8287
arkanan,rahmat kartolo,0.7071
arkanan,regialparij,0.7253
arkanan,rempeyek_500🌊,0.7204
arkanan,rfky,0.675
arkanan,rijakipp,0.7825
arkanan,rivann.ahah,0.724
arkanan,rpk1,0.7436
arkanan,ryy_,0.696
arkanan,rℹ️k🅾️🅾️🅾️,0.7022
arkanan,s u m m e r .,0.7288
arkanan,satria 🙌,0.7503
arkanan,satyaa ✦,0.694
arkanan,sendiiisen©📍,0.7049
arkanan,si kucing,0.7813
arkanan,sleep the saunt,0.6623
arkanan,sopo》,0.6637
arkanan,suyato jowo,0.6628
arkanan,syaf__👾👾,0.736
arkanan,talasku99,0.6996
arkanan,tam,0.713
arkanan,tangrajinngaji,0.6851
arkanan,teteh_jawa,0.6606
arkanan,tika kartika,0.7685
arkanan,tofik.putra17,0.8095
arkanan,user1233833380586,0.6611
arkanan,user13463#457344,0.6714
arkanan,user7098643456,0.7031
arkanan,va 17hd,0.6625
arkanan,van pablo,0.6515
arkanan,viann,0.7179
arkanan,vittss..,0.7503
arkanan,vnn$fomo,0.6957
arkanan,wiindoc,0.6549
arkanan,wo,0.6685
arkanan,wong elek,0.7056
arkanan,wongwonganmumet,0.7907
arkanan,ws🪩,0.7668
arkanan,wzrd,0.7683
arkanan,yanuar,0.7256
arkanan,yhahaha,0.6665
arkanan,yyy,0.6969
arkanan,y💥💯                😛,0.783
arkanan,z4kk🇦🇱🇦🇱,0.7525
arkanan,zaall,0.7685
arkanan,zain,0.6779
arkanan,zaka.ya,0.7648
arkanan,zeniperr,0.6994
arkanan,zppcx,0.7552
arkanan,zrill🇦🇱🇦🇱,0.7592
arkanan,zrill💥,0.6512
arkanan,ɴᴀᴛ,0.7336
arkanan,˚ ༘ 🦕𖦹⋆｡˚,0.6825
arkanan,فەیزال,0.6973
arkanan,เςคภ,0.6629
arkanan,່ ‍ a,0.7701
arkanan,ᴘɪᴋᴀғʀɪᴇᴅᴄʜɪᴄᴋᴇɴ,0.7524
arkanan,⋇⋆✦chelsea ♛┈⛧♡,0.7019
arkanan,★,0.743
arkanan,☝️👌👌cc,0.714
arkanan,✧saged🌊,0.673
arkanan,ザキ・アルディアンシア,0.6926
arkanan,️dika_sajah,0.7935
arkanan,￴,0.7037
arkanan,￴￴,0.6626
arkanan,𝙋𝙍𝙄𝙉𝘾𝙀 15,0.6564
arkanan,𝙖𝙩𝙨𝙨,0.7563
arkanan,𝙡𝙚𝙣𝙜,0.7474
arkanan,𝙧𝙖𝙙𝙚𝙣𝙣𝙠𝙪𝙘𝙞𝙩𝙩🌊,0.6561
arkanan,💋,0.6762
arkanan,🕊,0.742
arkhnraalfano,athar aurellio,0.7515
arkhnraalfano,ayurahayu,0.6534
arkhnraalfano,aziz,0.7026
arkhnraalfano,b,0.7109
arkhnraalfano,b saja 👀,0.6616
arkhnraalfano,balzz,0.7333
arkhnraalfano,bluestar,0.8064
arkhnraalfano,bogel osle,0.6577
arkhnraalfano,bowo prast,0.7289
arkhnraalfano,bowoo,0.6791
arkhnraalfano,b★vanss,0.7507
arkhnraalfano,b🕸️,0.7574
arkhnraalfano,caaa,0.7694
arkhnraalfano,chell28,0.7446
arkhnraalfano,chelll,0.7075
arkhnraalfano,cingire dava,0.7285
arkhnraalfano,danu.,0.684
arkhnraalfano,dhanadut_bae16💤,0.6511
arkhnraalfano,dilzz v2,0.7324
arkhnraalfano,dimzz.stecu(setelan.cuwek💢🥶),0.7293
arkhnraalfano,donz2nd,0.7528
arkhnraalfano,dwi reny makmoy makm,0.6854
arkhnraalfano,dwk,0.7937
arkhnraalfano,dân stfu⸸,0.7871
arkhnraalfano,el smile,0.7315
arkhnraalfano,ens,0.6854
arkhnraalfano,er,0.6819
arkhnraalfano,espede racing,0.6997
arkhnraalfano,f,0.7157
arkhnraalfano,fafang🕷️,0.7063
arkhnraalfano,fakri,0.6874
arkhnraalfano,ffi🕷️,0.6524
arkhnraalfano,finzz★,0.7728
arkhnraalfano,frzardtyaalvro,0.7458
arkhnraalfano,genzzz,0.6514
arkhnraalfano,grandberkahdoaibu,0.7516
arkhnraalfano,hermanto,0.6607
arkhnraalfano,hpiss,0.6949
arkhnraalfano,hyan,0.6898
arkhnraalfano,hαpiz_boyss⚡,0.6935
arkhnraalfano,hαηs кαккσɪɪ.dnd.,0.6695
arkhnraalfano,i,0.7072
arkhnraalfano,i j a l,0.6621
arkhnraalfano,ibunya ragaf,0.8426
arkhnraalfano,ifaashion.id,0.7049
arkhnraalfano,ig : d4haas.👾,0.7321
arkhnraalfano,ig: ?,0.7319
arkhnraalfano,ig:4ufa_l,0.6607
arkhnraalfano,ikhsan hair,0.6923
arkhnraalfano,inieidan,0.6589
arkhnraalfano,inyong,0.7319
arkhnraalfano,jagoan orangtua,0.684
arkhnraalfano,javrr⚡,0.7387
arkhnraalfano,jdr,0.7107
arkhnraalfano,jesiccaaa,0.7716
arkhnraalfano,joviinantaaaa,0.6692
arkhnraalfano,"kaa,a",0.7569
arkhnraalfano,kaji,0.7886
arkhnraalfano,kang bahar,0.7243
arkhnraalfano,kiking,0.6509
arkhnraalfano,kruxill🎃,0.761
arkhnraalfano,kuwi4526,0.6804
arkhnraalfano,l3o m,0.6561
arkhnraalfano,l4ngz_strong,0.666
arkhnraalfano,l4nkk,0.6886
arkhnraalfano,lah iya,0.8037
arkhnraalfano,lele_byakar@gmail.comm,0.7851
arkhnraalfano,lihgal18,0.7337
arkhnraalfano,masrianto manalu,0.6664
arkhnraalfano,mawar hitam 🌹🗡️,0.8064
arkhnraalfano,mawarr,0.7344
arkhnraalfano,mengomentari postingan anda,0.6679
arkhnraalfano,mhrullam,0.6872
arkhnraalfano,mka. kka,0.6742
arkhnraalfano,muhammadchilung,0.6783
arkhnraalfano,mykids,0.6686
arkhnraalfano,nadhiff👾,0.7145
arkhnraalfano,narzz🌊🌊,0.7195
arkhnraalfano,ndre4you,0.6961
arkhnraalfano,nggaaa,0.6501
arkhnraalfano,nino,0.7058
arkhnraalfano,nobody,0.7512
arkhnraalfano,ol²²oy,0.7657
arkhnraalfano,p4tooookkkk,0.7246
arkhnraalfano,pak haji,0.7702
arkhnraalfano,pak haji sara,0.6622
arkhnraalfano,patirrrv2🖤,0.75
arkhnraalfano,pecey yeye,0.666
arkhnraalfano,piscesmod,0.6519
arkhnraalfano,praditailhm_,0.766
arkhnraalfano,princess 💅,0.7347
arkhnraalfano,put,0.6608
arkhnraalfano,qila012,0.7189
arkhnraalfano,r4ndsyh,0.6758
arkhnraalfano,rahmanpru,0.6911
arkhnraalfano,rahmat kartolo,0.7619
arkhnraalfano,rivann.ahah,0.664
arkhnraalfano,rizzstecu✌️,0.7976
arkhnraalfano,rzl,0.7307
arkhnraalfano,rℹ️k🅾️🅾️🅾️,0.7829
arkhnraalfano,safi,0.6617
arkhnraalfano,samshl_22,0.7007
arkhnraalfano,sapa bae,0.6707
arkhnraalfano,sara ariska,0.697
arkhnraalfano,satria 🙌,0.7707
arkhnraalfano,scc winoww,0.8015
arkhnraalfano,scc.,0.836
arkhnraalfano,secccfldsuuu21,0.7481
arkhnraalfano,sendiiisen©📍,0.6555
arkhnraalfano,septiana,0.711
arkhnraalfano,si kucing,0.6618
arkhnraalfano,sopo》,0.6636
arkhnraalfano,stecu💤,0.6761
arkhnraalfano,tam,0.67
arkhnraalfano,tangrajinngaji,0.709
arkhnraalfano,tinnyee,0.7965
arkhnraalfano,tofik.putra17,0.7282
arkhnraalfano,trisis,0.6752
arkhnraalfano,upin🐼,0.6587
arkhnraalfano,user13463#457344,0.6584
arkhnraalfano,user7098643456,0.6856
arkhnraalfano,username12375,0.7156
arkhnraalfano,uuppio,0.6702
arkhnraalfano,va 17hd,0.6628
arkhnraalfano,van pablo,0.667
arkhnraalfano,vanooo,0.7309
arkhnraalfano,varkon🚀🚀,0.6675
arkhnraalfano,viann,0.741
arkhnraalfano,wong elek,0.7216
arkhnraalfano,wongwonganmumet,0.6973
arkhnraalfano,wzrd,0.6701
arkhnraalfano,yaraaayaaaa,0.6756
arkhnraalfano,yogaaa21,0.7922
arkhnraalfano,yyy,0.6932
arkhnraalfano,zaall,0.6643
arkhnraalfano,zaka.ya,0.8083
arkhnraalfano,zazamm,0.7791
arkhnraalfano,zrill🇦🇱🇦🇱,0.7489
arkhnraalfano,zrill💥,0.673
arkhnraalfano,ɴᴀᴛ,0.6669
arkhnraalfano,˚ ༘ 🦕𖦹⋆｡˚,0.7211
arkhnraalfano,☝️👌👌cc,0.7977
arkhnraalfano,♥,0.7755
arkhnraalfano,✌️,0.6645
arkhnraalfano,マᥱž𝚊,0.7079
arkhnraalfano,￴￴,0.6946
arkhnraalfano,𝐫𝐢𝐝𝐨𝐨🕊️,0.6566
arkhnraalfano,𝑱𝒖𝒍𝒊𝒂𝒏𝒏𝒏,0.7822
arkhnraalfano,𝓝𝓪𝔂𝓵𝓪_𝓓.𝓐,0.7537
arkhnraalfano,𝕳𝕬𝕴𝕶𝕬𝕷 𝖁1,0.7411
arkhnraalfano,𝘼𝙇𝙃𝘼𝙆𝙄𝙈𝙕,0.6811
arkhnraalfano,𝘿𝙚𝙣,0.7528
arkhnraalfano,𝙡𝙚𝙣𝙜,0.6716
arkhnraalfano,𝙾𝚛𝚢𝚣𝚊 𝚂𝚊𝚝𝚒𝚟𝚊 🌾,0.6678
arkhnraalfano,🏴󠁧󠁢󠁥󠁮󠁧󠁿🏴󠁧󠁢󠁥󠁮󠁧󠁿,0.7334
arkhnraalfano,🐣,0.6556
arkhnraalfano,🐦,0.7415
arkhnraalfano,💩.,0.759
arkhnraalfano,🕊,0.7843
arkhnraalfano,🧋,0.6884
arm team,aryarizz,0.7064
arm team,ataabhrandie_,0.6677
arm team,axsa,0.6879
arm team,bibb,0.7595
arm team,cen,0.7217
arm team,cyy,0.7061
arm team,d forr,0.6741
arm team,danzz,0.652
arm team,dea,0.7215
arm team,"elan jangan nakal ya, iya mah",0.6598
arm team,federico,0.725
arm team,frhnbaeω,0.7372
arm team,hanifnur,0.6733
arm team,icin,0.6988
arm team,iyann noverse ☄️🪐,0.7956
arm team,kall,0.6659
arm team,khaa : akun business 🪐 💵,0.7417
arm team,kizy🇦🇱,0.6566
arm team,kmu gpp zaa?,0.7243
arm team,maa....,0.7093
arm team,mamaz ap,0.7128
arm team,maswilll,0.6901
arm team,maypen🍉,0.6589
arm team,namaku atha,0.6823
arm team,ndaru,0.7035
arm team,nha_nha88,0.8018
arm team,r e t z,0.7221
arm team,ramadani🌀,0.6795
arm team,rian(rivan fian),0.7381
arm team,ririss,0.6998
arm team,spilloutfittrendy,0.7735
arm team,tem - tem★★★,0.7
arm team,ultrambuttttt,0.6554
arm team,wong kene bae,0.6519
arm team,"wong""plosok",0.7686
arm team,xy_don🚀,0.7602
arm team,yoo🅰️jahh,0.6805
arm team,zexx'777,0.7211
arm team,zouheir.yaz_ze,0.6812
arm team,zye hehe,0.7056
arm team,˚꩜｡⋆˚࿔ 𝔂𝓪𝔂𝓪 𝜗𝜚˚⋆🧸ྀི,0.7202
arm team,⭐zka,0.6635
arm team,𝕬𝖟𝖐𝖆 𝖋𝖔𝖗 𝖞𝖔𝖚,0.6973
arm team,𝘾𝙖𝙡𝙤𝙣 𝙃𝘼𝙅𝙄,0.7226
arm team,𝙎𝘽𝙎 001_𝙨𝙠𝙖𝙮 𝙮𝙚𝙡𝙤𝙬,0.6692
arm team,𝙢𝙖𝙖𝙖𝙖𝙖𝙖𝙨𝙨𝙨𝙠𝙖𝙣𝙣𝙣,0.7033
arsitek_gen_z,fauzannn,0.6686
arsitek_gen_z,fcknzzshit_,0.659
arsitek_gen_z,garangan mulet,0.6701
arsitek_gen_z,hpiss,0.6734
arsitek_gen_z,idk,0.7181
arsitek_gen_z,jazkyy1233,0.6997
arsitek_gen_z,luhur budi permana,0.7282
arsitek_gen_z,mnopqrst,0.7181
arsitek_gen_z,pangeran k,0.6728
arsitek_gen_z,r4ndsyh,0.6568
arsitek_gen_z,selialls,0.6831
arsitek_gen_z,snow jelly,0.6617
arsitek_gen_z,taxi barang purwokerto,0.6961
arsitek_gen_z,àlwàysdip,0.6746
arsitek_gen_z,𝘿𝙚𝙣,0.6585
artati,bilyy⁰²,0.6763
artati,bowoo,0.7413
artati,b🕸️,0.7053
artati,caaa,0.6558
artati,danzz,0.6671
artati,diditarifin,0.6603
artati,dly,0.6525
artati,edhy soekamto,0.6637
artati,f,0.6702
artati,fafang🕷️,0.6792
artati,f⚡,0.6986
artati,garangan mulet,0.6551
artati,hαηs кαккσɪɪ.dnd.,0.7009
artati,i j a l,0.699
artati,ig | im_alzz,0.6605
artati,ig: ?,0.6549
artati,inyong,0.6549
artati,joviinantaaaa,0.7342
artati,jun santuy,0.657
artati,kang bahar,0.665
artati,keee keee,0.7672
artati,kelzy24,0.697
artati,kiking,0.6559
artati,lah iya,0.7193
artati,m. rizqi_,0.8115
artati,martati,0.6889
artati,masjack3195,0.6994
artati,muhamad rian,0.6804
artati,ndre4you,0.6656
artati,pak haji,0.654
artati,pak haji sara,0.6759
artati,panglima boncoz,0.6642
artati,patrick bateman,0.6964
artati,pip2nd🧿,0.7185
artati,princess 💅,0.764
artati,r4ndsyh,0.702
artati,reendstore,0.8038
artati,rzl,0.7778
artati,sabiantiwulariata,0.6996
artati,samshl_22,0.6673
artati,sapa bae,0.7071
artati,sara ariska,0.744
artati,sayaangaenii❤️‍🔥,0.8289
artati,scc.,0.6855
artati,septiana,0.6853
artati,the last good man,0.6591
artati,tito cans,0.6516
artati,uuppio,0.7644
artati,xlx🇮🇲,0.6527
artati,yaraaayaaaa,0.6633
artati,zain,0.6675
artati,zazamm,0.6609
artati,𝓝𝓪𝔂𝓵𝓪_𝓓.𝓐,0.7104
artati,𝕳𝕬𝕴𝕶𝕬𝕷 𝖁1,0.6787
artati,𝙾𝚛𝚢𝚣𝚊 𝚂𝚊𝚝𝚒𝚟𝚊 🌾,0.7472
artati,🧋,0.7103
arul empat huruf,ayas hafddz,0.7195
arul empat huruf,b,0.7663
arul empat huruf,bagasmorgan,0.7102
arul empat huruf,balzz,0.6943
arul empat huruf,betmenn🦸,0.6765
arul empat huruf,bian aja,0.7883
arul empat huruf,bogel osle,0.729
arul empat huruf,bowo prast,0.727
arul empat huruf,b★vanss,0.723
arul empat huruf,cantika deni,0.6907
arul empat huruf,celukbae abid 😃😁@?,0.7209
arul empat huruf,chell28,0.6595
arul empat huruf,cingire dava,0.6927
arul empat huruf,d4nnnnn23_4,0.7768
arul empat huruf,dhanadut_bae16💤,0.7665
arul empat huruf,dilahhh,0.6556
arul empat huruf,donz2nd,0.6667
arul empat huruf,dwk,0.6965
arul empat huruf,dín dlgk?,0.7127
arul empat huruf,dɹısɐɐɐ,0.6957
arul empat huruf,el smile,0.7431
arul empat huruf,espede racing,0.7302
arul empat huruf,faiqqqqqqq,0.8162
arul empat huruf,farrel,0.6818
arul empat huruf,fens nasa 🇺🇸🚀,0.7146
arul empat huruf,ffi🕷️,0.6686
arul empat huruf,fikaa,0.6609
arul empat huruf,fi🅰️n6️⃣,0.7037
arul empat huruf,fwarelll123,0.7254
arul empat huruf,genjur,0.687
arul empat huruf,genzzz,0.7496
arul empat huruf,hermanto,0.6563
arul empat huruf,hαpiz_boyss⚡,0.7358
arul empat huruf,inieidan,0.6536
arul empat huruf,jagoan orangtua,0.7406
arul empat huruf,javrr⚡,0.7614
arul empat huruf,jdr,0.7095
arul empat huruf,just friend🙂,0.8027
arul empat huruf,k  for  kami'el,0.7445
arul empat huruf,kib3nk_ta,0.8074
arul empat huruf,kojek,0.7515
arul empat huruf,kruxill🎃,0.6788
arul empat huruf,l4nkk,0.7601
arul empat huruf,laris manis store,0.6718
arul empat huruf,lele_byakar@gmail.comm,0.6656
arul empat huruf,lihgal18,0.774
arul empat huruf,mhrullam,0.7708
arul empat huruf,mmmmm,0.7505
arul empat huruf,mommy bibiel,0.7866
arul empat huruf,muhammadchilung,0.8231
arul empat huruf,nabati,0.6676
arul empat huruf,nadhiff👾,0.7765
arul empat huruf,narti,0.722
arul empat huruf,narzz🌊🌊,0.6607
arul empat huruf,neyymar kee jakarta,0.8431
arul empat huruf,nnaann🔫,0.7569
arul empat huruf,notzstrongboyss,0.7248
arul empat huruf,ol²²oy,0.682
arul empat huruf,oz_,0.6883
arul empat huruf,p4tooookkkk,0.6956
arul empat huruf,pisangambon,0.666
arul empat huruf,praditailhm_,0.7353
arul empat huruf,put,0.6839
arul empat huruf,qila012,0.7432
arul empat huruf,rijakipp,0.6514
arul empat huruf,rpk1,0.6599
arul empat huruf,rℹ️k🅾️🅾️🅾️,0.7069
arul empat huruf,satria 🙌,0.764
arul empat huruf,sbkecu,0.6542
arul empat huruf,sendiiisen©📍,0.8318
arul empat huruf,single era,0.6765
arul empat huruf,suyato jowo,0.7294
arul empat huruf,syaf__👾👾,0.6785
arul empat huruf,tam,0.7012
arul empat huruf,tangrajinngaji,0.7437
arul empat huruf,theeryoou,0.655
arul empat huruf,tofik.putra17,0.7739
arul empat huruf,user13463#457344,0.7183
arul empat huruf,user7098643456,0.6826
arul empat huruf,va 17hd,0.7734
arul empat huruf,van pablo,0.6762
arul empat huruf,viann,0.7626
arul empat huruf,vittss..,0.6839
arul empat huruf,wo,0.7104
arul empat huruf,wong elek,0.7042
arul empat huruf,ws🪩,0.8032
arul empat huruf,wzrd,0.6672
arul empat huruf,yanuar,0.6566
arul empat huruf,yesakiw,0.6532
arul empat huruf,z4kk🇦🇱🇦🇱,0.7487
arul empat huruf,zeniperr,0.6505
arul empat huruf,zrill🇦🇱🇦🇱,0.7724
arul empat huruf,˚ ༘ 🦕𖦹⋆｡˚,0.7118
arul empat huruf,المجتهد,0.6684
arul empat huruf,فەیزال,0.8152
arul empat huruf,™.yunz ★ 447.¥,0.6939
arul empat huruf,⋇⋆✦chelsea ♛┈⛧♡,0.6969
arul empat huruf,☝️👌👌cc,0.6711
arul empat huruf,✧saged🌊,0.7397
arul empat huruf,윙고🇲🇨🇰🇷,0.6784
arul empat huruf,️dika_sajah,0.6791
arul empat huruf,￴,0.8457
arul empat huruf,￴ ￴ ￴  ￴ ￴ ￴ ￴ ￴,0.6525
arul empat huruf,￴￴,0.732
arul empat huruf,𝕶𝖞𝖓𝖟𝖟,0.7494
arul empat huruf,𝙋𝙍𝙄𝙉𝘾𝙀 15,0.7836
arul empat huruf,𝙡𝙚𝙣𝙜,0.7925
arul empat huruf,🎮,0.6734
arul empat huruf,🔴⚪,0.7408
arul empat huruf,🕊,0.7495
arya,asya&fajar,0.8452
arya,ateng54,0.8452
arya,ath,1.0
arya,bleng ko,0.6588
arya,bsep,0.8452
arya,buluk gonzales 13,0.8649
arya,daniiii,0.8452
arya,danzooo,0.7016
arya,deboy,0.6757
arya,derasah,0.8055
arya,desttt_,0.7962
arya,devannn,0.7392
arya,dewoel,0.7006
arya,dheebu,1.0
arya,dheevaaaaaaaaaaaaaaaaaaaaa,0.6898
arya,diah sri972,1.0
arya,duwiii,0.8452
arya,dwisetyarinii,0.8055
arya,enaksekali,0.8452
arya,enjoyss,0.7337
arya,excel😶‍🌫️            akun №1,0.9191
arya,fernanda,0.8452
arya,firmannnnnnnn,0.8452
arya,fittdos,0.8055
arya,fzryyyy,0.6983
arya,gl badax,1.0
arya,haniiif,1.0
arya,i'szz?!,0.7176
arya,ig: ryaaa.06_,0.7056
arya,iin,1.0
arya,indomaret 24 jam,0.6716
arya,ini punya aku 🤪,0.6704
arya,juprianto anto,0.8055
arya,kd urng ya,1.0
arya,kembali datang,0.7337
arya,kenzo.s.m.z,0.8452
arya,lakmen,0.6693
arya,lianaa,0.6525
arya,luthfyyy,0.8055
arya,mahendri,0.7803
arya,mas_drun,0.8055
arya,n4uf@l 4j4,0.862
arya,nanangmungils1,1.0
arya,nipzzz,0.8229
arya,ovl,0.7056
arya,p4n_🤷‍♂️🤷‍♂️,0.7231
arya,pangeran kodok,0.6549
arya,panzskbd,1.0
arya,pasarrumah.id,0.6918
arya,pikaars?,0.654
arya,r 4 5 ya,0.696
arya,rezx2nd,0.8452
arya,riff,0.8452
arya,risky⛔️🆘️,0.7074
arya,sannzxkce,0.6825
arya,scorpio🦂,0.8452
arya,seli🌸,0.6656
arya,sinfloww,0.8055
arya,tokoserbada12,0.7623
arya,tri yulianti,1.0
arya,vann 🌳,0.6713
arya,veri ramandani18,0.8055
arya,wawud,0.6503
arya,wien,0.6656
arya,ye,0.8283
arya,yuliazaa,0.6588
arya,zaza,0.6641
arya,น้ำอุ่น กัญญาภัทร เต๊กอ๋อต้ง,0.6588
arya,⚽,0.6656
arya,⠀ ⠀ ⠀ ⠀ ⠀᠌,1.0
arya,レザ,0.6953
arya,𝕱_v2,0.6794
arya,🌵dnd's_mom🌵,0.7373
arya,🐚🫧🪩,0.6505
arya,🕸,0.675
aryarizz,ataabhrandie_,0.7592
aryarizz,axsa,0.6527
aryarizz,bibb,0.7117
aryarizz,cen,0.7258
aryarizz,cyy,0.7238
aryarizz,d forr,0.6795
aryarizz,dea,0.7133
aryarizz,deboy,0.6902
aryarizz,deliciousrull,0.7389
aryarizz,dewoel,0.6967
aryarizz,diee_aja,0.7429
aryarizz,duta oghe,0.668
aryarizz,dzikriibrgzazdn,0.6501
aryarizz,federico,0.6594
aryarizz,frhnbaeω,0.7451
aryarizz,hanifnur,0.6943
aryarizz,icin,0.7985
aryarizz,iyann noverse ☄️🪐,0.7421
aryarizz,khaa : akun business 🪐 💵,0.6938
aryarizz,maa....,0.6957
aryarizz,mamaz ap,0.7096
aryarizz,maswilll,0.6994
aryarizz,maypen🍉,0.6559
aryarizz,nafz?yakena😹🤓🤭😋,0.6962
aryarizz,namaku atha,0.7035
aryarizz,ndaru,0.7074
aryarizz,nha_nha88,0.7793
aryarizz,p!n,0.7296
aryarizz,r 4 5 ya,0.6933
aryarizz,r e t z,0.6814
aryarizz,rian(rivan fian),0.769
aryarizz,ririss,0.7019
aryarizz,sandhi686,0.6594
aryarizz,se'pull_maxwill,0.6707
aryarizz,spilloutfittrendy,0.7257
aryarizz,vanzzz,0.6938
aryarizz,wiwut,0.7314
aryarizz,wong kene bae,0.6507
aryarizz,"wong""plosok",0.7139
aryarizz,xy_don🚀,0.7175
aryarizz,yoo🅰️jahh,0.7462
aryarizz,zexx'777,0.786
aryarizz,zouheir.yaz_ze,0.6619
aryarizz,zye hehe,0.7355
aryarizz,˚꩜｡⋆˚࿔ 𝔂𝓪𝔂𝓪 𝜗𝜚˚⋆🧸ྀི,0.6752
aryarizz,⭐zka,0.6766
aryarizz,レザ,0.8141
aryarizz,𝕬𝖟𝖐𝖆 𝖋𝖔𝖗 𝖞𝖔𝖚,0.666
aryarizz,𝘾𝙖𝙡𝙤𝙣 𝙃𝘼𝙅𝙄,0.6644
aryarizz,𝙎𝘽𝙎 001_𝙨𝙠𝙖𝙮 𝙮𝙚𝙡𝙤𝙬,0.6753
aryarizz,𝙔𝙊𝙂𝙂𝘼𝘼⭐💦,0.667
aryarizz,💥,0.6713
aryarizz,😂,0.6712
aryarizz,🥷,0.6503
arya🎲,asya&fajar,0.6842
arya🎲,ateng54,0.6842
arya🎲,bleng ko,0.8467
arya🎲,bsep,0.6842
arya🎲,chikotila,0.6672
arya🎲,daniiii,0.6842
arya🎲,derasah,0.6598
arya🎲,duwiii,0.6842
arya🎲,dwisetyarinii,0.6598
arya🎲,enaksekali,0.6842
arya🎲,enjoyss,0.6811
arya🎲,fernanda,0.6842
arya🎲,firmannnnnnnn,0.6842
arya🎲,fittdos,0.6598
arya🎲,juprianto anto,0.6598
arya🎲,kembali datang,0.6811
arya🎲,kenzo.s.m.z,0.6842
arya🎲,lakmen,0.7096
arya🎲,luthfyyy,0.6598
arya🎲,mas_drun,0.6598
arya🎲,nipzzz,0.6757
arya🎲,pikaars?,0.7692
arya🎲,pitawidiono,0.7229
arya🎲,r.a sbg team,0.7309
arya🎲,rezx2nd,0.6842
arya🎲,riff,0.6842
arya🎲,scorpio🦂,0.6842
arya🎲,sinfloww,0.6598
arya🎲,veri ramandani18,0.6598
arya🎲,wisnu krishna,0.781
arya🎲,yuliazaa,0.8467
arya🎲,น้ำอุ่น กัญญาภัทร เต๊กอ๋อต้ง,0.8467
arya🎲,￼,0.6896
arya🎲,🌵dnd's_mom🌵,0.7874
arya🎲,🐚🫧🪩,0.7184
arz👾🪄,bidzz😶‍🌫️😶‍🌫️,0.7227
arz👾🪄,febriansyah,0.6505
arz👾🪄,fens nasa 🇺🇸🚀,0.6571
arz👾🪄,gesang wl,0.6856
arz👾🪄,mommy bibiel,0.6678
arz👾🪄,tuty ra,0.7217
arz👾🪄,ujangkedu,0.6856
arz👾🪄,ɴᴀᴛ,0.6538
arz👾🪄,￴￴,0.6761
arz👾🪄,𝘼𝙇𝙃𝘼𝙆𝙄𝙈𝙕,0.6569
asher,atbqu25,0.6743
asher,axsa,0.6749
asher,bibb,0.6563
asher,danzz,0.7068
asher,do,0.6702
asher,dzikriibrgzazdn,0.6574
asher,"elan jangan nakal ya, iya mah",0.6822
asher,farrel,0.6715
asher,fcknzzshit_,0.7627
asher,frzardtyaalvro,0.6711
asher,g,0.6744
asher,garangan mulet,0.6863
asher,glowupbareng.id,0.6572
asher,granddream,0.7213
asher,izz_sjlh🀄,0.6704
asher,jesiccaaa,0.6629
asher,kall,0.6524
asher,keee keee,0.6668
asher,kuwi4526,0.677
asher,mykids,0.6757
asher,nuuuu,0.6629
asher,n⭐👽,0.6843
asher,oftaxl,0.7391
asher,putra barepjr,0.7357
asher,putz!!,0.653
asher,rimzsukaessedoublechange🤤,0.7142
asher,rofikkk !!,0.6612
asher,saitama.botak6,0.6756
asher,taxi barang purwokerto,0.6793
asher,tole bf official316,0.6571
asher,ujangkedu,0.6768
asher,wirr tzy,0.7009
asher,wong kene bae,0.6933
asher,"wong""plosok",0.6517
asher,yaraaayaaaa,0.6599
asher,ynnnz,0.658
asher,zain,0.6742
asher,| ig : @aseprmadanni,0.7357
asher,àlwàysdip,0.7487
asher,𝘉𝘐 𝔟𝔢𝔫𝔠𝔦 𝔠𝔦𝔫𝔱𝔞~,0.6605
asher,𝘼𝙇𝙃𝘼𝙆𝙄𝙈𝙕,0.656
asher,🆘,0.7001
asher,💥,0.7008
asya&fajar,ateng in here,0.7639
asya&fajar,ateng54,1.0
asya&fajar,ath,0.8452
asya&fajar,bsep,1.0
asya&fajar,buluk gonzales 13,0.7122
asya&fajar,dafz second trifth19,0.6787
asya&fajar,daniiii,1.0
asya&fajar,derasah,0.7107
asya&fajar,desttt_,0.6798
asya&fajar,devannn,0.8518
asya&fajar,dewoel,0.6867
asya&fajar,dheebu,0.8452
asya&fajar,diah sri972,0.8452
asya&fajar,duwiii,1.0
asya&fajar,dwisetyarinii,0.7107
asya&fajar,enaksekali,1.0
asya&fajar,enjoyss,0.7261
asya&fajar,excel😶‍🌫️            akun №1,0.785
asya&fajar,fernanda,1.0
asya&fajar,firmannnnnnnn,1.0
asya&fajar,fittdos,0.7107
asya&fajar,fzryyyy,0.7054
asya&fajar,gl badax,0.8452
asya&fajar,haniiif,0.8452
asya&fajar,ig: ryaaa.06_,0.7528
asya&fajar,iin,0.8452
asya&fajar,indomaret 24 jam,0.7184
asya&fajar,juprianto anto,0.7107
asya&fajar,kd urng ya,0.8452
asya&fajar,kembali datang,0.7261
asya&fajar,kenzo.s.m.z,1.0
asya&fajar,lakmen,0.6874
asya&fajar,luthfyyy,0.7107
asya&fajar,mahendri,0.6602
asya&fajar,mas_drun,0.7107
asya&fajar,n4uf@l 4j4,0.72
asya&fajar,nanangmungils1,0.8452
asya&fajar,nipzzz,0.7549
asya&fajar,nycxstore,0.6549
asya&fajar,ovl,0.7528
asya&fajar,panzskbd,0.8452
asya&fajar,pikaars?,0.6747
asya&fajar,rezx2nd,1.0
asya&fajar,riff,1.0
asya&fajar,sannzxkce,0.6708
asya&fajar,satriaaa,0.7639
asya&fajar,scorpio🦂,1.0
asya&fajar,sinfloww,0.7107
asya&fajar,tri yulianti,0.8452
asya&fajar,vann 🌳,0.7717
asya&fajar,veri ramandani18,0.7107
asya&fajar,ye,0.6851
asya&fajar,⠀ ⠀ ⠀ ⠀ ⠀᠌,0.8452
asya&fajar,🄱🄰🅈🅄🄸🄽🄳🄰🄷🄾🄵🄵🅂🄴🅃,0.7271
asya&fajar,🌵dnd's_mom🌵,0.6685
asya&fajar,🐚🫧🪩,0.6677
ataabhrandie_,bambang spektakuler!,0.6861
ataabhrandie_,bibb,0.6876
ataabhrandie_,cen,0.6745
ataabhrandie_,cyy,0.7441
ataabhrandie_,dea,0.6668
ataabhrandie_,deliciousrull,0.6807
ataabhrandie_,diee_aja,0.7359
ataabhrandie_,duta oghe,0.7048
ataabhrandie_,dzikriibrgzazdn,0.654
ataabhrandie_,frhnbaeω,0.687
ataabhrandie_,icin,0.6776
ataabhrandie_,iyann noverse ☄️🪐,0.7172
ataabhrandie_,jarot bae,0.6611
ataabhrandie_,khaa : akun business 🪐 💵,0.6641
ataabhrandie_,kmu gpp zaa?,0.6544
ataabhrandie_,maa....,0.6719
ataabhrandie_,mamaz ap,0.7111
ataabhrandie_,maypen🍉,0.6725
ataabhrandie_,mrco,0.6631
ataabhrandie_,nafz?yakena😹🤓🤭😋,0.6907
ataabhrandie_,ndaru,0.6563
ataabhrandie_,nha_nha88,0.6807
ataabhrandie_,p!n,0.7071
ataabhrandie_,rian(rivan fian),0.6748
ataabhrandie_,spilloutfittrendy,0.6519
ataabhrandie_,wiwut,0.6816
ataabhrandie_,"wong""plosok",0.6692
ataabhrandie_,yoo🅰️jahh,0.7082
ataabhrandie_,zexx'777,0.7202
ataabhrandie_,zye hehe,0.7458
ataabhrandie_,˚꩜｡⋆˚࿔ 𝔂𝓪𝔂𝓪 𝜗𝜚˚⋆🧸ྀི,0.6732
ataabhrandie_,レザ,0.7037
ataabhrandie_,𝕬𝖟𝖐𝖆 𝖋𝖔𝖗 𝖞𝖔𝖚,0.7089
ataabhrandie_,𝙎𝘽𝙎 001_𝙨𝙠𝙖𝙮 𝙮𝙚𝙡𝙤𝙬,0.6737
ataabhrandie_,𝙢𝙖𝙖𝙖𝙖𝙖𝙖𝙨𝙨𝙨𝙠𝙖𝙣𝙣𝙣,0.6641
ataabhrandie_,🎀sheila||suka ngonten🎀,0.6734
ataabhrandie_,🐚🫧🪩,0.6686
ataapppp,bleng ko,0.659
ataapppp,ig:amrizalss,0.709
ataapppp,kangkasur,0.8708
ataapppp,ndra_may,0.8952
ataapppp,nurul hidayanti 🐗,0.7443
ataapppp,otong,0.7825
ataapppp,ssuuu,0.7194
ataapppp,yuliazaa,0.659
ataapppp,น้ำอุ่น กัญญาภัทร เต๊กอ๋อต้ง,0.659
atbqu25,ayas hafddz,0.655
atbqu25,ayurahayu,0.7162
atbqu25,aziz,0.6639
atbqu25,b4ng_zam,0.661
atbqu25,bimbim,0.6567
atbqu25,bimo prasetyo,0.6812
atbqu25,b★vanss,0.7028
atbqu25,cahyoo☄️,0.6573
atbqu25,chell28,0.676
atbqu25,chelll,0.6913
atbqu25,cingire dava,0.7017
atbqu25,dhellaxriigod,0.6962
atbqu25,dimzz.stecu(setelan.cuwek💢🥶),0.6806
atbqu25,donz2nd,0.7046
atbqu25,edhy soekamto,0.6677
atbqu25,faaa12,0.6556
atbqu25,fafang🕷️,0.6692
atbqu25,fakri,0.6956
atbqu25,farrel,0.6548
atbqu25,fauzannn,0.6854
atbqu25,fens nasa 🇺🇸🚀,0.6503
atbqu25,frzardtyaalvro,0.6863
atbqu25,genzzz,0.6884
atbqu25,gtww,0.6714
atbqu25,hamka resna,0.6911
atbqu25,hermanto,0.699
atbqu25,hii i'm bayy.,0.6792
atbqu25,hyan,0.6743
atbqu25,i,0.6573
atbqu25,ifaashion.id,0.6752
atbqu25,ig : d4haas.👾,0.6525
atbqu25,ikhsan hair,0.6791
atbqu25,im.p4yeng!!,0.7205
atbqu25,inieidan,0.7005
atbqu25,javrr⚡,0.7036
atbqu25,juvvv,0.6984
atbqu25,kang bahar,0.659
atbqu25,keee keee,0.6672
atbqu25,kelzy24,0.7061
atbqu25,kevin,0.6552
atbqu25,kin_💫,0.6934
atbqu25,kuwi4526,0.6567
atbqu25,lah?kenapa?,0.6754
atbqu25,lele_byakar@gmail.comm,0.6503
atbqu25,mas_dawet,0.6775
atbqu25,mawarr,0.6649
atbqu25,mengomentari postingan anda,0.6648
atbqu25,mhrullam,0.6617
atbqu25,mykids,0.6593
atbqu25,nar setecu🌀💤🌊,0.693
atbqu25,ndre4you,0.6638
atbqu25,nobody,0.686
atbqu25,nuuuu,0.6979
atbqu25,p4tooookkkk,0.6637
atbqu25,pisangambon,0.6924
atbqu25,piscesmod,0.7348
atbqu25,qila012,0.6986
atbqu25,raffiii162,0.6906
atbqu25,rafyy😹,0.7413
atbqu25,rfky,0.6525
atbqu25,rℹ️k🅾️🅾️🅾️,0.6685
atbqu25,safi,0.6599
atbqu25,sara ariska,0.6697
atbqu25,secccfldsuuu21,0.7395
atbqu25,septiana,0.6522
atbqu25,set? iy syng,0.6515
atbqu25,si kucing,0.6999
atbqu25,sn0w,0.7057
atbqu25,syaf__👾👾,0.6614
atbqu25,talasku99,0.7175
atbqu25,tam,0.6778
atbqu25,taxi barang purwokerto,0.7046
atbqu25,teteh_jawa,0.6831
atbqu25,upin🐼,0.6963
atbqu25,vittss..,0.6598
atbqu25,ws🪩,0.6533
atbqu25,yyy,0.657
atbqu25,zaka.ya,0.6569
atbqu25,zazamm,0.6626
atbqu25,®️e💤🅰️ sur,0.6529
atbqu25,àlwàysdip,0.6558
atbqu25,ɴᴀᴛ,0.6507
atbqu25,˚ ༘ 🦕𖦹⋆｡˚,0.673
atbqu25,⋇⋆✦chelsea ♛┈⛧♡,0.6779
atbqu25,★,0.6946
atbqu25,⛓️,0.6701
atbqu25,✌️,0.6815
atbqu25,￴ ￴ ￴  ￴ ￴ ￴ ￴ ￴,0.7209
atbqu25,￴￴,0.6651
atbqu25,𝕳𝕬𝕴𝕶𝕬𝕷 𝖁1,0.7167
atbqu25,𝘼𝙇𝙃𝘼𝙆𝙄𝙈𝙕,0.7062
atbqu25,𝘿𝙚𝙣,0.6623
atbqu25,𝙡𝙚𝙣𝙜,0.6865
atbqu25,𝙧𝙖𝙙𝙚𝙣𝙣𝙠𝙪𝙘𝙞𝙩𝙩🌊,0.6878
atbqu25,💩.,0.6751
atbqu25,🕊,0.7037
ateng in here,ateng54,0.7639
ateng in here,biyan195😎,0.6802
ateng in here,bsep,0.7639
ateng in here,buluk gonzales 13,0.68
ateng in here,daniiii,0.7639
ateng in here,devannn,0.676
ateng in here,duwiii,0.7639
ateng in here,enaksekali,0.7639
ateng in here,excel😶‍🌫️            akun №1,0.6622
ateng in here,fernanda,0.7639
ateng in here,firmannnnnnnn,0.7639
ateng in here,kenzo.s.m.z,0.7639
ateng in here,kharb_02,0.7305
ateng in here,nayzz🚀,0.6974
ateng in here,rezx2nd,0.7639
ateng in here,riff,0.7639
ateng in here,risky⛔️🆘️,0.6742
ateng in here,satriaaa,1.0
ateng in here,scorpio🦂,0.7639
ateng in here,tokoserbada12,0.749
ateng in here,wawud,0.6528
ateng in here,🕸,0.6684
ateng54,ath,0.8452
ateng54,bsep,1.0
ateng54,buluk gonzales 13,0.7122
ateng54,dafz second trifth19,0.6787
ateng54,daniiii,1.0
ateng54,derasah,0.7107
ateng54,desttt_,0.6798
ateng54,devannn,0.8518
ateng54,dewoel,0.6867
ateng54,dheebu,0.8452
ateng54,diah sri972,0.8452
ateng54,duwiii,1.0
ateng54,dwisetyarinii,0.7107
ateng54,enaksekali,1.0
ateng54,enjoyss,0.7261
ateng54,excel😶‍🌫️            akun №1,0.785
ateng54,fernanda,1.0
ateng54,firmannnnnnnn,1.0
ateng54,fittdos,0.7107
ateng54,fzryyyy,0.7054
ateng54,gl badax,0.8452
ateng54,haniiif,0.8452
ateng54,ig: ryaaa.06_,0.7528
ateng54,iin,0.8452
ateng54,indomaret 24 jam,0.7184
ateng54,juprianto anto,0.7107
ateng54,kd urng ya,0.8452
ateng54,kembali datang,0.7261
ateng54,kenzo.s.m.z,1.0
ateng54,lakmen,0.6874
ateng54,luthfyyy,0.7107
ateng54,mahendri,0.6602
ateng54,mas_drun,0.7107
ateng54,n4uf@l 4j4,0.72
ateng54,nanangmungils1,0.8452
ateng54,nipzzz,0.7549
ateng54,nycxstore,0.6549
ateng54,ovl,0.7528
ateng54,panzskbd,0.8452
ateng54,pikaars?,0.6747
ateng54,rezx2nd,1.0
ateng54,riff,1.0
ateng54,sannzxkce,0.6708
ateng54,satriaaa,0.7639
ateng54,scorpio🦂,1.0
ateng54,sinfloww,0.7107
ateng54,tri yulianti,0.8452
ateng54,vann 🌳,0.7717
ateng54,veri ramandani18,0.7107
ateng54,ye,0.6851
ateng54,⠀ ⠀ ⠀ ⠀ ⠀᠌,0.8452
ateng54,🄱🄰🅈🅄🄸🄽🄳🄰🄷🄾🄵🄵🅂🄴🅃,0.7271
ateng54,🌵dnd's_mom🌵,0.6685
ateng54,🐚🫧🪩,0.6677
ath,bleng ko,0.6588
ath,bsep,0.8452
ath,buluk gonzales 13,0.8649
ath,daniiii,0.8452
ath,danzooo,0.7016
ath,deboy,0.6757
ath,derasah,0.8055
ath,desttt_,0.7962
ath,devannn,0.7392
ath,dewoel,0.7006
ath,dheebu,1.0
ath,dheevaaaaaaaaaaaaaaaaaaaaa,0.6898
ath,diah sri972,1.0
ath,duwiii,0.8452
ath,dwisetyarinii,0.8055
ath,enaksekali,0.8452
ath,enjoyss,0.7337
ath,excel😶‍🌫️            akun №1,0.9191
ath,fernanda,0.8452
ath,firmannnnnnnn,0.8452
ath,fittdos,0.8055
ath,fzryyyy,0.6983
ath,gl badax,1.0
ath,haniiif,1.0
ath,i'szz?!,0.7176
ath,ig: ryaaa.06_,0.7056
ath,iin,1.0
ath,indomaret 24 jam,0.6716
ath,ini punya aku 🤪,0.6704
ath,juprianto anto,0.8055
ath,kd urng ya,1.0
ath,kembali datang,0.7337
ath,kenzo.s.m.z,0.8452
ath,lakmen,0.6693
ath,lianaa,0.6525
ath,luthfyyy,0.8055
ath,mahendri,0.7803
ath,mas_drun,0.8055
ath,n4uf@l 4j4,0.862
ath,nanangmungils1,1.0
ath,nipzzz,0.8229
ath,ovl,0.7056
ath,p4n_🤷‍♂️🤷‍♂️,0.7231
ath,pangeran kodok,0.6549
ath,panzskbd,1.0
ath,pasarrumah.id,0.6918
ath,pikaars?,0.654
ath,r 4 5 ya,0.696
ath,rezx2nd,0.8452
ath,riff,0.8452
ath,risky⛔️🆘️,0.7074
ath,sannzxkce,0.6825
ath,scorpio🦂,0.8452
ath,seli🌸,0.6656
ath,sinfloww,0.8055
ath,tokoserbada12,0.7623
ath,tri yulianti,1.0
ath,vann 🌳,0.6713
ath,veri ramandani18,0.8055
ath,wawud,0.6503
ath,wien,0.6656
ath,ye,0.8283
ath,yuliazaa,0.6588
ath,zaza,0.6641
ath,น้ำอุ่น กัญญาภัทร เต๊กอ๋อต้ง,0.6588
ath,⚽,0.6656
ath,⠀ ⠀ ⠀ ⠀ ⠀᠌,1.0
ath,レザ,0.6953
ath,𝕱_v2,0.6794
ath,🌵dnd's_mom🌵,0.7373
ath,🐚🫧🪩,0.6505
ath,🕸,0.675
athar aurellio,aziz,0.6819
athar aurellio,b,0.7278
athar aurellio,balzz,0.7467
athar aurellio,bang duttz,0.6594
athar aurellio,betmenn🦸,0.6582
athar aurellio,bluestar,0.8194
athar aurellio,bowo prast,0.6984
athar aurellio,b★vanss,0.7661
athar aurellio,b🕸️,0.7201
athar aurellio,caaa,0.7292
athar aurellio,cahyoo☄️,0.667
athar aurellio,chell28,0.7393
athar aurellio,chelll,0.8657
athar aurellio,cionnnn➰,0.6511
athar aurellio,danu.,0.659
athar aurellio,dilzz v2,0.7126
athar aurellio,dimzz.stecu(setelan.cuwek💢🥶),0.7148
athar aurellio,donz2nd,0.7763
athar aurellio,dwi reny makmoy makm,0.683
athar aurellio,dwk,0.6899
athar aurellio,dân stfu⸸,0.7335
athar aurellio,dɹısɐɐɐ,0.6542
athar aurellio,edhy soekamto,0.6895
athar aurellio,el smile,0.6889
athar aurellio,espede racing,0.7387
athar aurellio,fakri,0.7004
athar aurellio,finzz★,0.6937
athar aurellio,frzardtyaalvro,0.8664
athar aurellio,f⚡,0.6597
athar aurellio,genzzz,0.7224
athar aurellio,grandberkahdoaibu,0.7277
athar aurellio,hpiss,0.6964
athar aurellio,hαpiz_boyss⚡,0.7037
athar aurellio,i,0.6607
athar aurellio,ibunya ragaf,0.7645
athar aurellio,ig : d4haas.👾,0.6501
athar aurellio,ig: ?,0.693
athar aurellio,ikhsan hair,0.6818
athar aurellio,im.p4yeng!!,0.6986
athar aurellio,inyong,0.693
athar aurellio,jagoan orangtua,0.9059
athar aurellio,javrr⚡,0.7669
athar aurellio,jdr,0.6648
athar aurellio,jesiccaaa,0.7138
athar aurellio,"kaa,a",0.6992
athar aurellio,kaji,0.734
athar aurellio,kelzy24,0.6511
athar aurellio,kin_💫,0.6918
athar aurellio,kruxill🎃,0.7896
athar aurellio,lah iya,0.81
athar aurellio,lah?kenapa?,0.7463
athar aurellio,lele_byakar@gmail.comm,0.7765
athar aurellio,lihgal18,0.7343
athar aurellio,masrianto manalu,0.6576
athar aurellio,mawar hitam 🌹🗡️,0.8194
athar aurellio,mengomentari postingan anda,0.6741
athar aurellio,mhrullam,0.7329
athar aurellio,mka. kka,0.7764
athar aurellio,muhamad rian,0.6533
athar aurellio,muhammadchilung,0.7568
athar aurellio,mykids,0.6621
athar aurellio,nadhiff👾,0.7423
athar aurellio,narti,0.6526
athar aurellio,ndre4you,0.65
athar aurellio,nnaann🔫,0.6535
athar aurellio,nobody,0.8058
athar aurellio,nuuuuu,0.6674
athar aurellio,ol²²oy,0.7484
athar aurellio,p4tooookkkk,0.7044
athar aurellio,pak haji,0.7214
athar aurellio,praditailhm_,0.7062
athar aurellio,princess 💅,0.6891
athar aurellio,put,0.6585
athar aurellio,qila012,0.7031
athar aurellio,rahmanpru,0.6598
athar aurellio,rahmat kartolo,0.6721
athar aurellio,rfky,0.6534
athar aurellio,rizzstecu✌️,0.7347
athar aurellio,rℹ️k🅾️🅾️🅾️,0.8009
athar aurellio,safi,0.6563
athar aurellio,satria 🙌,0.839
athar aurellio,scc winoww,0.7587
athar aurellio,scc.,0.7551
athar aurellio,secccfldsuuu21,0.7634
athar aurellio,sendiiisen©📍,0.7154
athar aurellio,sopo》,0.7078
athar aurellio,stecu💤,0.6812
athar aurellio,syaf__👾👾,0.6699
athar aurellio,tam,0.7149
athar aurellio,tangrajinngaji,0.6584
athar aurellio,taxi barang purwokerto,0.668
athar aurellio,teteh_jawa,0.6535
athar aurellio,theeryoou,0.8344
athar aurellio,tinnyee,0.7768
athar aurellio,tofik.putra17,0.7931
athar aurellio,user13463#457344,0.7953
athar aurellio,user7098643456,0.6502
athar aurellio,username12375,0.6933
athar aurellio,va 17hd,0.6839
athar aurellio,van pablo,0.6596
athar aurellio,vanooo,0.6625
athar aurellio,viann,0.7189
athar aurellio,vnn$fomo,0.6683
athar aurellio,wong elek,0.6572
athar aurellio,ws🪩,0.7033
athar aurellio,wzrd,0.6716
athar aurellio,yaraaayaaaa,0.7107
athar aurellio,yogaaa21,0.7799
athar aurellio,yyy,0.6626
athar aurellio,z4kk🇦🇱🇦🇱,0.7069
athar aurellio,zaall,0.6965
athar aurellio,zain,0.6828
athar aurellio,zaka.ya,0.728
athar aurellio,zannn,0.7121
athar aurellio,zazamm,0.7207
athar aurellio,zeniperr,0.78
athar aurellio,zrill🇦🇱🇦🇱,0.722
athar aurellio,zrill💥,0.6985
athar aurellio,àlwàysdip,0.6737
athar aurellio,ɴᴀᴛ,0.6889
athar aurellio,˚ ༘ 🦕𖦹⋆｡˚,0.7585
athar aurellio,فەیزال,0.7256
athar aurellio,☝️👌👌cc,0.7839
athar aurellio,♥,0.7994
athar aurellio,マᥱž𝚊,0.7056
athar aurellio,𝐫𝐢𝐝𝐨𝐨🕊️,0.6612
athar aurellio,𝑱𝒖𝒍𝒊𝒂𝒏𝒏𝒏,0.7236
athar aurellio,𝓝𝓪𝔂𝓵𝓪_𝓓.𝓐,0.6984
athar aurellio,𝕳𝕬𝕴𝕶𝕬𝕷 𝖁1,0.7572
athar aurellio,𝘿𝙚𝙣,0.7244
athar aurellio,𝙋𝙍𝙄𝙉𝘾𝙀 15,0.6579
athar aurellio,𝙡𝙚𝙣𝙜,0.7168
athar aurellio,𝙾𝚛𝚢𝚣𝚊 𝚂𝚊𝚝𝚒𝚟𝚊 🌾,0.6615
athar aurellio,🏴󠁧󠁢󠁥󠁮󠁧󠁿🏴󠁧󠁢󠁥󠁮󠁧󠁿,0.732
athar aurellio,🐦,0.7375
athar aurellio,👾,0.6674
athar aurellio,👾🤖🤖,0.6948
athar aurellio,💋,0.6973
athar aurellio,🕊,0.7543
athar aurellio,🧋,0.657
aton bae🚀🚀,ayas hafddz,0.6537
aton bae🚀🚀,betmenn🦸,0.6748
aton bae🚀🚀,bian aja,0.6529
aton bae🚀🚀,bibb,0.6876
aton bae🚀🚀,bimbim,0.6552
aton bae🚀🚀,brahim d van basten,0.6952
aton bae🚀🚀,cantika deni,0.6534
aton bae🚀🚀,celukbae abid 😃😁@?,0.7147
aton bae🚀🚀,cen,0.6571
aton bae🚀🚀,cingire dava,0.7114
aton bae🚀🚀,davaaa,0.6666
aton bae🚀🚀,dvindylndra,0.7387
aton bae🚀🚀,dzikriibrgzazdn,0.712
aton bae🚀🚀,dzky.,0.6579
aton bae🚀🚀,ewong...,0.6855
aton bae🚀🚀,faaa12,0.6718
aton bae🚀🚀,farrel,0.7053
aton bae🚀🚀,fens nasa 🇺🇸🚀,0.713
aton bae🚀🚀,ffi🕷️,0.6721
aton bae🚀🚀,fi🅰️n6️⃣,0.6856
aton bae🚀🚀,frhnbaeω,0.6746
aton bae🚀🚀,g,0.7281
aton bae🚀🚀,genjur,0.6571
aton bae🚀🚀,genzzz,0.6765
aton bae🚀🚀,ig:4ufa_l,0.6704
aton bae🚀🚀,inieidan,0.7245
aton bae🚀🚀,jdr,0.6618
aton bae🚀🚀,just friend🙂,0.6768
aton bae🚀🚀,kall,0.6756
aton bae🚀🚀,kib3nk_ta,0.6809
aton bae🚀🚀,kojek,0.6845
aton bae🚀🚀,maswilll,0.7186
aton bae🚀🚀,mmmmm,0.681
aton bae🚀🚀,mommy bibiel,0.6719
aton bae🚀🚀,muhammadchilung,0.6715
aton bae🚀🚀,nar setecu🌀💤🌊,0.653
aton bae🚀🚀,nha_nha88,0.6569
aton bae🚀🚀,náátzy.,0.671
aton bae🚀🚀,p4tooookkkk,0.6656
aton bae🚀🚀,pisangambon,0.6983
aton bae🚀🚀,r,0.7005
aton bae🚀🚀,rian(rivan fian),0.6982
aton bae🚀🚀,rimzsukaessedoublechange🤤,0.7132
aton bae🚀🚀,safi,0.6652
aton bae🚀🚀,single era,0.6514
aton bae🚀🚀,tofik.putra17,0.6603
aton bae🚀🚀,van pablo,0.7249
aton bae🚀🚀,wiwut,0.7149
aton bae🚀🚀,ws🪩,0.6709
aton bae🚀🚀,zexx'777,0.651
aton bae🚀🚀,zouheir.yaz_ze,0.7292
aton bae🚀🚀,| ig : @aseprmadanni,0.6795
aton bae🚀🚀,เςคภ,0.6565
aton bae🚀🚀,™.yunz ★ 447.¥,0.7034
aton bae🚀🚀,⋇⋆✦chelsea ♛┈⛧♡,0.6635
aton bae🚀🚀,ザキ・アルディアンシア,0.6515
aton bae🚀🚀,윙고🇲🇨🇰🇷,0.7252
aton bae🚀🚀,️dika_sajah,0.6647
aton bae🚀🚀,𝐫𝐢𝐝𝐨𝐨🕊️,0.7151
aton bae🚀🚀,𝘼𝙇𝙃𝘼𝙆𝙄𝙈𝙕,0.6539
aton bae🚀🚀,𝙔𝙊𝙂𝙂𝘼𝘼⭐💦,0.6881
aton bae🚀🚀,𝙖𝙩𝙨𝙨,0.6809
aton bae🚀🚀,𝙡𝙚𝙣𝙜,0.6749
aton bae🚀🚀,𝙧𝙖𝙙𝙚𝙣𝙣𝙠𝙪𝙘𝙞𝙩𝙩🌊,0.6579
aton bae🚀🚀,🐣,0.6533
aton bae🚀🚀,🥷,0.6545
axsa,balbol,0.6531
axsa,bibb,0.7084
axsa,cen,0.7778
axsa,cyy,0.7006
axsa,danzz,0.6927
axsa,dea,0.6743
axsa,do,0.6858
axsa,dzikriibrgzazdn,0.6709
axsa,"elan jangan nakal ya, iya mah",0.6593
axsa,federico,0.6657
axsa,frhnbaeω,0.7413
axsa,glowupbareng.id,0.687
axsa,granddream,0.7475
axsa,hanifnur,0.6878
axsa,iyann noverse ☄️🪐,0.6884
axsa,jarot bae,0.6678
axsa,kall,0.7451
axsa,kizy🇦🇱,0.7447
axsa,mamaz ap,0.7694
axsa,maswilll,0.678
axsa,maypen🍉,0.6701
axsa,mswti_,0.6813
axsa,namaku atha,0.6706
axsa,nayor,0.6883
axsa,ndaru,0.6701
axsa,nha_nha88,0.774
axsa,patrick bateman,0.6665
axsa,putra barepjr,0.7201
axsa,r e t z,0.6697
axsa,ramadani🌀,0.6526
axsa,rian(rivan fian),0.7269
axsa,rimzsukaessedoublechange🤤,0.6735
axsa,ririss,0.7541
axsa,saitama.botak6,0.7203
axsa,sandhi686,0.7463
axsa,se'pull_maxwill,0.6927
axsa,spilloutfittrendy,0.7384
axsa,sri66790,0.6916
axsa,tem - tem★★★,0.7001
axsa,tole bf official316,0.8727
axsa,ultrambuttttt,0.689
axsa,wong kene bae,0.7192
axsa,"wong""plosok",0.7686
axsa,ynnnz,0.7331
axsa,zexx'777,0.6683
axsa,zye hehe,0.6813
axsa,| ig : @aseprmadanni,0.7899
axsa,˚꩜｡⋆˚࿔ 𝔂𝓪𝔂𝓪 𝜗𝜚˚⋆🧸ྀི,0.7042
axsa,ℒ𝓊𝓬𝓴𝔂,0.714
axsa,⭐zka,0.6811
axsa,𝕬𝖟𝖐𝖆 𝖋𝖔𝖗 𝖞𝖔𝖚,0.7046
axsa,𝘾𝙖𝙡𝙤𝙣 𝙃𝘼𝙅𝙄,0.7227
axsa,𝙢𝙖𝙖𝙖𝙖𝙖𝙖𝙨𝙨𝙨𝙠𝙖𝙣𝙣𝙣,0.6583
axsa,🆘,0.7232
axsa,💥,0.703
ayas hafddz,ayurahayu,0.6503
ayas hafddz,aziz,0.6779
ayas hafddz,b,0.7082
ayas hafddz,b saja 👀,0.6764
ayas hafddz,balzz,0.6869
ayas hafddz,betmenn🦸,0.6763
ayas hafddz,bian aja,0.6547
ayas hafddz,bimbim,0.6873
ayas hafddz,bluestar,0.6554
ayas hafddz,bogel osle,0.673
ayas hafddz,b★vanss,0.728
ayas hafddz,cantika deni,0.6758
ayas hafddz,celukbae abid 😃😁@?,0.7463
ayas hafddz,chell28,0.6731
ayas hafddz,chelll,0.6752
ayas hafddz,cingire dava,0.6914
ayas hafddz,cionnnn➰,0.7153
ayas hafddz,cyluck,0.6559
ayas hafddz,d4nnnnn23_4,0.6668
ayas hafddz,danu.,0.6776
ayas hafddz,dhanadut_bae16💤,0.7009
ayas hafddz,dilahhh,0.6602
ayas hafddz,dimzz.stecu(setelan.cuwek💢🥶),0.6592
ayas hafddz,donz2nd,0.6972
ayas hafddz,dwk,0.6898
ayas hafddz,dɹısɐɐɐ,0.7106
ayas hafddz,espede racing,0.7406
ayas hafddz,ewong...,0.6689
ayas hafddz,faaa12,0.6819
ayas hafddz,faiqqqqqqq,0.68
ayas hafddz,fann,0.6948
ayas hafddz,farrel,0.7522
ayas hafddz,fens nasa 🇺🇸🚀,0.7015
ayas hafddz,ffi🕷️,0.6713
ayas hafddz,g,0.6934
ayas hafddz,genjur,0.7143
ayas hafddz,genzzz,0.7456
ayas hafddz,hermanto,0.6635
ayas hafddz,hii i'm bayy.,0.6542
ayas hafddz,hαpiz_boyss⚡,0.6689
ayas hafddz,inieidan,0.7333
ayas hafddz,jagoan orangtua,0.7449
ayas hafddz,javrr⚡,0.7839
ayas hafddz,jdr,0.7098
ayas hafddz,just friend🙂,0.7083
ayas hafddz,kib3nk_ta,0.688
ayas hafddz,kojek,0.7328
ayas hafddz,kruxill🎃,0.6862
ayas hafddz,kuwi4526,0.6729
ayas hafddz,l4nkk,0.7025
ayas hafddz,laris manis store,0.6525
ayas hafddz,lele_byakar@gmail.comm,0.6859
ayas hafddz,lihgal18,0.7358
ayas hafddz,masayu,0.6514
ayas hafddz,mawar hitam 🌹🗡️,0.6554
ayas hafddz,mhrullam,0.7488
ayas hafddz,mmmmm,0.7355
ayas hafddz,mommy bibiel,0.7109
ayas hafddz,muhammadchilung,0.7402
ayas hafddz,nadhiff👾,0.7679
ayas hafddz,nandaa,0.6634
ayas hafddz,narti,0.7136
ayas hafddz,narzz🌊🌊,0.6645
ayas hafddz,neyymar kee jakarta,0.6677
ayas hafddz,nnaann🔫,0.6589
ayas hafddz,nobody,0.675
ayas hafddz,ol²²oy,0.6569
ayas hafddz,oz_,0.7196
ayas hafddz,p4tooookkkk,0.6984
ayas hafddz,padil,0.6504
ayas hafddz,pangeran k,0.6581
ayas hafddz,pisangambon,0.7534
ayas hafddz,piscesmod,0.6721
ayas hafddz,praditailhm_,0.675
ayas hafddz,put,0.7263
ayas hafddz,qila012,0.6873
ayas hafddz,rahmat kartolo,0.6762
ayas hafddz,rimzsukaessedoublechange🤤,0.6577
ayas hafddz,rndra,0.6611
ayas hafddz,rpk1,0.6972
ayas hafddz,rℹ️k🅾️🅾️🅾️,0.7045
ayas hafddz,s u m m e r .,0.7202
ayas hafddz,safi,0.6684
ayas hafddz,satria 🙌,0.753
ayas hafddz,sendiiisen©📍,0.7162
ayas hafddz,single era,0.7401
ayas hafddz,stecu💤,0.6556
ayas hafddz,suyato jowo,0.6545
ayas hafddz,tam,0.6871
ayas hafddz,tangrajinngaji,0.7287
ayas hafddz,taxi barang purwokerto,0.6586
ayas hafddz,theeryoou,0.6517
ayas hafddz,tofik.putra17,0.7854
ayas hafddz,user13463#457344,0.7357
ayas hafddz,user7098643456,0.6506
ayas hafddz,va 17hd,0.7001
ayas hafddz,van pablo,0.7126
ayas hafddz,viann,0.7425
ayas hafddz,vittss..,0.6748
ayas hafddz,wong elek,0.6746
ayas hafddz,wongwonganmumet,0.6547
ayas hafddz,ws🪩,0.7535
ayas hafddz,wzrd,0.6714
ayas hafddz,yanuar,0.7059
ayas hafddz,yesakiw,0.669
ayas hafddz,yogaaa21,0.6594
ayas hafddz,yyy,0.6552
ayas hafddz,z4kk🇦🇱🇦🇱,0.7228
ayas hafddz,zaka.ya,0.6776
ayas hafddz,zazamm,0.6755
ayas hafddz,zeniperr,0.679
ayas hafddz,zrill🇦🇱🇦🇱,0.7156
ayas hafddz,ɴᴀᴛ,0.7225
ayas hafddz,˚ ༘ 🦕𖦹⋆｡˚,0.726
ayas hafddz,المجتهد,0.6562
ayas hafddz,فەیزال,0.7357
ayas hafddz,เςคภ,0.6852
ayas hafddz,⋇⋆✦chelsea ♛┈⛧♡,0.6568
ayas hafddz,⛓️,0.657
ayas hafddz,マᥱž𝚊,0.6804
ayas hafddz,윙고🇲🇨🇰🇷,0.675
ayas hafddz,️dika_sajah,0.7159
ayas hafddz,￴,0.6961
ayas hafddz,￴ ￴ ￴  ￴ ￴ ￴ ￴ ￴,0.7125
ayas hafddz,￴￴,0.7717
ayas hafddz,𝐫𝐢𝐝𝐨𝐨🕊️,0.6807
ayas hafddz,𝕶𝖞𝖓𝖟𝖟,0.7348
ayas hafddz,𝘼𝙇𝙃𝘼𝙆𝙄𝙈𝙕,0.7332
ayas hafddz,𝘿𝙚𝙣,0.7118
ayas hafddz,𝙋𝙍𝙄𝙉𝘾𝙀 15,0.689
ayas hafddz,𝙖𝙩𝙨𝙨,0.6965
ayas hafddz,𝙡𝙚𝙣𝙜,0.7543
ayas hafddz,🔴⚪,0.6971
ayas hafddz,🕊,0.7605
ayurahayu,b saja 👀,0.6941
ayurahayu,b4ng_zam,0.7746
ayurahayu,balzz,0.6754
ayurahayu,betmenn🦸,0.6718
ayurahayu,bilyy⁰²,0.7166
ayurahayu,b★vanss,0.7005
ayurahayu,b🕸️,0.679
ayurahayu,cantika deni,0.6814
ayurahayu,chell28,0.6874
ayurahayu,chelll,0.6787
ayurahayu,cionnnn➰,0.6501
ayurahayu,danii,0.7096
ayurahayu,danu.,0.6618
ayurahayu,danzzz,0.6886
ayurahayu,dhellaxriigod,0.7457
ayurahayu,dilahhh,0.6608
ayurahayu,dly,0.6974
ayurahayu,donz2nd,0.7234
ayurahayu,dwi reny makmoy makm,0.6652
ayurahayu,dân stfu⸸,0.6688
ayurahayu,dín dlgk?,0.6657
ayurahayu,edhy soekamto,0.7309
ayurahayu,el smile,0.67
ayurahayu,ens,0.6605
ayurahayu,er,0.681
ayurahayu,espede racing,0.7009
ayurahayu,fafang🕷️,0.7005
ayurahayu,faiz,0.6635
ayurahayu,fakri,0.7162
ayurahayu,farrel,0.6718
ayurahayu,fauzannn,0.7078
ayurahayu,fcknzzshit_,0.6723
ayurahayu,ffi🕷️,0.6635
ayurahayu,frzardtyaalvro,0.6816
ayurahayu,garangan mulet,0.6592
ayurahayu,genzzz,0.6855
ayurahayu,hamka resna,0.6844
ayurahayu,hermanto,0.7729
ayurahayu,hibban∆,0.6909
ayurahayu,hpiss,0.7065
ayurahayu,hαηs кαккσɪɪ.dnd.,0.696
ayurahayu,ibunya ragaf,0.6859
ayurahayu,idk,0.7046
ayurahayu,ifaashion.id,0.705
ayurahayu,ig : d4haas.👾,0.6975
ayurahayu,ig:4ufa_l,0.691
ayurahayu,ikhsan hair,0.6792
ayurahayu,im.p4yeng!!,0.6852
ayurahayu,javrr⚡,0.7132
ayurahayu,jepri night🦸,0.6748
ayurahayu,jun santuy,0.6728
ayurahayu,juvvv,0.7437
ayurahayu,kang bahar,0.6788
ayurahayu,keee keee,0.6708
ayurahayu,kelzy24,0.6961
ayurahayu,kii,0.663
ayurahayu,kin_💫,0.751
ayurahayu,kuwi4526,0.6859
ayurahayu,l3o m,0.6939
ayurahayu,lah iya,0.6762
ayurahayu,lah?kenapa?,0.6694
ayurahayu,lele_byakar@gmail.comm,0.6708
ayurahayu,mas_dawet,0.7156
ayurahayu,mbahnya nafisha dan sava,0.6913
ayurahayu,mengomentari postingan anda,0.8119
ayurahayu,mka. kka,0.6756
ayurahayu,mynnn,0.6989
ayurahayu,nobody,0.6969
ayurahayu,nur fadil,0.7417
ayurahayu,nuuuu,0.6641
ayurahayu,nuuuuu,0.6887
ayurahayu,oz_,0.6936
ayurahayu,pak haji sara,0.8126
ayurahayu,pip2nd🧿,0.7234
ayurahayu,piscesmod,0.8267
ayurahayu,praditailhm_,0.7152
ayurahayu,princess 💅,0.7291
ayurahayu,put,0.6664
ayurahayu,qila012,0.7331
ayurahayu,r4ndsyh,0.6519
ayurahayu,raf,0.6719
ayurahayu,raffiii162,0.6923
ayurahayu,rafyy😹,0.6577
ayurahayu,regialparij,0.6794
ayurahayu,rfky,0.688
ayurahayu,rzl,0.7068
ayurahayu,rℹ️k🅾️🅾️🅾️,0.7232
ayurahayu,samshl_22,0.6692
ayurahayu,sara ariska,0.6709
ayurahayu,satria 🙌,0.714
ayurahayu,satyaa ✦,0.6972
ayurahayu,scc winoww,0.6806
ayurahayu,scc.,0.7
ayurahayu,secccfldsuuu21,0.7214
ayurahayu,si kucing,0.704
ayurahayu,sn0w,0.7058
ayurahayu,sopo》,0.6833
ayurahayu,stecu💤,0.7016
ayurahayu,syaf__👾👾,0.6848
ayurahayu,tam,0.7
ayurahayu,taxi barang purwokerto,0.7195
ayurahayu,teteh_jawa,0.6586
ayurahayu,tofik.putra17,0.6825
ayurahayu,user7098643456,0.6739
ayurahayu,uuppio,0.6691
ayurahayu,va 17hd,0.673
ayurahayu,viann,0.7293
ayurahayu,wh0,0.6696
ayurahayu,ws🪩,0.6521
ayurahayu,wzrd,0.7048
ayurahayu,yogaaa21,0.6585
ayurahayu,yyy,0.7003
ayurahayu,y💥💯                😛,0.6537
ayurahayu,zaall,0.671
ayurahayu,zain,0.6767
ayurahayu,zaka.ya,0.6758
ayurahayu,zazamm,0.7416
ayurahayu,zeniperr,0.6528
ayurahayu,zrill💥,0.7191
ayurahayu,àlwàysdip,0.7062
ayurahayu,˚ ༘ 🦕𖦹⋆｡˚,0.6898
ayurahayu,⋇⋆✦chelsea ♛┈⛧♡,0.6752
ayurahayu,★,0.6744
ayurahayu,⛓️,0.6936
ayurahayu,️dika_sajah,0.6556
ayurahayu,￴ ￴ ￴  ￴ ￴ ￴ ￴ ￴,0.7193
ayurahayu,𝓝𝓪𝔂𝓵𝓪_𝓓.𝓐,0.6611
ayurahayu,𝕳𝕬𝕴𝕶𝕬𝕷 𝖁1,0.7536
ayurahayu,𝘿𝙚𝙣,0.6943
ayurahayu,𝙋𝙍𝙄𝙉𝘾𝙀 15,0.6562
ayurahayu,𝙡𝙚𝙣𝙜,0.7126
ayurahayu,👻hsb👻,0.6923
ayurahayu,👾,0.6887
ayurahayu,💋,0.7001
ayurahayu,🕊,0.7411
ayurahayu,🧋,0.6511
aziz,b saja 👀,0.7352
aziz,b4ng_zam,0.6669
aziz,balzz,0.6638
aziz,betmenn🦸,0.7341
aziz,bilyy⁰²,0.6641
aziz,bimbim,0.7022
aziz,bimo prasetyo,0.7383
aziz,bluestar,0.703
aziz,b★vanss,0.6975
aziz,cahyoo☄️,0.6843
aziz,cantika deni,0.6778
aziz,celukbae abid 😃😁@?,0.6771
aziz,chell28,0.7242
aziz,chelll,0.7313
aziz,cingire dava,0.7305
aziz,cionnnn➰,0.6947
aziz,danii,0.7464
aziz,danu.,0.6729
aziz,dhellaxriigod,0.6984
aziz,dian030301_ prayogi,0.6604
aziz,dilahhh,0.6752
aziz,dimzz.stecu(setelan.cuwek💢🥶),0.6868
aziz,donz2nd,0.7095
aziz,dubidubidam5,0.7426
aziz,dwi reny makmoy makm,0.6718
aziz,dwk,0.7134
aziz,dân stfu⸸,0.7529
aziz,dín dlgk?,0.6759
aziz,dɹısɐɐɐ,0.6966
aziz,edhy soekamto,0.6725
aziz,ens,0.6988
aziz,er,0.6662
aziz,espede racing,0.6854
aziz,faaa12,0.6573
aziz,fakri,0.6729
aziz,fens nasa 🇺🇸🚀,0.6749
aziz,ffi🕷️,0.7633
aziz,frzardtyaalvro,0.6863
aziz,genjur,0.6968
aziz,genzzz,0.6602
aziz,hii i'm bayy.,0.668
aziz,hyan,0.6712
aziz,hαpiz_boyss⚡,0.7171
aziz,i,0.6756
aziz,ibunya ragaf,0.7564
aziz,ig : d4haas.👾,0.75
aziz,ig:4ufa_l,0.71
aziz,ikhsan hair,0.7047
aziz,im.p4yeng!!,0.6978
aziz,inieidan,0.7314
aziz,iqqq⚡⚡,0.6817
aziz,jagoan orangtua,0.6915
aziz,javrr⚡,0.7647
aziz,jdr,0.6525
aziz,jepri night🦸,0.6611
aziz,just friend🙂,0.6559
aziz,juvvv,0.6561
aziz,kaji,0.6588
aziz,kang bahar,0.6784
aziz,kelzy24,0.6536
aziz,kin_💫,0.6993
aziz,kruxill🎃,0.6802
aziz,lah iya,0.6618
aziz,lah?kenapa?,0.7534
aziz,lele_byakar@gmail.comm,0.7095
aziz,lihgal18,0.674
aziz,mas_dawet,0.6776
aziz,mawar hitam 🌹🗡️,0.703
aziz,mawarr,0.6777
aziz,mhrullam,0.6705
aziz,mommy bibiel,0.6602
aziz,muhammadchilung,0.7148
aziz,nadhiff👾,0.6816
aziz,nansya ahsh,0.6604
aziz,ndre4you,0.6924
aziz,nino,0.6902
aziz,nnaann🔫,0.7116
aziz,nobody,0.7134
aziz,nuuuu,0.6699
aziz,ol²²oy,0.708
aziz,p4tooookkkk,0.6707
aziz,padil,0.6577
aziz,patirrrv2🖤,0.6526
aziz,pisangambon,0.7599
aziz,piscesmod,0.6684
aziz,praditailhm_,0.6907
aziz,put,0.7639
aziz,qila012,0.6935
aziz,raffiii162,0.695
aziz,rahmanpru,0.6599
aziz,regialparij,0.6862
aziz,rempeyek_500🌊,0.6752
aziz,rfky,0.7162
aziz,rivann.ahah,0.6961
aziz,ryy_,0.6917
aziz,rℹ️k🅾️🅾️🅾️,0.7429
aziz,safi,0.6833
aziz,sara ariska,0.6725
aziz,satria 🙌,0.7156
aziz,scc winoww,0.7274
aziz,scc.,0.6737
aziz,secccfldsuuu21,0.6778
aziz,sendiiisen©📍,0.7002
aziz,septiana,0.667
aziz,si kucing,0.7376
aziz,stecu💤,0.7018
aziz,syaf__👾👾,0.6738
aziz,talasku99,0.671
aziz,tam,0.6525
aziz,tangrajinngaji,0.6784
aziz,taxi barang purwokerto,0.6622
aziz,teteh_jawa,0.6841
aziz,theeryoou,0.6688
aziz,tinnyee,0.6711
aziz,tofik.putra17,0.7166
aziz,user13463#457344,0.6827
aziz,user7098643456,0.7561
aziz,va 17hd,0.6971
aziz,van pablo,0.7006
aziz,vanooo,0.6508
aziz,varkon🚀🚀,0.6578
aziz,viann,0.6977
aziz,vittss..,0.7047
aziz,wiindoc,0.658
aziz,wong elek,0.6549
aziz,wongwonganmumet,0.7228
aziz,ws🪩,0.6925
aziz,wzrd,0.7007
aziz,yanuar,0.6698
aziz,yesakiw,0.6574
aziz,yogaaa21,0.681
aziz,yyy,0.7095
aziz,y💥💯                😛,0.6759
aziz,z4kk🇦🇱🇦🇱,0.6825
aziz,zaall,0.6706
aziz,zaka.ya,0.6939
aziz,zazamm,0.703
aziz,zeniperr,0.76
aziz,ɴᴀᴛ,0.7725
aziz,˚ ༘ 🦕𖦹⋆｡˚,0.7363
aziz,فەیزال,0.6781
aziz,ᴘɪᴋᴀғʀɪᴇᴅᴄʜɪᴄᴋᴇɴ,0.6898
aziz,™.yunz ★ 447.¥,0.6833
aziz,☝️👌👌cc,0.6997
aziz,⛓️,0.6848
aziz,✌️,0.6772
aziz,マᥱž𝚊,0.6734
aziz,윙고🇲🇨🇰🇷,0.7064
aziz,️dika_sajah,0.7602
aziz,￴ ￴ ￴  ￴ ￴ ￴ ￴ ￴,0.6742
aziz,￴￴,0.6712
aziz,𝑱𝒖𝒍𝒊𝒂𝒏𝒏𝒏,0.662
aziz,𝕳𝕬𝕴𝕶𝕬𝕷 𝖁1,0.6559
aziz,𝘼𝙇𝙃𝘼𝙆𝙄𝙈𝙕,0.6669
aziz,𝘿𝙚𝙣,0.6744
aziz,𝙋𝙍𝙄𝙉𝘾𝙀 15,0.6564
aziz,𝙡𝙚𝙣𝙜,0.7515
aziz,𝙧𝙖𝙙𝙚𝙣𝙣𝙠𝙪𝙘𝙞𝙩𝙩🌊,0.6533
aziz,🏴󠁧󠁢󠁥󠁮󠁧󠁿🏴󠁧󠁢󠁥󠁮󠁧󠁿,0.6563
aziz,🐣,0.6546
aziz,💋,0.7198
aziz,🕊,0.7958
azziffsyazly@ official.,ba,0.6846
azziffsyazly@ official.,bayzz444,0.6623
azziffsyazly@ official.,bee,0.6517
azziffsyazly@ official.,biann,0.7462
azziffsyazly@ official.,capcipcup🕊️,0.7343
azziffsyazly@ official.,chikotila,0.7184
azziffsyazly@ official.,c✌🏻tur🌊,0.755
azziffsyazly@ official.,dedi intan,0.6787
azziffsyazly@ official.,deni,0.8147
azziffsyazly@ official.,dhafin &aja (@#),0.7861
azziffsyazly@ official.,dip_16,0.8076
azziffsyazly@ official.,dvaaa,0.6765
azziffsyazly@ official.,fahri..☘️☘️,0.8147
azziffsyazly@ official.,fery ps,0.6599
azziffsyazly@ official.,fuckingawerizsome,0.6845
azziffsyazly@ official.,gntaa,0.6575
azziffsyazly@ official.,hamz storee,0.7092
azziffsyazly@ official.,ini blue🔵💨,0.7437
azziffsyazly@ official.,jok,0.7606
azziffsyazly@ official.,joller🇦🇱,0.7861
azziffsyazly@ official.,kh,0.7047
azziffsyazly@ official.,king persija,0.7208
azziffsyazly@ official.,na.,0.7882
azziffsyazly@ official.,naufabyktsr,0.7066
azziffsyazly@ official.,ngọc,0.6513
azziffsyazly@ official.,noellnr🍒,0.736
azziffsyazly@ official.,nyong,0.7861
azziffsyazly@ official.,nyong ibaim,0.666
azziffsyazly@ official.,p1n,0.8527
azziffsyazly@ official.,pangerankodok77,0.6845
azziffsyazly@ official.,panglima boncoz,0.6601
azziffsyazly@ official.,parell✈️💤,0.7861
azziffsyazly@ official.,pdpputragemilang!,0.6546
azziffsyazly@ official.,pikaars?,0.7281
azziffsyazly@ official.,proo,0.7861
azziffsyazly@ official.,rass.,0.7861
azziffsyazly@ official.,ristiana08,0.7213
azziffsyazly@ official.,rmdn,0.6727
azziffsyazly@ official.,s. g. t.,0.7024
azziffsyazly@ official.,sestu,0.7606
azziffsyazly@ official.,slowhand,0.6538
azziffsyazly@ official.,sucilestaripp_08,0.7152
azziffsyazly@ official.,syakila pbg,0.7606
azziffsyazly@ official.,syaqella,0.7213
azziffsyazly@ official.,tll,0.7874
azziffsyazly@ official.,vinza,0.6609
azziffsyazly@ official.,wdyt_,0.691
azziffsyazly@ official.,wisnu krishna,0.651
azziffsyazly@ official.,wong gringsing,0.7606
azziffsyazly@ official.,yafzz•𝙯𝙤𝙡𝙙𝙮𝙠🔰💤,0.6845
azziffsyazly@ official.,y🅰️hya?,0.8076
azziffsyazly@ official.,z4m,0.6781
azziffsyazly@ official.,~~boyszzarddd~~ardboysss🇦🇱🪩,0.7066
azziffsyazly@ official.,່,0.7861
azziffsyazly@ official.,✧-ta_kepkat,0.7443
azziffsyazly@ official.,❤️💛💚,0.7788
azziffsyazly@ official.,𝐀𝐋𝐄𝐗𝐀𝐍𝐃𝐑𝐈𝐀,0.676
azziffsyazly@ official.,𝑦𝑦𝑦𝑦,0.8076
azziffsyazly@ official.,𝔅𝔩𝔲𝔢𝔢𝔅𝔬𝔬𝔰𝔱 💨💫,0.6668
azziffsyazly@ official.,"𝖂𝖍𝖔'𝕾,𝕭𝖗𝖆𝖓රධ",0.7141
azziffsyazly@ official.,𝗕𝗠𝗞𝗚,0.7861
azziffsyazly@ official.,𝘁𝗿ē𝗻𝗱à𝗻𝘇𝘅,0.7861
azziffsyazly@ official.,🌵dnd's_mom🌵,0.6914
azziffsyazly@ official.,💫,0.7171
azziffsyazly@ official.,🔥theeam3ll⚡,0.7735
a🫪k44_,dewoel,0.6586
a🫪k44_,irfan k.,0.6669
a🫪k44_,iyedd 🪩,0.6621
a🫪k44_,mahendri,0.6717
a🫪k44_,mei meido x kakure meme,0.6684
a🫪k44_,mohammadriski077,0.7147
a🫪k44_,zaza,0.6562
b,balzz,0.6657
b,bang duttz,0.6554
b,bluestar,0.8256
b,bogel osle,0.7917
b,bowo prast,0.8455
b,b★vanss,0.8251
b,b🕸️,0.7
b,caaa,0.6669
b,chell28,0.7524
b,chelll,0.7146
b,cingire dava,0.72
b,cionnnn➰,0.6831
b,d4nnnnn23_4,0.6902
b,dhanadut_bae16💤,0.7801
b,dimzz.stecu(setelan.cuwek💢🥶),0.7751
b,donz2nd,0.7267
b,dwk,0.7201
b,dân stfu⸸,0.7475
b,dín dlgk?,0.7185
b,dɹısɐɐɐ,0.7137
b,el smile,0.8129
b,espede racing,0.7286
b,f,0.7045
b,faiqqqqqqq,0.6996
b,farrel,0.6724
b,febriansyah,0.6868
b,fikaa,0.749
b,finzz★,0.7303
b,fi🅰️n6️⃣,0.7476
b,frzardtyaalvro,0.6743
b,g,0.6623
b,genzzz,0.75
b,grandberkahdoaibu,0.7552
b,hermanto,0.6578
b,hii i'm bayy.,0.7677
b,hyan,0.6921
b,hαpiz_boyss⚡,0.7244
b,hαηs кαккσɪɪ.dnd.,0.6574
b,i,0.7174
b,ibunya ragaf,0.7003
b,ifaashion.id,0.658
b,ig : d4haas.👾,0.6704
b,ikhsan hair,0.6769
b,inieidan,0.6809
b,jagoan orangtua,0.7862
b,javrr⚡,0.8554
b,jdr,0.7628
b,just friend🙂,0.6503
b,kaji,0.7862
b,kang bahar,0.7596
b,kib3nk_ta,0.7267
b,kruxill🎃,0.8331
b,l4nkk,0.7915
b,lah iya,0.7033
b,laris manis store,0.6555
b,lele_byakar@gmail.comm,0.7908
b,lihgal18,0.9075
b,mawar hitam 🌹🗡️,0.8256
b,mawarr,0.6799
b,mhrullam,0.7758
b,mmmmm,0.6693
b,mommy bibiel,0.6666
b,muhammadchilung,0.7595
b,naa_,0.6516
b,nadhiff👾,0.8854
b,narti,0.7356
b,narzz🌊🌊,0.73
b,ndre4you,0.6743
b,neyymar kee jakarta,0.6716
b,nggaaa,0.7018
b,nnaann🔫,0.676
b,nobody,0.722
b,ol²²oy,0.8429
b,oz_,0.722
b,p4tooookkkk,0.6656
b,pisangambon,0.6779
b,praditailhm_,0.8362
b,princess 💅,0.6693
b,put,0.697
b,qila012,0.784
b,raf,0.6536
b,rahmat kartolo,0.6797
b,rℹ️k🅾️🅾️🅾️,0.8251
b,safi,0.6586
b,satria 🙌,0.8058
b,scc winoww,0.725
b,scc.,0.7018
b,sendiiisen©📍,0.8287
b,sopo》,0.6506
b,suyato jowo,0.7247
b,syaf__👾👾,0.7589
b,talasku99,0.6845
b,tam,0.7811
b,tangrajinngaji,0.784
b,theeryoou,0.6664
b,tinnyee,0.7344
b,tofik.putra17,0.8127
b,upin🐼,0.6545
b,user13463#457344,0.7421
b,username12375,0.677
b,va 17hd,0.7581
b,vanooo,0.6624
b,viann,0.854
b,vittss..,0.72
b,wo,0.718
b,wong elek,0.7339
b,ws🪩,0.7568
b,wzrd,0.6986
b,yanuar,0.683
b,yogaaa21,0.7532
b,yyy,0.7502
b,z4kk🇦🇱🇦🇱,0.67
b,zaall,0.6805
b,zaka.ya,0.7003
b,zazamm,0.7836
b,zeniperr,0.6514
b,zrill🇦🇱🇦🇱,0.7551
b,ɴᴀᴛ,0.6551
b,˚ ༘ 🦕𖦹⋆｡˚,0.7297
b,فەیزال,0.7311
b,⋇⋆✦chelsea ♛┈⛧♡,0.7029
b,☝️👌👌cc,0.8593
b,♥,0.6821
b,✌️,0.7135
b,✧saged🌊,0.6937
b,ザキ・アルディアンシア,0.6922
b,マᥱž𝚊,0.7228
b,윙고🇲🇨🇰🇷,0.7022
b,️dika_sajah,0.6533
b,￴,0.6696
b,￴￴,0.7581
b,𝑱𝒖𝒍𝒊𝒂𝒏𝒏𝒏,0.7732
b,𝕳𝕬𝕴𝕶𝕬𝕷 𝖁1,0.6851
b,𝕶𝖞𝖓𝖟𝖟,0.7315
b,𝘼𝙇𝙃𝘼𝙆𝙄𝙈𝙕,0.694
b,𝘿𝙚𝙣,0.753
b,𝙋𝙍𝙄𝙉𝘾𝙀 15,0.7296
b,𝙡𝙚𝙣𝙜,0.7908
b,🏴󠁧󠁢󠁥󠁮󠁧󠁿🏴󠁧󠁢󠁥󠁮󠁧󠁿,0.7159
b,🐣,0.6757
b,🐦,0.7315
b,🔴⚪,0.7393
b,🕊,0.8115
b saja 👀,bagasmorgan,0.6568
b saja 👀,balzz,0.6743
b saja 👀,betmenn🦸,0.8241
b saja 👀,bilyy⁰²,0.753
b saja 👀,bimo prasetyo,0.6668
b saja 👀,bogel osle,0.6933
b saja 👀,cantika deni,0.8117
b saja 👀,celukbae abid 😃😁@?,0.7263
b saja 👀,chell28,0.6928
b saja 👀,cingire dava,0.7119
b saja 👀,cionnnn➰,0.8095
b saja 👀,danii,0.7836
b saja 👀,danu.,0.7759
b saja 👀,dhanadut_bae16💤,0.661
b saja 👀,dhellaxriigod,0.7331
b saja 👀,dian030301_ prayogi,0.6667
b saja 👀,dilahhh,0.8099
b saja 👀,donz2nd,0.743
b saja 👀,dubidubidam5,0.8526
b saja 👀,dwi reny makmoy makm,0.7936
b saja 👀,dwk,0.764
b saja 👀,dân stfu⸸,0.6514
b saja 👀,dɹısɐɐɐ,0.8117
b saja 👀,edhy soekamto,0.7825
b saja 👀,ens,0.8645
b saja 👀,er,0.6843
b saja 👀,espede racing,0.7456
b saja 👀,faaa12,0.7215
b saja 👀,faiqqqqqqq,0.6754
b saja 👀,farrel,0.7479
b saja 👀,ffi🕷️,0.8698
b saja 👀,fikaa,0.6719
b saja 👀,fin.,0.7144
b saja 👀,genjur,0.8221
b saja 👀,gibr4n😑.,0.6948
b saja 👀,hermanto,0.7213
b saja 👀,hibban∆,0.6738
b saja 👀,hii i'm bayy.,0.6837
b saja 👀,hpiss,0.6617
b saja 👀,ibunya ragaf,0.698
b saja 👀,ifaashion.id,0.6678
b saja 👀,ig : d4haas.👾,0.7447
b saja 👀,ig | im_alzz,0.6535
b saja 👀,ig:4ufa_l,0.6776
b saja 👀,ikhsan hair,0.6761
b saja 👀,im.p4yeng!!,0.6915
b saja 👀,inieidan,0.6784
b saja 👀,jagoan orangtua,0.669
b saja 👀,javrr⚡,0.734
b saja 👀,jdr,0.685
b saja 👀,jepri night🦸,0.9604
b saja 👀,juvvv,0.7428
b saja 👀,kang bahar,0.6547
b saja 👀,kian santang,0.7649
b saja 👀,"kicau mania""😷✌",0.6612
b saja 👀,kin_💫,0.6793
b saja 👀,kkpann!,0.7631
b saja 👀,kojek,0.6841
b saja 👀,l4nkk,0.7174
b saja 👀,lah?kenapa?,0.7345
b saja 👀,lele_byakar@gmail.comm,0.6737
b saja 👀,leo,0.7209
b saja 👀,masayu,0.764
b saja 👀,mhrullam,0.6788
b saja 👀,mmmmm,0.7067
b saja 👀,mommy bibiel,0.6837
b saja 👀,muhammadchilung,0.695
b saja 👀,mvinta,0.7693
b saja 👀,naa_,0.6916
b saja 👀,nadhiff👾,0.6624
b saja 👀,nar setecu🌀💤🌊,0.7064
b saja 👀,narzz🌊🌊,0.6708
b saja 👀,neyymar kee jakarta,0.6618
b saja 👀,nnaann🔫,0.7664
b saja 👀,nobody,0.6853
b saja 👀,nur fadil,0.6518
b saja 👀,oz_,0.6809
b saja 👀,p4tooookkkk,0.7333
b saja 👀,padil,0.8008
b saja 👀,pak haji sara,0.6961
b saja 👀,pangeran k,0.6919
b saja 👀,pip2nd🧿,0.7634
b saja 👀,pisangambon,0.7454
b saja 👀,piscesmod,0.6814
b saja 👀,praditailhm_,0.7165
b saja 👀,princess 💅,0.6597
b saja 👀,put,0.8918
b saja 👀,qila012,0.7264
b saja 👀,rahmat kartolo,0.6794
b saja 👀,regialparij,0.7
b saja 👀,rempeyek_500🌊,0.7813
b saja 👀,rfky,0.7725
b saja 👀,rijakipp,0.7671
b saja 👀,rivann.ahah,0.6736
b saja 👀,rpk1,0.6904
b saja 👀,rℹ️k🅾️🅾️🅾️,0.6612
b saja 👀,sabitulyz,0.6539
b saja 👀,satria 🙌,0.7294
b saja 👀,satyaa ✦,0.7222
b saja 👀,secccfldsuuu21,0.6504
b saja 👀,sendiiisen©📍,0.6797
b saja 👀,set? iy syng,0.7074
b saja 👀,si kucing,0.7853
b saja 👀,single era,0.6979
b saja 👀,sleep the saunt,0.7187
b saja 👀,sn0w,0.6779
b saja 👀,stecu💤,0.7375
b saja 👀,superman,0.6992
b saja 👀,syaf__👾👾,0.669
b saja 👀,talasku99,0.6605
b saja 👀,tam,0.6831
b saja 👀,tangrajinngaji,0.7079
b saja 👀,taxi barang purwokerto,0.6926
b saja 👀,teteh_jawa,0.6961
b saja 👀,tofik.putra17,0.7155
b saja 👀,user13463#457344,0.6872
b saja 👀,user7098643456,0.7552
b saja 👀,va 17hd,0.6654
b saja 👀,van pablo,0.7137
b saja 👀,vanooo,0.6653
b saja 👀,viann,0.7358
b saja 👀,vittss..,0.6614
b saja 👀,wiindoc,0.6672
b saja 👀,wong elek,0.6863
b saja 👀,wongwonganmumet,0.8128
b saja 👀,ws🪩,0.7121
b saja 👀,wzrd,0.8213
b saja 👀,yanuar,0.6776
b saja 👀,yesakiw,0.676
b saja 👀,yyy,0.6978
b saja 👀,y💥💯                😛,0.8015
b saja 👀,z4kk🇦🇱🇦🇱,0.7197
b saja 👀,zaall,0.7194
b saja 👀,zain,0.7135
b saja 👀,zaka.ya,0.7208
b saja 👀,zazamm,0.6735
b saja 👀,zeniperr,0.7301
b saja 👀,zrill🇦🇱🇦🇱,0.7294
b saja 👀,ɴᴀᴛ,0.7043
b saja 👀,˚ ༘ 🦕𖦹⋆｡˚,0.6938
b saja 👀,فەیزال,0.6581
b saja 👀,เςคภ,0.6521
b saja 👀,™.yunz ★ 447.¥,0.6975
b saja 👀,⋇⋆✦chelsea ♛┈⛧♡,0.7421
b saja 👀,★,0.748
b saja 👀,윙고🇲🇨🇰🇷,0.7326
b saja 👀,️dika_sajah,0.9014
b saja 👀,￴,0.7391
b saja 👀,￴ ￴ ￴  ￴ ￴ ￴ ￴ ￴,0.6703
b saja 👀,￴￴,0.6761
b saja 👀,𝐫𝐢𝐝𝐨𝐨🕊️,0.6813
b saja 👀,𝕳𝕬𝕴𝕶𝕬𝕷 𝖁1,0.6774
b saja 👀,𝙋𝙍𝙄𝙉𝘾𝙀 15,0.6812
b saja 👀,𝙡𝙚𝙣𝙜,0.744
b saja 👀,𝙧𝙖𝙙𝙚𝙣𝙣𝙠𝙪𝙘𝙞𝙩𝙩🌊,0.7462
b saja 👀,💋,0.7829
b saja 👀,🕊,0.767
b saja 👀,😡,0.747
b4ng_zam,bayhaqii,0.7199
b4ng_zam,bilyy⁰²,0.6838
b4ng_zam,bobin,0.6549
b4ng_zam,danzzz,0.6864
b4ng_zam,dennbaee,0.6531
b4ng_zam,donz2nd,0.6848
b4ng_zam,edhy soekamto,0.6661
b4ng_zam,ens,0.6868
b4ng_zam,fafang🕷️,0.655
b4ng_zam,fakri,0.6852
b4ng_zam,fanzz++,0.6696
b4ng_zam,gatau |✌😜,0.6625
b4ng_zam,hamka resna,0.6848
b4ng_zam,ibunya ragaf,0.6646
b4ng_zam,idk,0.7186
b4ng_zam,ig : d4haas.👾,0.6739
b4ng_zam,ig:4ufa_l,0.6589
b4ng_zam,im.p4yeng!!,0.6522
b4ng_zam,inisial.b,0.6637
b4ng_zam,juvvv,0.7152
b4ng_zam,keee keee,0.6566
b4ng_zam,kii,0.773
b4ng_zam,kin_💫,0.6635
b4ng_zam,mas_dawet,0.7437
b4ng_zam,mengomentari postingan anda,0.7479
b4ng_zam,mynnn,0.7039
b4ng_zam,nar setecu🌀💤🌊,0.6692
b4ng_zam,nuuuu,0.7401
b4ng_zam,nuuuuu,0.6513
b4ng_zam,opetporeperr,0.6626
b4ng_zam,padil,0.6627
b4ng_zam,pak haji sara,0.7162
b4ng_zam,piscesmod,0.7095
b4ng_zam,raffiii162,0.7434
b4ng_zam,ryy_,0.6738
b4ng_zam,secccfldsuuu21,0.6883
b4ng_zam,sn0w,0.718
b4ng_zam,stecu💤,0.6545
b4ng_zam,taxi barang purwokerto,0.6931
b4ng_zam,user7098643456,0.6596
b4ng_zam,wh0,0.8233
b4ng_zam,yaraaayaaaa,0.6902
b4ng_zam,zainvick_,0.6712
b4ng_zam,zazamm,0.653
b4ng_zam,ɴᴀᴛ,0.6614
b4ng_zam,⛓️,0.7007
b4ng_zam,𝕳𝕬𝕴𝕶𝕬𝕷 𝖁1,0.7041
b4ng_zam,𝘿𝙚𝙣,0.6607
b4ng_zam,𝙖𝙩𝙨𝙨,0.6863
b4ng_zam,𝙡𝙚𝙣𝙜,0.6582
b4ng_zam,👾,0.6513
b4ng_zam,🕊,0.6537
ba,biann,0.6714
ba,fery ps,0.7672
ba,jok,0.6515
ba,na.,0.6551
ba,noellnr🍒,0.77
ba,p1n,0.6986
ba,pdpputragemilang!,0.6737
ba,rmdn,0.6808
ba,s. g. t.,0.6501
ba,sestu,0.6515
ba,slowhand,0.6544
ba,syakila pbg,0.6515
ba,tll,0.7002
ba,wong gringsing,0.6515
ba,z4m,0.6623
ba,🇦🇱,0.65
ba,🪫,0.6672
bagasmorgan,balzz,0.6681
bagasmorgan,betmenn🦸,0.6802
bagasmorgan,bian aja,0.6534
bagasmorgan,cantika deni,0.6714
bagasmorgan,d4nnnnn23_4,0.6656
bagasmorgan,danii,0.6597
bagasmorgan,danu.,0.6527
bagasmorgan,dilahhh,0.6738
bagasmorgan,dín dlgk?,0.693
bagasmorgan,dɹısɐɐɐ,0.6849
bagasmorgan,faiqqqqqqq,0.689
bagasmorgan,fanzz++,0.6547
bagasmorgan,ffi🕷️,0.6596
bagasmorgan,genjur,0.6566
bagasmorgan,genzzz,0.6543
bagasmorgan,hermanto,0.6567
bagasmorgan,hibban∆,0.6534
bagasmorgan,ig : d4haas.👾,0.6656
bagasmorgan,im.p4yeng!!,0.6507
bagasmorgan,itsmeee.05,0.6952
bagasmorgan,kib3nk_ta,0.7011
bagasmorgan,mommy bibiel,0.7134
bagasmorgan,muhammadchilung,0.658
bagasmorgan,nnaann🔫,0.7362
bagasmorgan,qila012,0.6549
bagasmorgan,rempeyek_500🌊,0.698
bagasmorgan,safi,0.6593
bagasmorgan,satria 🙌,0.6582
bagasmorgan,sendiiisen©📍,0.6507
bagasmorgan,set? iy syng,0.6826
bagasmorgan,stecu💤,0.7081
bagasmorgan,tofik.putra17,0.6634
bagasmorgan,user7098643456,0.693
bagasmorgan,va 17hd,0.7115
bagasmorgan,wiindoc,0.6836
bagasmorgan,ws🪩,0.724
bagasmorgan,yesakiw,0.6686
bagasmorgan,z4kk🇦🇱🇦🇱,0.7298
bagasmorgan,zrill🇦🇱🇦🇱,0.6625
bagasmorgan,˚ ༘ 🦕𖦹⋆｡˚,0.662
bagasmorgan,فەیزال,0.677
bagasmorgan,™.yunz ★ 447.¥,0.6572
bagasmorgan,✧saged🌊,0.7199
bagasmorgan,꧁epep꧂,0.6862
bagasmorgan,￴,0.7473
bagasmorgan,𝙡𝙚𝙣𝙜,0.6877
bagasmorgan,💋,0.6873
balbol,cyy,0.6695
balbol,do,0.6878
balbol,gesang wl,0.6943
balbol,hamka resna,0.6589
balbol,kelzy24,0.6706
balbol,kin_💫,0.6591
balbol,mamaz ap,0.6816
balbol,mswti_,0.6707
balbol,nayor,0.7124
balbol,patrick bateman,0.673
balbol,putra barepjr,0.6865
balbol,r,0.6676
balbol,sn0w,0.7284
balbol,the last good man,0.6741
balbol,userr4532552,0.6637
balex ☘️,balzz,0.6586
balex ☘️,caaa,0.6927
balex ☘️,danzzz,0.6861
balex ☘️,dilzz v2,0.667
balex ☘️,donz2nd,0.6814
balex ☘️,frzardtyaalvro,0.7116
balex ☘️,granddream,0.7108
balex ☘️,ig: ?,0.7213
balex ☘️,inyong,0.7213
balex ☘️,jesiccaaa,0.7408
balex ☘️,"kaa,a",0.683
balex ☘️,keee keee,0.6776
balex ☘️,kiking,0.7493
balex ☘️,lah iya,0.7002
balex ☘️,lele_byakar@gmail.comm,0.6791
balex ☘️,mbahnya nafisha dan sava,0.6623
balex ☘️,muhamad rian,0.7161
balex ☘️,mykids,0.6912
balex ☘️,nar setecu🌀💤🌊,0.6756
balex ☘️,osdaglog14,0.6771
balex ☘️,p4tooookkkk,0.6798
balex ☘️,pak haji,0.7364
balex ☘️,princess 💅,0.6558
balex ☘️,rizzstecu✌️,0.6607
balex ☘️,sabiantiwulariata,0.6626
balex ☘️,sandhi686,0.6818
balex ☘️,secccfldsuuu21,0.7029
balex ☘️,tinnyee,0.6877
balex ☘️,tole bf official316,0.6526
balex ☘️,wongurip,0.7583
balex ☘️,xlx🇮🇲,0.6792
balex ☘️,yaraaayaaaa,0.7641
balex ☘️,yogaaa21,0.6624
balex ☘️,zain,0.6708
balex ☘️,zannn,0.6678
balex ☘️,♥,0.6573
balex ☘️,𝓝𝓪𝔂𝓵𝓪_𝓓.𝓐,0.7063
balex ☘️,𝕳𝕬𝕴𝕶𝕬𝕷 𝖁1,0.7335
balex ☘️,🆘,0.6555
balzz,bimbim,0.6602
balzz,bluestar,0.7364
balzz,bogel osle,0.7013
balzz,bowo prast,0.6817
balzz,b★vanss,0.7979
balzz,b🕸️,0.6582
balzz,caaa,0.6635
balzz,celukbae abid 😃😁@?,0.6574
balzz,chell28,0.7419
balzz,chelll,0.7714
balzz,cingire dava,0.693
balzz,d4nnnnn23_4,0.6937
balzz,danu.,0.7177
balzz,dhellaxriigod,0.6863
balzz,dilahhh,0.6661
balzz,dimzz.stecu(setelan.cuwek💢🥶),0.705
balzz,donz2nd,0.7987
balzz,dubidubidam5,0.6817
balzz,dwk,0.7365
balzz,dân stfu⸸,0.739
balzz,dín dlgk?,0.6961
balzz,el smile,0.7258
balzz,espede racing,0.7527
balzz,fakri,0.7258
balzz,fanzz++,0.6623
balzz,farrel,0.6849
balzz,fens nasa 🇺🇸🚀,0.6641
balzz,ffi🕷️,0.6528
balzz,frzardtyaalvro,0.722
balzz,genzzz,0.7596
balzz,grandberkahdoaibu,0.657
balzz,hermanto,0.7336
balzz,hαpiz_boyss⚡,0.7729
balzz,ibunya ragaf,0.7228
balzz,ig : d4haas.👾,0.6519
balzz,ig: ?,0.6871
balzz,ig:4ufa_l,0.6876
balzz,ikhsan hair,0.6696
balzz,im.p4yeng!!,0.6715
balzz,inieidan,0.668
balzz,inyong,0.6871
balzz,ivx.ixxi_vii~,0.6686
balzz,jagoan orangtua,0.7278
balzz,javrr⚡,0.7489
balzz,jdr,0.7142
balzz,jesiccaaa,0.6843
balzz,just friend🙂,0.6794
balzz,"kaa,a",0.7057
balzz,kaji,0.678
balzz,keee keee,0.65
balzz,kiking,0.651
balzz,kin_💫,0.6774
balzz,kojek,0.6548
balzz,kruxill🎃,0.7256
balzz,l4nkk,0.6577
balzz,lah iya,0.7275
balzz,lah?kenapa?,0.7411
balzz,lele_byakar@gmail.comm,0.7741
balzz,lihgal18,0.702
balzz,mawar hitam 🌹🗡️,0.7364
balzz,mbahnya nafisha dan sava,0.668
balzz,mhrullam,0.7293
balzz,mka. kka,0.7776
balzz,mmmmm,0.6794
balzz,mommy bibiel,0.6568
balzz,muhamad rian,0.6557
balzz,muhammadchilung,0.7474
balzz,mykids,0.6751
balzz,nadhiff👾,0.7177
balzz,narti,0.6978
balzz,narzz🌊🌊,0.6646
balzz,nnaann🔫,0.6641
balzz,nobody,0.73
balzz,ol²²oy,0.7002
balzz,oz_,0.66
balzz,p4tooookkkk,0.7967
balzz,pak haji,0.764
balzz,piscesmod,0.6989
balzz,praditailhm_,0.7112
balzz,princess 💅,0.6726
balzz,qila012,0.7392
balzz,rahmat kartolo,0.723
balzz,rizzstecu✌️,0.6693
balzz,rℹ️k🅾️🅾️🅾️,0.7975
balzz,safi,0.7087
balzz,satria 🙌,0.8199
balzz,scc winoww,0.7711
balzz,scc.,0.7303
balzz,secccfldsuuu21,0.8144
balzz,sendiiisen©📍,0.7255
balzz,set? iy syng,0.7029
balzz,stecu💤,0.7403
balzz,tam,0.7137
balzz,tangrajinngaji,0.695
balzz,taxi barang purwokerto,0.717
balzz,theeryoou,0.6844
balzz,tinnyee,0.7642
balzz,tofik.putra17,0.7561
balzz,user13463#457344,0.6933
balzz,user7098643456,0.6749
balzz,va 17hd,0.7456
balzz,van pablo,0.7358
balzz,vanooo,0.7233
balzz,varkon🚀🚀,0.6769
balzz,viann,0.7264
balzz,wo,0.652
balzz,wong elek,0.6989
balzz,wongwonganmumet,0.6565
balzz,ws🪩,0.7321
balzz,wzrd,0.6858
balzz,yaraaayaaaa,0.7448
balzz,yogaaa21,0.756
balzz,yyy,0.6756
balzz,z4kk🇦🇱🇦🇱,0.6919
balzz,zaka.ya,0.7482
balzz,zannn,0.6551
balzz,zazamm,0.7236
balzz,zeniperr,0.6687
balzz,zrill🇦🇱🇦🇱,0.7891
balzz,àlwàysdip,0.6667
balzz,ɴᴀᴛ,0.6501
balzz,˚ ༘ 🦕𖦹⋆｡˚,0.7806
balzz,فەیزال,0.7038
balzz,☝️👌👌cc,0.7109
balzz,♥,0.6594
balzz,✌️,0.6575
balzz,マᥱž𝚊,0.6967
balzz,윙고🇲🇨🇰🇷,0.6652
balzz,️dika_sajah,0.6653
balzz,￴,0.6508
balzz,￴ ￴ ￴  ￴ ￴ ￴ ￴ ￴,0.7341
balzz,￴￴,0.6848
balzz,𝐫𝐢𝐝𝐨𝐨🕊️,0.7036
balzz,𝑱𝒖𝒍𝒊𝒂𝒏𝒏𝒏,0.7448
balzz,𝓝𝓪𝔂𝓵𝓪_𝓓.𝓐,0.678
balzz,𝕳𝕬𝕴𝕶𝕬𝕷 𝖁1,0.8199
balzz,𝕶𝖞𝖓𝖟𝖟,0.71
balzz,𝘿𝙚𝙣,0.7209
balzz,𝙋𝙍𝙄𝙉𝘾𝙀 15,0.7265
balzz,𝙡𝙚𝙣𝙜,0.7243
balzz,𝙧𝙖𝙙𝙚𝙣𝙣𝙠𝙪𝙘𝙞𝙩𝙩🌊,0.6826
balzz,🏴󠁧󠁢󠁥󠁮󠁧󠁿🏴󠁧󠁢󠁥󠁮󠁧󠁿,0.6536
balzz,🐣,0.6565
balzz,🐦,0.7229
balzz,💋,0.7084
balzz,🔴⚪,0.6597
balzz,🕊,0.77
balzz,🧋,0.6567
bambang spektakuler!,cyy,0.6813
bambang spektakuler!,danzz💤,0.679
bambang spektakuler!,dewoel,0.7028
bambang spektakuler!,fcknzzshit_,0.6921
bambang spektakuler!,garangan mulet,0.6904
bambang spektakuler!,glowupbareng.id,0.6778
bambang spektakuler!,hanifnur,0.6534
bambang spektakuler!,mallbelajarbaik,0.6578
bambang spektakuler!,mrco,0.6654
bambang spektakuler!,nafz?yakena😹🤓🤭😋,0.6548
bambang spektakuler!,rofikkk !!,0.6754
bambang spektakuler!,wiwut,0.6509
bambang spektakuler!,zaza,0.6604
bambang spektakuler!,àlwàysdip,0.6977
bambang spektakuler!,🎀sheila||suka ngonten🎀,0.7311
bambang spektakuler!,😂,0.6718
bang duttz,bgsz,0.6552
bang duttz,bluestar,0.6901
bang duttz,elyraa,0.6975
bang duttz,enan_25,0.7429
bang duttz,fann,0.6739
bang duttz,fanzz++,0.6587
bang duttz,gudeg bu rudy klampok ✨✨,0.7357
bang duttz,hi_ndraa,0.7429
bang duttz,ido.,0.7162
bang duttz,kaji,0.6554
bang duttz,kruxill🎃,0.683
bang duttz,laris manis store,0.6889
bang duttz,lekngasu,0.6572
bang duttz,lele_byakar@gmail.comm,0.6991
bang duttz,lihgal18,0.6651
bang duttz,mawar hitam 🌹🗡️,0.6901
bang duttz,nadhiff👾,0.6661
bang duttz,notzstrongboyss,0.6985
bang duttz,ol²²oy,0.6682
bang duttz,raa 👧🏻,0.6938
bang duttz,rio,0.7793
bang duttz,rℹ️k🅾️🅾️🅾️,0.6745
bang duttz,s u m m e r .,0.6744
bang duttz,satria 🙌,0.6516
bang duttz,slowhand,0.6919
bang duttz,tinnyee,0.667
bang duttz,tofik.putra17,0.6732
bang duttz,ultraman orb,0.6784
bang duttz,username12375,0.7191
bang duttz,vnn$fomo,0.6543
bang duttz,yahrisss,0.6664
bang duttz,yanuar,0.6839
bang duttz,yogaaa21,0.6832
bang duttz,z4kk🇦🇱🇦🇱,0.6655
bang duttz,z4m,0.7026
bang duttz,˚ ༘ 🦕𖦹⋆｡˚,0.6642
bang duttz,ғɪᴋʀɪ🐦‍🔥,0.6785
bang duttz,ಠ_ರೃ,0.7781
bang duttz,เςคภ,0.7407
bang duttz,ℒ𝓊𝓬𝓴𝔂,0.6651
bang duttz,☝️👌👌cc,0.6771
bang duttz,♊,0.6728
bang duttz,♥,0.6508
bang duttz,꧁epep꧂,0.6702
bang duttz,𝑱𝒖𝒍𝒊𝒂𝒏𝒏𝒏,0.6623
bang duttz,𝘿𝙚𝙣,0.6642
bang duttz,🏴󠁧󠁢󠁥󠁮󠁧󠁿🏴󠁧󠁢󠁥󠁮󠁧󠁿,0.6548
bang duttz,🐦,0.7649
bang duttz,🔴⚪,0.6653
barra,hafiz oji,0.6641
bayhaqii,iqqq⚡⚡,0.7047
bayhaqii,kii,0.6616
bayhaqii,mas_dawet,0.6884
bayhaqii,mengomentari postingan anda,0.6769
bayhaqii,ryy_,0.7291
bayhaqii,⛓️,0.6607
bayhaqii,𝙖𝙩𝙨𝙨,0.6686
bayzz444,byy🌊,0.8334
bayzz444,capcipcup🕊️,0.6912
bayzz444,deeka ada e nya,0.6847
bayzz444,dhafin &aja (@#),0.8216
bayzz444,dvaaa,0.7178
bayzz444,gntaa,0.8398
bayzz444,izz_sjlh🀄,0.6712
bayzz444,joller🇦🇱,0.8216
bayzz444,na.,0.689
bayzz444,naufabyktsr,0.663
bayzz444,ngọc,0.6508
bayzz444,nyong,0.8216
bayzz444,n⭐👽,0.7153
bayzz444,parell✈️💤,0.8216
bayzz444,proo,0.8216
bayzz444,rass.,0.8216
bayzz444,rehan.aj,0.8224
bayzz444,rezz_brew,0.6652
bayzz444,sucilestaripp_08,0.6535
bayzz444,vinza,0.6543
bayzz444,wdyt_,0.6551
bayzz444,you're okay reszz,0.6551
bayzz444,~~boyszzarddd~~ardboysss🇦🇱🪩,0.663
bayzz444,່,0.8216
bayzz444,✧-ta_kepkat,0.6559
bayzz444,❤️💛💚,0.7329
bayzz444,ꦲꦼꦤ꧀ꦝꦺꦴꦱ꧀,0.6549
bayzz444,𝑛𝑜𝑒𝑟𝑒𝑎𝑙_𝑎𝑧🍃,0.6654
bayzz444,𝔅𝔩𝔲𝔢𝔢𝔅𝔬𝔬𝔰𝔱 💨💫,0.7639
bayzz444,"𝖂𝖍𝖔'𝕾,𝕭𝖗𝖆𝖓රධ",0.6572
bayzz444,𝗕𝗠𝗞𝗚,0.8216
bayzz444,𝘁𝗿ē𝗻𝗱à𝗻𝘇𝘅,0.8216
bayzz444,🔥theeam3ll⚡,0.6934
bee,chikotila,0.6901
bee,c✌🏻tur🌊,0.6843
bee,dip_16,0.8693
bee,y🅰️hya?,0.8693
bee,𝑦𝑦𝑦𝑦,0.8693
bee,𝔅𝔩𝔲𝔢𝔢𝔅𝔬𝔬𝔰𝔱 💨💫,0.7517
bee,💫,0.8355
betmenn🦸,bian aja,0.7128
betmenn🦸,bilyy⁰²,0.7347
betmenn🦸,bilzzzz  youre,0.663
betmenn🦸,bimbim,0.7178
betmenn🦸,bluestar,0.6572
betmenn🦸,bobin,0.6873
betmenn🦸,cahyoo☄️,0.6611
betmenn🦸,cantika deni,0.8514
betmenn🦸,celukbae abid 😃😁@?,0.7328
betmenn🦸,chell28,0.6924
betmenn🦸,chelll,0.6711
betmenn🦸,cingire dava,0.7145
betmenn🦸,cionnnn➰,0.8217
betmenn🦸,d4nnnnn23_4,0.702
betmenn🦸,danii,0.7364
betmenn🦸,danu.,0.7218
betmenn🦸,dhellaxriigod,0.6927
betmenn🦸,dilahhh,0.768
betmenn🦸,donz2nd,0.7422
betmenn🦸,dubidubidam5,0.8003
betmenn🦸,dwi reny makmoy makm,0.7843
betmenn🦸,dwk,0.7135
betmenn🦸,dân stfu⸸,0.6537
betmenn🦸,dín dlgk?,0.6566
betmenn🦸,dɹısɐɐɐ,0.8132
betmenn🦸,edhy soekamto,0.7847
betmenn🦸,ens,0.8053
betmenn🦸,espede racing,0.7384
betmenn🦸,ewong...,0.6636
betmenn🦸,faaa12,0.7107
betmenn🦸,faiqqqqqqq,0.6945
betmenn🦸,fann,0.6656
betmenn🦸,farrel,0.7462
betmenn🦸,fauzannn,0.686
betmenn🦸,febriansyah,0.66
betmenn🦸,fens nasa 🇺🇸🚀,0.6746
betmenn🦸,ffi🕷️,0.8257
betmenn🦸,fikaa,0.6583
betmenn🦸,frzardtyaalvro,0.6771
betmenn🦸,fwarelll123,0.7113
betmenn🦸,genjur,0.7955
betmenn🦸,genzzz,0.7432
betmenn🦸,gh4ny1,0.7351
betmenn🦸,hermanto,0.691
betmenn🦸,hibban∆,0.6694
betmenn🦸,hii i'm bayy.,0.6517
betmenn🦸,hpiss,0.6589
betmenn🦸,ibunya ragaf,0.6942
betmenn🦸,ig : d4haas.👾,0.7344
betmenn🦸,ig:4ufa_l,0.6871
betmenn🦸,ikhsan hair,0.6688
betmenn🦸,im.p4yeng!!,0.8241
betmenn🦸,inieidan,0.6971
betmenn🦸,ininaufal,0.6691
betmenn🦸,jagoan orangtua,0.716
betmenn🦸,javrr⚡,0.7427
betmenn🦸,jdr,0.6575
betmenn🦸,jepri night🦸,0.8169
betmenn🦸,just friend🙂,0.7776
betmenn🦸,juvvv,0.6812
betmenn🦸,kian santang,0.7135
betmenn🦸,"kicau mania""😷✌",0.7347
betmenn🦸,kii,0.6684
betmenn🦸,kin_💫,0.71
betmenn🦸,kkpann!,0.7293
betmenn🦸,kojek,0.6942
betmenn🦸,kruxill🎃,0.654
betmenn🦸,l4nkk,0.6554
betmenn🦸,lah iya,0.6628
betmenn🦸,lah?kenapa?,0.7343
betmenn🦸,lele_byakar@gmail.comm,0.6747
betmenn🦸,leo,0.6881
betmenn🦸,masayu,0.7236
betmenn🦸,mawar hitam 🌹🗡️,0.6572
betmenn🦸,mhrullam,0.7121
betmenn🦸,mka. kka,0.6516
betmenn🦸,mmmmm,0.7026
betmenn🦸,mommy bibiel,0.7633
betmenn🦸,muhammadchilung,0.8387
betmenn🦸,mvinta,0.7002
betmenn🦸,naa_,0.6616
betmenn🦸,nabati,0.6539
betmenn🦸,nadhiff👾,0.6736
betmenn🦸,nar setecu🌀💤🌊,0.6807
betmenn🦸,narzz🌊🌊,0.6535
betmenn🦸,neyymar kee jakarta,0.7095
betmenn🦸,nino,0.6793
betmenn🦸,nnaann🔫,0.7335
betmenn🦸,nobody,0.7268
betmenn🦸,nuuuu,0.6821
betmenn🦸,oz_,0.6836
betmenn🦸,p4tooookkkk,0.7087
betmenn🦸,padil,0.7444
betmenn🦸,pak haji sara,0.6553
betmenn🦸,pangeran k,0.8024
betmenn🦸,pip2nd🧿,0.7392
betmenn🦸,pisangambon,0.7281
betmenn🦸,piscesmod,0.6707
betmenn🦸,praditailhm_,0.6815
betmenn🦸,put,0.838
betmenn🦸,qila012,0.6939
betmenn🦸,regialparij,0.7048
betmenn🦸,rempeyek_500🌊,0.7426
betmenn🦸,rfky,0.7912
betmenn🦸,rijakipp,0.7406
betmenn🦸,rivann.ahah,0.6795
betmenn🦸,rpk1,0.6841
betmenn🦸,rℹ️k🅾️🅾️🅾️,0.6698
betmenn🦸,safi,0.6616
betmenn🦸,satria 🙌,0.7683
betmenn🦸,satyaa ✦,0.7068
betmenn🦸,scc winoww,0.6563
betmenn🦸,secccfldsuuu21,0.7267
betmenn🦸,sendiiisen©📍,0.7336
betmenn🦸,set? iy syng,0.6972
betmenn🦸,si kucing,0.7692
betmenn🦸,single era,0.7477
betmenn🦸,sleep the saunt,0.7001
betmenn🦸,sn0w,0.6636
betmenn🦸,stecu💤,0.796
betmenn🦸,superman,0.6794
betmenn🦸,syaf__👾👾,0.731
betmenn🦸,talasku99,0.6638
betmenn🦸,tam,0.6993
betmenn🦸,tangrajinngaji,0.6895
betmenn🦸,taxi barang purwokerto,0.7229
betmenn🦸,teteh_jawa,0.7159
betmenn🦸,theeryoou,0.684
betmenn🦸,tofik.putra17,0.7571
betmenn🦸,user13463#457344,0.7403
betmenn🦸,user7098643456,0.7685
betmenn🦸,va 17hd,0.6612
betmenn🦸,van pablo,0.7088
betmenn🦸,viann,0.7117
betmenn🦸,vittss..,0.6832
betmenn🦸,vnn$fomo,0.6681
betmenn🦸,wiindoc,0.658
betmenn🦸,wong elek,0.6718
betmenn🦸,wongwonganmumet,0.8246
betmenn🦸,ws🪩,0.7723
betmenn🦸,wzrd,0.7476
betmenn🦸,yanuar,0.6839
betmenn🦸,yesakiw,0.6803
betmenn🦸,yhahaha,0.6593
betmenn🦸,yyy,0.6582
betmenn🦸,y💥💯                😛,0.7632
betmenn🦸,z4kk🇦🇱🇦🇱,0.8215
betmenn🦸,zaall,0.7219
betmenn🦸,zain,0.7597
betmenn🦸,zaka.ya,0.7321
betmenn🦸,zeniperr,0.7546
betmenn🦸,zrill🇦🇱🇦🇱,0.7015
betmenn🦸,àlwàysdip,0.6536
betmenn🦸,ɴᴀᴛ,0.7413
betmenn🦸,˚ ༘ 🦕𖦹⋆｡˚,0.7356
betmenn🦸,فەیزال,0.7619
betmenn🦸,เςคภ,0.6567
betmenn🦸,™.yunz ★ 447.¥,0.8508
betmenn🦸,⋇⋆✦chelsea ♛┈⛧♡,0.7072
betmenn🦸,★,0.7045
betmenn🦸,ザキ・アルディアンシア,0.6728
betmenn🦸,꧁epep꧂,0.6575
betmenn🦸,윙고🇲🇨🇰🇷,0.7103
betmenn🦸,️dika_sajah,0.8287
betmenn🦸,￴,0.7829
betmenn🦸,￴ ￴ ￴  ￴ ￴ ￴ ￴ ￴,0.6843
betmenn🦸,￴￴,0.6737
betmenn🦸,𝐫𝐢𝐝𝐨𝐨🕊️,0.662
betmenn🦸,𝕳𝕬𝕴𝕶𝕬𝕷 𝖁1,0.6788
betmenn🦸,𝙋𝙍𝙄𝙉𝘾𝙀 15,0.7311
betmenn🦸,𝙖𝙩𝙨𝙨,0.6558
betmenn🦸,𝙡𝙚𝙣𝙜,0.7843
betmenn🦸,𝙧𝙖𝙙𝙚𝙣𝙣𝙠𝙪𝙘𝙞𝙩𝙩🌊,0.7393
betmenn🦸,💋,0.825
betmenn🦸,🕊,0.756
betmenn🦸,😡,0.7412
bgsz,bobin,0.6551
bgsz,cantika deni,0.6603
bgsz,celukbae abid 😃😁@?,0.6907
bgsz,davaaa,0.6623
bgsz,dedi intan,0.6757
bgsz,espede racing,0.6633
bgsz,fann,0.6898
bgsz,gh4ny1,0.6876
bgsz,ininaufal,0.6518
bgsz,just friend🙂,0.6725
bgsz,k  for  kami'el,0.7404
bgsz,kojek,0.6993
bgsz,nabati,0.8558
bgsz,notzstrongboyss,0.7796
bgsz,orensport,0.6664
bgsz,pdpputragemilang!,0.8988
bgsz,railfans ngapak🅥,0.7158
bgsz,rmdn,0.7015
bgsz,satria 🙌,0.6783
bgsz,sbkecu,0.654
bgsz,single era,0.6721
bgsz,sleep the saunt,0.6702
bgsz,user1233833380586,0.668
bgsz,z4kk🇦🇱🇦🇱,0.7924
bgsz,فەیزال,0.6825
bgsz,كيفان,0.7004
bgsz,เςคภ,0.7057
bgsz,꧁epep꧂,0.6606
bgsz,￴,0.7566
bgsz,🤴🏽,0.7075
bgsz,🪫,0.6923
bian aja,cantika deni,0.6822
bian aja,celukbae abid 😃😁@?,0.7235
bian aja,cingire dava,0.6651
bian aja,dwk,0.6608
bian aja,espede racing,0.6838
bian aja,faiqqqqqqq,0.6834
bian aja,fwarelll123,0.8473
bian aja,genjur,0.6514
bian aja,genzzz,0.6935
bian aja,gh4ny1,0.7065
bian aja,hamzzstecu,0.6542
bian aja,hermanto,0.6551
bian aja,jagoan orangtua,0.6525
bian aja,just friend🙂,0.8426
bian aja,k  for  kami'el,0.6863
bian aja,kib3nk_ta,0.7031
bian aja,kojek,0.7193
bian aja,l4nkk,0.6571
bian aja,mhrullam,0.673
bian aja,mmmmm,0.7315
bian aja,mommy bibiel,0.7407
bian aja,muhammadchilung,0.7819
bian aja,nabati,0.7036
bian aja,narti,0.6836
bian aja,neyymar kee jakarta,0.8207
bian aja,nnaann🔫,0.6622
bian aja,notzstrongboyss,0.7077
bian aja,oz_,0.6864
bian aja,p4tooookkkk,0.6954
bian aja,qila012,0.6504
bian aja,sendiiisen©📍,0.6861
bian aja,single era,0.7074
bian aja,tangrajinngaji,0.6652
bian aja,tofik.putra17,0.6915
bian aja,user13463#457344,0.6886
bian aja,van pablo,0.6513
bian aja,wong elek,0.6711
bian aja,ws🪩,0.7128
bian aja,yanuar,0.6623
bian aja,z4kk🇦🇱🇦🇱,0.6855
bian aja,zrill🇦🇱🇦🇱,0.6998
bian aja,˚ ༘ 🦕𖦹⋆｡˚,0.6645
bian aja,المجتهد,0.6755
bian aja,فەیزال,0.7501
bian aja,เςคภ,0.6582
bian aja,™.yunz ★ 447.¥,0.8035
bian aja,⋇⋆✦chelsea ♛┈⛧♡,0.6536
bian aja,ザキ・アルディアンシア,0.6549
bian aja,￴,0.8111
bian aja,𝕶𝖞𝖓𝖟𝖟,0.7145
bian aja,𝙋𝙍𝙄𝙉𝘾𝙀 15,0.7209
bian aja,𝙡𝙚𝙣𝙜,0.6752
bian aja,🔴⚪,0.7116
bian aja,🕊,0.6552
biann,capcipcup🕊️,0.7026
biann,deni,0.8067
biann,dhafin &aja (@#),0.6699
biann,dip_16,0.7311
biann,ditzzganteng,0.8265
biann,fahri..☘️☘️,0.8067
biann,fery ps,0.6711
biann,fuckingawerizsome,0.7931
biann,hamz storee,0.6989
biann,ini blue🔵💨,0.6545
biann,jok,0.6558
biann,joller🇦🇱,0.6699
biann,kasnudtone,0.6891
biann,kh,0.7226
biann,king persija,0.7165
biann,mulyati,0.6543
biann,na.,0.7246
biann,noellnr🍒,0.7499
biann,nyong,0.6699
biann,nyong ibaim,0.7142
biann,p1n,0.7877
biann,pangerankodok77,0.7931
biann,parell✈️💤,0.6699
biann,pdpputragemilang!,0.6568
biann,proo,0.6699
biann,rara,0.6969
biann,rass.,0.6699
biann,rmdn,0.6523
biann,s. g. t.,0.7356
biann,sestu,0.6558
biann,sucilestaripp_08,0.6644
biann,syakila pbg,0.6558
biann,tll,0.7412
biann,wdyt_,0.8099
biann,wong gringsing,0.6558
biann,yafzz•𝙯𝙤𝙡𝙙𝙮𝙠🔰💤,0.7931
biann,y🅰️hya?,0.7311
biann,z4m,0.688
biann,່,0.6699
biann,𓏵,0.7548
biann,𝑦𝑦𝑦𝑦,0.7311
biann,"𝖂𝖍𝖔'𝕾,𝕭𝖗𝖆𝖓රධ",0.6852
biann,𝗕𝗠𝗞𝗚,0.6699
biann,𝘁𝗿ē𝗻𝗱à𝗻𝘇𝘅,0.6699
biann,💫,0.6992
bibb,brahim d van basten,0.6858
bibb,cen,0.7342
bibb,cyy,0.7081
bibb,d forr,0.7071
bibb,danzz,0.6632
bibb,dea,0.7062
bibb,dvindylndra,0.6857
bibb,dzikriibrgzazdn,0.7253
bibb,dzky.,0.7578
bibb,"elan jangan nakal ya, iya mah",0.7551
bibb,federico,0.6649
bibb,fiki v1,0.7152
bibb,frhnbaeω,0.7988
bibb,hanifnur,0.7115
bibb,icin,0.6763
bibb,iyann noverse ☄️🪐,0.8001
bibb,j4rrz.,0.6587
bibb,jarot bae,0.6537
bibb,kall,0.7056
bibb,khaa : akun business 🪐 💵,0.7676
bibb,kmu gpp zaa?,0.6842
bibb,maa....,0.7809
bibb,mamaz ap,0.7514
bibb,maswilll,0.7762
bibb,maypen🍉,0.6626
bibb,nafz?yakena😹🤓🤭😋,0.6816
bibb,namaku atha,0.704
bibb,nayor,0.6772
bibb,ndaru,0.7095
bibb,nha_nha88,0.8152
bibb,r e t z,0.7039
bibb,r2kyy🐬,0.6749
bibb,ramadani🌀,0.6851
bibb,rian(rivan fian),0.7484
bibb,rimzsukaessedoublechange🤤,0.6978
bibb,ririss,0.7753
bibb,saitama.botak6,0.6674
bibb,sandhi686,0.6788
bibb,se'pull_maxwill,0.6792
bibb,spilloutfittrendy,0.7183
bibb,tole bf official316,0.6723
bibb,ultrambuttttt,0.6623
bibb,wiwut,0.6621
bibb,wong kene bae,0.7267
bibb,"wong""plosok",0.7039
bibb,xy_don🚀,0.6967
bibb,ynnnz,0.6986
bibb,yoo🅰️jahh,0.6957
bibb,zexx'777,0.7942
bibb,zouheir.yaz_ze,0.6809
bibb,zye hehe,0.7645
bibb,| ig : @aseprmadanni,0.7426
bibb,ɓøɓ mārlɛƴ!!⛓️,0.7445
bibb,˚꩜｡⋆˚࿔ 𝔂𝓪𝔂𝓪 𝜗𝜚˚⋆🧸ྀི,0.6845
bibb,⭐zka,0.7017
bibb,𝕬𝖟𝖐𝖆 𝖋𝖔𝖗 𝖞𝖔𝖚,0.7629
bibb,𝘾𝙖𝙡𝙤𝙣 𝙃𝘼𝙅𝙄,0.6898
bibb,𝙎𝘽𝙎 001_𝙨𝙠𝙖𝙮 𝙮𝙚𝙡𝙤𝙬,0.6861
bibb,𝙔𝙊𝙂𝙂𝘼𝘼⭐💦,0.7163
bibb,𝙢𝙖𝙖𝙖𝙖𝙖𝙖𝙨𝙨𝙨𝙠𝙖𝙣𝙣𝙣,0.7054
bidzz😶‍🌫️😶‍🌫️,fens nasa 🇺🇸🚀,0.6685
bidzz😶‍🌫️😶‍🌫️,genjur,0.7153
bidzz😶‍🌫️😶‍🌫️,inieidan,0.6527
bidzz😶‍🌫️😶‍🌫️,mommy bibiel,0.7397
bidzz😶‍🌫️😶‍🌫️,single era,0.6534
bidzz😶‍🌫️😶‍🌫️,szxnoe,0.6869
bidzz😶‍🌫️😶‍🌫️,talasku99,0.6947
bidzz😶‍🌫️😶‍🌫️,wiindoc,0.6713
bidzz😶‍🌫️😶‍🌫️,⋇⋆✦chelsea ♛┈⛧♡,0.6576
bidzz😶‍🌫️😶‍🌫️,️dika_sajah,0.6539
bidzz😶‍🌫️😶‍🌫️,￴￴,0.6743
bidzz😶‍🌫️😶‍🌫️,𝙋𝙍𝙄𝙉𝘾𝙀 15,0.6514
bidzz😶‍🌫️😶‍🌫️,𝙡𝙚𝙣𝙜,0.6799
billz,deboy,0.6762
billz,fin.,0.6678
billz,im'in,0.6872
billz,iyedd 🪩,0.6808
billz,mama alzak,0.6702
billz,mei meido x kakure meme,0.6748
billz,p,0.6872
billz,pangeran kodok,0.6892
billz,patrick bateman,0.6669
billz,sabitulyz,0.6664
billz,srylee,0.6794
billz,ye,0.6756
billz,yogszz⚡,0.6781
billz,zaza,0.6883
billz,💥,0.7185
bilyy⁰²,bimo prasetyo,0.7099
bilyy⁰²,bobin,0.6518
bilyy⁰²,bowoo,0.6803
bilyy⁰²,b🕸️,0.6546
bilyy⁰²,cantika deni,0.7315
bilyy⁰²,chell28,0.742
bilyy⁰²,chelll,0.6667
bilyy⁰²,cionnnn➰,0.7165
bilyy⁰²,danii,0.7823
bilyy⁰²,danzzz,0.6645
bilyy⁰²,dhellaxriigod,0.7644
bilyy⁰²,dilahhh,0.6845
bilyy⁰²,dly,0.66
bilyy⁰²,donz2nd,0.7152
bilyy⁰²,dubidubidam5,0.7206
bilyy⁰²,dwi reny makmoy makm,0.7357
bilyy⁰²,dín dlgk?,0.6573
bilyy⁰²,dɹısɐɐɐ,0.6697
bilyy⁰²,edhy soekamto,0.8739
bilyy⁰²,ens,0.7207
bilyy⁰²,er,0.6697
bilyy⁰²,espede racing,0.6584
bilyy⁰²,f,0.6533
bilyy⁰²,faaa12,0.6658
bilyy⁰²,faiz,0.6615
bilyy⁰²,ffi🕷️,0.6791
bilyy⁰²,fin.,0.69
bilyy⁰²,frzardtyaalvro,0.7086
bilyy⁰²,genjur,0.658
bilyy⁰²,hermanto,0.6657
bilyy⁰²,hibban∆,0.7012
bilyy⁰²,hii i'm bayy.,0.6535
bilyy⁰²,hyan,0.6619
bilyy⁰²,ibunya ragaf,0.6667
bilyy⁰²,ifaashion.id,0.6658
bilyy⁰²,ig : d4haas.👾,0.6782
bilyy⁰²,ig | im_alzz,0.6973
bilyy⁰²,im.p4yeng!!,0.6756
bilyy⁰²,inisial.b,0.6986
bilyy⁰²,javrr⚡,0.6753
bilyy⁰²,jepri night🦸,0.7342
bilyy⁰²,juvvv,0.6813
bilyy⁰²,kang bahar,0.6892
bilyy⁰²,keee keee,0.6644
bilyy⁰²,kelzy24,0.6521
bilyy⁰²,kevin,0.6663
bilyy⁰²,kian santang,0.6719
bilyy⁰²,"kicau mania""😷✌",0.6709
bilyy⁰²,kii,0.6792
bilyy⁰²,kin_💫,0.7253
bilyy⁰²,lah iya,0.6524
bilyy⁰²,lah?kenapa?,0.6593
bilyy⁰²,lele_byakar@gmail.comm,0.6512
bilyy⁰²,mama alzak,0.6771
bilyy⁰²,mas_dawet,0.7026
bilyy⁰²,mbahnya nafisha dan sava,0.6991
bilyy⁰²,mengomentari postingan anda,0.6528
bilyy⁰²,muhamad rian,0.7261
bilyy⁰²,mvinta,0.6807
bilyy⁰²,nar setecu🌀💤🌊,0.6552
bilyy⁰²,nino,0.661
bilyy⁰²,nobody,0.6691
bilyy⁰²,nur fadil,0.7144
bilyy⁰²,nuuuu,0.6939
bilyy⁰²,nuuuuu,0.6697
bilyy⁰²,padil,0.714
bilyy⁰²,pak haji sara,0.7466
bilyy⁰²,patrick bateman,0.67
bilyy⁰²,pip2nd🧿,0.8329
bilyy⁰²,piscesmod,0.6969
bilyy⁰²,praditailhm_,0.6587
bilyy⁰²,princess 💅,0.7517
bilyy⁰²,put,0.7172
bilyy⁰²,raffiii162,0.6832
bilyy⁰²,rafyy😹,0.6535
bilyy⁰²,regialparij,0.7459
bilyy⁰²,rempeyek_500🌊,0.7036
bilyy⁰²,rfky,0.7871
bilyy⁰²,rijakipp,0.6777
bilyy⁰²,rzl,0.6976
bilyy⁰²,sabiantiwulariata,0.7002
bilyy⁰²,safi,0.6837
bilyy⁰²,samshl_22,0.6637
bilyy⁰²,sara ariska,0.7091
bilyy⁰²,satria 🙌,0.6604
bilyy⁰²,satyaa ✦,0.7071
bilyy⁰²,sayaangaenii❤️‍🔥,0.6541
bilyy⁰²,secccfldsuuu21,0.6871
bilyy⁰²,si kucing,0.7961
bilyy⁰²,sopo》,0.6524
bilyy⁰²,stecu💤,0.6887
bilyy⁰²,superman,0.6597
bilyy⁰²,taxi barang purwokerto,0.6796
bilyy⁰²,teteh_jawa,0.702
bilyy⁰²,the last good man,0.6687
bilyy⁰²,tinnyee,0.6539
bilyy⁰²,tofik.putra17,0.6831
bilyy⁰²,uuppio,0.6721
bilyy⁰²,viann,0.6759
bilyy⁰²,wongwonganmumet,0.6722
bilyy⁰²,wzrd,0.653
bilyy⁰²,yogaaa21,0.6785
bilyy⁰²,yyy,0.6736
bilyy⁰²,y💥💯                😛,0.7249
bilyy⁰²,z4kk🇦🇱🇦🇱,0.6812
bilyy⁰²,zaall,0.7106
bilyy⁰²,zain,0.7579
bilyy⁰²,zaka.ya,0.6711
bilyy⁰²,zannn,0.6921
bilyy⁰²,zazamm,0.6578
bilyy⁰²,zeniperr,0.6716
bilyy⁰²,˚ ༘ 🦕𖦹⋆｡˚,0.6528
bilyy⁰²,️dika_sajah,0.7029
bilyy⁰²,𝕳𝕬𝕴𝕶𝕬𝕷 𝖁1,0.7154
bilyy⁰²,𝙡𝙚𝙣𝙜,0.6719
bilyy⁰²,𝙧𝙖𝙙𝙚𝙣𝙣𝙠𝙪𝙘𝙞𝙩𝙩🌊,0.7092
bilyy⁰²,👾,0.6697
bilyy⁰²,💋,0.7162
bilyy⁰²,🕊,0.6702
bilzzzz  youre,dwi reny makmoy makm,0.6717
bilzzzz  youre,edhy soekamto,0.6597
bilzzzz  youre,garangan mulet,0.6807
bilzzzz  youre,hpiss,0.6688
bilzzzz  youre,ininaufal,0.7157
bilzzzz  youre,lah iya,0.6578
bilzzzz  youre,pip2nd🧿,0.6919
bilzzzz  youre,r4ndsyh,0.6896
bilzzzz  youre,rezz_brew,0.702
bilzzzz  youre,selialls,0.7103
bilzzzz  youre,stecu💤,0.6824
bilzzzz  youre,vinss,0.6853
bilzzzz  youre,weird zeze🇩🇪,0.7353
bilzzzz  youre,wh0,0.6529
bilzzzz  youre,zain,0.7176
bilzzzz  youre,ziee_1901,0.6801
bilzzzz  youre,𝘿𝙚𝙣,0.6542
bimbim,bobin,0.7247
bimbim,b★vanss,0.6501
bimbim,cahyoo☄️,0.6503
bimbim,celukbae abid 😃😁@?,0.6837
bimbim,chelll,0.6574
bimbim,cingire dava,0.6776
bimbim,danu.,0.6924
bimbim,dilahhh,0.6507
bimbim,donz2nd,0.6811
bimbim,ens,0.656
bimbim,espede racing,0.6613
bimbim,ewong...,0.6613
bimbim,fann,0.6633
bimbim,fanzz++,0.6806
bimbim,farrel,0.6578
bimbim,fens nasa 🇺🇸🚀,0.6543
bimbim,ffi🕷️,0.6645
bimbim,genjur,0.6554
bimbim,genzzz,0.697
bimbim,hpiss,0.6536
bimbim,hαpiz_boyss⚡,0.7249
bimbim,ibunya ragaf,0.6563
bimbim,ig : d4haas.👾,0.6649
bimbim,ig:4ufa_l,0.7062
bimbim,im.p4yeng!!,0.7087
bimbim,just friend🙂,0.6638
bimbim,kin_💫,0.6931
bimbim,kkpann!,0.6545
bimbim,lah iya,0.6521
bimbim,lah?kenapa?,0.6518
bimbim,mka. kka,0.6831
bimbim,muhammadchilung,0.6804
bimbim,nansya ahsh,0.6744
bimbim,nnaann🔫,0.6851
bimbim,nobody,0.683
bimbim,nuuuu,0.6791
bimbim,náátzy.,0.7259
bimbim,opetporeperr,0.6718
bimbim,p4tooookkkk,0.662
bimbim,pak haji,0.6656
bimbim,pangeran k,0.6598
bimbim,pisangambon,0.6757
bimbim,piscesmod,0.6903
bimbim,qila012,0.6532
bimbim,rivann.ahah,0.7424
bimbim,rndra,0.6929
bimbim,rℹ️k🅾️🅾️🅾️,0.6629
bimbim,satria 🙌,0.6887
bimbim,scc winoww,0.6508
bimbim,scc.,0.6576
bimbim,secccfldsuuu21,0.6771
bimbim,selialls,0.6596
bimbim,set? iy syng,0.6858
bimbim,stecu💤,0.6875
bimbim,taxi barang purwokerto,0.7029
bimbim,theeryoou,0.661
bimbim,tofik.putra17,0.6735
bimbim,user7098643456,0.7099
bimbim,v,0.6526
bimbim,va 17hd,0.6733
bimbim,van pablo,0.7139
bimbim,weird zeze🇩🇪,0.6718
bimbim,wongwonganmumet,0.6514
bimbim,yesakiw,0.6871
bimbim,yyy,0.6545
bimbim,z4kk🇦🇱🇦🇱,0.7219
bimbim,zain,0.677
bimbim,zeniperr,0.6832
bimbim,àlwàysdip,0.6698
bimbim,ɴᴀᴛ,0.6718
bimbim,˚ ༘ 🦕𖦹⋆｡˚,0.6792
bimbim,فەیزال,0.6639
bimbim,™.yunz ★ 447.¥,0.7129
bimbim,꧁epep꧂,0.678
bimbim,윙고🇲🇨🇰🇷,0.6717
bimbim,￴ ￴ ￴  ￴ ￴ ￴ ￴ ￴,0.6616
bimbim,𝐫𝐢𝐝𝐨𝐨🕊️,0.662
bimbim,𝕳𝕬𝕴𝕶𝕬𝕷 𝖁1,0.6529
bimbim,𝘉𝘐 𝔟𝔢𝔫𝔠𝔦 𝔠𝔦𝔫𝔱𝔞~,0.6649
bimbim,𝘿𝙚𝙣,0.6585
bimbim,𝙡𝙚𝙣𝙜,0.6587
bimbim,💋,0.7495
bimbim,🕊,0.6845
bimo prasetyo,bowoo,0.8276
bimo prasetyo,b🕸️,0.6693
bimo prasetyo,cahyoo☄️,0.7348
bimo prasetyo,chell28,0.6917
bimo prasetyo,danii,0.6991
bimo prasetyo,de2x.alk1,0.7198
bimo prasetyo,dhellaxriigod,0.7117
bimo prasetyo,dian030301_ prayogi,0.6619
bimo prasetyo,diditarifin,0.7707
bimo prasetyo,dwi reny makmoy makm,0.6763
bimo prasetyo,edhy soekamto,0.6979
bimo prasetyo,f,0.7274
bimo prasetyo,fin.,0.6521
bimo prasetyo,fvcksht,0.6519
bimo prasetyo,gtww,0.6626
bimo prasetyo,hii i'm bayy.,0.7081
bimo prasetyo,hyan,0.7531
bimo prasetyo,i,0.6891
bimo prasetyo,i j a l,0.7719
bimo prasetyo,ibunya ragaf,0.674
bimo prasetyo,ig : d4haas.👾,0.6818
bimo prasetyo,ig | im_alzz,0.6618
bimo prasetyo,ikhsan hair,0.672
bimo prasetyo,inisial.b,0.7004
bimo prasetyo,javrr⚡,0.6688
bimo prasetyo,kang bahar,0.7506
bimo prasetyo,kelzy24,0.6759
bimo prasetyo,kian santang,0.6547
bimo prasetyo,kii,0.6537
bimo prasetyo,kin_💫,0.6637
bimo prasetyo,lele_byakar@gmail.comm,0.6532
bimo prasetyo,mama alzak,0.6617
bimo prasetyo,mas_dawet,0.7929
bimo prasetyo,mawarr,0.7449
bimo prasetyo,ndre4you,0.8073
bimo prasetyo,nino,0.661
bimo prasetyo,nuuuu,0.7236
bimo prasetyo,ol²²oy,0.6709
bimo prasetyo,padil,0.6906
bimo prasetyo,patrick bateman,0.6795
bimo prasetyo,penjahat mu,0.699
bimo prasetyo,pip2nd🧿,0.7071
bimo prasetyo,pisangambon,0.771
bimo prasetyo,piscesmod,0.6594
bimo prasetyo,princess 💅,0.6686
bimo prasetyo,put,0.6551
bimo prasetyo,raffiii162,0.7233
bimo prasetyo,rafyy😹,0.7231
bimo prasetyo,rempeyek_500🌊,0.6967
bimo prasetyo,rfky,0.6536
bimo prasetyo,ryy_,0.6824
bimo prasetyo,rzl,0.6674
bimo prasetyo,safi,0.6916
bimo prasetyo,saitama.botak6,0.6729
bimo prasetyo,sara ariska,0.836
bimo prasetyo,septiana,0.7777
bimo prasetyo,si kucing,0.7322
bimo prasetyo,sri wahyuningsih,0.741
bimo prasetyo,stecu💤,0.6547
bimo prasetyo,the last good man,0.6584
bimo prasetyo,uuppio,0.6675
bimo prasetyo,viann,0.6573
bimo prasetyo,xspeedx,0.688
bimo prasetyo,yyy,0.7117
bimo prasetyo,zaall,0.6642
bimo prasetyo,zain,0.6914
bimo prasetyo,zazamm,0.6867
bimo prasetyo,zppcx,0.6896
bimo prasetyo,®️e💤🅰️ sur,0.6664
bimo prasetyo,ɴᴀᴛ,0.6536
bimo prasetyo,ᴘɪᴋᴀғʀɪᴇᴅᴄʜɪᴄᴋᴇɴ,0.8241
bimo prasetyo,☝️👌👌cc,0.6584
bimo prasetyo,⛓️,0.7126
bimo prasetyo,✌️,0.7092
bimo prasetyo,𝖇𝖎𝖎𝖑𝖆,0.7016
bimo prasetyo,𝘼𝙇𝙃𝘼𝙆𝙄𝙈𝙕,0.695
bimo prasetyo,🕊,0.6534
biw,kh,0.6654
biw,rndkatsny,0.9702
biw,𝑛𝑜𝑒𝑟𝑒𝑎𝑙_𝑎𝑧🍃,0.6808
biw,𝕄 𝕒 𝕤  𝕋𝕒𝕜𝕪𝕦𝕟,0.653
biyan195😎,ig: ryaaa.06_,0.8404
biyan195😎,indomaret 24 jam,0.8064
biyan195😎,ovl,0.8404
biyan195😎,satriaaa,0.6802
blackcy🕸️🕷️,nafz?yakena😹🤓🤭😋,0.7038
blackcy🕸️🕷️,୭୧🦢,0.6584
bleng ko,chikotila,0.6925
bleng ko,c✌🏻tur🌊,0.6607
bleng ko,derasah,0.7331
bleng ko,dheebu,0.6588
bleng ko,diah sri972,0.6588
bleng ko,dwisetyarinii,0.7331
bleng ko,enjoyss,0.7409
bleng ko,"fendaaa,,",0.6548
bleng ko,fittdos,0.7331
bleng ko,gl badax,0.6588
bleng ko,haniiif,0.6588
bleng ko,iin,0.6588
bleng ko,juprianto anto,0.7331
bleng ko,kd urng ya,0.6588
bleng ko,kembali datang,0.7409
bleng ko,lakmen,0.6885
bleng ko,luthfyyy,0.7331
bleng ko,mas_drun,0.7331
bleng ko,nanangmungils1,0.6588
bleng ko,panzskbd,0.6588
bleng ko,paqihh,0.6567
bleng ko,pikaars?,0.8303
bleng ko,pitawidiono,0.7665
bleng ko,r.a sbg team,0.7978
bleng ko,sinfloww,0.7331
bleng ko,tri yulianti,0.6588
bleng ko,veri ramandani18,0.7331
bleng ko,wisnu krishna,0.8381
bleng ko,yuliazaa,1.0
bleng ko,น้ำอุ่น กัญญาภัทร เต๊กอ๋อต้ง,1.0
bleng ko,⠀ ⠀ ⠀ ⠀ ⠀᠌,0.6588
bleng ko,￼,0.7475
bleng ko,🌵dnd's_mom🌵,0.8367
bleng ko,🐚🫧🪩,0.7113
bluestar,bogel osle,0.7225
bluestar,bowo prast,0.824
bluestar,bowoo,0.7136
bluestar,budi_24,0.659
bluestar,b★vanss,0.8452
bluestar,b🕸️,0.7942
bluestar,caaa,0.7713
bluestar,cahyoo☄️,0.7027
bluestar,chell28,0.8122
bluestar,chelll,0.7868
bluestar,cingire dava,0.7077
bluestar,cionnnn➰,0.6992
bluestar,danu.,0.6632
bluestar,dhanadut_bae16💤,0.6722
bluestar,dilzz v2,0.7382
bluestar,dimzz.stecu(setelan.cuwek💢🥶),0.8041
bluestar,dly,0.6783
bluestar,donz2nd,0.7478
bluestar,dwi reny makmoy makm,0.7403
bluestar,dwk,0.7485
bluestar,dân stfu⸸,0.8737
bluestar,dín dlgk?,0.7189
bluestar,dɹısɐɐɐ,0.6979
bluestar,edhy soekamto,0.6835
bluestar,el smile,0.7729
bluestar,elyraa,0.6573
bluestar,enan_25,0.7765
bluestar,ens,0.6528
bluestar,er,0.6849
bluestar,espede racing,0.7075
bluestar,f,0.7281
bluestar,fafang🕷️,0.6806
bluestar,fakri,0.6599
bluestar,fikaa,0.6719
bluestar,finzz★,0.746
bluestar,frzardtyaalvro,0.7529
bluestar,f⚡,0.7219
bluestar,genzzz,0.6938
bluestar,grandberkahdoaibu,0.8767
bluestar,gudeg bu rudy klampok ✨✨,0.7024
bluestar,hi_ndraa,0.7765
bluestar,hibban∆,0.6547
bluestar,hii i'm bayy.,0.7022
bluestar,hilman,0.6589
bluestar,hpiss,0.7424
bluestar,hyan,0.7224
bluestar,hαpiz_boyss⚡,0.7321
bluestar,i,0.7497
bluestar,i j a l,0.6854
bluestar,ibunya ragaf,0.8887
bluestar,ig : d4haas.👾,0.7339
bluestar,ig: ?,0.7068
bluestar,ig:4ufa_l,0.6523
bluestar,iis dukha,0.6615
bluestar,ikhsan hair,0.7433
bluestar,im.p4yeng!!,0.7
bluestar,inyong,0.7068
bluestar,jagoan orangtua,0.7627
bluestar,javrr⚡,0.8535
bluestar,jdr,0.6514
bluestar,jesiccaaa,0.7487
bluestar,jun santuy,0.667
bluestar,"kaa,a",0.7157
bluestar,kaji,0.8796
bluestar,kang bahar,0.7951
bluestar,keee keee,0.6528
bluestar,kelzy24,0.6846
bluestar,kiking,0.6617
bluestar,kruxill🎃,0.9547
bluestar,kuwi4526,0.6541
bluestar,l4nkk,0.6817
bluestar,lah iya,0.8492
bluestar,lah?kenapa?,0.7186
bluestar,lele_byakar@gmail.comm,0.9155
bluestar,lihgal18,0.8151
bluestar,masrianto manalu,0.7097
bluestar,mawar hitam 🌹🗡️,1.0
bluestar,mawarr,0.7395
bluestar,mbahnya nafisha dan sava,0.6997
bluestar,mengomentari postingan anda,0.7113
bluestar,mhrullam,0.7513
bluestar,mka. kka,0.7139
bluestar,muhamad rian,0.6663
bluestar,muhammadchilung,0.7439
bluestar,nadhiff👾,0.7956
bluestar,narti,0.6803
bluestar,narzz🌊🌊,0.6811
bluestar,ndre4you,0.7558
bluestar,nggaaa,0.6622
bluestar,nino,0.7219
bluestar,nnaann🔫,0.7046
bluestar,nobody,0.8032
bluestar,nur fadil,0.6614
bluestar,nuuuuu,0.6718
bluestar,ol²²oy,0.9153
bluestar,p4tooookkkk,0.6987
bluestar,pak haji,0.7047
bluestar,patirrrv2🖤,0.6682
bluestar,pip2nd🧿,0.6573
bluestar,pisangambon,0.6603
bluestar,praditailhm_,0.789
bluestar,princess 💅,0.7329
bluestar,put,0.7129
bluestar,qila012,0.7874
bluestar,rahmanpru,0.7382
bluestar,rahmat kartolo,0.7213
bluestar,rempeyek_500🌊,0.6733
bluestar,rio,0.7839
bluestar,rivann.ahah,0.6593
bluestar,rizzstecu✌️,0.7787
bluestar,ryy_,0.664
bluestar,rzl,0.7008
bluestar,rℹ️k🅾️🅾️🅾️,0.9149
bluestar,safi,0.7356
bluestar,sara ariska,0.7123
bluestar,satria 🙌,0.8539
bluestar,scc winoww,0.8514
bluestar,scc.,0.7545
bluestar,secccfldsuuu21,0.7629
bluestar,sendiiisen©📍,0.778
bluestar,septiana,0.718
bluestar,si kucing,0.6626
bluestar,sopo》,0.8009
bluestar,stecu💤,0.7153
bluestar,syaf__👾👾,0.7194
bluestar,talasku99,0.6804
bluestar,tam,0.7025
bluestar,tangrajinngaji,0.7218
bluestar,teteh_jawa,0.6903
bluestar,the last good man,0.7357
bluestar,theeryoou,0.7092
bluestar,tinnyee,0.921
bluestar,tofik.putra17,0.8037
bluestar,trisis,0.6618
bluestar,u,0.6712
bluestar,upin🐼,0.738
bluestar,user13463#457344,0.7221
bluestar,user7098643456,0.6738
bluestar,username12375,0.8587
bluestar,va 17hd,0.7618
bluestar,van pablo,0.6551
bluestar,vanooo,0.6979
bluestar,varkon🚀🚀,0.6865
bluestar,viann,0.7826
bluestar,vittss..,0.6903
bluestar,vnn$fomo,0.6842
bluestar,wong elek,0.746
bluestar,wongwonganmumet,0.6711
bluestar,ws🪩,0.7128
bluestar,wzrd,0.6962
bluestar,yanuar,0.6808
bluestar,yaraaayaaaa,0.6979
bluestar,yogaaa21,0.9094
bluestar,yyy,0.777
bluestar,z4kk🇦🇱🇦🇱,0.6975
bluestar,zaall,0.68
bluestar,zain,0.7024
bluestar,zaka.ya,0.8048
bluestar,zannn,0.7449
bluestar,zazamm,0.8049
bluestar,zppcx,0.7309
bluestar,zrill🇦🇱🇦🇱,0.7572
bluestar,zrill💥,0.7681
bluestar,ɴᴀᴛ,0.7261
bluestar,˚ ༘ 🦕𖦹⋆｡˚,0.7697
bluestar,فەیزال,0.7062
bluestar,ಠ_ರೃ,0.6562
bluestar,ᴘɪᴋᴀғʀɪᴇᴅᴄʜɪᴄᴋᴇɴ,0.7114
bluestar,☝️👌👌cc,0.9513
bluestar,♥,0.8716
bluestar,✌️,0.7042
bluestar,マᥱž𝚊,0.7356
bluestar,️dika_sajah,0.6712
bluestar,￴￴,0.6795
bluestar,𝑱𝒖𝒍𝒊𝒂𝒏𝒏𝒏,0.8309
bluestar,𝓝𝓪𝔂𝓵𝓪_𝓓.𝓐,0.7187
bluestar,𝕳𝕬𝕴𝕶𝕬𝕷 𝖁1,0.7487
bluestar,𝕶𝖞𝖓𝖟𝖟,0.6649
bluestar,𝘿𝙚𝙣,0.8106
bluestar,𝙋𝙍𝙄𝙉𝘾𝙀 15,0.6658
bluestar,𝙡𝙚𝙣𝙜,0.7841
bluestar,𝙾𝚛𝚢𝚣𝚊 𝚂𝚊𝚝𝚒𝚟𝚊 🌾,0.7263
bluestar,🏴󠁧󠁢󠁥󠁮󠁧󠁿🏴󠁧󠁢󠁥󠁮󠁧󠁿,0.8565
bluestar,🐦,0.8298
bluestar,👾,0.6718
bluestar,💋,0.6735
bluestar,🔴⚪,0.6701
bluestar,🕊,0.824
bluestar,🧋,0.7073
bobin,cahyoo☄️,0.6784
bobin,cupapimunyenyoo,0.7334
bobin,danzzz,0.657
bobin,dhellaxriigod,0.6595
bobin,dilzz v2,0.6816
bobin,do,0.686
bobin,dvaaa,0.7064
bobin,dwi reny makmoy makm,0.6998
bobin,edhy soekamto,0.723
bobin,elyraa,0.6563
bobin,ens,0.6604
bobin,faiz,0.6775
bobin,fanzz++,0.652
bobin,garangan mulet,0.7026
bobin,gudeg bu rudy klampok ✨✨,0.6589
bobin,hanipipipip,0.6737
bobin,hpiss,0.6834
bobin,ibunya ragaf,0.7022
bobin,ig: nan_sgaa,0.6867
bobin,im.p4yeng!!,0.7007
bobin,ininaufal,0.7086
bobin,joviinantaaaa,0.6539
bobin,kii,0.6695
bobin,kiking,0.6583
bobin,kkpann!,0.6618
bobin,lah iya,0.7276
bobin,losemyself,0.6502
bobin,m. rizqi_,0.6963
bobin,mazz ar31,0.6582
bobin,mka. kka,0.6543
bobin,muhamad rian,0.6688
bobin,nansya ahsh,0.7087
bobin,nuuuuu,0.6868
bobin,padil,0.6614
bobin,pak haji,0.7195
bobin,pangeran k,0.676
bobin,pdpputragemilang!,0.7132
bobin,pip2nd🧿,0.7529
bobin,r4ndsyh,0.6984
bobin,railfans ngapak🅥,0.6975
bobin,ranji💤,0.6559
bobin,rezz_brew,0.6554
bobin,rfky,0.6673
bobin,rizzstecu✌️,0.742
bobin,sabiantiwulariata,0.7575
bobin,saitama.botak6,0.6776
bobin,sazz,0.6664
bobin,scc.,0.6737
bobin,secccfldsuuu21,0.6702
bobin,set? iy syng,0.6726
bobin,user1233833380586,0.6848
bobin,user7098643456,0.6574
bobin,vannn opet,0.6814
bobin,vinss,0.6847
bobin,vnn$fomo,0.7527
bobin,wdyt_,0.6772
bobin,weird zeze🇩🇪,0.7652
bobin,wongwonganmumet,0.66
bobin,x4ngee🕊️,0.6611
bobin,xlx🇮🇲,0.6564
bobin,yhahaha,0.6607
bobin,z4kk🇦🇱🇦🇱,0.7447
bobin,zain,0.7635
bobin,zainvick_,0.688
bobin,zannn,0.6671
bobin,ziee_1901,0.6932
bobin,™.yunz ★ 447.¥,0.668
bobin,♥,0.6696
bobin,ꦲꦼꦤ꧀ꦝꦺꦴꦱ꧀,0.6787
bobin,𓆈🌊,0.699
bobin,𝘉𝘐 𝔟𝔢𝔫𝔠𝔦 𝔠𝔦𝔫𝔱𝔞~,0.6909
bobin,👀,0.6624
bobin,👾,0.6868
bobin,💋,0.7525
bogel osle,bowo prast,0.7155
bogel osle,bowoo,0.6529
bogel osle,b★vanss,0.7485
bogel osle,cantika deni,0.7107
bogel osle,chell28,0.7727
bogel osle,chelll,0.6965
bogel osle,cingire dava,0.6965
bogel osle,d4nnnnn23_4,0.7774
bogel osle,danii,0.6551
bogel osle,dhanadut_bae16💤,0.6929
bogel osle,dhellaxriigod,0.66
bogel osle,dilahhh,0.6728
bogel osle,dimzz.stecu(setelan.cuwek💢🥶),0.6652
bogel osle,donz2nd,0.7442
bogel osle,dubidubidam5,0.6745
bogel osle,dwk,0.7304
bogel osle,dân stfu⸸,0.7415
bogel osle,dɹısɐɐɐ,0.6541
bogel osle,el smile,0.7824
bogel osle,er,0.6648
bogel osle,espede racing,0.7911
bogel osle,f,0.6974
bogel osle,fahmi.zemmy✔️,0.6928
bogel osle,faiqqqqqqq,0.754
bogel osle,fens nasa 🇺🇸🚀,0.6559
bogel osle,ffi🕷️,0.6724
bogel osle,fikaa,0.7875
bogel osle,fwarelll123,0.7112
bogel osle,genjur,0.6598
bogel osle,genzzz,0.7029
bogel osle,grandberkahdoaibu,0.6567
bogel osle,hermanto,0.7367
bogel osle,hibban∆,0.7589
bogel osle,hii i'm bayy.,0.7614
bogel osle,hαpiz_boyss⚡,0.6846
bogel osle,ibunya ragaf,0.6998
bogel osle,ig : d4haas.👾,0.6797
bogel osle,iis dukha,0.7178
bogel osle,inieidan,0.6963
bogel osle,jagoan orangtua,0.7026
bogel osle,javrr⚡,0.7904
bogel osle,jdr,0.7276
bogel osle,jepri night🦸,0.6669
bogel osle,just friend🙂,0.6595
bogel osle,kaji,0.6685
bogel osle,kang bahar,0.8057
bogel osle,kian santang,0.6855
bogel osle,kib3nk_ta,0.6552
bogel osle,kruxill🎃,0.7232
bogel osle,l4nkk,0.8203
bogel osle,lele_byakar@gmail.comm,0.7344
bogel osle,leo,0.6602
bogel osle,lihgal18,0.7403
bogel osle,mawar hitam 🌹🗡️,0.7225
bogel osle,mawarr,0.6514
bogel osle,mhrullam,0.7376
bogel osle,mmmmm,0.7649
bogel osle,mommy bibiel,0.6711
bogel osle,muhammadchilung,0.7204
bogel osle,mvinta,0.6761
bogel osle,nadhiff👾,0.7329
bogel osle,narti,0.7074
bogel osle,narzz🌊🌊,0.7262
bogel osle,neyymar kee jakarta,0.7369
bogel osle,nur fadil,0.6863
bogel osle,ol²²oy,0.7055
bogel osle,oz_,0.7659
bogel osle,p4tooookkkk,0.7096
bogel osle,pisangambon,0.6539
bogel osle,praditailhm_,0.8315
bogel osle,princess 💅,0.6725
bogel osle,put,0.6743
bogel osle,qila012,0.798
bogel osle,raf,0.6958
bogel osle,rafyy😹,0.6673
bogel osle,rahmat kartolo,0.6691
bogel osle,rfky,0.6702
bogel osle,rijakipp,0.704
bogel osle,rℹ️k🅾️🅾️🅾️,0.7263
bogel osle,safi,0.6625
bogel osle,satria 🙌,0.7611
bogel osle,scc winoww,0.6887
bogel osle,secccfldsuuu21,0.6593
bogel osle,sendiiisen©📍,0.8095
bogel osle,si kucing,0.6789
bogel osle,stecu💤,0.6532
bogel osle,suyato jowo,0.6573
bogel osle,syaf__👾👾,0.6888
bogel osle,tam,0.703
bogel osle,tangrajinngaji,0.7867
bogel osle,tinnyee,0.7167
bogel osle,tofik.putra17,0.7426
bogel osle,user13463#457344,0.7594
bogel osle,va 17hd,0.7826
bogel osle,viann,0.8439
bogel osle,vittss..,0.6713
bogel osle,wo,0.7343
bogel osle,wong elek,0.7457
bogel osle,ws🪩,0.736
bogel osle,wzrd,0.7583
bogel osle,yanuar,0.7302
bogel osle,yogaaa21,0.706
bogel osle,yyy,0.7364
bogel osle,y💥💯                😛,0.7024
bogel osle,zaka.ya,0.719
bogel osle,zarr★,0.6662
bogel osle,zazamm,0.751
bogel osle,zrill🇦🇱🇦🇱,0.6985
bogel osle,˚ ༘ 🦕𖦹⋆｡˚,0.7383
bogel osle,فەیزال,0.672
bogel osle,⋇⋆✦chelsea ♛┈⛧♡,0.7467
bogel osle,★,0.6671
bogel osle,☝️👌👌cc,0.715
bogel osle,✌️,0.689
bogel osle,✧saged🌊,0.6538
bogel osle,ザキ・アルディアンシア,0.6737
bogel osle,윙고🇲🇨🇰🇷,0.6969
bogel osle,￴,0.6743
bogel osle,￴￴,0.7001
bogel osle,𝑱𝒖𝒍𝒊𝒂𝒏𝒏𝒏,0.6995
bogel osle,𝕳𝕬𝕴𝕶𝕬𝕷 𝖁1,0.7047
bogel osle,𝕶𝖞𝖓𝖟𝖟,0.7095
bogel osle,𝘿𝙚𝙣,0.6798
bogel osle,𝙋𝙍𝙄𝙉𝘾𝙀 15,0.7173
bogel osle,𝙡𝙚𝙣𝙜,0.7754
bogel osle,🏴󠁧󠁢󠁥󠁮󠁧󠁿🏴󠁧󠁢󠁥󠁮󠁧󠁿,0.6843
bogel osle,🐣,0.7295
bogel osle,🔴⚪,0.7411
bogel osle,🕊,0.8077
bowo prast,b★vanss,0.8442
bowo prast,b🕸️,0.6961
bowo prast,caaa,0.6716
bowo prast,chell28,0.7979
bowo prast,chelll,0.7195
bowo prast,cingire dava,0.7288
bowo prast,dhanadut_bae16💤,0.8237
bowo prast,dimzz.stecu(setelan.cuwek💢🥶),0.8174
bowo prast,donz2nd,0.6835
bowo prast,dwk,0.7123
bowo prast,dân stfu⸸,0.7814
bowo prast,dín dlgk?,0.7233
bowo prast,el smile,0.8529
bowo prast,enan_25,0.651
bowo prast,f,0.7271
bowo prast,fafang🕷️,0.6524
bowo prast,fakri,0.6646
bowo prast,febriansyah,0.6601
bowo prast,fikaa,0.6597
bowo prast,finzz★,0.7118
bowo prast,frzardtyaalvro,0.6818
bowo prast,genzzz,0.6852
bowo prast,grandberkahdoaibu,0.81
bowo prast,hi_ndraa,0.651
bowo prast,hii i'm bayy.,0.7158
bowo prast,hyan,0.7258
bowo prast,hαpiz_boyss⚡,0.7456
bowo prast,hαηs кαккσɪɪ.dnd.,0.6646
bowo prast,i,0.7218
bowo prast,ibunya ragaf,0.713
bowo prast,ifaashion.id,0.6615
bowo prast,ig : d4haas.👾,0.6657
bowo prast,inieidan,0.6513
bowo prast,jagoan orangtua,0.7019
bowo prast,javrr⚡,0.7868
bowo prast,jdr,0.7272
bowo prast,jesiccaaa,0.676
bowo prast,kaji,0.8419
bowo prast,kang bahar,0.7743
bowo prast,kib3nk_ta,0.7033
bowo prast,kruxill🎃,0.8192
bowo prast,l4nkk,0.7983
bowo prast,lah iya,0.6838
bowo prast,lele_byakar@gmail.comm,0.8243
bowo prast,lihgal18,0.8969
bowo prast,mas eng69,0.6939
bowo prast,mawar hitam 🌹🗡️,0.824
bowo prast,mawarr,0.7052
bowo prast,mhrullam,0.7756
bowo prast,muhammadchilung,0.6996
bowo prast,nadhiff👾,0.8284
bowo prast,narti,0.6872
bowo prast,narzz🌊🌊,0.7344
bowo prast,ndre4you,0.6754
bowo prast,nggaaa,0.7422
bowo prast,nnaann🔫,0.6583
bowo prast,nobody,0.7229
bowo prast,ol²²oy,0.9096
bowo prast,oz_,0.6713
bowo prast,p4tooookkkk,0.6901
bowo prast,patirrrv2🖤,0.6635
bowo prast,pisangambon,0.6669
bowo prast,praditailhm_,0.8363
bowo prast,princess 💅,0.6779
bowo prast,qila012,0.7562
bowo prast,rahmat kartolo,0.6825
bowo prast,rℹ️k🅾️🅾️🅾️,0.8366
bowo prast,safi,0.699
bowo prast,samshl_22,0.6653
bowo prast,satria 🙌,0.7365
bowo prast,scc winoww,0.791
bowo prast,scc.,0.7021
bowo prast,secccfldsuuu21,0.6527
bowo prast,sendiiisen©📍,0.7823
bowo prast,stecu💤,0.6506
bowo prast,suyato jowo,0.7174
bowo prast,syaf__👾👾,0.6899
bowo prast,tam,0.7068
bowo prast,tangrajinngaji,0.775
bowo prast,tinnyee,0.7485
bowo prast,tofik.putra17,0.7705
bowo prast,trisis,0.7039
bowo prast,upin🐼,0.6504
bowo prast,user13463#457344,0.6931
bowo prast,username12375,0.6881
bowo prast,va 17hd,0.7811
bowo prast,vanooo,0.6936
bowo prast,viann,0.7939
bowo prast,vittss..,0.7193
bowo prast,wo,0.7153
bowo prast,wong elek,0.7483
bowo prast,ws🪩,0.7071
bowo prast,yanuar,0.6712
bowo prast,yogaaa21,0.7756
bowo prast,yyy,0.7802
bowo prast,zaka.ya,0.7023
bowo prast,zazamm,0.8175
bowo prast,zrill🇦🇱🇦🇱,0.7379
bowo prast,ɴᴀᴛ,0.6796
bowo prast,˚ ༘ 🦕𖦹⋆｡˚,0.7154
bowo prast,فەیزال,0.6549
bowo prast,☝️👌👌cc,0.8857
bowo prast,♥,0.6519
bowo prast,✌️,0.7791
bowo prast,マᥱž𝚊,0.7405
bowo prast,￴￴,0.7207
bowo prast,𝑱𝒖𝒍𝒊𝒂𝒏𝒏𝒏,0.8723
bowo prast,𝕳𝕬𝕴𝕶𝕬𝕷 𝖁1,0.6646
bowo prast,𝕶𝖞𝖓𝖟𝖟,0.6927
bowo prast,𝘼𝙇𝙃𝘼𝙆𝙄𝙈𝙕,0.7251
bowo prast,𝘿𝙚𝙣,0.7257
bowo prast,𝙋𝙍𝙄𝙉𝘾𝙀 15,0.6613
bowo prast,𝙡𝙚𝙣𝙜,0.7525
bowo prast,🎮,0.6844
bowo prast,🏴󠁧󠁢󠁥󠁮󠁧󠁿🏴󠁧󠁢󠁥󠁮󠁧󠁿,0.7453
bowo prast,🐦,0.7044
bowo prast,🔴⚪,0.7148
bowo prast,🕊,0.7666
bowoo,b🕸️,0.8051
bowoo,chell28,0.7382
bowoo,de2x.alk1,0.7226
bowoo,dhellaxriigod,0.663
bowoo,diditarifin,0.7807
bowoo,dimzz.stecu(setelan.cuwek💢🥶),0.6586
bowoo,donz2nd,0.6735
bowoo,dân stfu⸸,0.6788
bowoo,dín dlgk?,0.6592
bowoo,edhy soekamto,0.6614
bowoo,el smile,0.6789
bowoo,espede racing,0.6612
bowoo,f,0.8618
bowoo,fafang🕷️,0.7138
bowoo,fakri,0.6801
bowoo,frzardtyaalvro,0.6686
bowoo,f⚡,0.7547
bowoo,grandberkahdoaibu,0.6812
bowoo,hii i'm bayy.,0.726
bowoo,hyan,0.8362
bowoo,hαηs кαккσɪɪ.dnd.,0.7104
bowoo,i,0.7982
bowoo,i j a l,0.837
bowoo,ibunya ragaf,0.6969
bowoo,ifaashion.id,0.6849
bowoo,ig | im_alzz,0.6807
bowoo,ig:4ufa_l,0.651
bowoo,javrr⚡,0.6923
bowoo,jesiccaaa,0.6536
bowoo,joviinantaaaa,0.7316
bowoo,"kaa,a",0.6732
bowoo,kaji,0.6942
bowoo,kang bahar,0.8693
bowoo,keee keee,0.6852
bowoo,kelzy24,0.7165
bowoo,kruxill🎃,0.7122
bowoo,l4nkk,0.659
bowoo,lah iya,0.7035
bowoo,lele_byakar@gmail.comm,0.6966
bowoo,lihgal18,0.6807
bowoo,m. rizqi_,0.6704
bowoo,martati,0.6517
bowoo,mas_dawet,0.7352
bowoo,masjack3195,0.7089
bowoo,mawar hitam 🌹🗡️,0.7136
bowoo,mawarr,0.852
bowoo,ndre4you,0.9117
bowoo,nobody,0.6832
bowoo,nur fadil,0.6845
bowoo,ol²²oy,0.7222
bowoo,pak haji sara,0.6653
bowoo,patirrrv2🖤,0.6751
bowoo,penjahat mu,0.6555
bowoo,pip2nd🧿,0.6718
bowoo,pisangambon,0.6549
bowoo,praditailhm_,0.7334
bowoo,princess 💅,0.8241
bowoo,qila012,0.655
bowoo,rafyy😹,0.7171
bowoo,rzl,0.8146
bowoo,rℹ️k🅾️🅾️🅾️,0.6941
bowoo,samshl_22,0.7287
bowoo,sapa bae,0.7044
bowoo,sara ariska,0.9603
bowoo,satria 🙌,0.676
bowoo,sayaangaenii❤️‍🔥,0.8014
bowoo,scc winoww,0.671
bowoo,scc.,0.6904
bowoo,secccfldsuuu21,0.6646
bowoo,septiana,0.8563
bowoo,si kucing,0.6937
bowoo,sopo》,0.6863
bowoo,sri wahyuningsih,0.6921
bowoo,syaf__👾👾,0.6564
bowoo,the last good man,0.6874
bowoo,tinnyee,0.6993
bowoo,trisis,0.6796
bowoo,uuppio,0.7457
bowoo,va 17hd,0.677
bowoo,viann,0.7469
bowoo,wzrd,0.6625
bowoo,xspeedx,0.7151
bowoo,yogaaa21,0.6772
bowoo,yyy,0.7178
bowoo,zaka.ya,0.6874
bowoo,zazamm,0.7484
bowoo,zppcx,0.6698
bowoo,zrill💥,0.6787
bowoo,ᴘɪᴋᴀғʀɪᴇᴅᴄʜɪᴄᴋᴇɴ,0.756
bowoo,☝️👌👌cc,0.7385
bowoo,⛓️,0.681
bowoo,✌️,0.7933
bowoo,𝓝𝓪𝔂𝓵𝓪_𝓓.𝓐,0.655
bowoo,𝕳𝕬𝕴𝕶𝕬𝕷 𝖁1,0.688
bowoo,𝖇𝖎𝖎𝖑𝖆,0.7419
bowoo,𝘼𝙇𝙃𝘼𝙆𝙄𝙈𝙕,0.6726
bowoo,𝙾𝚛𝚢𝚣𝚊 𝚂𝚊𝚝𝚒𝚟𝚊 🌾,0.7833
bowoo,🏴󠁧󠁢󠁥󠁮󠁧󠁿🏴󠁧󠁢󠁥󠁮󠁧󠁿,0.685
bowoo,🕊,0.6833
bowoo,🧋,0.6789
brahim d van basten,celukbae abid 😃😁@?,0.6971
brahim d van basten,cen,0.6885
brahim d van basten,d forr,0.7179
brahim d van basten,davaaa,0.7635
brahim d van basten,do,0.6697
brahim d van basten,dvindylndra,0.6511
brahim d van basten,dzikriibrgzazdn,0.6815
brahim d van basten,dzky.,0.7469
brahim d van basten,"elan jangan nakal ya, iya mah",0.7153
brahim d van basten,faaa12,0.6536
brahim d van basten,farrel,0.6922
brahim d van basten,fiki v1,0.7032
brahim d van basten,frhnbaeω,0.6788
brahim d van basten,g,0.7199
brahim d van basten,jarot bae,0.6882
brahim d van basten,kall,0.777
brahim d van basten,kitekle_,0.6545
brahim d van basten,mamaz ap,0.7233
brahim d van basten,maswilll,0.7957
brahim d van basten,maypen🍉,0.6544
brahim d van basten,nafz?yakena😹🤓🤭😋,0.6781
brahim d van basten,nha_nha88,0.7228
brahim d van basten,r e t z,0.721
brahim d van basten,rian(rivan fian),0.704
brahim d van basten,rimzsukaessedoublechange🤤,0.7843
brahim d van basten,ririss,0.6626
brahim d van basten,rivann.ahah,0.6621
brahim d van basten,saitama.botak6,0.685
brahim d van basten,se'pull_maxwill,0.7156
brahim d van basten,spilloutfittrendy,0.6967
brahim d van basten,topexx11,0.6957
brahim d van basten,userr4532552,0.6524
brahim d van basten,zexx'777,0.6788
brahim d van basten,zouheir.yaz_ze,0.6989
brahim d van basten,| ig : @aseprmadanni,0.6603
brahim d van basten,ɓøɓ mārlɛƴ!!⛓️,0.7458
brahim d van basten,⭐zka,0.729
brahim d van basten,윙고🇲🇨🇰🇷,0.6737
brahim d van basten,𝐫𝐢𝐝𝐨𝐨🕊️,0.7042
brahim d van basten,𝙖𝙩𝙨𝙨,0.6728
brahim d van basten,𝙧𝙖𝙙𝙚𝙣𝙣𝙠𝙪𝙘𝙞𝙩𝙩🌊,0.651
brelians,"gzzz,💤",0.6756
bsep,buluk gonzales 13,0.7122
bsep,dafz second trifth19,0.6787
bsep,daniiii,1.0
bsep,derasah,0.7107
bsep,desttt_,0.6798
bsep,devannn,0.8518
bsep,dewoel,0.6867
bsep,dheebu,0.8452
bsep,diah sri972,0.8452
bsep,duwiii,1.0
bsep,dwisetyarinii,0.7107
bsep,enaksekali,1.0
bsep,enjoyss,0.7261
bsep,excel😶‍🌫️            akun №1,0.785
bsep,fernanda,1.0
bsep,firmannnnnnnn,1.0
bsep,fittdos,0.7107
bsep,fzryyyy,0.7054
bsep,gl badax,0.8452
bsep,haniiif,0.8452
bsep,ig: ryaaa.06_,0.7528
bsep,iin,0.8452
bsep,indomaret 24 jam,0.7184
bsep,juprianto anto,0.7107
bsep,kd urng ya,0.8452
bsep,kembali datang,0.7261
bsep,kenzo.s.m.z,1.0
bsep,lakmen,0.6874
bsep,luthfyyy,0.7107
bsep,mahendri,0.6602
bsep,mas_drun,0.7107
bsep,n4uf@l 4j4,0.72
bsep,nanangmungils1,0.8452
bsep,nipzzz,0.7549
bsep,nycxstore,0.6549
bsep,ovl,0.7528
bsep,panzskbd,0.8452
bsep,pikaars?,0.6747
bsep,rezx2nd,1.0
bsep,riff,1.0
bsep,sannzxkce,0.6708
bsep,satriaaa,0.7639
bsep,scorpio🦂,1.0
bsep,sinfloww,0.7107
bsep,tri yulianti,0.8452
bsep,vann 🌳,0.7717
bsep,veri ramandani18,0.7107
bsep,ye,0.6851
bsep,⠀ ⠀ ⠀ ⠀ ⠀᠌,0.8452
bsep,🄱🄰🅈🅄🄸🄽🄳🄰🄷🄾🄵🄵🅂🄴🅃,0.7271
bsep,🌵dnd's_mom🌵,0.6685
bsep,🐚🫧🪩,0.6677
budi_24,chell28,0.6639
budi_24,diditarifin,0.6546
budi_24,enan_25,0.8965
budi_24,eno mountainer,0.6863
budi_24,f,0.6645
budi_24,fahmi.zemmy✔️,0.826
budi_24,hi_ndraa,0.8965
budi_24,iis dukha,0.8489
budi_24,itsmeee.05,0.6585
budi_24,kang bahar,0.6901
budi_24,kruxill🎃,0.6686
budi_24,mawar hitam 🌹🗡️,0.659
budi_24,momon,0.6932
budi_24,ovii ..,0.6718
budi_24,rio,0.6763
budi_24,tinnyee,0.6879
budi_24,upin🐼,0.6681
budi_24,user1233833380586,0.67
budi_24,username12375,0.6577
budi_24,viann,0.6728
budi_24,yanuar,0.6847
budi_24,yogaaa21,0.6568
budi_24,yyy,0.6612
budi_24,zazamm,0.6607
budi_24,zppcx,0.6957
budi_24,ಠ_ರೃ,0.67
budi_24,👀,0.7166
buluk gonzales 13,daniiii,0.7122
buluk gonzales 13,deboy,0.7
buluk gonzales 13,derasah,0.854
buluk gonzales 13,desttt_,0.7126
buluk gonzales 13,dheebu,0.8649
buluk gonzales 13,dheevaaaaaaaaaaaaaaaaaaaaa,0.9044
buluk gonzales 13,diah sri972,0.8649
buluk gonzales 13,duwiii,0.7122
buluk gonzales 13,dwisetyarinii,0.854
buluk gonzales 13,enaksekali,0.7122
buluk gonzales 13,excel😶‍🌫️            akun №1,0.8733
buluk gonzales 13,fernanda,0.7122
buluk gonzales 13,firmannnnnnnn,0.7122
buluk gonzales 13,fittdos,0.854
buluk gonzales 13,gl badax,0.8649
buluk gonzales 13,haniiif,0.8649
buluk gonzales 13,i'szz?!,0.6579
buluk gonzales 13,iin,0.8649
buluk gonzales 13,ini punya aku 🤪,0.8271
buluk gonzales 13,iyedd 🪩,0.6819
buluk gonzales 13,juprianto anto,0.854
buluk gonzales 13,kd urng ya,0.8649
buluk gonzales 13,kenzo.s.m.z,0.7122
buluk gonzales 13,langzz,0.7226
buluk gonzales 13,luthfyyy,0.854
buluk gonzales 13,mahendri,0.6857
buluk gonzales 13,mas_drun,0.854
buluk gonzales 13,n4uf@l 4j4,0.7072
buluk gonzales 13,nanangmungils1,0.8649
buluk gonzales 13,nayzz🚀,0.7196
buluk gonzales 13,nipzzz,0.7624
buluk gonzales 13,oceanblue,0.6717
buluk gonzales 13,panzskbd,0.8649
buluk gonzales 13,pasarrumah.id,0.6856
buluk gonzales 13,r 4 5 ya,0.7332
buluk gonzales 13,rezx2nd,0.7122
buluk gonzales 13,riff,0.7122
buluk gonzales 13,risky⛔️🆘️,0.7607
buluk gonzales 13,satriaaa,0.68
buluk gonzales 13,scorpio🦂,0.7122
buluk gonzales 13,seli🌸,0.9022
buluk gonzales 13,shenaseviana,0.7686
buluk gonzales 13,sinfloww,0.854
buluk gonzales 13,tokoserbada12,0.8709
buluk gonzales 13,tri yulianti,0.8649
buluk gonzales 13,vanzzz,0.7104
buluk gonzales 13,veri ramandani18,0.854
buluk gonzales 13,wawud,0.7333
buluk gonzales 13,wien,0.9022
buluk gonzales 13,ye,0.7228
buluk gonzales 13,⚽,0.9022
buluk gonzales 13,⠀ ⠀ ⠀ ⠀ ⠀᠌,0.8649
buluk gonzales 13,レザ,0.6908
buluk gonzales 13,🕸,0.7297
byy🌊,capcipcup🕊️,0.677
byy🌊,cupapimunyenyoo,0.6634
byy🌊,deeka ada e nya,0.7052
byy🌊,dhafin &aja (@#),0.7163
byy🌊,dvaaa,0.7275
byy🌊,faiz,0.6668
byy🌊,fcknzzshit_,0.6641
byy🌊,gntaa,0.8085
byy🌊,haqyy🐾,0.6607
byy🌊,ini blue🔵💨,0.663
byy🌊,izz_sjlh🀄,0.666
byy🌊,joller🇦🇱,0.7163
byy🌊,kdrt57gnk,0.705
byy🌊,kevin,0.6527
byy🌊,kiking,0.6525
byy🌊,m. rizqi_,0.6575
byy🌊,m6uladi.,0.6561
byy🌊,maulll suka suka,0.7095
byy🌊,na.,0.7653
byy🌊,nitalifa,0.6506
byy🌊,nopallanakbaik,0.6697
byy🌊,nyong,0.7163
byy🌊,n⭐👽,0.7507
byy🌊,panglima boncoz,0.6724
byy🌊,parell✈️💤,0.7163
byy🌊,proo,0.7163
byy🌊,rass.,0.7163
byy🌊,reendstore,0.691
byy🌊,rehan.aj,0.7986
byy🌊,rezz_brew,0.6811
byy🌊,sabiantiwulariata,0.6962
byy🌊,superman,0.6549
byy🌊,wdyt_,0.6688
byy🌊,zainvick_,0.6956
byy🌊,່,0.7163
byy🌊,ꦲꦼꦤ꧀ꦝꦺꦴꦱ꧀,0.6741
byy🌊,𝓝𝓪𝔂𝓵𝓪_𝓓.𝓐,0.6597
byy🌊,𝔅𝔩𝔲𝔢𝔢𝔅𝔬𝔬𝔰𝔱 💨💫,0.6693
byy🌊,"𝖂𝖍𝖔'𝕾,𝕭𝖗𝖆𝖓රධ",0.6671
byy🌊,𝖗𝖎𝖟𝖝𝖈𝖔🇦🇱,0.657
byy🌊,𝗕𝗠𝗞𝗚,0.7163
byy🌊,𝘁𝗿ē𝗻𝗱à𝗻𝘇𝘅,0.7163
byy🌊,𝘉𝘐 𝔟𝔢𝔫𝔠𝔦 𝔠𝔦𝔫𝔱𝔞~,0.6753
b★vanss,b🕸️,0.7064
b★vanss,caaa,0.7164
b★vanss,cahyoo☄️,0.6587
b★vanss,chell28,0.8005
b★vanss,chelll,0.8126
b★vanss,cingire dava,0.7758
b★vanss,cionnnn➰,0.6525
b★vanss,d4nnnnn23_4,0.7316
b★vanss,danu.,0.6603
b★vanss,dennbaee,0.6572
b★vanss,dhanadut_bae16💤,0.7232
b★vanss,dhellaxriigod,0.6756
b★vanss,dimzz.stecu(setelan.cuwek💢🥶),0.8367
b★vanss,donz2nd,0.7614
b★vanss,dwk,0.7347
b★vanss,dân stfu⸸,0.8027
b★vanss,dín dlgk?,0.757
b★vanss,el smile,0.8041
b★vanss,espede racing,0.7112
b★vanss,f,0.6945
b★vanss,fafang🕷️,0.6605
b★vanss,faiqqqqqqq,0.6786
b★vanss,fakri,0.7483
b★vanss,farrel,0.6592
b★vanss,febriansyah,0.7237
b★vanss,fens nasa 🇺🇸🚀,0.7018
b★vanss,fikaa,0.7276
b★vanss,finzz★,0.7317
b★vanss,fi🅰️n6️⃣,0.6739
b★vanss,frzardtyaalvro,0.7498
b★vanss,g,0.6786
b★vanss,genzzz,0.82
b★vanss,gesang wl,0.7054
b★vanss,grandberkahdoaibu,0.7826
b★vanss,hermanto,0.6954
b★vanss,hibban∆,0.679
b★vanss,hii i'm bayy.,0.724
b★vanss,hyan,0.7159
b★vanss,hαpiz_boyss⚡,0.8066
b★vanss,hαηs кαккσɪɪ.dnd.,0.6531
b★vanss,i,0.7448
b★vanss,ibunya ragaf,0.7628
b★vanss,ig : d4haas.👾,0.7363
b★vanss,ig:4ufa_l,0.7142
b★vanss,ikhsan hair,0.7124
b★vanss,im.p4yeng!!,0.6985
b★vanss,inieidan,0.7353
b★vanss,ivx.ixxi_vii~,0.6818
b★vanss,jagoan orangtua,0.7476
b★vanss,javrr⚡,0.8335
b★vanss,jdr,0.7399
b★vanss,jesiccaaa,0.7407
b★vanss,just friend🙂,0.67
b★vanss,"kaa,a",0.6602
b★vanss,kaji,0.7815
b★vanss,kang bahar,0.7638
b★vanss,kib3nk_ta,0.7255
b★vanss,kiking,0.6633
b★vanss,kin_💫,0.7158
b★vanss,kruxill🎃,0.8379
b★vanss,l4nkk,0.7157
b★vanss,lah iya,0.7456
b★vanss,lah?kenapa?,0.7484
b★vanss,lele_byakar@gmail.comm,0.851
b★vanss,lihgal18,0.828
b★vanss,mawar hitam 🌹🗡️,0.8452
b★vanss,mawarr,0.7107
b★vanss,mbahnya nafisha dan sava,0.6647
b★vanss,mengomentari postingan anda,0.6842
b★vanss,mhrullam,0.8164
b★vanss,mka. kka,0.7073
b★vanss,mommy bibiel,0.6772
b★vanss,muhammadchilung,0.7674
b★vanss,mykids,0.6792
b★vanss,nadhiff👾,0.8077
b★vanss,narti,0.7028
b★vanss,narzz🌊🌊,0.7478
b★vanss,ndre4you,0.6908
b★vanss,nggaaa,0.6601
b★vanss,nnaann🔫,0.6786
b★vanss,nobody,0.7903
b★vanss,nur fadil,0.6662
b★vanss,nuuuu,0.6646
b★vanss,ol²²oy,0.8636
b★vanss,oz_,0.7303
b★vanss,p4tooookkkk,0.7375
b★vanss,pak haji,0.6969
b★vanss,pisangambon,0.6918
b★vanss,piscesmod,0.7047
b★vanss,praditailhm_,0.7893
b★vanss,princess 💅,0.6873
b★vanss,put,0.6724
b★vanss,qila012,0.7964
b★vanss,r,0.6672
b★vanss,raf,0.6755
b★vanss,raffiii162,0.668
b★vanss,rafyy😹,0.6947
b★vanss,rahmat kartolo,0.6914
b★vanss,ryy_,0.665
b★vanss,rℹ️k🅾️🅾️🅾️,0.9223
b★vanss,safi,0.7678
b★vanss,sara ariska,0.6567
b★vanss,satria 🙌,0.8255
b★vanss,scc winoww,0.8011
b★vanss,scc.,0.7181
b★vanss,secccfldsuuu21,0.7721
b★vanss,sendiiisen©📍,0.8132
b★vanss,set? iy syng,0.6527
b★vanss,sopo》,0.6627
b★vanss,stecu💤,0.7475
b★vanss,syaf__👾👾,0.7335
b★vanss,talasku99,0.7164
b★vanss,tam,0.7641
b★vanss,tangrajinngaji,0.7262
b★vanss,taxi barang purwokerto,0.6786
b★vanss,teteh_jawa,0.6904
b★vanss,theeryoou,0.7218
b★vanss,tinnyee,0.7858
b★vanss,tofik.putra17,0.8183
b★vanss,trisis,0.681
b★vanss,upin🐼,0.7065
b★vanss,user13463#457344,0.7302
b★vanss,user7098643456,0.6897
b★vanss,username12375,0.6809
b★vanss,va 17hd,0.8102
b★vanss,van pablo,0.7084
b★vanss,vanooo,0.7492
b★vanss,varkon🚀🚀,0.6798
b★vanss,viann,0.7902
b★vanss,vittss..,0.7577
b★vanss,wo,0.7118
b★vanss,wong elek,0.7254
b★vanss,ws🪩,0.7797
b★vanss,wzrd,0.6604
b★vanss,yanuar,0.6721
b★vanss,yaraaayaaaa,0.695
b★vanss,yogaaa21,0.8047
b★vanss,yyy,0.7596
b★vanss,z4kk🇦🇱🇦🇱,0.6895
b★vanss,zaall,0.6801
b★vanss,zaka.ya,0.7385
b★vanss,zazamm,0.8098
b★vanss,zeniperr,0.6655
b★vanss,zrill🇦🇱🇦🇱,0.7479
b★vanss,zrill💥,0.6685
b★vanss,àlwàysdip,0.6514
b★vanss,ɴᴀᴛ,0.7426
b★vanss,˚ ༘ 🦕𖦹⋆｡˚,0.8097
b★vanss,فەیزال,0.703
b★vanss,⋇⋆✦chelsea ♛┈⛧♡,0.701
b★vanss,☝️👌👌cc,0.8404
b★vanss,♥,0.6861
b★vanss,⛓️,0.6718
b★vanss,✌️,0.7768
b★vanss,✧saged🌊,0.6555
b★vanss,マᥱž𝚊,0.8244
b★vanss,윙고🇲🇨🇰🇷,0.7031
b★vanss,️dika_sajah,0.6758
b★vanss,￴ ￴ ￴  ￴ ￴ ￴ ￴ ￴,0.7319
b★vanss,￴￴,0.7575
b★vanss,𝐫𝐢𝐝𝐨𝐨🕊️,0.7173
b★vanss,𝑱𝒖𝒍𝒊𝒂𝒏𝒏𝒏,0.8189
b★vanss,𝓝𝓪𝔂𝓵𝓪_𝓓.𝓐,0.6587
b★vanss,𝕳𝕬𝕴𝕶𝕬𝕷 𝖁1,0.7646
b★vanss,𝕶𝖞𝖓𝖟𝖟,0.7399
b★vanss,𝘼𝙇𝙃𝘼𝙆𝙄𝙈𝙕,0.7328
b★vanss,𝘿𝙚𝙣,0.78
b★vanss,𝙋𝙍𝙄𝙉𝘾𝙀 15,0.7706
b★vanss,𝙖𝙩𝙨𝙨,0.6711
b★vanss,𝙡𝙚𝙣𝙜,0.8418
b★vanss,🏴󠁧󠁢󠁥󠁮󠁧󠁿🏴󠁧󠁢󠁥󠁮󠁧󠁿,0.7433
b★vanss,🐣,0.7253
b★vanss,🐦,0.7418
b★vanss,💋,0.6515
b★vanss,💩.,0.7028
b★vanss,🔴⚪,0.7145
b★vanss,🕊,0.824
b🕸️,caaa,0.7098
b🕸️,chell28,0.7613
b🕸️,chelll,0.677
b🕸️,de2x.alk1,0.751
b🕸️,dennbaee,0.6916
b🕸️,diditarifin,0.725
b🕸️,dilzz v2,0.6689
b🕸️,dimzz.stecu(setelan.cuwek💢🥶),0.6689
b🕸️,dly,0.6766
b🕸️,donz2nd,0.7169
b🕸️,dwi reny makmoy makm,0.6828
b🕸️,dwk,0.6528
b🕸️,dân stfu⸸,0.7194
b🕸️,dín dlgk?,0.7402
b🕸️,el smile,0.6942
b🕸️,er,0.6545
b🕸️,espede racing,0.6521
b🕸️,f,0.8315
b🕸️,fafang🕷️,0.8147
b🕸️,fakri,0.7271
b🕸️,finzz★,0.6988
b🕸️,frzardtyaalvro,0.7211
b🕸️,f⚡,0.8068
b🕸️,garangan mulet,0.6527
b🕸️,grandberkahdoaibu,0.7324
b🕸️,hermanto,0.6566
b🕸️,hii i'm bayy.,0.6909
b🕸️,hpiss,0.7036
b🕸️,hyan,0.8292
b🕸️,hαηs кαккσɪɪ.dnd.,0.829
b🕸️,i,0.8273
b🕸️,i j a l,0.7729
b🕸️,ibunya ragaf,0.7647
b🕸️,ifaashion.id,0.742
b🕸️,ig | im_alzz,0.7058
b🕸️,ig: ?,0.6519
b🕸️,ig:4ufa_l,0.6657
b🕸️,ikhsan hair,0.7004
b🕸️,inyong,0.6519
b🕸️,javrr⚡,0.7306
b🕸️,jesiccaaa,0.7053
b🕸️,joviinantaaaa,0.7634
b🕸️,jun santuy,0.6811
b🕸️,"kaa,a",0.8041
b🕸️,kaji,0.747
b🕸️,kang bahar,0.772
b🕸️,keee keee,0.7371
b🕸️,kelzy24,0.7537
b🕸️,kruxill🎃,0.7766
b🕸️,kuwi4526,0.6985
b🕸️,l3o m,0.6964
b🕸️,l4ngz_strong,0.7212
b🕸️,lah iya,0.8248
b🕸️,lele_byakar@gmail.comm,0.7537
b🕸️,lihgal18,0.73
b🕸️,m. rizqi_,0.7077
b🕸️,martati,0.7061
b🕸️,masjack3195,0.737
b🕸️,mawar hitam 🌹🗡️,0.7942
b🕸️,mawarr,0.8508
b🕸️,mbahnya nafisha dan sava,0.6592
b🕸️,mengomentari postingan anda,0.7332
b🕸️,mhrullam,0.6542
b🕸️,mka. kka,0.6653
b🕸️,muhammadchilung,0.6562
b🕸️,mykids,0.6811
b🕸️,nadhiff👾,0.7125
b🕸️,ndre4you,0.8535
b🕸️,nggaaa,0.7575
b🕸️,nino,0.6806
b🕸️,nobody,0.7714
b🕸️,nur fadil,0.6591
b🕸️,nuuuuu,0.687
b🕸️,ol²²oy,0.7789
b🕸️,pak haji,0.6813
b🕸️,pak haji sara,0.6737
b🕸️,patirrrv2🖤,0.7942
b🕸️,patrick bateman,0.7055
b🕸️,pecey yeye,0.7212
b🕸️,praditailhm_,0.7429
b🕸️,princess 💅,0.907
b🕸️,qila012,0.6755
b🕸️,r4ndsyh,0.6619
b🕸️,rafyy😹,0.6568
b🕸️,rahmanpru,0.67
b🕸️,rahmat kartolo,0.6781
b🕸️,reendstore,0.6784
b🕸️,rizzstecu✌️,0.7022
b🕸️,rzl,0.9335
b🕸️,rℹ️k🅾️🅾️🅾️,0.7731
b🕸️,samshl_22,0.7887
b🕸️,sapa bae,0.8935
b🕸️,sara ariska,0.826
b🕸️,sari 86,0.6654
b🕸️,satria 🙌,0.7534
b🕸️,sayaangaenii❤️‍🔥,0.7666
b🕸️,scc winoww,0.7476
b🕸️,scc.,0.8027
b🕸️,secccfldsuuu21,0.7388
b🕸️,septiana,0.7947
b🕸️,sopo》,0.7544
b🕸️,syaf__👾👾,0.7164
b🕸️,tam,0.661
b🕸️,the last good man,0.7372
b🕸️,tinnyee,0.7535
b🕸️,tito cans,0.6724
b🕸️,tofik.putra17,0.7064
b🕸️,trisis,0.6739
b🕸️,username12375,0.6726
b🕸️,userr4532552,0.6581
b🕸️,uuppio,0.7577
b🕸️,van pablo,0.6548
b🕸️,vanooo,0.6918
b🕸️,viann,0.741
b🕸️,yaraaayaaaa,0.6955
b🕸️,yogaaa21,0.7529
b🕸️,yogszz⚡,0.6602
b🕸️,yyy,0.6916
b🕸️,zain,0.6721
b🕸️,zaka.ya,0.7434
b🕸️,zannn,0.6975
b🕸️,zazamm,0.7536
b🕸️,zrill🇦🇱🇦🇱,0.6574
b🕸️,zrill💥,0.7393
b🕸️,àlwàysdip,0.6731
b🕸️,˚ ༘ 🦕𖦹⋆｡˚,0.6514
b🕸️,ᴘɪᴋᴀғʀɪᴇᴅᴄʜɪᴄᴋᴇɴ,0.7015
b🕸️,☝️👌👌cc,0.808
b🕸️,♥,0.7581
b🕸️,✌️,0.7294
b🕸️,𝑱𝒖𝒍𝒊𝒂𝒏𝒏𝒏,0.7114
b🕸️,𝓝𝓪𝔂𝓵𝓪_𝓓.𝓐,0.6759
b🕸️,𝕳𝕬𝕴𝕶𝕬𝕷 𝖁1,0.756
b🕸️,𝖇𝖎𝖎𝖑𝖆,0.7263
b🕸️,𝘿𝙚𝙣,0.7073
b🕸️,𝙡𝙚𝙣𝙜,0.6522
b🕸️,𝙾𝚛𝚢𝚣𝚊 𝚂𝚊𝚝𝚒𝚟𝚊 🌾,0.8663
b🕸️,🆘,0.6665
b🕸️,🏴󠁧󠁢󠁥󠁮󠁧󠁿🏴󠁧󠁢󠁥󠁮󠁧󠁿,0.6703
b🕸️,🐦,0.7122
b🕸️,👻hsb👻,0.6681
b🕸️,👾,0.687
b🕸️,💩.,0.6674
b🕸️,🕊,0.719
b🕸️,🧋,0.8263
caaa,chell28,0.6804
caaa,danzzz,0.6551
caaa,dilzz v2,0.7899
caaa,dimzz.stecu(setelan.cuwek💢🥶),0.7206
caaa,donz2nd,0.7186
caaa,dwi reny makmoy makm,0.6806
caaa,dwk,0.6522
caaa,dân stfu⸸,0.6804
caaa,edhy soekamto,0.6652
caaa,el smile,0.6814
caaa,espede racing,0.6522
caaa,fcknzzshit_,0.7288
caaa,finzz★,0.708
caaa,frzardtyaalvro,0.7895
caaa,f⚡,0.6747
caaa,garangan mulet,0.6632
caaa,genzzz,0.6676
caaa,grandberkahdoaibu,0.7119
caaa,hpiss,0.7011
caaa,hyan,0.6595
caaa,ibunya ragaf,0.7476
caaa,ig: ?,0.8869
caaa,inyong,0.8869
caaa,javrr⚡,0.6837
caaa,jesiccaaa,0.9393
caaa,"kaa,a",0.7401
caaa,kaji,0.7263
caaa,kelzy24,0.6574
caaa,kiking,0.7449
caaa,kruxill🎃,0.7306
caaa,kuwi4526,0.7105
caaa,lah iya,0.8171
caaa,lele_byakar@gmail.comm,0.8162
caaa,lihgal18,0.6697
caaa,mawar hitam 🌹🗡️,0.7713
caaa,mengomentari postingan anda,0.6675
caaa,mhrullam,0.6694
caaa,mka. kka,0.668
caaa,mykids,0.6754
caaa,nadhiff👾,0.673
caaa,ndre4you,0.6504
caaa,nobody,0.7438
caaa,nuuuuu,0.665
caaa,ol²²oy,0.7179
caaa,oz_,0.6501
caaa,p4tooookkkk,0.703
caaa,pak haji,0.7606
caaa,pip2nd🧿,0.6713
caaa,praditailhm_,0.6607
caaa,princess 💅,0.6709
caaa,qila012,0.7137
caaa,r4ndsyh,0.652
caaa,raa 👧🏻,0.7224
caaa,rahmat kartolo,0.714
caaa,reendstore,0.6652
caaa,rizzstecu✌️,0.8031
caaa,rzl,0.6803
caaa,rℹ️k🅾️🅾️🅾️,0.7036
caaa,sapa bae,0.6674
caaa,satria 🙌,0.7363
caaa,scc winoww,0.7031
caaa,scc.,0.7319
caaa,secccfldsuuu21,0.7166
caaa,septiana,0.6856
caaa,sopo》,0.6665
caaa,stecu💤,0.6726
caaa,theeryoou,0.6737
caaa,tinnyee,0.7618
caaa,tofik.putra17,0.7016
caaa,username12375,0.7486
caaa,viann,0.6566
caaa,vnn$fomo,0.6618
caaa,yaraaayaaaa,0.6969
caaa,yogaaa21,0.746
caaa,zain,0.7289
caaa,zaka.ya,0.7508
caaa,zannn,0.6614
caaa,zazamm,0.7696
caaa,àlwàysdip,0.6799
caaa,˚ ༘ 🦕𖦹⋆｡˚,0.6737
caaa,تسلق,0.677
caaa,☝️👌👌cc,0.7283
caaa,♥,0.848
caaa,マᥱž𝚊,0.6794
caaa,𝑱𝒖𝒍𝒊𝒂𝒏𝒏𝒏,0.6982
caaa,𝓝𝓪𝔂𝓵𝓪_𝓓.𝓐,0.9
caaa,𝕳𝕬𝕴𝕶𝕬𝕷 𝖁1,0.6941
caaa,𝘼𝙇𝙃𝘼𝙆𝙄𝙈𝙕,0.6598
caaa,𝘿𝙚𝙣,0.7869
caaa,𝙋𝙍𝙄𝙉𝘾𝙀 15,0.6561
caaa,𝙾𝚛𝚢𝚣𝚊 𝚂𝚊𝚝𝚒𝚟𝚊 🌾,0.6702
caaa,🏴󠁧󠁢󠁥󠁮󠁧󠁿🏴󠁧󠁢󠁥󠁮󠁧󠁿,0.7674
caaa,🐦,0.7538
caaa,👾,0.665
caaa,💩.,0.6954
caaa,🕊,0.6672
caaa,🧋,0.6684
cahyoo☄️,cionnnn➰,0.718
cahyoo☄️,dhellaxriigod,0.7977
cahyoo☄️,dilahhh,0.6589
cahyoo☄️,do,0.6631
cahyoo☄️,dwi reny makmoy makm,0.7722
cahyoo☄️,dɹısɐɐɐ,0.7275
cahyoo☄️,edhy soekamto,0.7256
cahyoo☄️,elyraa,0.68
cahyoo☄️,er,0.6757
cahyoo☄️,faaa12,0.6728
cahyoo☄️,febriansyah,0.6575
cahyoo☄️,frzardtyaalvro,0.6607
cahyoo☄️,f⚡,0.7068
cahyoo☄️,garangan mulet,0.6667
cahyoo☄️,hamka resna,0.6892
cahyoo☄️,hpiss,0.7634
cahyoo☄️,ig : d4haas.👾,0.6534
cahyoo☄️,ikhsan hair,0.7353
cahyoo☄️,im.p4yeng!!,0.7877
cahyoo☄️,javrr⚡,0.7
cahyoo☄️,jncktell,0.7111
cahyoo☄️,juvvv,0.6603
cahyoo☄️,kelzy24,0.7175
cahyoo☄️,kii,0.7325
cahyoo☄️,kin_💫,0.6922
cahyoo☄️,kruxill🎃,0.6832
cahyoo☄️,lah iya,0.7296
cahyoo☄️,lah?kenapa?,0.7153
cahyoo☄️,lele_byakar@gmail.comm,0.6518
cahyoo☄️,mas_dawet,0.6843
cahyoo☄️,mawar hitam 🌹🗡️,0.7027
cahyoo☄️,mazz ar31,0.7384
cahyoo☄️,mengomentari postingan anda,0.6525
cahyoo☄️,nansya ahsh,0.6523
cahyoo☄️,ndre4you,0.6651
cahyoo☄️,nino,0.6869
cahyoo☄️,nobody,0.7085
cahyoo☄️,nuuuu,0.6581
cahyoo☄️,nuuuuu,0.6722
cahyoo☄️,ol²²oy,0.6658
cahyoo☄️,padil,0.6552
cahyoo☄️,patrick bateman,0.6731
cahyoo☄️,pip2nd🧿,0.7397
cahyoo☄️,pisangambon,0.7405
cahyoo☄️,piscesmod,0.6973
cahyoo☄️,put,0.6719
cahyoo☄️,rahmanpru,0.6526
cahyoo☄️,raihan,0.6812
cahyoo☄️,rempeyek_500🌊,0.6787
cahyoo☄️,rfky,0.6674
cahyoo☄️,ryy_,0.7372
cahyoo☄️,rℹ️k🅾️🅾️🅾️,0.7206
cahyoo☄️,satria 🙌,0.7197
cahyoo☄️,satyaa ✦,0.6923
cahyoo☄️,sazz,0.7138
cahyoo☄️,secccfldsuuu21,0.6626
cahyoo☄️,si kucing,0.7127
cahyoo☄️,sopo》,0.686
cahyoo☄️,stecu💤,0.7309
cahyoo☄️,syaf__👾👾,0.7204
cahyoo☄️,talasku99,0.6809
cahyoo☄️,teteh_jawa,0.6564
cahyoo☄️,the last good man,0.7273
cahyoo☄️,upin🐼,0.6649
cahyoo☄️,user7098643456,0.6662
cahyoo☄️,vinss,0.7718
cahyoo☄️,vittss..,0.6537
cahyoo☄️,vnn$fomo,0.7085
cahyoo☄️,weird zeze🇩🇪,0.6868
cahyoo☄️,wzrd,0.6681
cahyoo☄️,yhahaha,0.6502
cahyoo☄️,yogszz⚡,0.6576
cahyoo☄️,yyy,0.6768
cahyoo☄️,z4kk🇦🇱🇦🇱,0.7237
cahyoo☄️,zaall,0.7485
cahyoo☄️,zain,0.7976
cahyoo☄️,zannn,0.7136
cahyoo☄️,ziie34,0.6759
cahyoo☄️,zppcx,0.7516
cahyoo☄️,zrill💥,0.6604
cahyoo☄️,àlwàysdip,0.6775
cahyoo☄️,ɴᴀᴛ,0.7043
cahyoo☄️,ᴘɪᴋᴀғʀɪᴇᴅᴄʜɪᴄᴋᴇɴ,0.8202
cahyoo☄️,☝️👌👌cc,0.6876
cahyoo☄️,♥,0.6727
cahyoo☄️,꧁epep꧂,0.6632
cahyoo☄️,𝙾𝚛𝚢𝚣𝚊 𝚂𝚊𝚝𝚒𝚟𝚊 🌾,0.666
cahyoo☄️,👾,0.6722
cahyoo☄️,💋,0.7339
cantika deni,celukbae abid 😃😁@?,0.7157
cantika deni,chell28,0.686
cantika deni,cingire dava,0.6718
cantika deni,cionnnn➰,0.7618
cantika deni,d4nnnnn23_4,0.6655
cantika deni,danii,0.8008
cantika deni,danu.,0.6999
cantika deni,dhellaxriigod,0.7183
cantika deni,dilahhh,0.7854
cantika deni,donz2nd,0.746
cantika deni,dubidubidam5,0.7879
cantika deni,dwi reny makmoy makm,0.7155
cantika deni,dwk,0.6751
cantika deni,dɹısɐɐɐ,0.7918
cantika deni,edhy soekamto,0.804
cantika deni,ens,0.7304
cantika deni,espede racing,0.7957
cantika deni,ewong...,0.6531
cantika deni,faaa12,0.6512
cantika deni,faiqqqqqqq,0.6962
cantika deni,farrel,0.7478
cantika deni,ffi🕷️,0.7879
cantika deni,fikaa,0.682
cantika deni,fin.,0.6845
cantika deni,fwarelll123,0.7137
cantika deni,genjur,0.7893
cantika deni,genzzz,0.6866
cantika deni,gh4ny1,0.766
cantika deni,hermanto,0.7232
cantika deni,hibban∆,0.7331
cantika deni,hii i'm bayy.,0.6637
cantika deni,ig : d4haas.👾,0.6861
cantika deni,im.p4yeng!!,0.6818
cantika deni,inieidan,0.6509
cantika deni,jagoan orangtua,0.7257
cantika deni,javrr⚡,0.7367
cantika deni,jdr,0.673
cantika deni,jepri night🦸,0.8074
cantika deni,just friend🙂,0.7052
cantika deni,juvvv,0.6709
cantika deni,kian santang,0.7098
cantika deni,"kicau mania""😷✌",0.7394
cantika deni,kin_💫,0.6789
cantika deni,kkpann!,0.6598
cantika deni,kojek,0.6814
cantika deni,l4nkk,0.6976
cantika deni,lah?kenapa?,0.6748
cantika deni,leo,0.7305
cantika deni,masayu,0.7064
cantika deni,mhrullam,0.6911
cantika deni,mka. kka,0.6566
cantika deni,mmmmm,0.7418
cantika deni,mommy bibiel,0.7453
cantika deni,muhammadchilung,0.7543
cantika deni,mvinta,0.7184
cantika deni,nabati,0.6627
cantika deni,nadhiff👾,0.6607
cantika deni,neyymar kee jakarta,0.7115
cantika deni,nnaann🔫,0.7015
cantika deni,oz_,0.7185
cantika deni,p4tooookkkk,0.6953
cantika deni,padil,0.7615
cantika deni,pak haji sara,0.6822
cantika deni,pangeran k,0.7106
cantika deni,pip2nd🧿,0.7509
cantika deni,pisangambon,0.6914
cantika deni,piscesmod,0.6536
cantika deni,praditailhm_,0.7062
cantika deni,put,0.7963
cantika deni,qila012,0.6891
cantika deni,regialparij,0.7105
cantika deni,rempeyek_500🌊,0.7554
cantika deni,rfky,0.8343
cantika deni,rijakipp,0.767
cantika deni,satria 🙌,0.7564
cantika deni,satyaa ✦,0.702
cantika deni,sendiiisen©📍,0.7831
cantika deni,si kucing,0.785
cantika deni,single era,0.7287
cantika deni,sleep the saunt,0.6761
cantika deni,stecu💤,0.7249
cantika deni,superman,0.6729
cantika deni,syaf__👾👾,0.6945
cantika deni,tam,0.7091
cantika deni,tangrajinngaji,0.7002
cantika deni,taxi barang purwokerto,0.6891
cantika deni,theeryoou,0.6613
cantika deni,tofik.putra17,0.738
cantika deni,user13463#457344,0.738
cantika deni,user7098643456,0.6861
cantika deni,va 17hd,0.6827
cantika deni,viann,0.7509
cantika deni,vittss..,0.6756
cantika deni,wiindoc,0.692
cantika deni,wongwonganmumet,0.7489
cantika deni,ws🪩,0.757
cantika deni,wzrd,0.765
cantika deni,yanuar,0.6715
cantika deni,yyy,0.6696
cantika deni,y💥💯                😛,0.7833
cantika deni,z4kk🇦🇱🇦🇱,0.798
cantika deni,zaall,0.7001
cantika deni,zain,0.6996
cantika deni,zaka.ya,0.6684
cantika deni,zeniperr,0.761
cantika deni,zrill🇦🇱🇦🇱,0.6616
cantika deni,˚ ༘ 🦕𖦹⋆｡˚,0.7161
cantika deni,فەیزال,0.7382
cantika deni,™.yunz ★ 447.¥,0.7607
cantika deni,⋇⋆✦chelsea ♛┈⛧♡,0.7245
cantika deni,★,0.7222
cantika deni,✧saged🌊,0.6526
cantika deni,윙고🇲🇨🇰🇷,0.7035
cantika deni,️dika_sajah,0.7738
cantika deni,￴,0.7864
cantika deni,𝕳𝕬𝕴𝕶𝕬𝕷 𝖁1,0.6708
cantika deni,𝙋𝙍𝙄𝙉𝘾𝙀 15,0.7155
cantika deni,𝙡𝙚𝙣𝙜,0.778
cantika deni,𝙧𝙖𝙙𝙚𝙣𝙣𝙠𝙪𝙘𝙞𝙩𝙩🌊,0.7376
cantika deni,💋,0.8132
cantika deni,🕊,0.7454
cantika deni,😡,0.7333
capcipcup🕊️,chikotila,0.6963
capcipcup🕊️,cupapimunyenyoo,0.6573
capcipcup🕊️,c✌🏻tur🌊,0.6612
capcipcup🕊️,deni,0.7631
capcipcup🕊️,dhafin &aja (@#),0.6901
capcipcup🕊️,dip_16,0.7328
capcipcup🕊️,ditzzganteng,0.682
capcipcup🕊️,dvaaa,0.6973
capcipcup🕊️,f4r11!🇦🇱🇦🇱,0.6606
capcipcup🕊️,fahri..☘️☘️,0.7631
capcipcup🕊️,gntaa,0.6925
capcipcup🕊️,"gzzz,💤",0.6547
capcipcup🕊️,hamz storee,0.6944
capcipcup🕊️,hanipipipip,0.6582
capcipcup🕊️,ini blue🔵💨,0.7192
capcipcup🕊️,jok,0.6802
capcipcup🕊️,joller🇦🇱,0.6901
capcipcup🕊️,kasnudtone,0.7111
capcipcup🕊️,kh,0.7054
capcipcup🕊️,kiking,0.6669
capcipcup🕊️,king persija,0.7069
capcipcup🕊️,momon,0.6609
capcipcup🕊️,mulyati,0.6529
capcipcup🕊️,na.,0.7644
capcipcup🕊️,naufabyktsr,0.6848
capcipcup🕊️,noellnr🍒,0.6959
capcipcup🕊️,nyong,0.6901
capcipcup🕊️,nyong ibaim,0.6928
capcipcup🕊️,opangpar,0.6697
capcipcup🕊️,osdaglog14,0.6532
capcipcup🕊️,p1n,0.7124
capcipcup🕊️,panggil vans✌️,0.7067
capcipcup🕊️,panglima boncoz,0.7189
capcipcup🕊️,parell✈️💤,0.6901
capcipcup🕊️,pdpputragemilang!,0.6667
capcipcup🕊️,pikaars?,0.6755
capcipcup🕊️,proo,0.6901
capcipcup🕊️,ranji💤,0.688
capcipcup🕊️,rass.,0.6901
capcipcup🕊️,rehan.aj,0.6902
capcipcup🕊️,ristiana08,0.6565
capcipcup🕊️,sestu,0.6802
capcipcup🕊️,sucilestaripp_08,0.6773
capcipcup🕊️,syakila pbg,0.6802
capcipcup🕊️,syaqella,0.6565
capcipcup🕊️,tll,0.6996
capcipcup🕊️,vinza,0.7053
capcipcup🕊️,wdyt_,0.7648
capcipcup🕊️,wong gringsing,0.6802
capcipcup🕊️,x4ngee🕊️,0.6573
capcipcup🕊️,you're okay reszz,0.6819
capcipcup🕊️,y🅰️hya?,0.7328
capcipcup🕊️,z4m,0.6551
capcipcup🕊️,zalee,0.6648
capcipcup🕊️,ziee_1901,0.6783
capcipcup🕊️,~~boyszzarddd~~ardboysss🇦🇱🪩,0.6848
capcipcup🕊️,ғɪᴋʀɪ🐦‍🔥,0.652
capcipcup🕊️,ಠ_ರೃ,0.6522
capcipcup🕊️,່,0.6901
capcipcup🕊️,❤️💛💚,0.6502
capcipcup🕊️,ꦲꦼꦤ꧀ꦝꦺꦴꦱ꧀,0.667
capcipcup🕊️,𓏵,0.7079
capcipcup🕊️,𝐀𝐋𝐄𝐗𝐀𝐍𝐃𝐑𝐈𝐀,0.7132
capcipcup🕊️,𝑦𝑦𝑦𝑦,0.7328
capcipcup🕊️,𝔅𝔩𝔲𝔢𝔢𝔅𝔬𝔬𝔰𝔱 💨💫,0.6699
capcipcup🕊️,"𝖂𝖍𝖔'𝕾,𝕭𝖗𝖆𝖓රධ",0.9375
capcipcup🕊️,𝗕𝗠𝗞𝗚,0.6901
capcipcup🕊️,𝘁𝗿ē𝗻𝗱à𝗻𝘇𝘅,0.6901
capcipcup🕊️,👀,0.672
capcipcup🕊️,👻,0.656
capcipcup🕊️,💫,0.7128
capcipcup🕊️,🔥theeam3ll⚡,0.6569
capcipcup🕊️,🫧,0.7182
celukbae abid 😃😁@?,cingire dava,0.674
celukbae abid 😃😁@?,cionnnn➰,0.692
celukbae abid 😃😁@?,d4nnnnn23_4,0.6558
celukbae abid 😃😁@?,danu.,0.7252
celukbae abid 😃😁@?,davaaa,0.8116
celukbae abid 😃😁@?,dhanadut_bae16💤,0.695
celukbae abid 😃😁@?,dilahhh,0.7033
celukbae abid 😃😁@?,donz2nd,0.652
celukbae abid 😃😁@?,dubidubidam5,0.657
celukbae abid 😃😁@?,dwk,0.687
celukbae abid 😃😁@?,dɹısɐɐɐ,0.7658
celukbae abid 😃😁@?,ens,0.6629
celukbae abid 😃😁@?,espede racing,0.7257
celukbae abid 😃😁@?,ewong...,0.6823
celukbae abid 😃😁@?,faaa12,0.7247
celukbae abid 😃😁@?,fahmi.zemmy✔️,0.6795
celukbae abid 😃😁@?,faiqqqqqqq,0.6696
celukbae abid 😃😁@?,fann,0.7204
celukbae abid 😃😁@?,farrel,0.7501
celukbae abid 😃😁@?,fens nasa 🇺🇸🚀,0.6749
celukbae abid 😃😁@?,ffi🕷️,0.7715
celukbae abid 😃😁@?,genjur,0.7898
celukbae abid 😃😁@?,genzzz,0.6672
celukbae abid 😃😁@?,gh4ny1,0.673
celukbae abid 😃😁@?,hamzzstecu,0.7197
celukbae abid 😃😁@?,ido.,0.7265
celukbae abid 😃😁@?,inieidan,0.6766
celukbae abid 😃😁@?,jagoan orangtua,0.677
celukbae abid 😃😁@?,javrr⚡,0.6774
celukbae abid 😃😁@?,jazkyy1233,0.6583
celukbae abid 😃😁@?,jdr,0.6886
celukbae abid 😃😁@?,jepri night🦸,0.697
celukbae abid 😃😁@?,just friend🙂,0.7512
celukbae abid 😃😁@?,k  for  kami'el,0.6895
celukbae abid 😃😁@?,kian santang,0.6872
celukbae abid 😃😁@?,kib3nk_ta,0.6804
celukbae abid 😃😁@?,kkpann!,0.6505
celukbae abid 😃😁@?,kojek,0.8287
celukbae abid 😃😁@?,l4nkk,0.6782
celukbae abid 😃😁@?,laris manis store,0.6645
celukbae abid 😃😁@?,masayu,0.7267
celukbae abid 😃😁@?,mhrullam,0.6684
celukbae abid 😃😁@?,mmmmm,0.7696
celukbae abid 😃😁@?,mommy bibiel,0.6921
celukbae abid 😃😁@?,muhammadchilung,0.7588
celukbae abid 😃😁@?,nabati,0.7083
celukbae abid 😃😁@?,nadhiff👾,0.6507
celukbae abid 😃😁@?,nar setecu🌀💤🌊,0.6761
celukbae abid 😃😁@?,narti,0.6674
celukbae abid 😃😁@?,neyymar kee jakarta,0.7599
celukbae abid 😃😁@?,nnaann🔫,0.6604
celukbae abid 😃😁@?,notzstrongboyss,0.7237
celukbae abid 😃😁@?,orensport,0.6984
celukbae abid 😃😁@?,p4tooookkkk,0.7017
celukbae abid 😃😁@?,padil,0.7177
celukbae abid 😃😁@?,pangeran k,0.6872
celukbae abid 😃😁@?,pdpputragemilang!,0.6661
celukbae abid 😃😁@?,pisangambon,0.8056
celukbae abid 😃😁@?,put,0.7525
celukbae abid 😃😁@?,rimzsukaessedoublechange🤤,0.6609
celukbae abid 😃😁@?,rivann.ahah,0.6544
celukbae abid 😃😁@?,rpk1,0.8094
celukbae abid 😃😁@?,s u m m e r .,0.7128
celukbae abid 😃😁@?,satria 🙌,0.7154
celukbae abid 😃😁@?,sendiiisen©📍,0.6881
celukbae abid 😃😁@?,single era,0.7845
celukbae abid 😃😁@?,sleep the saunt,0.6896
celukbae abid 😃😁@?,superman,0.6658
celukbae abid 😃😁@?,suyato jowo,0.6512
celukbae abid 😃😁@?,tangrajinngaji,0.7271
celukbae abid 😃😁@?,tika kartika,0.6833
celukbae abid 😃😁@?,tofik.putra17,0.6929
celukbae abid 😃😁@?,topexx11,0.7402
celukbae abid 😃😁@?,user13463#457344,0.6735
celukbae abid 😃😁@?,van pablo,0.7763
celukbae abid 😃😁@?,viann,0.6568
celukbae abid 😃😁@?,wong elek,0.6526
celukbae abid 😃😁@?,wongwonganmumet,0.7117
celukbae abid 😃😁@?,ws🪩,0.6968
celukbae abid 😃😁@?,wzrd,0.7231
celukbae abid 😃😁@?,yanuar,0.7264
celukbae abid 😃😁@?,yesakiw,0.7639
celukbae abid 😃😁@?,z4kk🇦🇱🇦🇱,0.7702
celukbae abid 😃😁@?,zeniperr,0.6709
celukbae abid 😃😁@?,zrill🇦🇱🇦🇱,0.7062
celukbae abid 😃😁@?,المجتهد,0.7303
celukbae abid 😃😁@?,فەیزال,0.7633
celukbae abid 😃😁@?,เςคภ,0.7975
celukbae abid 😃😁@?,™.yunz ★ 447.¥,0.7749
celukbae abid 😃😁@?,윙고🇲🇨🇰🇷,0.7206
celukbae abid 😃😁@?,️dika_sajah,0.735
celukbae abid 😃😁@?,￴,0.7918
celukbae abid 😃😁@?,￴￴,0.7102
celukbae abid 😃😁@?,𝐫𝐢𝐝𝐨𝐨🕊️,0.6886
celukbae abid 😃😁@?,𝘼𝙇𝙃𝘼𝙆𝙄𝙈𝙕,0.6534
celukbae abid 😃😁@?,𝙖𝙩𝙨𝙨,0.6957
celukbae abid 😃😁@?,𝙡𝙚𝙣𝙜,0.6799
celukbae abid 😃😁@?,💋,0.7168
celukbae abid 😃😁@?,🔴⚪,0.7099
celukbae abid 😃😁@?,🕊,0.7085
celukbae abid 😃😁@?,😡,0.7082
celukbae abid 😃😁@?,🪫,0.6704
cen,cyy,0.701
cen,d forr,0.6771
cen,danzz,0.6591
cen,dea,0.7372
cen,deliciousrull,0.6877
cen,dvindylndra,0.6683
cen,dzikriibrgzazdn,0.7521
cen,"elan jangan nakal ya, iya mah",0.682
cen,federico,0.6574
cen,fiki v1,0.675
cen,frhnbaeω,0.775
cen,g,0.6703
cen,granddream,0.7362
cen,hanifnur,0.722
cen,iyann noverse ☄️🪐,0.7501
cen,kall,0.784
cen,khaa : akun business 🪐 💵,0.668
cen,kizy🇦🇱,0.6847
cen,kmu gpp zaa?,0.6519
cen,mamaz ap,0.726
cen,maswilll,0.7229
cen,maypen🍉,0.6913
cen,namaku atha,0.6972
cen,ndaru,0.706
cen,nha_nha88,0.8111
cen,r e t z,0.7333
cen,r2kyy🐬,0.6636
cen,ramadani🌀,0.6666
cen,rian(rivan fian),0.7729
cen,rimzsukaessedoublechange🤤,0.7247
cen,ririss,0.7248
cen,saitama.botak6,0.7163
cen,sandhi686,0.7122
cen,se'pull_maxwill,0.7428
cen,spilloutfittrendy,0.8264
cen,sri66790,0.6964
cen,tem - tem★★★,0.7939
cen,tole bf official316,0.7349
cen,ultrambuttttt,0.7428
cen,wong kene bae,0.6953
cen,"wong""plosok",0.7889
cen,xy_don🚀,0.6927
cen,ynnnz,0.7506
cen,yoo🅰️jahh,0.7168
cen,zexx'777,0.732
cen,zye hehe,0.7206
cen,| ig : @aseprmadanni,0.7271
cen,˚꩜｡⋆˚࿔ 𝔂𝓪𝔂𝓪 𝜗𝜚˚⋆🧸ྀི,0.6926
cen,⭐zka,0.6997
cen,𝕬𝖟𝖐𝖆 𝖋𝖔𝖗 𝖞𝖔𝖚,0.7318
cen,𝘾𝙖𝙡𝙤𝙣 𝙃𝘼𝙅𝙄,0.7136
cen,𝙎𝘽𝙎 001_𝙨𝙠𝙖𝙮 𝙮𝙚𝙡𝙤𝙬,0.6521
cen,𝙔𝙊𝙂𝙂𝘼𝘼⭐💦,0.6585
cen,𝙢𝙖𝙖𝙖𝙖𝙖𝙖𝙨𝙨𝙨𝙠𝙖𝙣𝙣𝙣,0.7345
cen,🆘,0.6578
chell28,chelll,0.8241
chell28,cingire dava,0.7208
chell28,cionnnn➰,0.6533
chell28,danii,0.7159
chell28,dhanadut_bae16💤,0.6833
chell28,dhellaxriigod,0.7144
chell28,diditarifin,0.6664
chell28,dilahhh,0.6519
chell28,dimzz.stecu(setelan.cuwek💢🥶),0.7724
chell28,donz2nd,0.8063
chell28,dubidubidam5,0.743
chell28,dwk,0.7592
chell28,dân stfu⸸,0.8159
chell28,dín dlgk?,0.756
chell28,edhy soekamto,0.7212
chell28,el smile,0.8089
chell28,er,0.6881
chell28,espede racing,0.7636
chell28,f,0.7853
chell28,fafang🕷️,0.7106
chell28,fakri,0.7464
chell28,fikaa,0.7083
chell28,finzz★,0.671
chell28,frzardtyaalvro,0.7876
chell28,genzzz,0.7016
chell28,grandberkahdoaibu,0.7645
chell28,hermanto,0.7188
chell28,hibban∆,0.74
chell28,hii i'm bayy.,0.7462
chell28,hyan,0.7718
chell28,hαpiz_boyss⚡,0.7321
chell28,hαηs кαккσɪɪ.dnd.,0.7308
chell28,i,0.7429
chell28,i j a l,0.6873
chell28,ibunya ragaf,0.7995
chell28,ifaashion.id,0.7247
chell28,ig : d4haas.👾,0.7166
chell28,ig | im_alzz,0.6736
chell28,ig:4ufa_l,0.7064
chell28,iis dukha,0.7239
chell28,ikhsan hair,0.708
chell28,inieidan,0.6836
chell28,jagoan orangtua,0.7261
chell28,javrr⚡,0.8283
chell28,jdr,0.7336
chell28,jesiccaaa,0.7081
chell28,just friend🙂,0.6693
chell28,"kaa,a",0.6998
chell28,kaji,0.7916
chell28,kang bahar,0.8532
chell28,keee keee,0.6526
chell28,kelzy24,0.6654
chell28,kin_💫,0.7503
chell28,kruxill🎃,0.7931
chell28,l4nkk,0.7666
chell28,lah iya,0.716
chell28,lah?kenapa?,0.6985
chell28,lele_byakar@gmail.comm,0.8411
chell28,lihgal18,0.7952
chell28,mas_dawet,0.6524
chell28,mawar hitam 🌹🗡️,0.8122
chell28,mawarr,0.7827
chell28,mbahnya nafisha dan sava,0.6747
chell28,mengomentari postingan anda,0.6533
chell28,mhrullam,0.7496
chell28,mka. kka,0.7015
chell28,muhamad rian,0.6571
chell28,muhammadchilung,0.734
chell28,mykids,0.6633
chell28,nadhiff👾,0.7734
chell28,narti,0.6849
chell28,narzz🌊🌊,0.6864
chell28,ndre4you,0.74
chell28,nggaaa,0.6702
chell28,nino,0.6767
chell28,nnaann🔫,0.6795
chell28,nobody,0.7434
chell28,nur fadil,0.7383
chell28,ol²²oy,0.845
chell28,oz_,0.7262
chell28,p4tooookkkk,0.7423
chell28,pak haji,0.6609
chell28,pak haji sara,0.6889
chell28,patirrrv2🖤,0.6901
chell28,pisangambon,0.6977
chell28,piscesmod,0.6758
chell28,praditailhm_,0.8415
chell28,princess 💅,0.8172
chell28,put,0.6864
chell28,qila012,0.7978
chell28,raffiii162,0.6509
chell28,rafyy😹,0.7041
chell28,rahmanpru,0.6775
chell28,rahmat kartolo,0.69
chell28,regialparij,0.667
chell28,rempeyek_500🌊,0.6935
chell28,rfky,0.735
chell28,rijakipp,0.6693
chell28,rzl,0.7737
chell28,rℹ️k🅾️🅾️🅾️,0.8206
chell28,safi,0.7618
chell28,samshl_22,0.7319
chell28,sara ariska,0.772
chell28,satria 🙌,0.7725
chell28,scc winoww,0.8538
chell28,scc.,0.7282
chell28,secccfldsuuu21,0.7642
chell28,sendiiisen©📍,0.7876
chell28,septiana,0.686
chell28,si kucing,0.7217
chell28,stecu💤,0.7241
chell28,syaf__👾👾,0.7053
chell28,tam,0.7196
chell28,tangrajinngaji,0.7516
chell28,taxi barang purwokerto,0.6858
chell28,teteh_jawa,0.6824
chell28,the last good man,0.6595
chell28,theeryoou,0.6906
chell28,tinnyee,0.8019
chell28,tofik.putra17,0.7931
chell28,trisis,0.6588
chell28,upin🐼,0.6714
chell28,user13463#457344,0.7856
chell28,user7098643456,0.6728
chell28,username12375,0.6613
chell28,uuppio,0.6772
chell28,va 17hd,0.8227
chell28,van pablo,0.6888
chell28,vanooo,0.7235
chell28,viann,0.8471
chell28,vittss..,0.6911
chell28,wo,0.6959
chell28,wong elek,0.7525
chell28,ws🪩,0.7408
chell28,wzrd,0.686
chell28,yanuar,0.7217
chell28,yaraaayaaaa,0.686
chell28,yogaaa21,0.8451
chell28,yyy,0.7964
chell28,y💥💯                😛,0.6889
chell28,z4kk🇦🇱🇦🇱,0.6627
chell28,zaall,0.6618
chell28,zaka.ya,0.7847
chell28,zazamm,0.8393
chell28,zeniperr,0.6856
chell28,zrill🇦🇱🇦🇱,0.7041
chell28,ɴᴀᴛ,0.6923
chell28,˚ ༘ 🦕𖦹⋆｡˚,0.8078
chell28,⋇⋆✦chelsea ♛┈⛧♡,0.6769
chell28,☝️👌👌cc,0.8371
chell28,✌️,0.7986
chell28,マᥱž𝚊,0.7053
chell28,윙고🇲🇨🇰🇷,0.6651
chell28,️dika_sajah,0.6865
chell28,￴ ￴ ￴  ￴ ￴ ￴ ￴ ￴,0.6954
chell28,￴￴,0.6787
chell28,𝑱𝒖𝒍𝒊𝒂𝒏𝒏𝒏,0.7662
chell28,𝓝𝓪𝔂𝓵𝓪_𝓓.𝓐,0.6841
chell28,𝕳𝕬𝕴𝕶𝕬𝕷 𝖁1,0.7636
chell28,𝕶𝖞𝖓𝖟𝖟,0.7185
chell28,𝖇𝖎𝖎𝖑𝖆,0.6827
chell28,𝘼𝙇𝙃𝘼𝙆𝙄𝙈𝙕,0.7114
chell28,𝘿𝙚𝙣,0.7367
chell28,𝙋𝙍𝙄𝙉𝘾𝙀 15,0.717
chell28,𝙡𝙚𝙣𝙜,0.7982
chell28,𝙧𝙖𝙙𝙚𝙣𝙣𝙠𝙪𝙘𝙞𝙩𝙩🌊,0.673
chell28,𝙾𝚛𝚢𝚣𝚊 𝚂𝚊𝚝𝚒𝚟𝚊 🌾,0.6584
chell28,🏴󠁧󠁢󠁥󠁮󠁧󠁿🏴󠁧󠁢󠁥󠁮󠁧󠁿,0.7629
chell28,🐣,0.6817
chell28,🐦,0.7064
chell28,💩.,0.702
chell28,🔴⚪,0.6959
chell28,🕊,0.8165
chell28,🧋,0.6622
chelll,cingire dava,0.7336
chelll,danu.,0.6556
chelll,dhellaxriigod,0.6713
chelll,dimzz.stecu(setelan.cuwek💢🥶),0.713
chelll,donz2nd,0.7922
chelll,dubidubidam5,0.6712
chelll,dwk,0.72
chelll,dân stfu⸸,0.8105
chelll,dín dlgk?,0.6671
chelll,edhy soekamto,0.6667
chelll,el smile,0.7385
chelll,espede racing,0.717
chelll,fakri,0.7395
chelll,fens nasa 🇺🇸🚀,0.6677
chelll,fikaa,0.6632
chelll,frzardtyaalvro,0.8027
chelll,genzzz,0.7169
chelll,grandberkahdoaibu,0.7104
chelll,hermanto,0.673
chelll,hibban∆,0.7107
chelll,hii i'm bayy.,0.6625
chelll,hyan,0.661
chelll,hαpiz_boyss⚡,0.7557
chelll,i,0.6735
chelll,ibunya ragaf,0.7744
chelll,ig : d4haas.👾,0.7062
chelll,ig:4ufa_l,0.6901
chelll,ikhsan hair,0.6809
chelll,im.p4yeng!!,0.6647
chelll,inieidan,0.687
chelll,ivx.ixxi_vii~,0.6633
chelll,jagoan orangtua,0.8391
chelll,javrr⚡,0.8222
chelll,jdr,0.6603
chelll,jesiccaaa,0.653
chelll,just friend🙂,0.6871
chelll,kaji,0.7372
chelll,kang bahar,0.7223
chelll,kin_💫,0.721
chelll,kruxill🎃,0.7772
chelll,l4nkk,0.6867
chelll,lah iya,0.6902
chelll,lah?kenapa?,0.7516
chelll,lele_byakar@gmail.comm,0.8104
chelll,lihgal18,0.7538
chelll,mawar hitam 🌹🗡️,0.7868
chelll,mawarr,0.6753
chelll,mbahnya nafisha dan sava,0.7194
chelll,mhrullam,0.7254
chelll,mka. kka,0.7523
chelll,muhammadchilung,0.7559
chelll,mykids,0.6764
chelll,nadhiff👾,0.762
chelll,narti,0.6938
chelll,narzz🌊🌊,0.672
chelll,ndre4you,0.6528
chelll,nobody,0.7322
chelll,nur fadil,0.6672
chelll,ol²²oy,0.7671
chelll,oz_,0.6685
chelll,p4tooookkkk,0.7389
chelll,pak haji,0.6678
chelll,piscesmod,0.6577
chelll,praditailhm_,0.7573
chelll,princess 💅,0.686
chelll,put,0.6568
chelll,qila012,0.7718
chelll,rahmanpru,0.6598
chelll,rfky,0.6602
chelll,rℹ️k🅾️🅾️🅾️,0.848
chelll,safi,0.7563
chelll,sara ariska,0.6514
chelll,satria 🙌,0.7692
chelll,scc winoww,0.8246
chelll,scc.,0.6999
chelll,secccfldsuuu21,0.7911
chelll,sendiiisen©📍,0.7533
chelll,stecu💤,0.6949
chelll,tam,0.7039
chelll,tangrajinngaji,0.7165
chelll,taxi barang purwokerto,0.703
chelll,teteh_jawa,0.654
chelll,theeryoou,0.8077
chelll,tinnyee,0.821
chelll,tofik.putra17,0.7791
chelll,upin🐼,0.6712
chelll,user13463#457344,0.8494
chelll,user7098643456,0.6546
chelll,username12375,0.6713
chelll,va 17hd,0.777
chelll,van pablo,0.6892
chelll,vanooo,0.6824
chelll,viann,0.7853
chelll,vittss..,0.663
chelll,wo,0.6726
chelll,wong elek,0.7099
chelll,ws🪩,0.7124
chelll,wzrd,0.6615
chelll,yanuar,0.7013
chelll,yaraaayaaaa,0.7207
chelll,yogaaa21,0.8182
chelll,yyy,0.7
chelll,z4kk🇦🇱🇦🇱,0.6653
chelll,zaka.ya,0.729
chelll,zazamm,0.7814
chelll,zeniperr,0.7946
chelll,zrill🇦🇱🇦🇱,0.6803
chelll,ɴᴀᴛ,0.677
chelll,˚ ༘ 🦕𖦹⋆｡˚,0.8045
chelll,فەیزال,0.6733
chelll,☝️👌👌cc,0.7699
chelll,✌️,0.744
chelll,マᥱž𝚊,0.6832
chelll,윙고🇲🇨🇰🇷,0.6656
chelll,️dika_sajah,0.6601
chelll,￴ ￴ ￴  ￴ ￴ ￴ ￴ ￴,0.7047
chelll,￴￴,0.6647
chelll,𝑱𝒖𝒍𝒊𝒂𝒏𝒏𝒏,0.7374
chelll,𝕳𝕬𝕴𝕶𝕬𝕷 𝖁1,0.7912
chelll,𝕶𝖞𝖓𝖟𝖟,0.7236
chelll,𝘿𝙚𝙣,0.7652
chelll,𝙋𝙍𝙄𝙉𝘾𝙀 15,0.6822
chelll,𝙡𝙚𝙣𝙜,0.789
chelll,𝙧𝙖𝙙𝙚𝙣𝙣𝙠𝙪𝙘𝙞𝙩𝙩🌊,0.7162
chelll,🏴󠁧󠁢󠁥󠁮󠁧󠁿🏴󠁧󠁢󠁥󠁮󠁧󠁿,0.7366
chelll,🐣,0.6645
chelll,🐦,0.735
chelll,💋,0.661
chelll,💩.,0.6556
chelll,🔴⚪,0.7318
chelll,🕊,0.8216
chikotila,c✌🏻tur🌊,0.6941
chikotila,dedi intan,0.7323
chikotila,deni,0.6715
chikotila,dip_16,0.711
chikotila,fahri..☘️☘️,0.6715
chikotila,hamz storee,0.6591
chikotila,ini blue🔵💨,0.6513
chikotila,kh,0.6674
chikotila,na.,0.6641
chikotila,pikaars?,0.7412
chikotila,pitawidiono,0.6964
chikotila,r.a sbg team,0.6572
chikotila,vinza,0.6843
chikotila,wisnu krishna,0.6997
chikotila,you're okay reszz,0.706
chikotila,yuliazaa,0.6925
chikotila,y🅰️hya?,0.711
chikotila,น้ำอุ่น กัญญาภัทร เต๊กอ๋อต้ง,0.6925
chikotila,𝐀𝐋𝐄𝐗𝐀𝐍𝐃𝐑𝐈𝐀,0.6561
chikotila,𝑦𝑦𝑦𝑦,0.711
chikotila,"𝖂𝖍𝖔'𝕾,𝕭𝖗𝖆𝖓රධ",0.6728
chikotila,🌵dnd's_mom🌵,0.7136
chikotila,💫,0.7273
chikotila,🔥theeam3ll⚡,0.6502
cici.nda🩺,cupapimunyenyoo,0.6639
cici.nda🩺,hanipipipip,0.7443
cici.nda🩺,ig: nan_sgaa,0.6611
cici.nda🩺,ininaufal,0.6768
cici.nda🩺,izz_sjlh🀄,0.7002
cici.nda🩺,pdpputragemilang!,0.6509
cici.nda🩺,rezz_brew,0.6518
cici.nda🩺,selialls,0.6942
cici.nda🩺,weird zeze🇩🇪,0.6513
cici.nda🩺,ziee_1901,0.7674
cingire dava,cionnnn➰,0.6885
cingire dava,d4nnnnn23_4,0.7157
cingire dava,danu.,0.6875
cingire dava,dhanadut_bae16💤,0.7173
cingire dava,dilahhh,0.6776
cingire dava,dimzz.stecu(setelan.cuwek💢🥶),0.7567
cingire dava,donz2nd,0.7304
cingire dava,dubidubidam5,0.7249
cingire dava,dwi reny makmoy makm,0.6599
cingire dava,dwk,0.8258
cingire dava,dzky.,0.6531
cingire dava,dân stfu⸸,0.756
cingire dava,dín dlgk?,0.6843
cingire dava,dɹısɐɐɐ,0.6818
cingire dava,el smile,0.743
cingire dava,ens,0.73
cingire dava,espede racing,0.6898
cingire dava,faaa12,0.674
cingire dava,faiqqqqqqq,0.6714
cingire dava,fakri,0.6762
cingire dava,farrel,0.6987
cingire dava,febriansyah,0.682
cingire dava,fens nasa 🇺🇸🚀,0.703
cingire dava,ffi🕷️,0.7474
cingire dava,fikaa,0.6985
cingire dava,finzz★,0.6692
cingire dava,fi🅰️n6️⃣,0.6889
cingire dava,frzardtyaalvro,0.6696
cingire dava,g,0.6747
cingire dava,genjur,0.6861
cingire dava,genzzz,0.7251
cingire dava,grandberkahdoaibu,0.6513
cingire dava,hamzzstecu,0.6858
cingire dava,hermanto,0.6882
cingire dava,hii i'm bayy.,0.7387
cingire dava,hyan,0.665
cingire dava,hαpiz_boyss⚡,0.715
cingire dava,ibunya ragaf,0.7429
cingire dava,ig : d4haas.👾,0.7942
cingire dava,ig:4ufa_l,0.7131
cingire dava,im.p4yeng!!,0.666
cingire dava,inieidan,0.7915
cingire dava,ivx.ixxi_vii~,0.6809
cingire dava,jagoan orangtua,0.6855
cingire dava,javrr⚡,0.7757
cingire dava,jdr,0.7309
cingire dava,jepri night🦸,0.6717
cingire dava,just friend🙂,0.6832
cingire dava,kaji,0.6768
cingire dava,kang bahar,0.6872
cingire dava,kib3nk_ta,0.7218
cingire dava,kin_💫,0.6759
cingire dava,kkpann!,0.6773
cingire dava,kojek,0.6629
cingire dava,kruxill🎃,0.7176
cingire dava,l4nkk,0.7462
cingire dava,lah iya,0.6616
cingire dava,lah?kenapa?,0.6633
cingire dava,lele_byakar@gmail.comm,0.7335
cingire dava,lihgal18,0.7555
cingire dava,masayu,0.6731
cingire dava,mawar hitam 🌹🗡️,0.7077
cingire dava,mawarr,0.6507
cingire dava,mhrullam,0.7549
cingire dava,mmmmm,0.667
cingire dava,mommy bibiel,0.711
cingire dava,muhammadchilung,0.7321
cingire dava,mvinta,0.6752
cingire dava,naa_,0.6817
cingire dava,nadhiff👾,0.7507
cingire dava,nar setecu🌀💤🌊,0.6594
cingire dava,narti,0.72
cingire dava,narzz🌊🌊,0.7996
cingire dava,neyymar kee jakarta,0.6789
cingire dava,nnaann🔫,0.6817
cingire dava,nobody,0.6756
cingire dava,ol²²oy,0.7204
cingire dava,oz_,0.6926
cingire dava,p4tooookkkk,0.7764
cingire dava,padil,0.6609
cingire dava,pak haji,0.6653
cingire dava,persiaa,0.657
cingire dava,pisangambon,0.7458
cingire dava,piscesmod,0.6617
cingire dava,praditailhm_,0.758
cingire dava,put,0.7145
cingire dava,qila012,0.7531
cingire dava,r,0.6774
cingire dava,raf,0.6791
cingire dava,rafyy😹,0.7253
cingire dava,rahmat kartolo,0.736
cingire dava,rempeyek_500🌊,0.6688
cingire dava,rfky,0.6599
cingire dava,rijakipp,0.7357
cingire dava,rivann.ahah,0.7111
cingire dava,rℹ️k🅾️🅾️🅾️,0.76
cingire dava,s u m m e r .,0.6649
cingire dava,sabitulyz,0.6511
cingire dava,safi,0.713
cingire dava,satria 🙌,0.7141
cingire dava,scc winoww,0.7368
cingire dava,scc.,0.6827
cingire dava,secccfldsuuu21,0.6994
cingire dava,sendiiisen©📍,0.7436
cingire dava,si kucing,0.6844
cingire dava,sleep the saunt,0.6673
cingire dava,srylee,0.6776
cingire dava,stecu💤,0.7078
cingire dava,suyato jowo,0.6972
cingire dava,syaf__👾👾,0.682
cingire dava,szxnoe,0.6647
cingire dava,talasku99,0.7059
cingire dava,tam,0.7126
cingire dava,tangrajinngaji,0.7689
cingire dava,teteh_jawa,0.6511
cingire dava,theeryoou,0.6595
cingire dava,tinnyee,0.6903
cingire dava,tofik.putra17,0.7438
cingire dava,upin🐼,0.657
cingire dava,user13463#457344,0.7303
cingire dava,user7098643456,0.7323
cingire dava,va 17hd,0.7204
cingire dava,van pablo,0.7037
cingire dava,vanooo,0.6909
cingire dava,viann,0.745
cingire dava,vittss..,0.7381
cingire dava,wiindoc,0.671
cingire dava,wo,0.7912
cingire dava,wong elek,0.7925
cingire dava,wongwonganmumet,0.7517
cingire dava,ws🪩,0.732
cingire dava,wzrd,0.6984
cingire dava,yanuar,0.7421
cingire dava,yesakiw,0.6808
cingire dava,yogaaa21,0.6842
cingire dava,yyy,0.6895
cingire dava,y💥💯                😛,0.6905
cingire dava,z4kk🇦🇱🇦🇱,0.6528
cingire dava,zaall,0.6568
cingire dava,zaka.ya,0.7473
cingire dava,zarr★,0.6958
cingire dava,zazamm,0.7362
cingire dava,zeniperr,0.6956
cingire dava,zrill🇦🇱🇦🇱,0.7611
cingire dava,ɴᴀᴛ,0.7045
cingire dava,˚ ༘ 🦕𖦹⋆｡˚,0.7667
cingire dava,فەیزال,0.661
cingire dava,™.yunz ★ 447.¥,0.685
cingire dava,⋇⋆✦chelsea ♛┈⛧♡,0.74
cingire dava,★,0.6869
cingire dava,☝️👌👌cc,0.7041
cingire dava,⛓️,0.6535
cingire dava,✌️,0.6991
cingire dava,ザキ・アルディアンシア,0.704
cingire dava,マᥱž𝚊,0.6664
cingire dava,윙고🇲🇨🇰🇷,0.79
cingire dava,️dika_sajah,0.7402
cingire dava,￴,0.6654
cingire dava,￴ ￴ ￴  ￴ ￴ ￴ ￴ ￴,0.7087
cingire dava,￴￴,0.7807
cingire dava,𝐫𝐢𝐝𝐨𝐨🕊️,0.7144
cingire dava,𝑱𝒖𝒍𝒊𝒂𝒏𝒏𝒏,0.7168
cingire dava,𝕳𝕬𝕴𝕶𝕬𝕷 𝖁1,0.6643
cingire dava,𝕶𝖞𝖓𝖟𝖟,0.7008
cingire dava,𝘼𝙇𝙃𝘼𝙆𝙄𝙈𝙕,0.756
cingire dava,𝘿𝙚𝙣,0.7253
cingire dava,𝙋𝙍𝙄𝙉𝘾𝙀 15,0.7409
cingire dava,𝙖𝙩𝙨𝙨,0.7079
cingire dava,𝙡𝙚𝙣𝙜,0.7836
cingire dava,𝙧𝙖𝙙𝙚𝙣𝙣𝙠𝙪𝙘𝙞𝙩𝙩🌊,0.719
cingire dava,🏴󠁧󠁢󠁥󠁮󠁧󠁿🏴󠁧󠁢󠁥󠁮󠁧󠁿,0.6962
cingire dava,🐣,0.7175
cingire dava,🐦,0.6651
cingire dava,💋,0.6646
cingire dava,🔴⚪,0.7432
cingire dava,🕊,0.8132
cingire dava,😡,0.6686
cionnnn➰,danii,0.698
cionnnn➰,danu.,0.6892
cionnnn➰,dhanadut_bae16💤,0.7172
cionnnn➰,dhellaxriigod,0.6683
cionnnn➰,dilahhh,0.8005
cionnnn➰,donz2nd,0.7187
cionnnn➰,dubidubidam5,0.7378
cionnnn➰,dwi reny makmoy makm,0.8712
cionnnn➰,dwk,0.6824
cionnnn➰,dɹısɐɐɐ,0.8884
cionnnn➰,edhy soekamto,0.7475
cionnnn➰,ens,0.8231
cionnnn➰,espede racing,0.7072
cionnnn➰,ewong...,0.6546
cionnnn➰,faaa12,0.7799
cionnnn➰,faiqqqqqqq,0.6717
cionnnn➰,fann,0.6515
cionnnn➰,farrel,0.7504
cionnnn➰,febriansyah,0.7235
cionnnn➰,ffi🕷️,0.8231
cionnnn➰,fikaa,0.6539
cionnnn➰,frzardtyaalvro,0.6508
cionnnn➰,genjur,0.7678
cionnnn➰,genzzz,0.6799
cionnnn➰,hii i'm bayy.,0.6929
cionnnn➰,hpiss,0.6781
cionnnn➰,ig : d4haas.👾,0.6866
cionnnn➰,ikhsan hair,0.683
cionnnn➰,im.p4yeng!!,0.7724
cionnnn➰,inieidan,0.662
cionnnn➰,ininaufal,0.6634
cionnnn➰,jagoan orangtua,0.7199
cionnnn➰,javrr⚡,0.7557
cionnnn➰,jdr,0.6644
cionnnn➰,jepri night🦸,0.8326
cionnnn➰,juvvv,0.7105
cionnnn➰,kelzy24,0.6501
cionnnn➰,kian santang,0.6537
cionnnn➰,"kicau mania""😷✌",0.7502
cionnnn➰,kii,0.6677
cionnnn➰,kin_💫,0.6755
cionnnn➰,kkpann!,0.7455
cionnnn➰,kojek,0.7168
cionnnn➰,kruxill🎃,0.6928
cionnnn➰,l4nkk,0.6696
cionnnn➰,lah iya,0.6756
cionnnn➰,lah?kenapa?,0.6902
cionnnn➰,laris manis store,0.6902
cionnnn➰,lele_byakar@gmail.comm,0.6635
cionnnn➰,leo,0.6803
cionnnn➰,lihgal18,0.6854
cionnnn➰,mas_dawet,0.6754
cionnnn➰,masayu,0.7552
cionnnn➰,mawar hitam 🌹🗡️,0.6992
cionnnn➰,mengomentari postingan anda,0.6761
cionnnn➰,mhrullam,0.7631
cionnnn➰,mmmmm,0.6677
cionnnn➰,mommy bibiel,0.6793
cionnnn➰,muhammadchilung,0.7199
cionnnn➰,mvinta,0.7224
cionnnn➰,naa_,0.6608
cionnnn➰,nadhiff👾,0.7041
cionnnn➰,nar setecu🌀💤🌊,0.6941
cionnnn➰,narzz🌊🌊,0.6747
cionnnn➰,nino,0.6735
cionnnn➰,nnaann🔫,0.7021
cionnnn➰,nobody,0.7396
cionnnn➰,nuuuu,0.6671
cionnnn➰,ol²²oy,0.66
cionnnn➰,oz_,0.6832
cionnnn➰,p4tooookkkk,0.6946
cionnnn➰,padil,0.772
cionnnn➰,pangeran k,0.7299
cionnnn➰,patrick bateman,0.667
cionnnn➰,pip2nd🧿,0.7294
cionnnn➰,pisangambon,0.7779
cionnnn➰,piscesmod,0.6581
cionnnn➰,praditailhm_,0.7088
cionnnn➰,put,0.8971
cionnnn➰,rahmat kartolo,0.6832
cionnnn➰,railfans ngapak🅥,0.6898
cionnnn➰,regialparij,0.7425
cionnnn➰,rempeyek_500🌊,0.757
cionnnn➰,rfky,0.7099
cionnnn➰,rijakipp,0.765
cionnnn➰,rivann.ahah,0.7086
cionnnn➰,rpk1,0.7335
cionnnn➰,ryy_,0.6949
cionnnn➰,rℹ️k🅾️🅾️🅾️,0.6847
cionnnn➰,s u m m e r .,0.7174
cionnnn➰,satria 🙌,0.7472
cionnnn➰,satyaa ✦,0.7786
cionnnn➰,sendiiisen©📍,0.694
cionnnn➰,si kucing,0.7882
cionnnn➰,single era,0.6764
cionnnn➰,sleep the saunt,0.6987
cionnnn➰,sn0w,0.6597
cionnnn➰,sopo》,0.6671
cionnnn➰,stecu💤,0.7206
cionnnn➰,superman,0.6787
cionnnn➰,syaf__👾👾,0.7173
cionnnn➰,talasku99,0.7052
cionnnn➰,tam,0.7435
cionnnn➰,tangrajinngaji,0.6851
cionnnn➰,teteh_jawa,0.7105
cionnnn➰,the last good man,0.6711
cionnnn➰,tofik.putra17,0.7893
cionnnn➰,user13463#457344,0.6735
cionnnn➰,user7098643456,0.7366
cionnnn➰,van pablo,0.6546
cionnnn➰,viann,0.6969
cionnnn➰,vinss,0.7027
cionnnn➰,vittss..,0.7399
cionnnn➰,vnn$fomo,0.7251
cionnnn➰,wong elek,0.6648
cionnnn➰,wongwonganmumet,0.8356
cionnnn➰,ws🪩,0.7579
cionnnn➰,wzrd,0.7505
cionnnn➰,yanuar,0.6803
cionnnn➰,yyy,0.6824
cionnnn➰,y💥💯                😛,0.7886
cionnnn➰,z4kk🇦🇱🇦🇱,0.7743
cionnnn➰,zaall,0.7732
cionnnn➰,zain,0.756
cionnnn➰,zaka.ya,0.7089
cionnnn➰,zeniperr,0.6997
cionnnn➰,zppcx,0.6859
cionnnn➰,zrill🇦🇱🇦🇱,0.7324
cionnnn➰,zrill💥,0.6738
cionnnn➰,ɴᴀᴛ,0.7537
cionnnn➰,˚ ༘ 🦕𖦹⋆｡˚,0.6686
cionnnn➰,فەیزال,0.6963
cionnnn➰,เςคภ,0.6873
cionnnn➰,່ ‍ a,0.6582
cionnnn➰,ᴘɪᴋᴀғʀɪᴇᴅᴄʜɪᴄᴋᴇɴ,0.72
cionnnn➰,™.yunz ★ 447.¥,0.6531
cionnnn➰,⋇⋆✦chelsea ♛┈⛧♡,0.7067
cionnnn➰,★,0.7278
cionnnn➰,☝️👌👌cc,0.6636
cionnnn➰,⛓️,0.6547
cionnnn➰,✧saged🌊,0.6654
cionnnn➰,ザキ・アルディアンシア,0.6892
cionnnn➰,꧁epep꧂,0.6704
cionnnn➰,윙고🇲🇨🇰🇷,0.6603
cionnnn➰,️dika_sajah,0.8416
cionnnn➰,￴,0.7288
cionnnn➰,￴￴,0.6638
cionnnn➰,𝘼𝙇𝙃𝘼𝙆𝙄𝙈𝙕,0.6532
cionnnn➰,𝙖𝙩𝙨𝙨,0.7071
cionnnn➰,𝙡𝙚𝙣𝙜,0.7444
cionnnn➰,𝙧𝙖𝙙𝙚𝙣𝙣𝙠𝙪𝙘𝙞𝙩𝙩🌊,0.6861
cionnnn➰,💋,0.7361
cionnnn➰,🕊,0.7192
cionnnn➰,😡,0.681
citra_fiani,idk,0.7738
citra_fiani,kii,0.6889
citra_fiani,nansya ahsh,0.708
citra_fiani,nuuuu,0.6631
citra_fiani,opetporeperr,0.6952
citra_fiani,rizky030313,0.6605
citra_fiani,tito🤠,0.6702
citra_fiani,wh0,0.6855
cupapimunyenyoo,danzzz,0.6675
cupapimunyenyoo,deeka ada e nya,0.6569
cupapimunyenyoo,dwi reny makmoy makm,0.677
cupapimunyenyoo,edhy soekamto,0.6735
cupapimunyenyoo,faiz,0.6784
cupapimunyenyoo,garangan mulet,0.6615
cupapimunyenyoo,"gzzz,💤",0.658
cupapimunyenyoo,hanipipipip,0.7135
cupapimunyenyoo,haqyy🐾,0.6751
cupapimunyenyoo,ig: ?,0.6536
cupapimunyenyoo,ig: nan_sgaa,0.6807
cupapimunyenyoo,ininaufal,0.7359
cupapimunyenyoo,inyong,0.6536
cupapimunyenyoo,izz_sjlh🀄,0.6507
cupapimunyenyoo,jazkyy1233,0.653
cupapimunyenyoo,keee keee,0.6546
cupapimunyenyoo,kiking,0.6894
cupapimunyenyoo,kkpann!,0.6689
cupapimunyenyoo,lah iya,0.6602
cupapimunyenyoo,losemyself,0.6501
cupapimunyenyoo,mulyati,0.6644
cupapimunyenyoo,panggil vans✌️,0.6637
cupapimunyenyoo,pdpputragemilang!,0.6784
cupapimunyenyoo,pip2nd🧿,0.7443
cupapimunyenyoo,raa 👧🏻,0.6518
cupapimunyenyoo,railfans ngapak🅥,0.7177
cupapimunyenyoo,sabiantiwulariata,0.7491
cupapimunyenyoo,vinss,0.6781
cupapimunyenyoo,vnn$fomo,0.7147
cupapimunyenyoo,wdyt_,0.6586
cupapimunyenyoo,weird zeze🇩🇪,0.6979
cupapimunyenyoo,xlx🇮🇲,0.6668
cupapimunyenyoo,zain,0.7382
cupapimunyenyoo,ziee_1901,0.7583
cupapimunyenyoo,𓏵,0.6599
cupapimunyenyoo,𝖗𝖎𝖟𝖝𝖈𝖔🇦🇱,0.6924
cyluck,ewong...,0.6751
cyluck,g,0.6701
cyluck,inieidan,0.679
cyluck,꧁epep꧂,0.6523
cyluck,𝘼𝙇𝙃𝘼𝙆𝙄𝙈𝙕,0.6712
cyy,d forr,0.6774
cyy,danzz,0.6722
cyy,dea,0.732
cyy,deboy,0.6959
cyy,deliciousrull,0.6738
cyy,dzky.,0.6552
cyy,"elan jangan nakal ya, iya mah",0.6785
cyy,federico,0.7138
cyy,frhnbaeω,0.7259
cyy,hanifnur,0.7197
cyy,icin,0.6932
cyy,ig:amrizalss,0.6725
cyy,iyann noverse ☄️🪐,0.7717
cyy,jarot bae,0.6749
cyy,khaa : akun business 🪐 💵,0.7036
cyy,kizy🇦🇱,0.764
cyy,kmu gpp zaa?,0.668
cyy,maa....,0.6689
cyy,mamaz ap,0.7721
cyy,maswilll,0.6998
cyy,mrco,0.6806
cyy,nafz?yakena😹🤓🤭😋,0.7254
cyy,ndaru,0.6881
cyy,nha_nha88,0.7538
cyy,p!n,0.7073
cyy,rian(rivan fian),0.7141
cyy,saitama.botak6,0.6509
cyy,spilloutfittrendy,0.7013
cyy,tole bf official316,0.6552
cyy,wiwut,0.698
cyy,"wong""plosok",0.7
cyy,xy_don🚀,0.6938
cyy,yoo🅰️jahh,0.7369
cyy,zexx'777,0.7684
cyy,zouheir.yaz_ze,0.6539
cyy,zye hehe,0.7251
cyy,˚꩜｡⋆˚࿔ 𝔂𝓪𝔂𝓪 𝜗𝜚˚⋆🧸ྀི,0.701
cyy,୭୧🦢,0.6588
cyy,𝕬𝖟𝖐𝖆 𝖋𝖔𝖗 𝖞𝖔𝖚,0.73
cyy,𝙎𝘽𝙎 001_𝙨𝙠𝙖𝙮 𝙮𝙚𝙡𝙤𝙬,0.6662
cyy,🎀sheila||suka ngonten🎀,0.7333
cyy,💥,0.7408
c✌🏻tur🌊,dedi intan,0.6619
c✌🏻tur🌊,deni,0.6811
c✌🏻tur🌊,dhafin &aja (@#),0.691
c✌🏻tur🌊,dip_16,0.7301
c✌🏻tur🌊,fahri..☘️☘️,0.6811
c✌🏻tur🌊,"fendaaa,,",0.6582
c✌🏻tur🌊,hamz storee,0.6772
c✌🏻tur🌊,jok,0.6573
c✌🏻tur🌊,joller🇦🇱,0.691
c✌🏻tur🌊,king persija,0.6609
c✌🏻tur🌊,na.,0.6999
c✌🏻tur🌊,ngọc,0.6542
c✌🏻tur🌊,nyong,0.691
c✌🏻tur🌊,p1n,0.6856
c✌🏻tur🌊,parell✈️💤,0.691
c✌🏻tur🌊,pdpputragemilang!,0.6885
c✌🏻tur🌊,pikaars?,0.7473
c✌🏻tur🌊,proo,0.691
c✌🏻tur🌊,rass.,0.691
c✌🏻tur🌊,ristiana08,0.7565
c✌🏻tur🌊,rmdn,0.7031
c✌🏻tur🌊,sestu,0.6573
c✌🏻tur🌊,sucilestaripp_08,0.6734
c✌🏻tur🌊,syakila pbg,0.6573
c✌🏻tur🌊,syaqella,0.7565
c✌🏻tur🌊,tll,0.6819
c✌🏻tur🌊,wisnu krishna,0.6819
c✌🏻tur🌊,wong gringsing,0.6573
c✌🏻tur🌊,yuliazaa,0.6607
c✌🏻tur🌊,y🅰️hya?,0.7301
c✌🏻tur🌊,น้ำอุ่น กัญญาภัทร เต๊กอ๋อต้ง,0.6607
c✌🏻tur🌊,່,0.691
c✌🏻tur🌊,✧-ta_kepkat,0.6723
c✌🏻tur🌊,❤️💛💚,0.6852
c✌🏻tur🌊,𝑦𝑦𝑦𝑦,0.7301
c✌🏻tur🌊,𝗕𝗠𝗞𝗚,0.691
c✌🏻tur🌊,𝘁𝗿ē𝗻𝗱à𝗻𝘇𝘅,0.691
c✌🏻tur🌊,🌵dnd's_mom🌵,0.7204
c✌🏻tur🌊,💫,0.7034
c✌🏻tur🌊,🔥theeam3ll⚡,0.6966
d forr,dea,0.6993
d forr,dzky.,0.6574
d forr,"elan jangan nakal ya, iya mah",0.6933
d forr,federico,0.7406
d forr,frhnbaeω,0.703
d forr,hanifnur,0.6556
d forr,iyann noverse ☄️🪐,0.7603
d forr,jarot bae,0.685
d forr,kall,0.6796
d forr,khaa : akun business 🪐 💵,0.7572
d forr,kizy🇦🇱,0.6657
d forr,kmu gpp zaa?,0.6964
d forr,maa....,0.7356
d forr,mamaz ap,0.7855
d forr,maswilll,0.7265
d forr,maypen🍉,0.6607
d forr,nafz?yakena😹🤓🤭😋,0.6726
d forr,nha_nha88,0.7643
d forr,r e t z,0.7461
d forr,ramadani🌀,0.7139
d forr,rian(rivan fian),0.7273
d forr,ririss,0.6505
d forr,saitama.botak6,0.6843
d forr,sandhi686,0.7105
d forr,se'pull_maxwill,0.7623
d forr,spilloutfittrendy,0.7395
d forr,tem - tem★★★,0.6919
d forr,"wong""plosok",0.6839
d forr,xy_don🚀,0.7439
d forr,zexx'777,0.7005
d forr,zye hehe,0.7891
d forr,ɓøɓ mārlɛƴ!!⛓️,0.6712
d forr,˚꩜｡⋆˚࿔ 𝔂𝓪𝔂𝓪 𝜗𝜚˚⋆🧸ྀི,0.6795
d forr,⭐zka,0.7752
d forr,𝕬𝖟𝖐𝖆 𝖋𝖔𝖗 𝖞𝖔𝖚,0.6977
d forr,𝘾𝙖𝙡𝙤𝙣 𝙃𝘼𝙅𝙄,0.6801
d forr,𝙎𝘽𝙎 001_𝙨𝙠𝙖𝙮 𝙮𝙚𝙡𝙤𝙬,0.7158
d4nnnnn23_4,danu.,0.6791
d4nnnnn23_4,dhanadut_bae16💤,0.6608
d4nnnnn23_4,dimzz.stecu(setelan.cuwek💢🥶),0.6506
d4nnnnn23_4,donz2nd,0.6567
d4nnnnn23_4,dwk,0.6798
d4nnnnn23_4,dín dlgk?,0.6763
d4nnnnn23_4,dɹısɐɐɐ,0.6744
d4nnnnn23_4,el smile,0.6584
d4nnnnn23_4,espede racing,0.6612
d4nnnnn23_4,faiqqqqqqq,0.804
d4nnnnn23_4,farrel,0.6718
d4nnnnn23_4,febriansyah,0.6788
d4nnnnn23_4,fens nasa 🇺🇸🚀,0.6973
d4nnnnn23_4,ffi🕷️,0.687
d4nnnnn23_4,fikaa,0.7188
d4nnnnn23_4,fi🅰️n6️⃣,0.7358
d4nnnnn23_4,fwarelll123,0.6518
d4nnnnn23_4,genjur,0.6778
d4nnnnn23_4,genzzz,0.7465
d4nnnnn23_4,hibban∆,0.6523
d4nnnnn23_4,hii i'm bayy.,0.6508
d4nnnnn23_4,hαpiz_boyss⚡,0.7277
d4nnnnn23_4,im.p4yeng!!,0.673
d4nnnnn23_4,inieidan,0.719
d4nnnnn23_4,jagoan orangtua,0.6609
d4nnnnn23_4,javrr⚡,0.7001
d4nnnnn23_4,jdr,0.6713
d4nnnnn23_4,just friend🙂,0.6812
d4nnnnn23_4,kib3nk_ta,0.7091
d4nnnnn23_4,"kicau mania""😷✌",0.6742
d4nnnnn23_4,kojek,0.7194
d4nnnnn23_4,l4nkk,0.6963
d4nnnnn23_4,lah?kenapa?,0.6675
d4nnnnn23_4,lihgal18,0.6587
d4nnnnn23_4,mhrullam,0.7119
d4nnnnn23_4,mmmmm,0.7271
d4nnnnn23_4,mommy bibiel,0.7207
d4nnnnn23_4,muhammadchilung,0.7408
d4nnnnn23_4,nadhiff👾,0.6512
d4nnnnn23_4,narti,0.682
d4nnnnn23_4,narzz🌊🌊,0.6618
d4nnnnn23_4,neyymar kee jakarta,0.7549
d4nnnnn23_4,nnaann🔫,0.6664
d4nnnnn23_4,p4tooookkkk,0.6751
d4nnnnn23_4,pisangambon,0.6539
d4nnnnn23_4,praditailhm_,0.66
d4nnnnn23_4,put,0.6689
d4nnnnn23_4,qila012,0.6687
d4nnnnn23_4,r,0.7686
d4nnnnn23_4,raf,0.6539
d4nnnnn23_4,rℹ️k🅾️🅾️🅾️,0.6887
d4nnnnn23_4,satria 🙌,0.7091
d4nnnnn23_4,secccfldsuuu21,0.6522
d4nnnnn23_4,sendiiisen©📍,0.7465
d4nnnnn23_4,set? iy syng,0.6593
d4nnnnn23_4,stecu💤,0.7191
d4nnnnn23_4,syaf__👾👾,0.6645
d4nnnnn23_4,talasku99,0.651
d4nnnnn23_4,tam,0.6544
d4nnnnn23_4,tangrajinngaji,0.683
d4nnnnn23_4,tofik.putra17,0.6856
d4nnnnn23_4,user13463#457344,0.6819
d4nnnnn23_4,va 17hd,0.69
d4nnnnn23_4,van pablo,0.6516
d4nnnnn23_4,viann,0.6654
d4nnnnn23_4,vittss..,0.7191
d4nnnnn23_4,wiindoc,0.6675
d4nnnnn23_4,wo,0.7165
d4nnnnn23_4,wong elek,0.6666
d4nnnnn23_4,ws🪩,0.7478
d4nnnnn23_4,wzrd,0.6594
d4nnnnn23_4,z4kk🇦🇱🇦🇱,0.7052
d4nnnnn23_4,zarr★,0.6628
d4nnnnn23_4,zrill🇦🇱🇦🇱,0.7024
d4nnnnn23_4,˚ ༘ 🦕𖦹⋆｡˚,0.7238
d4nnnnn23_4,فەیزال,0.668
d4nnnnn23_4,⋇⋆✦chelsea ♛┈⛧♡,0.7271
d4nnnnn23_4,✧saged🌊,0.7725
d4nnnnn23_4,ザキ・アルディアンシア,0.6982
d4nnnnn23_4,윙고🇲🇨🇰🇷,0.735
d4nnnnn23_4,️dika_sajah,0.6797
d4nnnnn23_4,￴,0.7172
d4nnnnn23_4,￴￴,0.7176
d4nnnnn23_4,𝐫𝐢𝐝𝐨𝐨🕊️,0.6503
d4nnnnn23_4,𝕶𝖞𝖓𝖟𝖟,0.681
d4nnnnn23_4,𝙋𝙍𝙄𝙉𝘾𝙀 15,0.7549
d4nnnnn23_4,𝙡𝙚𝙣𝙜,0.7572
d4nnnnn23_4,𝙧𝙖𝙙𝙚𝙣𝙣𝙠𝙪𝙘𝙞𝙩𝙩🌊,0.6512
d4nnnnn23_4,🐣,0.7172
d4nnnnn23_4,💋,0.661
d4nnnnn23_4,🔴⚪,0.6882
d4nnnnn23_4,🕊,0.7031
dafz second trifth19,daniiii,0.6787
dafz second trifth19,devannn,0.7153
dafz second trifth19,duwiii,0.6787
dafz second trifth19,enaksekali,0.6787
dafz second trifth19,fernanda,0.6787
dafz second trifth19,firmannnnnnnn,0.6787
dafz second trifth19,i'szz?!,0.7001
dafz second trifth19,kenzo.s.m.z,0.6787
dafz second trifth19,n4uf@l 4j4,0.6539
dafz second trifth19,nycxstore,0.6911
dafz second trifth19,p4n_🤷‍♂️🤷‍♂️,0.6516
dafz second trifth19,rezx2nd,0.6787
dafz second trifth19,riff,0.6787
dafz second trifth19,scorpio🦂,0.6787
dafz second trifth19,user180110321611,0.6546
dafz second trifth19,vann 🌳,0.6581
dafz second trifth19,ye,0.7217
dani sigma14,kkpann!,0.6896
dani sigma14,masayu,0.6541
dani sigma14,nnaann🔫,0.7474
dani sigma14,ojann v2,0.6659
dani sigma14,qila012,0.6693
dani sigma14,rempeyek_500🌊,0.7021
dani sigma14,sleep the saunt,0.6607
dani sigma14,user1233833380586,0.6867
dani sigma14,user7098643456,0.6894
dani sigma14,꧁epep꧂,0.6587
dani sigma14,￴,0.7111
danii,danu.,0.6629
danii,dhellaxriigod,0.7667
danii,dian030301_ prayogi,0.6525
danii,dilahhh,0.7129
danii,donz2nd,0.6838
danii,dubidubidam5,0.7642
danii,dwi reny makmoy makm,0.6986
danii,dwk,0.6574
danii,dân stfu⸸,0.6664
danii,dín dlgk?,0.6758
danii,dɹısɐɐɐ,0.7129
danii,edhy soekamto,0.7991
danii,ens,0.7201
danii,er,0.695
danii,espede racing,0.7037
danii,ffi🕷️,0.7342
danii,fin.,0.6628
danii,genjur,0.7035
danii,hermanto,0.6826
danii,hibban∆,0.7286
danii,hαpiz_boyss⚡,0.6586
danii,ibunya ragaf,0.6822
danii,ig : d4haas.👾,0.7063
danii,ig | im_alzz,0.6634
danii,ikhsan hair,0.6687
danii,im.p4yeng!!,0.6637
danii,inisial.b,0.6817
danii,iqqq⚡⚡,0.6565
danii,javrr⚡,0.7019
danii,jepri night🦸,0.7334
danii,juvvv,0.6836
danii,kang bahar,0.6689
danii,kian santang,0.6552
danii,kii,0.6696
danii,kin_💫,0.6935
danii,lah?kenapa?,0.7476
danii,lele_byakar@gmail.comm,0.6583
danii,mas_dawet,0.694
danii,masayu,0.6804
danii,mommy bibiel,0.6605
danii,mvinta,0.6795
danii,nnaann🔫,0.7038
danii,nobody,0.6575
danii,nur fadil,0.6551
danii,padil,0.6813
danii,pak haji sara,0.7045
danii,pip2nd🧿,0.7597
danii,pisangambon,0.6551
danii,piscesmod,0.7072
danii,praditailhm_,0.6866
danii,princess 💅,0.656
danii,put,0.7709
danii,qila012,0.6766
danii,raffiii162,0.6568
danii,regialparij,0.7361
danii,rempeyek_500🌊,0.7367
danii,rfky,0.814
danii,rijakipp,0.6927
danii,rℹ️k🅾️🅾️🅾️,0.6631
danii,sabitulyz,0.6595
danii,safi,0.6587
danii,sara ariska,0.6532
danii,satria 🙌,0.6914
danii,satyaa ✦,0.7318
danii,sendiiisen©📍,0.6625
danii,set? iy syng,0.6722
danii,si kucing,0.7776
danii,stecu💤,0.752
danii,taxi barang purwokerto,0.6772
danii,tofik.putra17,0.6587
danii,user7098643456,0.701
danii,va 17hd,0.6637
danii,viann,0.6953
danii,vittss..,0.6652
danii,vnn$fomo,0.6535
danii,wongwonganmumet,0.704
danii,ws🪩,0.6536
danii,wzrd,0.7015
danii,yyy,0.7107
danii,y💥💯                😛,0.7156
danii,z4kk🇦🇱🇦🇱,0.7085
danii,zaall,0.7377
danii,zain,0.6908
danii,zazamm,0.6712
danii,zeniperr,0.734
danii,ɴᴀᴛ,0.6726
danii,˚ ༘ 🦕𖦹⋆｡˚,0.7276
danii,️dika_sajah,0.7276
danii,￴,0.6566
danii,𝙡𝙚𝙣𝙜,0.7042
danii,𝙧𝙖𝙙𝙚𝙣𝙣𝙠𝙪𝙘𝙞𝙩𝙩🌊,0.662
danii,💋,0.7839
danii,🕊,0.7199
danii,😡,0.6583
daniiii,derasah,0.7107
daniiii,desttt_,0.6798
daniiii,devannn,0.8518
daniiii,dewoel,0.6867
daniiii,dheebu,0.8452
daniiii,diah sri972,0.8452
daniiii,duwiii,1.0
daniiii,dwisetyarinii,0.7107
daniiii,enaksekali,1.0
daniiii,enjoyss,0.7261
daniiii,excel😶‍🌫️            akun №1,0.785
daniiii,fernanda,1.0
daniiii,firmannnnnnnn,1.0
daniiii,fittdos,0.7107
daniiii,fzryyyy,0.7054
daniiii,gl badax,0.8452
daniiii,haniiif,0.8452
daniiii,ig: ryaaa.06_,0.7528
daniiii,iin,0.8452
daniiii,indomaret 24 jam,0.7184
daniiii,juprianto anto,0.7107
daniiii,kd urng ya,0.8452
daniiii,kembali datang,0.7261
daniiii,kenzo.s.m.z,1.0
daniiii,lakmen,0.6874
daniiii,luthfyyy,0.7107
daniiii,mahendri,0.6602
daniiii,mas_drun,0.7107
daniiii,n4uf@l 4j4,0.72
daniiii,nanangmungils1,0.8452
daniiii,nipzzz,0.7549
daniiii,nycxstore,0.6549
daniiii,ovl,0.7528
daniiii,panzskbd,0.8452
daniiii,pikaars?,0.6747
daniiii,rezx2nd,1.0
daniiii,riff,1.0
daniiii,sannzxkce,0.6708
daniiii,satriaaa,0.7639
daniiii,scorpio🦂,1.0
daniiii,sinfloww,0.7107
daniiii,tri yulianti,0.8452
daniiii,vann 🌳,0.7717
daniiii,veri ramandani18,0.7107
daniiii,ye,0.6851
daniiii,⠀ ⠀ ⠀ ⠀ ⠀᠌,0.8452
daniiii,🄱🄰🅈🅄🄸🄽🄳🄰🄷🄾🄵🄵🅂🄴🅃,0.7271
daniiii,🌵dnd's_mom🌵,0.6685
daniiii,🐚🫧🪩,0.6677
danu.,dhanadut_bae16💤,0.6698
danu.,dhellaxriigod,0.6733
danu.,dilahhh,0.725
danu.,donz2nd,0.7218
danu.,dubidubidam5,0.6859
danu.,dwi reny makmoy makm,0.6757
danu.,dwk,0.7463
danu.,dân stfu⸸,0.6919
danu.,dɹısɐɐɐ,0.742
danu.,edhy soekamto,0.655
danu.,ens,0.7484
danu.,espede racing,0.6949
danu.,farrel,0.7522
danu.,ffi🕷️,0.7783
danu.,genjur,0.775
danu.,genzzz,0.6639
danu.,hamzzstecu,0.6817
danu.,hermanto,0.674
danu.,hpiss,0.6703
danu.,hαpiz_boyss⚡,0.7206
danu.,ibunya ragaf,0.7021
danu.,ig : d4haas.👾,0.6934
danu.,ig:4ufa_l,0.6744
danu.,im.p4yeng!!,0.6782
danu.,jagoan orangtua,0.6981
danu.,javrr⚡,0.721
danu.,jepri night🦸,0.7369
danu.,kian santang,0.6757
danu.,kkpann!,0.6669
danu.,kojek,0.704
danu.,l4nkk,0.6706
danu.,lah iya,0.653
danu.,lah?kenapa?,0.7342
danu.,lele_byakar@gmail.comm,0.6734
danu.,lihgal18,0.6691
danu.,masayu,0.6945
danu.,mawar hitam 🌹🗡️,0.6632
danu.,mhrullam,0.684
danu.,mmmmm,0.6597
danu.,mommy bibiel,0.6742
danu.,muhammadchilung,0.7182
danu.,mvinta,0.7025
danu.,naa_,0.6563
danu.,nadhiff👾,0.6745
danu.,narzz🌊🌊,0.6793
danu.,nnaann🔫,0.6989
danu.,nobody,0.6892
danu.,p4tooookkkk,0.6926
danu.,pak haji,0.6547
danu.,pak haji sara,0.6516
danu.,piscesmod,0.6921
danu.,praditailhm_,0.6772
danu.,put,0.7826
danu.,qila012,0.6934
danu.,rahmat kartolo,0.6832
danu.,rivann.ahah,0.6814
danu.,rpk1,0.6573
danu.,rℹ️k🅾️🅾️🅾️,0.7019
danu.,satria 🙌,0.7632
danu.,scc winoww,0.7007
danu.,scc.,0.6662
danu.,secccfldsuuu21,0.6536
danu.,sendiiisen©📍,0.6926
danu.,set? iy syng,0.6968
danu.,stecu💤,0.6946
danu.,tangrajinngaji,0.7365
danu.,taxi barang purwokerto,0.6531
danu.,teteh_jawa,0.6579
danu.,tofik.putra17,0.6972
danu.,user13463#457344,0.6672
danu.,user7098643456,0.694
danu.,van pablo,0.7206
danu.,vanooo,0.7445
danu.,varkon🚀🚀,0.6625
danu.,viann,0.6804
danu.,wong elek,0.6875
danu.,wongwonganmumet,0.7658
danu.,ws🪩,0.6851
danu.,wzrd,0.7542
danu.,yesakiw,0.7172
danu.,yogaaa21,0.6589
danu.,y💥💯                😛,0.661
danu.,z4kk🇦🇱🇦🇱,0.7225
danu.,zaall,0.6718
danu.,zain,0.6505
danu.,zaka.ya,0.7048
danu.,zeniperr,0.7171
danu.,zrill🇦🇱🇦🇱,0.7333
danu.,àlwàysdip,0.675
danu.,˚ ༘ 🦕𖦹⋆｡˚,0.6899
danu.,فەیزال,0.7049
danu.,™.yunz ★ 447.¥,0.6768
danu.,윙고🇲🇨🇰🇷,0.7427
danu.,️dika_sajah,0.7614
danu.,￴,0.7229
danu.,￴ ￴ ￴  ￴ ￴ ￴ ￴ ￴,0.6614
danu.,￴￴,0.7252
danu.,𝐫𝐢𝐝𝐨𝐨🕊️,0.6732
danu.,𝑱𝒖𝒍𝒊𝒂𝒏𝒏𝒏,0.6668
danu.,𝕳𝕬𝕴𝕶𝕬𝕷 𝖁1,0.7005
danu.,𝘿𝙚𝙣,0.6522
danu.,𝙋𝙍𝙄𝙉𝘾𝙀 15,0.6516
danu.,𝙡𝙚𝙣𝙜,0.7188
danu.,𝙧𝙖𝙙𝙚𝙣𝙣𝙠𝙪𝙘𝙞𝙩𝙩🌊,0.669
danu.,💋,0.8222
danu.,🔴⚪,0.6643
danu.,🕊,0.769
danu.,😡,0.737
danzooo,deboy,0.6983
danzooo,desttt_,0.7299
danzooo,dewoel,0.6749
danzooo,dheebu,0.7016
danzooo,diah sri972,0.7016
danzooo,excel😶‍🌫️            akun №1,0.6635
danzooo,fz,0.6669
danzooo,gl badax,0.7016
danzooo,haniiif,0.7016
danzooo,i'szz?!,0.6728
danzooo,iin,0.7016
danzooo,kd urng ya,0.7016
danzooo,mahendri,0.653
danzooo,mei meido x kakure meme,0.6986
danzooo,mohammadriski077,0.6681
danzooo,n4uf@l 4j4,0.7455
danzooo,nanangmungils1,0.7016
danzooo,nipzzz,0.6917
danzooo,p!n,0.6534
danzooo,panzskbd,0.7016
danzooo,r 4 5 ya,0.6852
danzooo,sannzxkce,0.6772
danzooo,tri yulianti,0.7016
danzooo,ye,0.7235
danzooo,zaza,0.6913
danzooo,⠀ ⠀ ⠀ ⠀ ⠀᠌,0.7016
danzooo,レザ,0.6782
danzooo,𝕱_v2,0.6687
danzooo,🄱🄰🅈🅄🄸🄽🄳🄰🄷🄾🄵🄵🅂🄴🅃,0.6867
danzooo,🐚🫧🪩,0.6688
danzz,dea,0.7021
danzz,do,0.6772
danzz,"elan jangan nakal ya, iya mah",0.738
danzz,hanifnur,0.6895
danzz,i j a l,0.6718
danzz,keee keee,0.7005
danzz,kizy🇦🇱,0.6989
danzz,m. rizqi_,0.6502
danzz,mamaz ap,0.701
danzz,mrco,0.6779
danzz,ndaru,0.6795
danzz,nha_nha88,0.7156
danzz,r e t z,0.7029
danzz,reendstore,0.7211
danzz,ririss,0.6943
danzz,saitama.botak6,0.7233
danzz,sandhi686,0.7122
danzz,spilloutfittrendy,0.7409
danzz,sri66790,0.6728
danzz,tem - tem★★★,0.6612
danzz,tole bf official316,0.715
danzz,userr4532552,0.7253
danzz,van pablo,0.67
danzz,wong kene bae,0.7161
danzz,"wong""plosok",0.7483
danzz,xy_don🚀,0.6771
danzz,˚꩜｡⋆˚࿔ 𝔂𝓪𝔂𝓪 𝜗𝜚˚⋆🧸ྀི,0.7447
danzz,𝕬𝖟𝖐𝖆 𝖋𝖔𝖗 𝖞𝖔𝖚,0.6762
danzz,𝘾𝙖𝙡𝙤𝙣 𝙃𝘼𝙅𝙄,0.7202
danzz,🆘,0.7847
danzzz,dilzz v2,0.7007
danzzz,dly,0.8332
danzzz,dwi reny makmoy makm,0.6795
danzzz,edhy soekamto,0.681
danzzz,fafang🕷️,0.6673
danzzz,faiz,0.849
danzzz,fauzannn,0.661
danzzz,garangan mulet,0.7226
danzzz,hanipipipip,0.6736
danzzz,hilman,0.716
danzzz,hpiss,0.6746
danzzz,ibunya ragaf,0.6848
danzzz,ig: ?,0.718
danzzz,inyong,0.718
danzzz,jazkyy1233,0.6542
danzzz,joviinantaaaa,0.6688
danzzz,jun santuy,0.7706
danzzz,juvvv,0.6743
danzzz,"kaa,a",0.7022
danzzz,keee keee,0.7721
danzzz,kelzy24,0.6506
danzzz,kevin,0.652
danzzz,kiking,0.7492
danzzz,kuwi4526,0.6589
danzzz,l3o m,0.7734
danzzz,l4ngz_strong,0.6943
danzzz,lah iya,0.7086
danzzz,m. rizqi_,0.6821
danzzz,masjack3195,0.6539
danzzz,mbahnya nafisha dan sava,0.6896
danzzz,mengomentari postingan anda,0.7262
danzzz,mnopqrst,0.6622
danzzz,muhamad rian,0.7412
danzzz,mynnn,0.7563
danzzz,nar setecu🌀💤🌊,0.6882
danzzz,naufabyktsr,0.7417
danzzz,nick!!!,0.66
danzzz,nitalifa,0.6561
danzzz,nobody,0.6751
danzzz,nuuuuu,0.836
danzzz,p4tooookkkk,0.6504
danzzz,pak haji,0.6838
danzzz,pak haji sara,0.7642
danzzz,panggil vans✌️,0.7976
danzzz,pecey yeye,0.6943
danzzz,pip2nd🧿,0.7085
danzzz,r4ndsyh,0.7142
danzzz,railfans ngapak🅥,0.6702
danzzz,reendstore,0.6829
danzzz,rizzstecu✌️,0.7133
danzzz,rzl,0.6638
danzzz,sabiantiwulariata,0.705
danzzz,sapa bae,0.6581
danzzz,say,0.7375
danzzz,sayaangaenii❤️‍🔥,0.6857
danzzz,scc.,0.6806
danzzz,secccfldsuuu21,0.7188
danzzz,septiana,0.6517
danzzz,sopo》,0.7072
danzzz,taxi barang purwokerto,0.6648
danzzz,tinnyee,0.7348
danzzz,username12375,0.6639
danzzz,uuppio,0.7227
danzzz,weird zeze🇩🇪,0.653
danzzz,xlx🇮🇲,0.7429
danzzz,yaraaayaaaa,0.7255
danzzz,yogaaa21,0.6675
danzzz,zain,0.6905
danzzz,zaka.ya,0.6649
danzzz,zannn,0.7139
danzzz,zrill💥,0.7407
danzzz,~~boyszzarddd~~ardboysss🇦🇱🪩,0.7417
danzzz,▪️,0.7483
danzzz,♥,0.662
danzzz,𝓝𝓪𝔂𝓵𝓪_𝓓.𝓐,0.705
danzzz,𝕳𝕬𝕴𝕶𝕬𝕷 𝖁1,0.7388
danzzz,𝘿𝙚𝙣,0.6708
danzzz,𝙾𝚛𝚢𝚣𝚊 𝚂𝚊𝚝𝚒𝚟𝚊 🌾,0.6858
danzzz,🐦,0.6922
danzzz,👻hsb👻,0.7993
danzzz,👾,0.836
danzzz,🧋,0.679
danzz💤,f jr😺,0.6601
danzz💤,mallbelajarbaik,0.6881
danzz💤,🎀sheila||suka ngonten🎀,0.6643
davaaa,dvindylndra,0.674
davaaa,dzikriibrgzazdn,0.6655
davaaa,ewong...,0.6636
davaaa,faaa12,0.6665
davaaa,fann,0.6617
davaaa,farrel,0.7417
davaaa,ffi🕷️,0.6581
davaaa,fiki v1,0.664
davaaa,g,0.7182
davaaa,genjur,0.6727
davaaa,ido.,0.7483
davaaa,kall,0.7691
davaaa,kojek,0.7452
davaaa,maswilll,0.7008
davaaa,nabati,0.6519
davaaa,notzstrongboyss,0.6582
davaaa,orensport,0.6526
davaaa,pdpputragemilang!,0.6539
davaaa,pisangambon,0.6559
davaaa,r e t z,0.6622
davaaa,rian(rivan fian),0.6577
davaaa,rimzsukaessedoublechange🤤,0.7509
davaaa,rmdn,0.6542
davaaa,rpk1,0.6816
davaaa,se'pull_maxwill,0.706
davaaa,single era,0.6695
davaaa,superman,0.6598
davaaa,tika kartika,0.6513
davaaa,topexx11,0.7615
davaaa,wirr tzy,0.6715
davaaa,yanuar,0.6615
davaaa,المجتهد,0.6735
davaaa,เςคภ,0.7987
davaaa,⭐zka,0.7157
davaaa,𝙖𝙩𝙨𝙨,0.6695
davaaa,🔴⚪,0.6541
davaaa,🤴🏽,0.6811
davaaa,🪫,0.7045
de2x.alk1,diditarifin,0.6903
de2x.alk1,dín dlgk?,0.6897
de2x.alk1,f,0.7983
de2x.alk1,fafang🕷️,0.698
de2x.alk1,fakri,0.684
de2x.alk1,f⚡,0.6683
de2x.alk1,gtww,0.6506
de2x.alk1,hii i'm bayy.,0.7027
de2x.alk1,hyan,0.7905
de2x.alk1,hαηs кαккσɪɪ.dnd.,0.6776
de2x.alk1,i,0.7998
de2x.alk1,i j a l,0.6864
de2x.alk1,ifaashion.id,0.6568
de2x.alk1,ig | im_alzz,0.7416
de2x.alk1,inisial.b,0.6687
de2x.alk1,kang bahar,0.6997
de2x.alk1,kruxill🎃,0.6542
de2x.alk1,mama alzak,0.6993
de2x.alk1,mas_dawet,0.6815
de2x.alk1,mawarr,0.8078
de2x.alk1,ndre4you,0.7442
de2x.alk1,nggaaa,0.6864
de2x.alk1,ol²²oy,0.679
de2x.alk1,patirrrv2🖤,0.6634
de2x.alk1,patrick bateman,0.7283
de2x.alk1,penjahat mu,0.759
de2x.alk1,pisangambon,0.6671
de2x.alk1,princess 💅,0.7113
de2x.alk1,raffiii162,0.6519
de2x.alk1,rafyy😹,0.6552
de2x.alk1,ryy_,0.6506
de2x.alk1,rzl,0.6815
de2x.alk1,samshl_22,0.6905
de2x.alk1,sara ariska,0.7139
de2x.alk1,sari 86,0.699
de2x.alk1,sri wahyuningsih,0.7325
de2x.alk1,syaf__👾👾,0.6921
de2x.alk1,trisis,0.6898
de2x.alk1,xspeedx,0.7015
de2x.alk1,yogszz⚡,0.7559
de2x.alk1,yyy,0.6995
de2x.alk1,ᴘɪᴋᴀғʀɪᴇᴅᴄʜɪᴄᴋᴇɴ,0.8038
de2x.alk1,☝️👌👌cc,0.6862
de2x.alk1,⛓️,0.6848
de2x.alk1,✌️,0.7015
de2x.alk1,𝖇𝖎𝖎𝖑𝖆,0.7841
dea,"elan jangan nakal ya, iya mah",0.6943
dea,federico,0.7184
dea,frhnbaeω,0.7425
dea,hanifnur,0.7544
dea,icin,0.7243
dea,iyann noverse ☄️🪐,0.8041
dea,kall,0.6539
dea,khaa : akun business 🪐 💵,0.7572
dea,kizy🇦🇱,0.7188
dea,kmu gpp zaa?,0.7072
dea,maa....,0.7289
dea,mamaz ap,0.7662
dea,maswilll,0.6928
dea,mrco,0.6723
dea,namaku atha,0.7409
dea,ndaru,0.6743
dea,nha_nha88,0.7641
dea,r e t z,0.6943
dea,rian(rivan fian),0.7546
dea,ririss,0.7171
dea,saitama.botak6,0.666
dea,sandhi686,0.6882
dea,spilloutfittrendy,0.7583
dea,tem - tem★★★,0.6922
dea,"wong""plosok",0.7621
dea,xy_don🚀,0.7821
dea,yoo🅰️jahh,0.6706
dea,zexx'777,0.7269
dea,zouheir.yaz_ze,0.6634
dea,zye hehe,0.7605
dea,˚꩜｡⋆˚࿔ 𝔂𝓪𝔂𝓪 𝜗𝜚˚⋆🧸ྀི,0.7298
dea,⭐zka,0.6808
dea,𝕬𝖟𝖐𝖆 𝖋𝖔𝖗 𝖞𝖔𝖚,0.7716
dea,𝘾𝙖𝙡𝙤𝙣 𝙃𝘼𝙅𝙄,0.6901
dea,𝙎𝘽𝙎 001_𝙨𝙠𝙖𝙮 𝙮𝙚𝙡𝙤𝙬,0.7032
deboy,deliciousrull,0.8139
deboy,dewoel,0.6568
deboy,dheebu,0.6757
deboy,diah sri972,0.6757
deboy,duta oghe,0.68
deboy,excel😶‍🌫️            akun №1,0.6637
deboy,gl badax,0.6757
deboy,haniiif,0.6757
deboy,i'szz?!,0.6609
deboy,icin,0.683
deboy,iin,0.6757
deboy,ini punya aku 🤪,0.6621
deboy,iyedd 🪩,0.7447
deboy,kd urng ya,0.6757
deboy,langzz,0.7045
deboy,mahendri,0.6799
deboy,mei meido x kakure meme,0.6789
deboy,n4uf@l 4j4,0.6661
deboy,nanangmungils1,0.6757
deboy,pangeran kodok,0.6511
deboy,panzskbd,0.6757
deboy,risky⛔️🆘️,0.7218
deboy,tokoserbada12,0.7244
deboy,tri yulianti,0.6757
deboy,vanzzz,0.6847
deboy,wawud,0.7302
deboy,wiwut,0.715
deboy,ye,0.6674
deboy,zaza,0.6843
deboy,⠀ ⠀ ⠀ ⠀ ⠀᠌,0.6757
deboy,レザ,0.653
deboy,🎀sheila||suka ngonten🎀,0.6731
deboy,💥,0.7265
deboy,🕸,0.6999
deboy,😂,0.7068
dedi intan,dip_16,0.6647
dedi intan,dvaaa,0.663
dedi intan,hamz storee,0.6593
dedi intan,k        i       a      n    u,0.6772
dedi intan,king persija,0.7337
dedi intan,pdpputragemilang!,0.6678
dedi intan,pikaars?,0.6568
dedi intan,rmdn,0.6621
dedi intan,tll,0.6678
dedi intan,y🅰️hya?,0.6647
dedi intan,z4m,0.6798
dedi intan,كيفان,0.6848
dedi intan,✧-ta_kepkat,0.6637
dedi intan,❤️💛💚,0.6572
dedi intan,𝑦𝑦𝑦𝑦,0.6647
dedi intan,💫,0.6926
dedi intan,🔥theeam3ll⚡,0.6848
deeka ada e nya,dhafin &aja (@#),0.6535
deeka ada e nya,fcknzzshit_,0.7304
deeka ada e nya,garangan mulet,0.6503
deeka ada e nya,gntaa,0.7033
deeka ada e nya,"gzzz,💤",0.6656
deeka ada e nya,izz_sjlh🀄,0.8399
deeka ada e nya,joller🇦🇱,0.6535
deeka ada e nya,kuwi4526,0.8824
deeka ada e nya,mynnn,0.6799
deeka ada e nya,naufabyktsr,0.6569
deeka ada e nya,nyong,0.6535
deeka ada e nya,n⭐👽,0.837
deeka ada e nya,panglima boncoz,0.6694
deeka ada e nya,parell✈️💤,0.6535
deeka ada e nya,proo,0.6535
deeka ada e nya,r4ndsyh,0.6863
deeka ada e nya,rass.,0.6535
deeka ada e nya,rofikkk !!,0.8565
deeka ada e nya,~~boyszzarddd~~ardboysss🇦🇱🪩,0.6569
deeka ada e nya,àlwàysdip,0.7205
deeka ada e nya,່,0.6535
deeka ada e nya,𝖗𝖎𝖟𝖝𝖈𝖔🇦🇱,0.722
deeka ada e nya,𝗕𝗠𝗞𝗚,0.6535
deeka ada e nya,𝘁𝗿ē𝗻𝗱à𝗻𝘇𝘅,0.6535
deeka ada e nya,𝘉𝘐 𝔟𝔢𝔫𝔠𝔦 𝔠𝔦𝔫𝔱𝔞~,0.6717
deeka ada e nya,𝘽𝙚𝙣𝙣𝙣!,0.6549
deeka ada e nya,🐦,0.6505
deliciousrull,duta oghe,0.713
deliciousrull,dzikriibrgzazdn,0.6924
deliciousrull,frhnbaeω,0.654
deliciousrull,icin,0.7241
deliciousrull,ini punya aku 🤪,0.6714
deliciousrull,iyann noverse ☄️🪐,0.7046
deliciousrull,iyedd 🪩,0.7462
deliciousrull,langzz,0.7105
deliciousrull,nafz?yakena😹🤓🤭😋,0.6586
deliciousrull,nayzz🚀,0.6564
deliciousrull,nha_nha88,0.6526
deliciousrull,rian(rivan fian),0.6599
deliciousrull,risky⛔️🆘️,0.7147
deliciousrull,spilloutfittrendy,0.6584
deliciousrull,tokoserbada12,0.6926
deliciousrull,vanzzz,0.7425
deliciousrull,wawud,0.7552
deliciousrull,wiwut,0.748
deliciousrull,yoo🅰️jahh,0.7099
deliciousrull,zexx'777,0.7273
deliciousrull,レザ,0.6846
deliciousrull,💥,0.7038
deliciousrull,🕸,0.6717
deliciousrull,😂,0.7228
deliciousrull,🥷,0.6817
den 🍀,er,0.7099
den 🍀,hpiss,0.6569
den 🍀,ikhsan hair,0.7592
den 🍀,im.p4yeng!!,0.6536
den 🍀,masrianto manalu,0.6722
den 🍀,rahmanpru,0.7613
den 🍀,upin🐼,0.6502
den 🍀,wtf.prilz,0.673
den 🍀,®️e💤🅰️ sur,0.6551
deni,dhafin &aja (@#),0.6951
deni,dip_16,0.8216
deni,ditzzganteng,0.6973
deni,fahri..☘️☘️,1.0
deni,fery ps,0.6541
deni,fuckingawerizsome,0.7683
deni,hamz storee,0.697
deni,ini blue🔵💨,0.7471
deni,jok,0.7412
deni,joller🇦🇱,0.6951
deni,kasnudtone,0.7247
deni,kh,0.7812
deni,king persija,0.7529
deni,na.,0.8465
deni,naufabyktsr,0.6646
deni,noellnr🍒,0.7846
deni,nyong,0.6951
deni,nyong ibaim,0.7269
deni,opangpar,0.6546
deni,p1n,0.8721
deni,pangerankodok77,0.7683
deni,panggil vans✌️,0.7537
deni,parell✈️💤,0.6951
deni,pikaars?,0.7084
deni,proo,0.6951
deni,ranji💤,0.6726
deni,rass.,0.6951
deni,ristiana08,0.652
deni,s. g. t.,0.7787
deni,sestu,0.7412
deni,sucilestaripp_08,0.7558
deni,syakila pbg,0.7412
deni,syaqella,0.652
deni,tll,0.7747
deni,vinza,0.7339
deni,wdyt_,0.7456
deni,wong gringsing,0.7412
deni,yafzz•𝙯𝙤𝙡𝙙𝙮𝙠🔰💤,0.7683
deni,you're okay reszz,0.6517
deni,y🅰️hya?,0.8216
deni,~~boyszzarddd~~ardboysss🇦🇱🪩,0.6646
deni,່,0.6951
deni,✧-ta_kepkat,0.6723
deni,❤️💛💚,0.6759
deni,𓏵,0.6788
deni,𝐀𝐋𝐄𝐗𝐀𝐍𝐃𝐑𝐈𝐀,0.6707
deni,𝑦𝑦𝑦𝑦,0.8216
deni,"𝖂𝖍𝖔'𝕾,𝕭𝖗𝖆𝖓රධ",0.7391
deni,𝗕𝗠𝗞𝗚,0.6951
deni,𝘁𝗿ē𝗻𝗱à𝗻𝘇𝘅,0.6951
deni,🌵dnd's_mom🌵,0.698
deni,👻,0.7019
deni,💫,0.7026
deni,🔥theeam3ll⚡,0.6978
deni,🫧,0.6588
dennbaee,dín dlgk?,0.6678
dennbaee,fcknzzshit_,0.6534
dennbaee,f⚡,0.7052
dennbaee,garangan mulet,0.6557
dennbaee,hpiss,0.6619
dennbaee,hαpiz_boyss⚡,0.6526
dennbaee,i,0.6699
dennbaee,idk,0.7305
dennbaee,ig:4ufa_l,0.6901
dennbaee,kelzy24,0.6542
dennbaee,kii,0.7124
dennbaee,lah iya,0.6692
dennbaee,nansya ahsh,0.673
dennbaee,ndre4you,0.721
dennbaee,nobody,0.6851
dennbaee,nuuuu,0.7411
dennbaee,piscesmod,0.6568
dennbaee,raffiii162,0.6781
dennbaee,ryy_,0.7002
dennbaee,rℹ️k🅾️🅾️🅾️,0.6735
dennbaee,tito cans,0.689
dennbaee,vittss..,0.6514
dennbaee,àlwàysdip,0.704
dennbaee,⛓️,0.6594
dennbaee,𝙾𝚛𝚢𝚣𝚊 𝚂𝚊𝚝𝚒𝚟𝚊 🌾,0.71
derasah,desttt_,0.6863
derasah,dewoel,0.6854
derasah,dheebu,0.8055
derasah,dheevaaaaaaaaaaaaaaaaaaaaa,0.8024
derasah,diah sri972,0.8055
derasah,duwiii,0.7107
derasah,dwisetyarinii,1.0
derasah,enaksekali,0.7107
derasah,enjoyss,0.7804
derasah,excel😶‍🌫️            akun №1,0.7619
derasah,fernanda,0.7107
derasah,firmannnnnnnn,0.7107
derasah,fittdos,1.0
derasah,gl badax,0.8055
derasah,haniiif,0.8055
derasah,iin,0.8055
derasah,ini punya aku 🤪,0.7278
derasah,juprianto anto,1.0
derasah,kd urng ya,0.8055
derasah,kembali datang,0.7804
derasah,kenzo.s.m.z,0.7107
derasah,lakmen,0.6829
derasah,luthfyyy,1.0
derasah,mas_drun,1.0
derasah,n4uf@l 4j4,0.6723
derasah,nanangmungils1,0.8055
derasah,nipzzz,0.7101
derasah,panzskbd,0.8055
derasah,pikaars?,0.681
derasah,pitawidiono,0.7697
derasah,r 4 5 ya,0.7866
derasah,r.a sbg team,0.7145
derasah,rezx2nd,0.7107
derasah,riff,0.7107
derasah,sannzxkce,0.6506
derasah,scorpio🦂,0.7107
derasah,seli🌸,0.8043
derasah,sinfloww,1.0
derasah,sopo iki?,0.6912
derasah,tri yulianti,0.8055
derasah,veri ramandani18,1.0
derasah,wien,0.8043
derasah,wisnu krishna,0.7068
derasah,ye,0.6586
derasah,yuliazaa,0.7331
derasah,น้ำอุ่น กัญญาภัทร เต๊กอ๋อต้ง,0.7331
derasah,⚽,0.8043
derasah,⠀ ⠀ ⠀ ⠀ ⠀᠌,0.8055
derasah,レザ,0.7607
derasah,𝕱_v2,0.6945
derasah,🌵dnd's_mom🌵,0.7323
desttt_,devannn,0.6563
desttt_,dewoel,0.6608
desttt_,dheebu,0.7962
desttt_,diah sri972,0.7962
desttt_,duwiii,0.6798
desttt_,dwisetyarinii,0.6863
desttt_,enaksekali,0.6798
desttt_,excel😶‍🌫️            akun №1,0.7454
desttt_,fernanda,0.6798
desttt_,firmannnnnnnn,0.6798
desttt_,fittdos,0.6863
desttt_,gl badax,0.7962
desttt_,haniiif,0.7962
desttt_,i'szz?!,0.7151
desttt_,iin,0.7962
desttt_,juprianto anto,0.6863
desttt_,kd urng ya,0.7962
desttt_,kenzo.s.m.z,0.6798
desttt_,lianaa,0.6621
desttt_,luthfyyy,0.6863
desttt_,mahendri,0.6913
desttt_,mas_drun,0.6863
desttt_,n4uf@l 4j4,0.7805
desttt_,nanangmungils1,0.7962
desttt_,nipzzz,0.7775
desttt_,p4n_🤷‍♂️🤷‍♂️,0.6704
desttt_,panzskbd,0.7962
desttt_,r 4 5 ya,0.6866
desttt_,rezx2nd,0.6798
desttt_,riff,0.6798
desttt_,scorpio🦂,0.6798
desttt_,sinfloww,0.6863
desttt_,tri yulianti,0.7962
desttt_,vann 🌳,0.6878
desttt_,veri ramandani18,0.6863
desttt_,ye,0.7486
desttt_,⠀ ⠀ ⠀ ⠀ ⠀᠌,0.7962
desttt_,レザ,0.725
desttt_,🄱🄰🅈🅄🄸🄽🄳🄰🄷🄾🄵🄵🅂🄴🅃,0.6736
desttt_,🐚🫧🪩,0.6717
devannn,dewoel,0.6588
devannn,dheebu,0.7392
devannn,diah sri972,0.7392
devannn,duwiii,0.8518
devannn,enaksekali,0.8518
devannn,excel😶‍🌫️            akun №1,0.6905
devannn,fernanda,0.8518
devannn,firmannnnnnnn,0.8518
devannn,fzryyyy,0.6932
devannn,gl badax,0.7392
devannn,haniiif,0.7392
devannn,iin,0.7392
devannn,indomaret 24 jam,0.6708
devannn,kd urng ya,0.7392
devannn,kenzo.s.m.z,0.8518
devannn,lakmen,0.6659
devannn,mahendri,0.6923
devannn,n4uf@l 4j4,0.7161
devannn,nanangmungils1,0.7392
devannn,nipzzz,0.7167
devannn,p4n_🤷‍♂️🤷‍♂️,0.6574
devannn,panzskbd,0.7392
devannn,rezx2nd,0.8518
devannn,riff,0.8518
devannn,sannzxkce,0.6538
devannn,satriaaa,0.676
devannn,scorpio🦂,0.8518
devannn,tri yulianti,0.7392
devannn,vann 🌳,0.7494
devannn,ye,0.743
devannn,⠀ ⠀ ⠀ ⠀ ⠀᠌,0.7392
devannn,🄱🄰🅈🅄🄸🄽🄳🄰🄷🄾🄵🄵🅂🄴🅃,0.6627
dewoel,dheebu,0.7006
dewoel,diah sri972,0.7006
dewoel,duwiii,0.6867
dewoel,dwisetyarinii,0.6854
dewoel,egit,0.7186
dewoel,enaksekali,0.6867
dewoel,enjoyss,0.6553
dewoel,fernanda,0.6867
dewoel,firmannnnnnnn,0.6867
dewoel,fittdos,0.6854
dewoel,fz,0.7244
dewoel,gl badax,0.7006
dewoel,haniiif,0.7006
dewoel,iin,0.7006
dewoel,irfan k.,0.6531
dewoel,juprianto anto,0.6854
dewoel,kd urng ya,0.7006
dewoel,kembali datang,0.6553
dewoel,kenzo.s.m.z,0.6867
dewoel,luthfyyy,0.6854
dewoel,mahendri,0.7401
dewoel,mas_drun,0.6854
dewoel,mei meido x kakure meme,0.6871
dewoel,mohammadriski077,0.6624
dewoel,n4uf@l 4j4,0.7129
dewoel,nanangmungils1,0.7006
dewoel,nipzzz,0.7205
dewoel,p!n,0.7296
dewoel,panzskbd,0.7006
dewoel,r 4 5 ya,0.7519
dewoel,rezx2nd,0.6867
dewoel,riff,0.6867
dewoel,sannzxkce,0.7119
dewoel,scorpio🦂,0.6867
dewoel,sinfloww,0.6854
dewoel,sopo iki?,0.695
dewoel,tri yulianti,0.7006
dewoel,vann 🌳,0.6858
dewoel,veri ramandani18,0.6854
dewoel,wiwut,0.6786
dewoel,ye,0.6726
dewoel,zaza,0.7095
dewoel,⠀ ⠀ ⠀ ⠀ ⠀᠌,0.7006
dewoel,レザ,0.7198
dewoel,🄱🄰🅈🅄🄸🄽🄳🄰🄷🄾🄵🄵🅂🄴🅃,0.7165
dewoel,🐚🫧🪩,0.682
dewoel,😂,0.6582
dhafin &aja (@#),dip_16,0.7361
dhafin &aja (@#),dvaaa,0.7397
dhafin &aja (@#),fahri..☘️☘️,0.6951
dhafin &aja (@#),gntaa,0.8511
dhafin &aja (@#),ini blue🔵💨,0.6792
dhafin &aja (@#),jok,0.7616
dhafin &aja (@#),joller🇦🇱,1.0
dhafin &aja (@#),king persija,0.6614
dhafin &aja (@#),na.,0.7034
dhafin &aja (@#),naufabyktsr,0.7141
dhafin &aja (@#),ngọc,0.6766
dhafin &aja (@#),noellnr🍒,0.664
dhafin &aja (@#),nyong,1.0
dhafin &aja (@#),n⭐👽,0.7036
dhafin &aja (@#),p1n,0.7111
dhafin &aja (@#),panglima boncoz,0.6935
dhafin &aja (@#),parell✈️💤,1.0
dhafin &aja (@#),pikaars?,0.6784
dhafin &aja (@#),proo,1.0
dhafin &aja (@#),rass.,1.0
dhafin &aja (@#),rehan.aj,0.6581
dhafin &aja (@#),ristiana08,0.7401
dhafin &aja (@#),rmdn,0.6521
dhafin &aja (@#),sestu,0.7616
dhafin &aja (@#),sucilestaripp_08,0.7099
dhafin &aja (@#),syakila pbg,0.7616
dhafin &aja (@#),syaqella,0.7401
dhafin &aja (@#),tll,0.712
dhafin &aja (@#),wong gringsing,0.7616
dhafin &aja (@#),y🅰️hya?,0.7361
dhafin &aja (@#),ziee_1901,0.6669
dhafin &aja (@#),~~boyszzarddd~~ardboysss🇦🇱🪩,0.7141
dhafin &aja (@#),່,1.0
dhafin &aja (@#),✧-ta_kepkat,0.8176
dhafin &aja (@#),❤️💛💚,0.918
dhafin &aja (@#),ꦲꦼꦤ꧀ꦝꦺꦴꦱ꧀,0.6822
dhafin &aja (@#),𝑦𝑦𝑦𝑦,0.7361
dhafin &aja (@#),𝔅𝔩𝔲𝔢𝔢𝔅𝔬𝔬𝔰𝔱 💨💫,0.8671
dhafin &aja (@#),"𝖂𝖍𝖔'𝕾,𝕭𝖗𝖆𝖓රධ",0.6749
dhafin &aja (@#),𝗕𝗠𝗞𝗚,1.0
dhafin &aja (@#),𝘁𝗿ē𝗻𝗱à𝗻𝘇𝘅,1.0
dhafin &aja (@#),💫,0.6605
dhafin &aja (@#),🔥theeam3ll⚡,0.8173
dhanadut_bae16💤,dilahhh,0.6555
dhanadut_bae16💤,dimzz.stecu(setelan.cuwek💢🥶),0.7002
dhanadut_bae16💤,donz2nd,0.7004
dhanadut_bae16💤,dwk,0.7355
dhanadut_bae16💤,dɹısɐɐɐ,0.7669
dhanadut_bae16💤,el smile,0.7584
dhanadut_bae16💤,espede racing,0.7123
dhanadut_bae16💤,faaa12,0.6814
dhanadut_bae16💤,faiqqqqqqq,0.6818
dhanadut_bae16💤,farrel,0.688
dhanadut_bae16💤,ffi🕷️,0.6799
dhanadut_bae16💤,fikaa,0.7034
dhanadut_bae16💤,fi🅰️n6️⃣,0.6886
dhanadut_bae16💤,genzzz,0.6885
dhanadut_bae16💤,grandberkahdoaibu,0.6735
dhanadut_bae16💤,hamzzstecu,0.6663
dhanadut_bae16💤,hii i'm bayy.,0.7114
dhanadut_bae16💤,hαpiz_boyss⚡,0.6626
dhanadut_bae16💤,ido.,0.6569
dhanadut_bae16💤,inieidan,0.6656
dhanadut_bae16💤,jagoan orangtua,0.7446
dhanadut_bae16💤,javrr⚡,0.7601
dhanadut_bae16💤,jdr,0.8115
dhanadut_bae16💤,just friend🙂,0.7015
dhanadut_bae16💤,kaji,0.6833
dhanadut_bae16💤,kang bahar,0.659
dhanadut_bae16💤,kib3nk_ta,0.7095
dhanadut_bae16💤,kojek,0.7133
dhanadut_bae16💤,kruxill🎃,0.7051
dhanadut_bae16💤,l4nkk,0.8917
dhanadut_bae16💤,laris manis store,0.6711
dhanadut_bae16💤,lele_byakar@gmail.comm,0.689
dhanadut_bae16💤,lihgal18,0.8679
dhanadut_bae16💤,masayu,0.6531
dhanadut_bae16💤,mawar hitam 🌹🗡️,0.6722
dhanadut_bae16💤,mhrullam,0.8145
dhanadut_bae16💤,mmmmm,0.7078
dhanadut_bae16💤,muhammadchilung,0.7592
dhanadut_bae16💤,nadhiff👾,0.8194
dhanadut_bae16💤,narti,0.7166
dhanadut_bae16💤,narzz🌊🌊,0.7273
dhanadut_bae16💤,neyymar kee jakarta,0.7567
dhanadut_bae16💤,nggaaa,0.6544
dhanadut_bae16💤,nobody,0.7263
dhanadut_bae16💤,ol²²oy,0.761
dhanadut_bae16💤,oz_,0.7474
dhanadut_bae16💤,p4tooookkkk,0.7286
dhanadut_bae16💤,padil,0.6575
dhanadut_bae16💤,pisangambon,0.7398
dhanadut_bae16💤,praditailhm_,0.7722
dhanadut_bae16💤,put,0.7685
dhanadut_bae16💤,qila012,0.6803
dhanadut_bae16💤,raf,0.6642
dhanadut_bae16💤,rahmat kartolo,0.7229
dhanadut_bae16💤,rijakipp,0.6531
dhanadut_bae16💤,rpk1,0.7177
dhanadut_bae16💤,rℹ️k🅾️🅾️🅾️,0.6927
dhanadut_bae16💤,s u m m e r .,0.7185
dhanadut_bae16💤,satria 🙌,0.741
dhanadut_bae16💤,scc winoww,0.6753
dhanadut_bae16💤,sendiiisen©📍,0.7615
dhanadut_bae16💤,srylee,0.6537
dhanadut_bae16💤,suyato jowo,0.8043
dhanadut_bae16💤,syaf__👾👾,0.664
dhanadut_bae16💤,tam,0.6953
dhanadut_bae16💤,tangrajinngaji,0.8414
dhanadut_bae16💤,tofik.putra17,0.8184
dhanadut_bae16💤,user13463#457344,0.7148
dhanadut_bae16💤,va 17hd,0.7173
dhanadut_bae16💤,van pablo,0.7227
dhanadut_bae16💤,vanooo,0.7027
dhanadut_bae16💤,viann,0.7814
dhanadut_bae16💤,vittss..,0.6626
dhanadut_bae16💤,wo,0.7293
dhanadut_bae16💤,wong elek,0.7387
dhanadut_bae16💤,wongwonganmumet,0.6671
dhanadut_bae16💤,ws🪩,0.7163
dhanadut_bae16💤,wzrd,0.7268
dhanadut_bae16💤,yanuar,0.7107
dhanadut_bae16💤,yesakiw,0.6569
dhanadut_bae16💤,yyy,0.658
dhanadut_bae16💤,zaka.ya,0.7203
dhanadut_bae16💤,zazamm,0.7142
dhanadut_bae16💤,zrill🇦🇱🇦🇱,0.7835
dhanadut_bae16💤,˚ ༘ 🦕𖦹⋆｡˚,0.6571
dhanadut_bae16💤,المجتهد,0.6687
dhanadut_bae16💤,فەیزال,0.7279
dhanadut_bae16💤,เςคภ,0.6658
dhanadut_bae16💤,⋇⋆✦chelsea ♛┈⛧♡,0.684
dhanadut_bae16💤,☝️👌👌cc,0.714
dhanadut_bae16💤,✌️,0.6677
dhanadut_bae16💤,ザキ・アルディアンシア,0.71
dhanadut_bae16💤,윙고🇲🇨🇰🇷,0.6864
dhanadut_bae16💤,️dika_sajah,0.7104
dhanadut_bae16💤,￴,0.7113
dhanadut_bae16💤,￴￴,0.7478
dhanadut_bae16💤,𝑱𝒖𝒍𝒊𝒂𝒏𝒏𝒏,0.7193
dhanadut_bae16💤,𝕶𝖞𝖓𝖟𝖟,0.6787
dhanadut_bae16💤,𝘼𝙇𝙃𝘼𝙆𝙄𝙈𝙕,0.7612
dhanadut_bae16💤,𝘿𝙚𝙣,0.6556
dhanadut_bae16💤,𝙋𝙍𝙄𝙉𝘾𝙀 15,0.6816
dhanadut_bae16💤,𝙡𝙚𝙣𝙜,0.7042
dhanadut_bae16💤,🎮,0.826
dhanadut_bae16💤,🔴⚪,0.7527
dhanadut_bae16💤,🕊,0.7424
dheebu,dheevaaaaaaaaaaaaaaaaaaaaa,0.6898
dheebu,diah sri972,1.0
dheebu,duwiii,0.8452
dheebu,dwisetyarinii,0.8055
dheebu,enaksekali,0.8452
dheebu,enjoyss,0.7337
dheebu,excel😶‍🌫️            akun №1,0.9191
dheebu,fernanda,0.8452
dheebu,firmannnnnnnn,0.8452
dheebu,fittdos,0.8055
dheebu,fzryyyy,0.6983
dheebu,gl badax,1.0
dheebu,haniiif,1.0
dheebu,i'szz?!,0.7176
dheebu,ig: ryaaa.06_,0.7056
dheebu,iin,1.0
dheebu,indomaret 24 jam,0.6716
dheebu,ini punya aku 🤪,0.6704
dheebu,juprianto anto,0.8055
dheebu,kd urng ya,1.0
dheebu,kembali datang,0.7337
dheebu,kenzo.s.m.z,0.8452
dheebu,lakmen,0.6693
dheebu,lianaa,0.6525
dheebu,luthfyyy,0.8055
dheebu,mahendri,0.7803
dheebu,mas_drun,0.8055
dheebu,n4uf@l 4j4,0.862
dheebu,nanangmungils1,1.0
dheebu,nipzzz,0.8229
dheebu,ovl,0.7056
dheebu,p4n_🤷‍♂️🤷‍♂️,0.7231
dheebu,pangeran kodok,0.6549
dheebu,panzskbd,1.0
dheebu,pasarrumah.id,0.6918
dheebu,pikaars?,0.654
dheebu,r 4 5 ya,0.696
dheebu,rezx2nd,0.8452
dheebu,riff,0.8452
dheebu,risky⛔️🆘️,0.7074
dheebu,sannzxkce,0.6825
dheebu,scorpio🦂,0.8452
dheebu,seli🌸,0.6656
dheebu,sinfloww,0.8055
dheebu,tokoserbada12,0.7623
dheebu,tri yulianti,1.0
dheebu,vann 🌳,0.6713
dheebu,veri ramandani18,0.8055
dheebu,wawud,0.6503
dheebu,wien,0.6656
dheebu,ye,0.8283
dheebu,yuliazaa,0.6588
dheebu,zaza,0.6641
dheebu,น้ำอุ่น กัญญาภัทร เต๊กอ๋อต้ง,0.6588
dheebu,⚽,0.6656
dheebu,⠀ ⠀ ⠀ ⠀ ⠀᠌,1.0
dheebu,レザ,0.6953
dheebu,𝕱_v2,0.6794
dheebu,🌵dnd's_mom🌵,0.7373
dheebu,🐚🫧🪩,0.6505
dheebu,🕸,0.675
dheevaaaaaaaaaaaaaaaaaaaaa,diah sri972,0.6898
dheevaaaaaaaaaaaaaaaaaaaaa,dwisetyarinii,0.8024
dheevaaaaaaaaaaaaaaaaaaaaa,excel😶‍🌫️            akun №1,0.7232
dheevaaaaaaaaaaaaaaaaaaaaa,fattahcake,0.6817
dheevaaaaaaaaaaaaaaaaaaaaa,fittdos,0.8024
dheevaaaaaaaaaaaaaaaaaaaaa,gl badax,0.6898
dheevaaaaaaaaaaaaaaaaaaaaa,haniiif,0.6898
dheevaaaaaaaaaaaaaaaaaaaaa,iin,0.6898
dheevaaaaaaaaaaaaaaaaaaaaa,ini punya aku 🤪,0.8952
dheevaaaaaaaaaaaaaaaaaaaaa,juprianto anto,0.8024
dheevaaaaaaaaaaaaaaaaaaaaa,kd urng ya,0.6898
dheevaaaaaaaaaaaaaaaaaaaaa,langzz,0.6528
dheevaaaaaaaaaaaaaaaaaaaaa,luthfyyy,0.8024
dheevaaaaaaaaaaaaaaaaaaaaa,mas_drun,0.8024
dheevaaaaaaaaaaaaaaaaaaaaa,nanangmungils1,0.6898
dheevaaaaaaaaaaaaaaaaaaaaa,nayzz🚀,0.7215
dheevaaaaaaaaaaaaaaaaaaaaa,panzskbd,0.6898
dheevaaaaaaaaaaaaaaaaaaaaa,r 4 5 ya,0.6937
dheevaaaaaaaaaaaaaaaaaaaaa,risky⛔️🆘️,0.6567
dheevaaaaaaaaaaaaaaaaaaaaa,seli🌸,0.9869
dheevaaaaaaaaaaaaaaaaaaaaa,shenaseviana,0.8185
dheevaaaaaaaaaaaaaaaaaaaaa,sinfloww,0.8024
dheevaaaaaaaaaaaaaaaaaaaaa,tokoserbada12,0.7729
dheevaaaaaaaaaaaaaaaaaaaaa,tri yulianti,0.6898
dheevaaaaaaaaaaaaaaaaaaaaa,vanzzz,0.7984
dheevaaaaaaaaaaaaaaaaaaaaa,veri ramandani18,0.8024
dheevaaaaaaaaaaaaaaaaaaaaa,wawud,0.655
dheevaaaaaaaaaaaaaaaaaaaaa,wien,0.9869
dheevaaaaaaaaaaaaaaaaaaaaa,⚽,0.9869
dheevaaaaaaaaaaaaaaaaaaaaa,⠀ ⠀ ⠀ ⠀ ⠀᠌,0.6898
dheevaaaaaaaaaaaaaaaaaaaaa,🕸,0.6513
dheevaaaaaaaaaaaaaaaaaaaaa,🥷,0.7079
dhellaxriigod,dilahhh,0.7228
dhellaxriigod,donz2nd,0.6924
dhellaxriigod,dubidubidam5,0.6925
dhellaxriigod,dwi reny makmoy makm,0.6961
dhellaxriigod,dân stfu⸸,0.6719
dhellaxriigod,dín dlgk?,0.6565
dhellaxriigod,dɹısɐɐɐ,0.6737
dhellaxriigod,edhy soekamto,0.7765
dhellaxriigod,ens,0.6657
dhellaxriigod,er,0.7404
dhellaxriigod,espede racing,0.6714
dhellaxriigod,faaa12,0.656
dhellaxriigod,fakri,0.6529
dhellaxriigod,ffi🕷️,0.7128
dhellaxriigod,frzardtyaalvro,0.6936
dhellaxriigod,genjur,0.6755
dhellaxriigod,genzzz,0.6623
dhellaxriigod,hamka resna,0.6735
dhellaxriigod,hermanto,0.6527
dhellaxriigod,hibban∆,0.6873
dhellaxriigod,hpiss,0.6632
dhellaxriigod,ibunya ragaf,0.6605
dhellaxriigod,ig : d4haas.👾,0.6842
dhellaxriigod,ig | im_alzz,0.6647
dhellaxriigod,ig:4ufa_l,0.6541
dhellaxriigod,ikhsan hair,0.7013
dhellaxriigod,im.p4yeng!!,0.7276
dhellaxriigod,javrr⚡,0.7316
dhellaxriigod,jepri night🦸,0.7068
dhellaxriigod,juvvv,0.6994
dhellaxriigod,kang bahar,0.684
dhellaxriigod,kelzy24,0.6603
dhellaxriigod,kevin,0.7067
dhellaxriigod,kian santang,0.6722
dhellaxriigod,kii,0.6779
dhellaxriigod,kin_💫,0.769
dhellaxriigod,lah iya,0.6614
dhellaxriigod,lah?kenapa?,0.7626
dhellaxriigod,lele_byakar@gmail.comm,0.6721
dhellaxriigod,mas_dawet,0.6572
dhellaxriigod,mbahnya nafisha dan sava,0.7308
dhellaxriigod,mka. kka,0.6693
dhellaxriigod,muhamad rian,0.7113
dhellaxriigod,mvinta,0.6999
dhellaxriigod,nnaann🔫,0.6631
dhellaxriigod,nobody,0.6747
dhellaxriigod,nur fadil,0.709
dhellaxriigod,padil,0.7197
dhellaxriigod,pak haji sara,0.6828
dhellaxriigod,pip2nd🧿,0.7595
dhellaxriigod,pisangambon,0.7206
dhellaxriigod,piscesmod,0.7852
dhellaxriigod,praditailhm_,0.6725
dhellaxriigod,princess 💅,0.6874
dhellaxriigod,put,0.7096
dhellaxriigod,qila012,0.6524
dhellaxriigod,raihan,0.6506
dhellaxriigod,regialparij,0.6845
dhellaxriigod,rempeyek_500🌊,0.7137
dhellaxriigod,rfky,0.7512
dhellaxriigod,rijakipp,0.662
dhellaxriigod,rℹ️k🅾️🅾️🅾️,0.6995
dhellaxriigod,safi,0.6666
dhellaxriigod,sara ariska,0.6701
dhellaxriigod,satria 🙌,0.7216
dhellaxriigod,satyaa ✦,0.7059
dhellaxriigod,sazz,0.6544
dhellaxriigod,scc winoww,0.6655
dhellaxriigod,secccfldsuuu21,0.7077
dhellaxriigod,sendiiisen©📍,0.657
dhellaxriigod,set? iy syng,0.7235
dhellaxriigod,si kucing,0.764
dhellaxriigod,stecu💤,0.7298
dhellaxriigod,syaf__👾👾,0.6973
dhellaxriigod,tam,0.6518
dhellaxriigod,taxi barang purwokerto,0.7014
dhellaxriigod,teteh_jawa,0.6933
dhellaxriigod,the last good man,0.6861
dhellaxriigod,user7098643456,0.668
dhellaxriigod,va 17hd,0.6676
dhellaxriigod,viann,0.693
dhellaxriigod,vittss..,0.6815
dhellaxriigod,wongwonganmumet,0.6575
dhellaxriigod,ws🪩,0.6628
dhellaxriigod,wzrd,0.7224
dhellaxriigod,yogaaa21,0.6525
dhellaxriigod,yyy,0.7222
dhellaxriigod,y💥💯                😛,0.6997
dhellaxriigod,z4kk🇦🇱🇦🇱,0.734
dhellaxriigod,zaall,0.7414
dhellaxriigod,zain,0.7293
dhellaxriigod,zaka.ya,0.6527
dhellaxriigod,zannn,0.6848
dhellaxriigod,zazamm,0.6526
dhellaxriigod,zeniperr,0.692
dhellaxriigod,ziie34,0.6689
dhellaxriigod,zppcx,0.7028
dhellaxriigod,˚ ༘ 🦕𖦹⋆｡˚,0.6773
dhellaxriigod,ᴘɪᴋᴀғʀɪᴇᴅᴄʜɪᴄᴋᴇɴ,0.6605
dhellaxriigod,★,0.6547
dhellaxriigod,️dika_sajah,0.6818
dhellaxriigod,𝕳𝕬𝕴𝕶𝕬𝕷 𝖁1,0.7021
dhellaxriigod,𝙡𝙚𝙣𝙜,0.7044
dhellaxriigod,𝙧𝙖𝙙𝙚𝙣𝙣𝙠𝙪𝙘𝙞𝙩𝙩🌊,0.692
dhellaxriigod,💋,0.7648
dhellaxriigod,🕊,0.7176
diah sri972,duwiii,0.8452
diah sri972,dwisetyarinii,0.8055
diah sri972,enaksekali,0.8452
diah sri972,enjoyss,0.7337
diah sri972,excel😶‍🌫️            akun №1,0.9191
diah sri972,fernanda,0.8452
diah sri972,firmannnnnnnn,0.8452
diah sri972,fittdos,0.8055
diah sri972,fzryyyy,0.6983
diah sri972,gl badax,1.0
diah sri972,haniiif,1.0
diah sri972,i'szz?!,0.7176
diah sri972,ig: ryaaa.06_,0.7056
diah sri972,iin,1.0
diah sri972,indomaret 24 jam,0.6716
diah sri972,ini punya aku 🤪,0.6704
diah sri972,juprianto anto,0.8055
diah sri972,kd urng ya,1.0
diah sri972,kembali datang,0.7337
diah sri972,kenzo.s.m.z,0.8452
diah sri972,lakmen,0.6693
diah sri972,lianaa,0.6525
diah sri972,luthfyyy,0.8055
diah sri972,mahendri,0.7803
diah sri972,mas_drun,0.8055
diah sri972,n4uf@l 4j4,0.862
diah sri972,nanangmungils1,1.0
diah sri972,nipzzz,0.8229
diah sri972,ovl,0.7056
diah sri972,p4n_🤷‍♂️🤷‍♂️,0.7231
diah sri972,pangeran kodok,0.6549
diah sri972,panzskbd,1.0
diah sri972,pasarrumah.id,0.6918
diah sri972,pikaars?,0.654
diah sri972,r 4 5 ya,0.696
diah sri972,rezx2nd,0.8452
diah sri972,riff,0.8452
diah sri972,risky⛔️🆘️,0.7074
diah sri972,sannzxkce,0.6825
diah sri972,scorpio🦂,0.8452
diah sri972,seli🌸,0.6656
diah sri972,sinfloww,0.8055
diah sri972,tokoserbada12,0.7623
diah sri972,tri yulianti,1.0
diah sri972,vann 🌳,0.6713
diah sri972,veri ramandani18,0.8055
diah sri972,wawud,0.6503
diah sri972,wien,0.6656
diah sri972,ye,0.8283
diah sri972,yuliazaa,0.6588
diah sri972,zaza,0.6641
diah sri972,น้ำอุ่น กัญญาภัทร เต๊กอ๋อต้ง,0.6588
diah sri972,⚽,0.6656
diah sri972,⠀ ⠀ ⠀ ⠀ ⠀᠌,1.0
diah sri972,レザ,0.6953
diah sri972,𝕱_v2,0.6794
diah sri972,🌵dnd's_mom🌵,0.7373
diah sri972,🐚🫧🪩,0.6505
diah sri972,🕸,0.675
dian030301_ prayogi,er,0.7469
dian030301_ prayogi,ikhsan hair,0.6777
dian030301_ prayogi,lah?kenapa?,0.6507
dian030301_ prayogi,nino,0.7016
dian030301_ prayogi,rahmanpru,0.6593
dian030301_ prayogi,regialparij,0.6623
dian030301_ prayogi,si kucing,0.6896
dian030301_ prayogi,teteh_jawa,0.6703
dian030301_ prayogi,upin🐼,0.6809
dian030301_ prayogi,userr4532552,0.6508
dian030301_ prayogi,varkon🚀🚀,0.653
dian030301_ prayogi,yyy,0.6539
dian030301_ prayogi,ɴᴀᴛ,0.6608
diditarifin,enan_25,0.6781
diditarifin,f,0.7874
diditarifin,f⚡,0.7427
diditarifin,gtww,0.6553
diditarifin,hi_ndraa,0.6781
diditarifin,hyan,0.8089
diditarifin,i,0.7505
diditarifin,i j a l,0.9496
diditarifin,kaji,0.6532
diditarifin,kang bahar,0.7374
diditarifin,keee keee,0.6776
diditarifin,kelzy24,0.661
diditarifin,kruxill🎃,0.6573
diditarifin,lah iya,0.6563
diditarifin,mas_dawet,0.6664
diditarifin,mawarr,0.8172
diditarifin,ndre4you,0.8355
diditarifin,nuuuu,0.6561
diditarifin,ol²²oy,0.6879
diditarifin,patrick bateman,0.68
diditarifin,pisangambon,0.6675
diditarifin,princess 💅,0.6814
diditarifin,reendstore,0.6541
diditarifin,rzl,0.7021
diditarifin,sapa bae,0.7253
diditarifin,sara ariska,0.8255
diditarifin,septiana,0.8254
diditarifin,sri wahyuningsih,0.7134
diditarifin,the last good man,0.6818
diditarifin,uuppio,0.6778
diditarifin,xspeedx,0.7362
diditarifin,yogaaa21,0.6665
diditarifin,zazamm,0.6591
diditarifin,zppcx,0.667
diditarifin,ᴘɪᴋᴀғʀɪᴇᴅᴄʜɪᴄᴋᴇɴ,0.7424
diditarifin,☝️👌👌cc,0.6837
diditarifin,⛓️,0.6519
diditarifin,✌️,0.786
diditarifin,𝖇𝖎𝖎𝖑𝖆,0.7644
diditarifin,𝘼𝙇𝙃𝘼𝙆𝙄𝙈𝙕,0.7018
diditarifin,𝙾𝚛𝚢𝚣𝚊 𝚂𝚊𝚝𝚒𝚟𝚊 🌾,0.6798
diee_aja,icin,0.6618
diee_aja,r 4 5 ya,0.651
diee_aja,wiwut,0.6886
diee_aja,レザ,0.7269
dilahhh,donz2nd,0.7161
dilahhh,dubidubidam5,0.7873
dilahhh,dwi reny makmoy makm,0.77
dilahhh,dwk,0.6679
dilahhh,dɹısɐɐɐ,0.7864
dilahhh,edhy soekamto,0.7344
dilahhh,ens,0.7988
dilahhh,espede racing,0.7623
dilahhh,ewong...,0.6503
dilahhh,faaa12,0.7018
dilahhh,faiqqqqqqq,0.697
dilahhh,farrel,0.7228
dilahhh,ffi🕷️,0.8044
dilahhh,fin.,0.6685
dilahhh,genjur,0.7582
dilahhh,genzzz,0.6655
dilahhh,gh4ny1,0.6635
dilahhh,hermanto,0.651
dilahhh,im.p4yeng!!,0.6988
dilahhh,jagoan orangtua,0.6777
dilahhh,javrr⚡,0.7043
dilahhh,jdr,0.6662
dilahhh,jepri night🦸,0.8293
dilahhh,just friend🙂,0.6671
dilahhh,juvvv,0.6912
dilahhh,kian santang,0.6837
dilahhh,"kicau mania""😷✌",0.6738
dilahhh,kin_💫,0.6637
dilahhh,kkpann!,0.7558
dilahhh,kojek,0.7307
dilahhh,l4nkk,0.6892
dilahhh,lah iya,0.6636
dilahhh,lah?kenapa?,0.657
dilahhh,leo,0.7137
dilahhh,masayu,0.7408
dilahhh,mhrullam,0.735
dilahhh,mmmmm,0.7269
dilahhh,mommy bibiel,0.6757
dilahhh,muhammadchilung,0.7083
dilahhh,mvinta,0.7159
dilahhh,naa_,0.6695
dilahhh,nadhiff👾,0.6655
dilahhh,narti,0.6531
dilahhh,neyymar kee jakarta,0.6612
dilahhh,nnaann🔫,0.6775
dilahhh,nobody,0.6752
dilahhh,oz_,0.6762
dilahhh,p4tooookkkk,0.7299
dilahhh,padil,0.7379
dilahhh,pangeran k,0.719
dilahhh,pip2nd🧿,0.7261
dilahhh,pisangambon,0.7195
dilahhh,piscesmod,0.6815
dilahhh,praditailhm_,0.6883
dilahhh,put,0.7929
dilahhh,rahmat kartolo,0.6978
dilahhh,railfans ngapak🅥,0.6723
dilahhh,regialparij,0.7017
dilahhh,rempeyek_500🌊,0.7055
dilahhh,rfky,0.7666
dilahhh,rijakipp,0.7641
dilahhh,rivann.ahah,0.6693
dilahhh,rpk1,0.7015
dilahhh,s u m m e r .,0.6606
dilahhh,satria 🙌,0.7519
dilahhh,sendiiisen©📍,0.6713
dilahhh,si kucing,0.749
dilahhh,single era,0.6772
dilahhh,sleep the saunt,0.7065
dilahhh,stecu💤,0.6599
dilahhh,superman,0.6681
dilahhh,syaf__👾👾,0.6508
dilahhh,tam,0.6825
dilahhh,tika kartika,0.6787
dilahhh,tofik.putra17,0.7309
dilahhh,user1233833380586,0.671
dilahhh,user7098643456,0.7041
dilahhh,va 17hd,0.6617
dilahhh,viann,0.7179
dilahhh,vittss..,0.6724
dilahhh,vnn$fomo,0.6773
dilahhh,wo,0.6572
dilahhh,wongwonganmumet,0.8204
dilahhh,ws🪩,0.7529
dilahhh,wzrd,0.7546
dilahhh,yanuar,0.6715
dilahhh,yesakiw,0.6541
dilahhh,yhahaha,0.6854
dilahhh,yyy,0.6556
dilahhh,y💥💯                😛,0.8372
dilahhh,z4kk🇦🇱🇦🇱,0.7733
dilahhh,zaall,0.7248
dilahhh,zain,0.6924
dilahhh,zaka.ya,0.7036
dilahhh,zeniperr,0.6588
dilahhh,zrill🇦🇱🇦🇱,0.7167
dilahhh,ɴᴀᴛ,0.6671
dilahhh,˚ ༘ 🦕𖦹⋆｡˚,0.6534
dilahhh,فەیزال,0.6872
dilahhh,เςคภ,0.6791
dilahhh,່ ‍ a,0.7039
dilahhh,™.yunz ★ 447.¥,0.6688
dilahhh,⋇⋆✦chelsea ♛┈⛧♡,0.7089
dilahhh,★,0.7284
dilahhh,✧saged🌊,0.6569
dilahhh,꧁epep꧂,0.6605
dilahhh,윙고🇲🇨🇰🇷,0.6721
dilahhh,️dika_sajah,0.7742
dilahhh,￴,0.7376
dilahhh,𝐫𝐢𝐝𝐨𝐨🕊️,0.6561
dilahhh,𝕳𝕬𝕴𝕶𝕬𝕷 𝖁1,0.6676
dilahhh,𝙋𝙍𝙄𝙉𝘾𝙀 15,0.6653
dilahhh,𝙖𝙩𝙨𝙨,0.7213
dilahhh,𝙡𝙚𝙣𝙜,0.7135
dilahhh,𝙧𝙖𝙙𝙚𝙣𝙣𝙠𝙪𝙘𝙞𝙩𝙩🌊,0.695
dilahhh,💋,0.7448
dilahhh,🕊,0.6946
dilahhh,😡,0.677
dilzz v2,dly,0.6591
dilzz v2,dvaaa,0.6693
dilzz v2,faiz,0.6811
dilzz v2,garangan mulet,0.6697
dilzz v2,grandberkahdoaibu,0.673
dilzz v2,gudeg bu rudy klampok ✨✨,0.7322
dilzz v2,hanipipipip,0.6691
dilzz v2,ibunya ragaf,0.7575
dilzz v2,ig: ?,0.8463
dilzz v2,inyong,0.8463
dilzz v2,jesiccaaa,0.7249
dilzz v2,joviinantaaaa,0.6928
dilzz v2,"kaa,a",0.7365
dilzz v2,kaji,0.6937
dilzz v2,kiking,0.8029
dilzz v2,king persija,0.6504
dilzz v2,kruxill🎃,0.6897
dilzz v2,l4ngz_strong,0.6616
dilzz v2,lah iya,0.813
dilzz v2,lele_byakar@gmail.comm,0.6866
dilzz v2,m. rizqi_,0.7303
dilzz v2,mawar hitam 🌹🗡️,0.7382
dilzz v2,mka. kka,0.6924
dilzz v2,muhamad rian,0.6745
dilzz v2,naufabyktsr,0.6727
dilzz v2,nobody,0.6736
dilzz v2,nuuuuu,0.6917
dilzz v2,pak haji,0.7864
dilzz v2,panggil vans✌️,0.6743
dilzz v2,pecey yeye,0.6616
dilzz v2,r4ndsyh,0.6959
dilzz v2,rahmat kartolo,0.6679
dilzz v2,reendstore,0.656
dilzz v2,rio,0.6724
dilzz v2,rizzstecu✌️,0.9352
dilzz v2,rzl,0.6715
dilzz v2,sapa bae,0.6989
dilzz v2,satria 🙌,0.6946
dilzz v2,sayaangaenii❤️‍🔥,0.664
dilzz v2,scc winoww,0.6795
dilzz v2,scc.,0.7558
dilzz v2,secccfldsuuu21,0.7107
dilzz v2,tinnyee,0.7776
dilzz v2,username12375,0.8055
dilzz v2,wdyt_,0.6604
dilzz v2,weird zeze🇩🇪,0.6661
dilzz v2,xlx🇮🇲,0.6714
dilzz v2,yaraaayaaaa,0.7162
dilzz v2,yogaaa21,0.7303
dilzz v2,zaka.ya,0.7161
dilzz v2,zannn,0.6828
dilzz v2,zazamm,0.65
dilzz v2,~~boyszzarddd~~ardboysss🇦🇱🪩,0.6727
dilzz v2,تسلق,0.6906
dilzz v2,ಠ_ರೃ,0.6867
dilzz v2,☝️👌👌cc,0.6637
dilzz v2,♥,0.8737
dilzz v2,𓏵,0.6629
dilzz v2,𝑱𝒖𝒍𝒊𝒂𝒏𝒏𝒏,0.6618
dilzz v2,𝓝𝓪𝔂𝓵𝓪_𝓓.𝓐,0.8346
dilzz v2,𝕳𝕬𝕴𝕶𝕬𝕷 𝖁1,0.6879
dilzz v2,𝘿𝙚𝙣,0.7103
dilzz v2,𝙾𝚛𝚢𝚣𝚊 𝚂𝚊𝚝𝚒𝚟𝚊 🌾,0.6714
dilzz v2,🏴󠁧󠁢󠁥󠁮󠁧󠁿🏴󠁧󠁢󠁥󠁮󠁧󠁿,0.6757
dilzz v2,🐦,0.7751
dilzz v2,👀,0.6854
dilzz v2,👾,0.6917
dilzz v2,🧋,0.7147
dimzz.stecu(setelan.cuwek💢🥶),donz2nd,0.6934
dimzz.stecu(setelan.cuwek💢🥶),dwk,0.7295
dimzz.stecu(setelan.cuwek💢🥶),dân stfu⸸,0.7946
dimzz.stecu(setelan.cuwek💢🥶),dín dlgk?,0.7199
dimzz.stecu(setelan.cuwek💢🥶),el smile,0.7493
dimzz.stecu(setelan.cuwek💢🥶),er,0.6625
dimzz.stecu(setelan.cuwek💢🥶),fakri,0.6726
dimzz.stecu(setelan.cuwek💢🥶),febriansyah,0.6633
dimzz.stecu(setelan.cuwek💢🥶),fikaa,0.6821
dimzz.stecu(setelan.cuwek💢🥶),finzz★,0.7482
dimzz.stecu(setelan.cuwek💢🥶),frzardtyaalvro,0.7565
dimzz.stecu(setelan.cuwek💢🥶),genzzz,0.711
dimzz.stecu(setelan.cuwek💢🥶),gesang wl,0.6568
dimzz.stecu(setelan.cuwek💢🥶),grandberkahdoaibu,0.7234
dimzz.stecu(setelan.cuwek💢🥶),hii i'm bayy.,0.6675
dimzz.stecu(setelan.cuwek💢🥶),hyan,0.7013
dimzz.stecu(setelan.cuwek💢🥶),hαpiz_boyss⚡,0.731
dimzz.stecu(setelan.cuwek💢🥶),i,0.6959
dimzz.stecu(setelan.cuwek💢🥶),ibunya ragaf,0.7453
dimzz.stecu(setelan.cuwek💢🥶),ig : d4agonz🥷🇦🇱,0.6579
dimzz.stecu(setelan.cuwek💢🥶),ig : d4haas.👾,0.6882
dimzz.stecu(setelan.cuwek💢🥶),ig:4ufa_l,0.6755
dimzz.stecu(setelan.cuwek💢🥶),ikhsan hair,0.7113
dimzz.stecu(setelan.cuwek💢🥶),im.p4yeng!!,0.6529
dimzz.stecu(setelan.cuwek💢🥶),inieidan,0.7156
dimzz.stecu(setelan.cuwek💢🥶),ivx.ixxi_vii~,0.6609
dimzz.stecu(setelan.cuwek💢🥶),jagoan orangtua,0.6806
dimzz.stecu(setelan.cuwek💢🥶),javrr⚡,0.7933
dimzz.stecu(setelan.cuwek💢🥶),jdr,0.6993
dimzz.stecu(setelan.cuwek💢🥶),jesiccaaa,0.7514
dimzz.stecu(setelan.cuwek💢🥶),kaji,0.7426
dimzz.stecu(setelan.cuwek💢🥶),kang bahar,0.7274
dimzz.stecu(setelan.cuwek💢🥶),kelzy24,0.6647
dimzz.stecu(setelan.cuwek💢🥶),kib3nk_ta,0.6632
dimzz.stecu(setelan.cuwek💢🥶),kin_💫,0.6586
dimzz.stecu(setelan.cuwek💢🥶),kruxill🎃,0.7874
dimzz.stecu(setelan.cuwek💢🥶),l4nkk,0.6782
dimzz.stecu(setelan.cuwek💢🥶),lah iya,0.6982
dimzz.stecu(setelan.cuwek💢🥶),lah?kenapa?,0.7243
dimzz.stecu(setelan.cuwek💢🥶),lele_byakar@gmail.comm,0.8263
dimzz.stecu(setelan.cuwek💢🥶),lihgal18,0.7805
dimzz.stecu(setelan.cuwek💢🥶),mas eng69,0.6586
dimzz.stecu(setelan.cuwek💢🥶),mawar hitam 🌹🗡️,0.8041
dimzz.stecu(setelan.cuwek💢🥶),mawarr,0.6744
dimzz.stecu(setelan.cuwek💢🥶),mhrullam,0.7331
dimzz.stecu(setelan.cuwek💢🥶),muhammadchilung,0.6832
dimzz.stecu(setelan.cuwek💢🥶),nadhiff👾,0.7494
dimzz.stecu(setelan.cuwek💢🥶),narzz🌊🌊,0.697
dimzz.stecu(setelan.cuwek💢🥶),ndre4you,0.6985
dimzz.stecu(setelan.cuwek💢🥶),nino,0.6815
dimzz.stecu(setelan.cuwek💢🥶),nnaann🔫,0.6582
dimzz.stecu(setelan.cuwek💢🥶),nobody,0.7382
dimzz.stecu(setelan.cuwek💢🥶),ol²²oy,0.8357
dimzz.stecu(setelan.cuwek💢🥶),p4tooookkkk,0.664
dimzz.stecu(setelan.cuwek💢🥶),pisangambon,0.6855
dimzz.stecu(setelan.cuwek💢🥶),praditailhm_,0.7409
dimzz.stecu(setelan.cuwek💢🥶),put,0.6781
dimzz.stecu(setelan.cuwek💢🥶),qila012,0.7335
dimzz.stecu(setelan.cuwek💢🥶),raf,0.657
dimzz.stecu(setelan.cuwek💢🥶),rafyy😹,0.6711
dimzz.stecu(setelan.cuwek💢🥶),rahmanpru,0.6574
dimzz.stecu(setelan.cuwek💢🥶),rahmat kartolo,0.6744
dimzz.stecu(setelan.cuwek💢🥶),rℹ️k🅾️🅾️🅾️,0.8232
dimzz.stecu(setelan.cuwek💢🥶),safi,0.6998
dimzz.stecu(setelan.cuwek💢🥶),sara ariska,0.6613
dimzz.stecu(setelan.cuwek💢🥶),satria 🙌,0.7415
dimzz.stecu(setelan.cuwek💢🥶),scc winoww,0.776
dimzz.stecu(setelan.cuwek💢🥶),scc.,0.6801
dimzz.stecu(setelan.cuwek💢🥶),secccfldsuuu21,0.6812
dimzz.stecu(setelan.cuwek💢🥶),sendiiisen©📍,0.7701
dimzz.stecu(setelan.cuwek💢🥶),septiana,0.6626
dimzz.stecu(setelan.cuwek💢🥶),stecu💤,0.6979
dimzz.stecu(setelan.cuwek💢🥶),syaf__👾👾,0.6935
dimzz.stecu(setelan.cuwek💢🥶),talasku99,0.7034
dimzz.stecu(setelan.cuwek💢🥶),tam,0.6904
dimzz.stecu(setelan.cuwek💢🥶),tangrajinngaji,0.6887
dimzz.stecu(setelan.cuwek💢🥶),teteh_jawa,0.703
dimzz.stecu(setelan.cuwek💢🥶),theeryoou,0.6819
dimzz.stecu(setelan.cuwek💢🥶),tinnyee,0.7194
dimzz.stecu(setelan.cuwek💢🥶),tofik.putra17,0.7326
dimzz.stecu(setelan.cuwek💢🥶),trisis,0.7149
dimzz.stecu(setelan.cuwek💢🥶),upin🐼,0.6719
dimzz.stecu(setelan.cuwek💢🥶),user13463#457344,0.6807
dimzz.stecu(setelan.cuwek💢🥶),va 17hd,0.7312
dimzz.stecu(setelan.cuwek💢🥶),van pablo,0.659
dimzz.stecu(setelan.cuwek💢🥶),vanooo,0.7166
dimzz.stecu(setelan.cuwek💢🥶),varkon🚀🚀,0.6568
dimzz.stecu(setelan.cuwek💢🥶),viann,0.7119
dimzz.stecu(setelan.cuwek💢🥶),vittss..,0.7265
dimzz.stecu(setelan.cuwek💢🥶),wo,0.6525
dimzz.stecu(setelan.cuwek💢🥶),wong elek,0.7158
dimzz.stecu(setelan.cuwek💢🥶),ws🪩,0.7139
dimzz.stecu(setelan.cuwek💢🥶),wzrd,0.6564
dimzz.stecu(setelan.cuwek💢🥶),yanuar,0.674
dimzz.stecu(setelan.cuwek💢🥶),yogaaa21,0.7459
dimzz.stecu(setelan.cuwek💢🥶),yyy,0.7334
dimzz.stecu(setelan.cuwek💢🥶),zaall,0.695
dimzz.stecu(setelan.cuwek💢🥶),zaka.ya,0.7185
dimzz.stecu(setelan.cuwek💢🥶),zazamm,0.7616
dimzz.stecu(setelan.cuwek💢🥶),zrill🇦🇱🇦🇱,0.7056
dimzz.stecu(setelan.cuwek💢🥶),ɴᴀᴛ,0.7146
dimzz.stecu(setelan.cuwek💢🥶),˚ ༘ 🦕𖦹⋆｡˚,0.7338
dimzz.stecu(setelan.cuwek💢🥶),⋇⋆✦chelsea ♛┈⛧♡,0.7136
dimzz.stecu(setelan.cuwek💢🥶),☝️👌👌cc,0.8115
dimzz.stecu(setelan.cuwek💢🥶),♥,0.6686
dimzz.stecu(setelan.cuwek💢🥶),✌️,0.7039
dimzz.stecu(setelan.cuwek💢🥶),マᥱž𝚊,0.7663
dimzz.stecu(setelan.cuwek💢🥶),윙고🇲🇨🇰🇷,0.6673
dimzz.stecu(setelan.cuwek💢🥶),️dika_sajah,0.6739
dimzz.stecu(setelan.cuwek💢🥶),￴ ￴ ￴  ￴ ￴ ￴ ￴ ￴,0.6793
dimzz.stecu(setelan.cuwek💢🥶),￴￴,0.746
dimzz.stecu(setelan.cuwek💢🥶),𝐫𝐢𝐝𝐨𝐨🕊️,0.679
dimzz.stecu(setelan.cuwek💢🥶),𝑱𝒖𝒍𝒊𝒂𝒏𝒏𝒏,0.7904
dimzz.stecu(setelan.cuwek💢🥶),𝕳𝕬𝕴𝕶𝕬𝕷 𝖁1,0.6629
dimzz.stecu(setelan.cuwek💢🥶),𝕶𝖞𝖓𝖟𝖟,0.6849
dimzz.stecu(setelan.cuwek💢🥶),𝘼𝙇𝙃𝘼𝙆𝙄𝙈𝙕,0.7153
dimzz.stecu(setelan.cuwek💢🥶),𝘿𝙚𝙣,0.7116
dimzz.stecu(setelan.cuwek💢🥶),𝙋𝙍𝙄𝙉𝘾𝙀 15,0.7175
dimzz.stecu(setelan.cuwek💢🥶),𝙡𝙚𝙣𝙜,0.7647
dimzz.stecu(setelan.cuwek💢🥶),🏴󠁧󠁢󠁥󠁮󠁧󠁿🏴󠁧󠁢󠁥󠁮󠁧󠁿,0.7678
dimzz.stecu(setelan.cuwek💢🥶),🐣,0.6755
dimzz.stecu(setelan.cuwek💢🥶),🐦,0.6623
dimzz.stecu(setelan.cuwek💢🥶),💩.,0.7083
dimzz.stecu(setelan.cuwek💢🥶),🕊,0.7704
dimzz.stecu(setelan.cuwek💢🥶),😡,0.7056
dip_16,fahri..☘️☘️,0.8216
dip_16,fuckingawerizsome,0.7317
dip_16,hamz storee,0.7083
dip_16,ini blue🔵💨,0.6627
dip_16,jok,0.7637
dip_16,joller🇦🇱,0.7361
dip_16,kasnudtone,0.6772
dip_16,kh,0.7064
dip_16,king persija,0.7334
dip_16,na.,0.7716
dip_16,naufabyktsr,0.6721
dip_16,noellnr🍒,0.7408
dip_16,nyong,0.7361
dip_16,nyong ibaim,0.6606
dip_16,p1n,0.8156
dip_16,pangerankodok77,0.7317
dip_16,parell✈️💤,0.7361
dip_16,pikaars?,0.6778
dip_16,proo,0.7361
dip_16,rass.,0.7361
dip_16,ristiana08,0.6599
dip_16,s. g. t.,0.7523
dip_16,sestu,0.7637
dip_16,sucilestaripp_08,0.7298
dip_16,syakila pbg,0.7637
dip_16,syaqella,0.6599
dip_16,tll,0.7785
dip_16,vinza,0.6948
dip_16,wong gringsing,0.7637
dip_16,yafzz•𝙯𝙤𝙡𝙙𝙮𝙠🔰💤,0.7317
dip_16,y🅰️hya?,1.0
dip_16,z4m,0.6654
dip_16,~~boyszzarddd~~ardboysss🇦🇱🪩,0.6721
dip_16,່,0.7361
dip_16,✧-ta_kepkat,0.6944
dip_16,❤️💛💚,0.7177
dip_16,𝐀𝐋𝐄𝐗𝐀𝐍𝐃𝐑𝐈𝐀,0.6552
dip_16,𝑦𝑦𝑦𝑦,1.0
dip_16,𝔅𝔩𝔲𝔢𝔢𝔅𝔬𝔬𝔰𝔱 💨💫,0.7651
dip_16,"𝖂𝖍𝖔'𝕾,𝕭𝖗𝖆𝖓රධ",0.6933
dip_16,𝗕𝗠𝗞𝗚,0.7361
dip_16,𝘁𝗿ē𝗻𝗱à𝗻𝘇𝘅,0.7361
dip_16,🌵dnd's_mom🌵,0.6565
dip_16,👻,0.693
dip_16,💫,0.855
dip_16,🔥theeam3ll⚡,0.7206
ditzzganteng,f4r11!🇦🇱🇦🇱,0.6665
ditzzganteng,fahri..☘️☘️,0.6973
ditzzganteng,fuckingawerizsome,0.6682
ditzzganteng,hamz storee,0.7116
ditzzganteng,hanipipipip,0.6928
ditzzganteng,jazkyy1233,0.6698
ditzzganteng,kh,0.6586
ditzzganteng,lekngasu,0.7117
ditzzganteng,mulyati,0.6648
ditzzganteng,noellnr🍒,0.6929
ditzzganteng,nyong ibaim,0.7011
ditzzganteng,official store🛒🛍️,0.6813
ditzzganteng,opangpar,0.7655
ditzzganteng,p1n,0.6586
ditzzganteng,pangerankodok77,0.6682
ditzzganteng,panggil vans✌️,0.6605
ditzzganteng,pdpputragemilang!,0.7188
ditzzganteng,railfans ngapak🅥,0.6606
ditzzganteng,rara,0.6699
ditzzganteng,tll,0.6692
ditzzganteng,wdyt_,0.8224
ditzzganteng,xlx🇮🇲,0.6798
ditzzganteng,yafzz•𝙯𝙤𝙡𝙙𝙮𝙠🔰💤,0.6682
ditzzganteng,you're okay reszz,0.6637
ditzzganteng,z4m,0.6664
ditzzganteng,ғɪᴋʀɪ🐦‍🔥,0.6892
ditzzganteng,ಠ_ರೃ,0.6903
ditzzganteng,𓏵,0.7552
ditzzganteng,"𝖂𝖍𝖔'𝕾,𝕭𝖗𝖆𝖓රධ",0.6784
ditzzganteng,💫,0.6529
ditzzganteng,🫧,0.6603
dly,dwi reny makmoy makm,0.6509
dly,edhy soekamto,0.6614
dly,fafang🕷️,0.6628
dly,faiz,0.8704
dly,fkhri,0.6793
dly,garangan mulet,0.6706
dly,hilman,0.7829
dly,hpiss,0.6747
dly,ibunya ragaf,0.6889
dly,ig :_17rrif★,0.7501
dly,ig: ?,0.6586
dly,inyong,0.6586
dly,joviinantaaaa,0.678
dly,jun santuy,0.8558
dly,juvvv,0.6571
dly,"kaa,a",0.757
dly,kaji,0.6516
dly,keee keee,0.7166
dly,kelzy24,0.6582
dly,kiking,0.681
dly,l3o m,0.8147
dly,l4ngz_strong,0.6735
dly,lah iya,0.7265
dly,m. rizqi_,0.6992
dly,masjack3195,0.6515
dly,mawar hitam 🌹🗡️,0.6783
dly,mbahnya nafisha dan sava,0.7505
dly,mbuhsapa🤥,0.7501
dly,mengomentari postingan anda,0.8096
dly,mka. kka,0.7119
dly,muhamad rian,0.7373
dly,mynnn,0.7854
dly,naufabyktsr,0.7757
dly,nick!!!,0.7907
dly,nobody,0.6923
dly,nur fadil,0.6662
dly,nuuuuu,0.8257
dly,pak haji,0.6776
dly,pak haji sara,0.7835
dly,panggil vans✌️,0.7332
dly,pecey yeye,0.6735
dly,pip2nd🧿,0.6877
dly,princess 💅,0.6745
dly,r4ndsyh,0.6789
dly,ranji💤,0.6968
dly,reval soso,0.6849
dly,rizzstecu✌️,0.7004
dly,rzl,0.6834
dly,sabiantiwulariata,0.6632
dly,sapa bae,0.6588
dly,satria 🙌,0.6569
dly,say,0.6699
dly,sayaangaenii❤️‍🔥,0.6973
dly,scc.,0.697
dly,secccfldsuuu21,0.6902
dly,septiana,0.6506
dly,sopo》,0.8589
dly,the last good man,0.6745
dly,tinnyee,0.7213
dly,username12375,0.6733
dly,uuppio,0.6981
dly,xlx🇮🇲,0.7309
dly,yaraaayaaaa,0.6657
dly,yogaaa21,0.689
dly,zain,0.6705
dly,zannn,0.7372
dly,zrill💥,0.8838
dly,~~boyszzarddd~~ardboysss🇦🇱🪩,0.7757
dly,▪️,0.7663
dly,♥,0.6785
dly,𝓝𝓪𝔂𝓵𝓪_𝓓.𝓐,0.6646
dly,𝕳𝕬𝕴𝕶𝕬𝕷 𝖁1,0.6952
dly,𝙾𝚛𝚢𝚣𝚊 𝚂𝚊𝚝𝚒𝚟𝚊 🌾,0.7015
dly,🐦,0.6821
dly,👻hsb👻,0.8362
dly,👾,0.8257
dly,🧋,0.7369
dnnyourlgh★,hanifnur,0.7001
dnnyourlgh★,m6uladi.,0.681
dnnyourlgh★,maulll suka suka,0.6951
dnnyourlgh★,ristiani14,0.6938
do,dwi reny makmoy makm,0.6626
do,"elan jangan nakal ya, iya mah",0.6847
do,elyraa,0.6544
do,faaa12,0.6505
do,fann,0.6527
do,f⚡,0.657
do,garangan mulet,0.7023
do,glowupbareng.id,0.6754
do,granddream,0.6583
do,"gzzz,💤",0.6815
do,hpiss,0.6963
do,im.p4yeng!!,0.6699
do,jarot bae,0.7271
do,keee keee,0.7638
do,kelzy24,0.7537
do,kizy🇦🇱,0.6885
do,l4ngz_strong,0.6804
do,lah iya,0.6923
do,m. rizqi_,0.6774
do,mamaz ap,0.6919
do,martati,0.6583
do,maulll suka suka,0.7074
do,mrco,0.6654
do,n,0.6725
do,nayor,0.6869
do,nuuuu,0.6699
do,nuuuuu,0.7086
do,osdaglog14,0.7021
do,patrick bateman,0.7609
do,pecey yeye,0.6804
do,putra barepjr,0.6503
do,putz!!,0.661
do,r e t z,0.6847
do,r4ndsyh,0.6511
do,reendstore,0.6662
do,rehan.aj,0.6578
do,sabiantiwulariata,0.6538
do,saitama.botak6,0.7011
do,sazz,0.6741
do,sn0w,0.6745
do,sri66790,0.6843
do,the last good man,0.7831
do,tole bf official316,0.698
do,ultrambuttttt,0.6597
do,userr4532552,0.703
do,uuppio,0.7175
do,vinss,0.6935
do,vnn$fomo,0.6729
do,wdyt_,0.6602
do,weird zeze🇩🇪,0.6542
do,wh0,0.653
do,yogszz⚡,0.6739
do,zain,0.7256
do,zannn,0.6721
do,àlwàysdip,0.6647
do,˚꩜｡⋆˚࿔ 𝔂𝓪𝔂𝓪 𝜗𝜚˚⋆🧸ྀི,0.6896
do,𝘉𝘐 𝔟𝔢𝔫𝔠𝔦 𝔠𝔦𝔫𝔱𝔞~,0.6531
do,𝙾𝚛𝚢𝚣𝚊 𝚂𝚊𝚝𝚒𝚟𝚊 🌾,0.681
do,🆘,0.6982
do,👾,0.7086
do,🕸️,0.6623
do,🫧,0.6627
donz2nd,dubidubidam5,0.748
donz2nd,dwi reny makmoy makm,0.7106
donz2nd,dwk,0.7599
donz2nd,dân stfu⸸,0.7319
donz2nd,dín dlgk?,0.7334
donz2nd,dɹısɐɐɐ,0.7232
donz2nd,edhy soekamto,0.755
donz2nd,el smile,0.7431
donz2nd,ens,0.7277
donz2nd,er,0.6551
donz2nd,espede racing,0.8429
donz2nd,f,0.682
donz2nd,faaa12,0.69
donz2nd,fafang🕷️,0.7152
donz2nd,faiqqqqqqq,0.6873
donz2nd,fakri,0.7785
donz2nd,farrel,0.7311
donz2nd,ffi🕷️,0.7385
donz2nd,fikaa,0.7779
donz2nd,fin.,0.6597
donz2nd,frzardtyaalvro,0.7802
donz2nd,fwarelll123,0.6695
donz2nd,g,0.722
donz2nd,genjur,0.7101
donz2nd,genzzz,0.7612
donz2nd,gh4ny1,0.6593
donz2nd,grandberkahdoaibu,0.6752
donz2nd,hermanto,0.7758
donz2nd,hibban∆,0.7203
donz2nd,hii i'm bayy.,0.7182
donz2nd,hpiss,0.6716
donz2nd,hyan,0.6553
donz2nd,hαpiz_boyss⚡,0.6921
donz2nd,hαηs кαккσɪɪ.dnd.,0.6753
donz2nd,i,0.6743
donz2nd,ibunya ragaf,0.7721
donz2nd,ifaashion.id,0.7123
donz2nd,ig : d4haas.👾,0.7361
donz2nd,ig: ?,0.704
donz2nd,ig:4ufa_l,0.7248
donz2nd,ikhsan hair,0.6738
donz2nd,im.p4yeng!!,0.6758
donz2nd,inieidan,0.7105
donz2nd,inyong,0.704
donz2nd,jagoan orangtua,0.8045
donz2nd,javrr⚡,0.8175
donz2nd,jdr,0.777
donz2nd,jepri night🦸,0.7164
donz2nd,jesiccaaa,0.7174
donz2nd,just friend🙂,0.7002
donz2nd,"kaa,a",0.6924
donz2nd,kaji,0.6849
donz2nd,kang bahar,0.7201
donz2nd,keee keee,0.6848
donz2nd,kian santang,0.6785
donz2nd,"kicau mania""😷✌",0.6516
donz2nd,kin_💫,0.7263
donz2nd,kruxill🎃,0.737
donz2nd,l4nkk,0.7247
donz2nd,lah iya,0.7807
donz2nd,lah?kenapa?,0.6992
donz2nd,lele_byakar@gmail.comm,0.7679
donz2nd,lihgal18,0.7372
donz2nd,mawar hitam 🌹🗡️,0.7478
donz2nd,mawarr,0.6824
donz2nd,mengomentari postingan anda,0.6776
donz2nd,mhrullam,0.7718
donz2nd,mka. kka,0.7363
donz2nd,mmmmm,0.7118
donz2nd,mommy bibiel,0.6941
donz2nd,muhammadchilung,0.7867
donz2nd,mvinta,0.7403
donz2nd,mykids,0.7034
donz2nd,naa_,0.6641
donz2nd,nadhiff👾,0.7598
donz2nd,nar setecu🌀💤🌊,0.6935
donz2nd,narti,0.6769
donz2nd,narzz🌊🌊,0.721
donz2nd,ndre4you,0.6542
donz2nd,neyymar kee jakarta,0.6594
donz2nd,nnaann🔫,0.6926
donz2nd,nobody,0.762
donz2nd,nur fadil,0.6777
donz2nd,nuuuuu,0.6501
donz2nd,ol²²oy,0.7093
donz2nd,oz_,0.7807
donz2nd,p4tooookkkk,0.8027
donz2nd,padil,0.6985
donz2nd,pak haji,0.7445
donz2nd,pak haji sara,0.7042
donz2nd,pangeran k,0.6878
donz2nd,patirrrv2🖤,0.6603
donz2nd,pip2nd🧿,0.7134
donz2nd,pisangambon,0.7184
donz2nd,piscesmod,0.6945
donz2nd,praditailhm_,0.7863
donz2nd,princess 💅,0.741
donz2nd,put,0.7475
donz2nd,qila012,0.7886
donz2nd,raf,0.6899
donz2nd,rafyy😹,0.6799
donz2nd,rahmat kartolo,0.7694
donz2nd,rempeyek_500🌊,0.7245
donz2nd,rfky,0.726
donz2nd,rijakipp,0.685
donz2nd,rivann.ahah,0.6749
donz2nd,rizzstecu✌️,0.6852
donz2nd,rzl,0.7245
donz2nd,rℹ️k🅾️🅾️🅾️,0.7545
donz2nd,safi,0.7183
donz2nd,samshl_22,0.6784
donz2nd,sara ariska,0.6896
donz2nd,satria 🙌,0.8521
donz2nd,satyaa ✦,0.6697
donz2nd,scc winoww,0.7418
donz2nd,scc.,0.7545
donz2nd,secccfldsuuu21,0.7913
donz2nd,sendiiisen©📍,0.7362
donz2nd,set? iy syng,0.6838
donz2nd,si kucing,0.7203
donz2nd,stecu💤,0.728
donz2nd,superman,0.6768
donz2nd,syaf__👾👾,0.7215
donz2nd,talasku99,0.6518
donz2nd,tam,0.7978
donz2nd,tangrajinngaji,0.7528
donz2nd,taxi barang purwokerto,0.7258
donz2nd,teteh_jawa,0.6778
donz2nd,theeryoou,0.7089
donz2nd,tinnyee,0.784
donz2nd,tofik.putra17,0.8364
donz2nd,user13463#457344,0.7694
donz2nd,user7098643456,0.72
donz2nd,uuppio,0.6797
donz2nd,va 17hd,0.7386
donz2nd,van pablo,0.737
donz2nd,vanooo,0.7051
donz2nd,viann,0.8168
donz2nd,vittss..,0.6809
donz2nd,wiindoc,0.6572
donz2nd,wo,0.6692
donz2nd,wong elek,0.7083
donz2nd,wongwonganmumet,0.6971
donz2nd,ws🪩,0.7998
donz2nd,wzrd,0.7539
donz2nd,yanuar,0.7219
donz2nd,yaraaayaaaa,0.76
donz2nd,yesakiw,0.6522
donz2nd,yogaaa21,0.7479
donz2nd,yyy,0.7102
donz2nd,y💥💯                😛,0.7263
donz2nd,z4kk🇦🇱🇦🇱,0.7303
donz2nd,zaall,0.7006
donz2nd,zain,0.7097
donz2nd,zaka.ya,0.8077
donz2nd,zazamm,0.7631
donz2nd,zeniperr,0.7464
donz2nd,zppcx,0.6527
donz2nd,zrill🇦🇱🇦🇱,0.7526
donz2nd,àlwàysdip,0.6679
donz2nd,ɴᴀᴛ,0.6674
donz2nd,˚ ༘ 🦕𖦹⋆｡˚,0.7965
donz2nd,فەیزال,0.7083
donz2nd,™.yunz ★ 447.¥,0.6616
donz2nd,⋇⋆✦chelsea ♛┈⛧♡,0.7627
donz2nd,★,0.714
donz2nd,☝️👌👌cc,0.7155
donz2nd,♥,0.6832
donz2nd,✌️,0.6709
donz2nd,ザキ・アルディアンシア,0.6531
donz2nd,マᥱž𝚊,0.6525
donz2nd,윙고🇲🇨🇰🇷,0.7195
donz2nd,️dika_sajah,0.7549
donz2nd,￴,0.6819
donz2nd,￴ ￴ ￴  ￴ ￴ ￴ ￴ ￴,0.7195
donz2nd,￴￴,0.7044
donz2nd,𝐫𝐢𝐝𝐨𝐨🕊️,0.6986
donz2nd,𝑱𝒖𝒍𝒊𝒂𝒏𝒏𝒏,0.7006
donz2nd,𝓝𝓪𝔂𝓵𝓪_𝓓.𝓐,0.7396
donz2nd,𝕳𝕬𝕴𝕶𝕬𝕷 𝖁1,0.8445
donz2nd,𝕶𝖞𝖓𝖟𝖟,0.706
donz2nd,𝘼𝙇𝙃𝘼𝙆𝙄𝙈𝙕,0.6954
donz2nd,𝘿𝙚𝙣,0.7583
donz2nd,𝙋𝙍𝙄𝙉𝘾𝙀 15,0.7702
donz2nd,𝙖𝙩𝙨𝙨,0.6728
donz2nd,𝙡𝙚𝙣𝙜,0.8167
donz2nd,𝙧𝙖𝙙𝙚𝙣𝙣𝙠𝙪𝙘𝙞𝙩𝙩🌊,0.7355
donz2nd,🏴󠁧󠁢󠁥󠁮󠁧󠁿🏴󠁧󠁢󠁥󠁮󠁧󠁿,0.6834
donz2nd,🐣,0.6929
donz2nd,🐦,0.6957
donz2nd,👾,0.6501
donz2nd,💋,0.7438
donz2nd,💩.,0.6679
donz2nd,🔴⚪,0.6725
donz2nd,🕊,0.8363
donz2nd,🧋,0.6582
dubidubidam5,dwi reny makmoy makm,0.7206
dubidubidam5,dwk,0.7567
dubidubidam5,dín dlgk?,0.6539
dubidubidam5,dɹısɐɐɐ,0.7181
dubidubidam5,edhy soekamto,0.7339
dubidubidam5,el smile,0.6681
dubidubidam5,ens,0.805
dubidubidam5,espede racing,0.7574
dubidubidam5,faaa12,0.6537
dubidubidam5,farrel,0.6875
dubidubidam5,ffi🕷️,0.7884
dubidubidam5,fikaa,0.6566
dubidubidam5,fin.,0.6904
dubidubidam5,frzardtyaalvro,0.6557
dubidubidam5,fwarelll123,0.6684
dubidubidam5,genjur,0.7365
dubidubidam5,genzzz,0.6537
dubidubidam5,gh4ny1,0.6803
dubidubidam5,hermanto,0.674
dubidubidam5,hibban∆,0.707
dubidubidam5,hii i'm bayy.,0.6711
dubidubidam5,ibunya ragaf,0.6784
dubidubidam5,ig : d4haas.👾,0.709
dubidubidam5,iis dukha,0.6553
dubidubidam5,im.p4yeng!!,0.6861
dubidubidam5,inieidan,0.6911
dubidubidam5,jagoan orangtua,0.6844
dubidubidam5,javrr⚡,0.7244
dubidubidam5,jdr,0.6708
dubidubidam5,jepri night🦸,0.8044
dubidubidam5,just friend🙂,0.6739
dubidubidam5,juvvv,0.6891
dubidubidam5,kang bahar,0.6588
dubidubidam5,kian santang,0.686
dubidubidam5,kin_💫,0.6813
dubidubidam5,kkpann!,0.7381
dubidubidam5,l4nkk,0.6896
dubidubidam5,lah?kenapa?,0.7002
dubidubidam5,lele_byakar@gmail.comm,0.6699
dubidubidam5,leo,0.666
dubidubidam5,masayu,0.7042
dubidubidam5,mhrullam,0.7192
dubidubidam5,mmmmm,0.6761
dubidubidam5,mommy bibiel,0.6578
dubidubidam5,muhammadchilung,0.7237
dubidubidam5,mvinta,0.7136
dubidubidam5,naa_,0.6634
dubidubidam5,nadhiff👾,0.6509
dubidubidam5,nar setecu🌀💤🌊,0.6521
dubidubidam5,narti,0.7028
dubidubidam5,narzz🌊🌊,0.6671
dubidubidam5,neyymar kee jakarta,0.6734
dubidubidam5,nnaann🔫,0.7457
dubidubidam5,nobody,0.6615
dubidubidam5,oz_,0.6734
dubidubidam5,p4tooookkkk,0.7672
dubidubidam5,padil,0.7246
dubidubidam5,pangeran k,0.6984
dubidubidam5,pip2nd🧿,0.6911
dubidubidam5,pisangambon,0.6996
dubidubidam5,piscesmod,0.666
dubidubidam5,praditailhm_,0.7232
dubidubidam5,put,0.7956
dubidubidam5,qila012,0.7295
dubidubidam5,rahmat kartolo,0.683
dubidubidam5,regialparij,0.6802
dubidubidam5,rempeyek_500🌊,0.7468
dubidubidam5,rfky,0.8098
dubidubidam5,rijakipp,0.7932
dubidubidam5,rivann.ahah,0.6698
dubidubidam5,safi,0.66
dubidubidam5,satria 🙌,0.7034
dubidubidam5,satyaa ✦,0.66
dubidubidam5,scc winoww,0.6542
dubidubidam5,secccfldsuuu21,0.6759
dubidubidam5,sendiiisen©📍,0.688
dubidubidam5,set? iy syng,0.6743
dubidubidam5,si kucing,0.7703
dubidubidam5,single era,0.6559
dubidubidam5,sleep the saunt,0.6972
dubidubidam5,stecu💤,0.6907
dubidubidam5,syaf__👾👾,0.6539
dubidubidam5,tam,0.6684
dubidubidam5,tangrajinngaji,0.6663
dubidubidam5,taxi barang purwokerto,0.6881
dubidubidam5,teteh_jawa,0.6633
dubidubidam5,tofik.putra17,0.7246
dubidubidam5,user13463#457344,0.6895
dubidubidam5,user7098643456,0.7412
dubidubidam5,va 17hd,0.6921
dubidubidam5,van pablo,0.6556
dubidubidam5,viann,0.7236
dubidubidam5,vittss..,0.6922
dubidubidam5,wo,0.6784
dubidubidam5,wong elek,0.7197
dubidubidam5,wongwonganmumet,0.774
dubidubidam5,ws🪩,0.7343
dubidubidam5,wzrd,0.7328
dubidubidam5,yanuar,0.6771
dubidubidam5,yhahaha,0.6661
dubidubidam5,yyy,0.6714
dubidubidam5,y💥💯                😛,0.8231
dubidubidam5,z4kk🇦🇱🇦🇱,0.6964
dubidubidam5,zaall,0.6897
dubidubidam5,zaka.ya,0.7176
dubidubidam5,zazamm,0.66
dubidubidam5,zeniperr,0.7289
dubidubidam5,zrill🇦🇱🇦🇱,0.7211
dubidubidam5,ɴᴀᴛ,0.705
dubidubidam5,˚ ༘ 🦕𖦹⋆｡˚,0.7245
dubidubidam5,فەیزال,0.6504
dubidubidam5,™.yunz ★ 447.¥,0.6891
dubidubidam5,⋇⋆✦chelsea ♛┈⛧♡,0.7323
dubidubidam5,★,0.6938
dubidubidam5,윙고🇲🇨🇰🇷,0.6999
dubidubidam5,️dika_sajah,0.8171
dubidubidam5,￴,0.6987
dubidubidam5,￴ ￴ ￴  ￴ ￴ ￴ ￴ ￴,0.6824
dubidubidam5,𝕳𝕬𝕴𝕶𝕬𝕷 𝖁1,0.6755
dubidubidam5,𝙋𝙍𝙄𝙉𝘾𝙀 15,0.7244
dubidubidam5,𝙡𝙚𝙣𝙜,0.7427
dubidubidam5,𝙧𝙖𝙙𝙚𝙣𝙣𝙠𝙪𝙘𝙞𝙩𝙩🌊,0.7415
dubidubidam5,💋,0.712
dubidubidam5,🕊,0.7432
dubidubidam5,😡,0.6578
duda lanang,saitama.botak6,0.662
duda lanang,🫧,0.6698
duta oghe,icin,0.6668
duta oghe,nayzz🚀,0.6618
duta oghe,oceanblue,0.8341
duta oghe,zexx'777,0.6516
duta oghe,😂,0.769
duwiii,dwisetyarinii,0.7107
duwiii,enaksekali,1.0
duwiii,enjoyss,0.7261
duwiii,excel😶‍🌫️            akun №1,0.785
duwiii,fernanda,1.0
duwiii,firmannnnnnnn,1.0
duwiii,fittdos,0.7107
duwiii,fzryyyy,0.7054
duwiii,gl badax,0.8452
duwiii,haniiif,0.8452
duwiii,ig: ryaaa.06_,0.7528
duwiii,iin,0.8452
duwiii,indomaret 24 jam,0.7184
duwiii,juprianto anto,0.7107
duwiii,kd urng ya,0.8452
duwiii,kembali datang,0.7261
duwiii,kenzo.s.m.z,1.0
duwiii,lakmen,0.6874
duwiii,luthfyyy,0.7107
duwiii,mahendri,0.6602
duwiii,mas_drun,0.7107
duwiii,n4uf@l 4j4,0.72
duwiii,nanangmungils1,0.8452
duwiii,nipzzz,0.7549
duwiii,nycxstore,0.6549
duwiii,ovl,0.7528
duwiii,panzskbd,0.8452
duwiii,pikaars?,0.6747
duwiii,rezx2nd,1.0
duwiii,riff,1.0
duwiii,sannzxkce,0.6708
duwiii,satriaaa,0.7639
duwiii,scorpio🦂,1.0
duwiii,sinfloww,0.7107
duwiii,tri yulianti,0.8452
duwiii,vann 🌳,0.7717
duwiii,veri ramandani18,0.7107
duwiii,ye,0.6851
duwiii,⠀ ⠀ ⠀ ⠀ ⠀᠌,0.8452
duwiii,🄱🄰🅈🅄🄸🄽🄳🄰🄷🄾🄵🄵🅂🄴🅃,0.7271
duwiii,🌵dnd's_mom🌵,0.6685
duwiii,🐚🫧🪩,0.6677
dvaaa,f4r11!🇦🇱🇦🇱,0.6527
dvaaa,gntaa,0.7589
dvaaa,hanipipipip,0.6546
dvaaa,ini blue🔵💨,0.6725
dvaaa,joller🇦🇱,0.7397
dvaaa,m. rizqi_,0.6716
dvaaa,na.,0.6842
dvaaa,naufabyktsr,0.6552
dvaaa,ngọc,0.699
dvaaa,nyong,0.7397
dvaaa,n⭐👽,0.676
dvaaa,parell✈️💤,0.7397
dvaaa,proo,0.7397
dvaaa,puji_kodrat,0.6509
dvaaa,r4ndsyh,0.6651
dvaaa,ranji💤,0.7101
dvaaa,rass.,0.7397
dvaaa,rehan.aj,0.7307
dvaaa,rezz_brew,0.6541
dvaaa,rizzstecu✌️,0.7033
dvaaa,vannn opet,0.6545
dvaaa,wdyt_,0.6925
dvaaa,weird zeze🇩🇪,0.6683
dvaaa,ziee_1901,0.6596
dvaaa,~~boyszzarddd~~ardboysss🇦🇱🪩,0.6552
dvaaa,ғɪᴋʀɪ🐦‍🔥,0.6705
dvaaa,່,0.7397
dvaaa,✧-ta_kepkat,0.8146
dvaaa,❤️💛💚,0.7245
dvaaa,ꦲꦼꦤ꧀ꦝꦺꦴꦱ꧀,0.7481
dvaaa,𓆈🌊,0.6895
dvaaa,𝔅𝔩𝔲𝔢𝔢𝔅𝔬𝔬𝔰𝔱 💨💫,0.6726
dvaaa,"𝖂𝖍𝖔'𝕾,𝕭𝖗𝖆𝖓රධ",0.6816
dvaaa,𝖗𝖎𝖟𝖝𝖈𝖔🇦🇱,0.6865
dvaaa,𝗕𝗠𝗞𝗚,0.7397
dvaaa,𝘁𝗿ē𝗻𝗱à𝗻𝘇𝘅,0.7397
dvaaa,𝘉𝘐 𝔟𝔢𝔫𝔠𝔦 𝔠𝔦𝔫𝔱𝔞~,0.6975
dvaaa,🔥theeam3ll⚡,0.8646
dvindylndra,dzikriibrgzazdn,0.7297
dvindylndra,espede racing,0.6512
dvindylndra,farrel,0.6648
dvindylndra,fi🅰️n6️⃣,0.69
dvindylndra,frhnbaeω,0.6823
dvindylndra,g,0.7487
dvindylndra,granddream,0.6663
dvindylndra,inieidan,0.6629
dvindylndra,kall,0.6992
dvindylndra,maswilll,0.6801
dvindylndra,namaku atha,0.6514
dvindylndra,nha_nha88,0.6593
dvindylndra,r,0.7127
dvindylndra,rian(rivan fian),0.692
dvindylndra,rimzsukaessedoublechange🤤,0.7206
dvindylndra,se'pull_maxwill,0.6647
dvindylndra,wiwut,0.6572
dvindylndra,zouheir.yaz_ze,0.6554
dvindylndra,| ig : @aseprmadanni,0.7275
dvindylndra,윙고🇲🇨🇰🇷,0.6569
dvindylndra,𝐫𝐢𝐝𝐨𝐨🕊️,0.6742
dvindylndra,𝙔𝙊𝙂𝙂𝘼𝘼⭐💦,0.6686
dvindylndra,𝙖𝙩𝙨𝙨,0.6549
dwi reny makmoy makm,dwk,0.6574
dwi reny makmoy makm,dɹısɐɐɐ,0.8227
dwi reny makmoy makm,edhy soekamto,0.8096
dwi reny makmoy makm,elyraa,0.6653
dwi reny makmoy makm,ens,0.8289
dwi reny makmoy makm,faaa12,0.7277
dwi reny makmoy makm,farrel,0.7235
dwi reny makmoy makm,febriansyah,0.6578
dwi reny makmoy makm,ffi🕷️,0.7607
dwi reny makmoy makm,frzardtyaalvro,0.6902
dwi reny makmoy makm,f⚡,0.6511
dwi reny makmoy makm,garangan mulet,0.7301
dwi reny makmoy makm,genjur,0.6619
dwi reny makmoy makm,hpiss,0.7853
dwi reny makmoy makm,ibunya ragaf,0.7083
dwi reny makmoy makm,ig : d4haas.👾,0.7192
dwi reny makmoy makm,ikhsan hair,0.7058
dwi reny makmoy makm,im.p4yeng!!,0.7954
dwi reny makmoy makm,ininaufal,0.7116
dwi reny makmoy makm,jagoan orangtua,0.6564
dwi reny makmoy makm,javrr⚡,0.7203
dwi reny makmoy makm,jepri night🦸,0.8254
dwi reny makmoy makm,jesiccaaa,0.6677
dwi reny makmoy makm,juvvv,0.7339
dwi reny makmoy makm,kelzy24,0.7028
dwi reny makmoy makm,kian santang,0.6647
dwi reny makmoy makm,"kicau mania""😷✌",0.7198
dwi reny makmoy makm,kii,0.6804
dwi reny makmoy makm,kkpann!,0.7206
dwi reny makmoy makm,kruxill🎃,0.7147
dwi reny makmoy makm,kuwi4526,0.687
dwi reny makmoy makm,lah iya,0.7723
dwi reny makmoy makm,lah?kenapa?,0.7108
dwi reny makmoy makm,lele_byakar@gmail.comm,0.6885
dwi reny makmoy makm,losemyself,0.6678
dwi reny makmoy makm,mama alzak,0.67
dwi reny makmoy makm,mas_dawet,0.6731
dwi reny makmoy makm,masayu,0.7188
dwi reny makmoy makm,masrianto manalu,0.6508
dwi reny makmoy makm,mawar hitam 🌹🗡️,0.7403
dwi reny makmoy makm,mengomentari postingan anda,0.7014
dwi reny makmoy makm,mhrullam,0.675
dwi reny makmoy makm,muhamad rian,0.6621
dwi reny makmoy makm,mvinta,0.7073
dwi reny makmoy makm,ndre4you,0.6677
dwi reny makmoy makm,nino,0.7274
dwi reny makmoy makm,nnaann🔫,0.6803
dwi reny makmoy makm,nobody,0.7417
dwi reny makmoy makm,nuuuu,0.6812
dwi reny makmoy makm,nuuuuu,0.7462
dwi reny makmoy makm,ol²²oy,0.6544
dwi reny makmoy makm,p4tooookkkk,0.6589
dwi reny makmoy makm,padil,0.712
dwi reny makmoy makm,pangeran k,0.6967
dwi reny makmoy makm,patrick bateman,0.6872
dwi reny makmoy makm,pip2nd🧿,0.8347
dwi reny makmoy makm,pisangambon,0.7101
dwi reny makmoy makm,piscesmod,0.6683
dwi reny makmoy makm,put,0.8142
dwi reny makmoy makm,r4ndsyh,0.6581
dwi reny makmoy makm,rahmat kartolo,0.6866
dwi reny makmoy makm,railfans ngapak🅥,0.6791
dwi reny makmoy makm,regialparij,0.6657
dwi reny makmoy makm,rempeyek_500🌊,0.7378
dwi reny makmoy makm,rfky,0.7209
dwi reny makmoy makm,rijakipp,0.6917
dwi reny makmoy makm,rivann.ahah,0.6757
dwi reny makmoy makm,rizzstecu✌️,0.6522
dwi reny makmoy makm,ryy_,0.6532
dwi reny makmoy makm,rℹ️k🅾️🅾️🅾️,0.6822
dwi reny makmoy makm,sabiantiwulariata,0.6578
dwi reny makmoy makm,safi,0.6527
dwi reny makmoy makm,satria 🙌,0.7423
dwi reny makmoy makm,satyaa ✦,0.8002
dwi reny makmoy makm,scc.,0.6611
dwi reny makmoy makm,secccfldsuuu21,0.673
dwi reny makmoy makm,selialls,0.699
dwi reny makmoy makm,si kucing,0.7784
dwi reny makmoy makm,sleep the saunt,0.6705
dwi reny makmoy makm,sn0w,0.676
dwi reny makmoy makm,sopo》,0.7131
dwi reny makmoy makm,stecu💤,0.7504
dwi reny makmoy makm,superman,0.6885
dwi reny makmoy makm,syaf__👾👾,0.692
dwi reny makmoy makm,talasku99,0.6913
dwi reny makmoy makm,tam,0.6943
dwi reny makmoy makm,taxi barang purwokerto,0.6682
dwi reny makmoy makm,teteh_jawa,0.7173
dwi reny makmoy makm,the last good man,0.7286
dwi reny makmoy makm,tinnyee,0.6858
dwi reny makmoy makm,tofik.putra17,0.7131
dwi reny makmoy makm,user7098643456,0.7152
dwi reny makmoy makm,vannn opet,0.6679
dwi reny makmoy makm,vinss,0.7815
dwi reny makmoy makm,vittss..,0.6805
dwi reny makmoy makm,vnn$fomo,0.7821
dwi reny makmoy makm,weird zeze🇩🇪,0.7245
dwi reny makmoy makm,wongwonganmumet,0.7883
dwi reny makmoy makm,ws🪩,0.6819
dwi reny makmoy makm,wzrd,0.7176
dwi reny makmoy makm,yogaaa21,0.6786
dwi reny makmoy makm,y💥💯                😛,0.7318
dwi reny makmoy makm,z4kk🇦🇱🇦🇱,0.7152
dwi reny makmoy makm,zaall,0.8035
dwi reny makmoy makm,zain,0.8419
dwi reny makmoy makm,zaka.ya,0.7308
dwi reny makmoy makm,zannn,0.7279
dwi reny makmoy makm,zeniperr,0.6683
dwi reny makmoy makm,zppcx,0.6967
dwi reny makmoy makm,zrill🇦🇱🇦🇱,0.681
dwi reny makmoy makm,zrill💥,0.7028
dwi reny makmoy makm,àlwàysdip,0.6916
dwi reny makmoy makm,ɴᴀᴛ,0.7314
dwi reny makmoy makm,ᴘɪᴋᴀғʀɪᴇᴅᴄʜɪᴄᴋᴇɴ,0.7274
dwi reny makmoy makm,⋇⋆✦chelsea ♛┈⛧♡,0.6764
dwi reny makmoy makm,★,0.7085
dwi reny makmoy makm,☝️👌👌cc,0.6844
dwi reny makmoy makm,♥,0.7287
dwi reny makmoy makm,꧁epep꧂,0.6835
dwi reny makmoy makm,️dika_sajah,0.7867
dwi reny makmoy makm,𝕳𝕬𝕴𝕶𝕬𝕷 𝖁1,0.6563
dwi reny makmoy makm,𝙡𝙚𝙣𝙜,0.6757
dwi reny makmoy makm,𝙾𝚛𝚢𝚣𝚊 𝚂𝚊𝚝𝚒𝚟𝚊 🌾,0.7065
dwi reny makmoy makm,👾,0.7462
dwi reny makmoy makm,💋,0.7644
dwi reny makmoy makm,🕊,0.6912
dwi reny makmoy makm,😡,0.6828
dwisetyarinii,enaksekali,0.7107
dwisetyarinii,enjoyss,0.7804
dwisetyarinii,excel😶‍🌫️            akun №1,0.7619
dwisetyarinii,fernanda,0.7107
dwisetyarinii,firmannnnnnnn,0.7107
dwisetyarinii,fittdos,1.0
dwisetyarinii,gl badax,0.8055
dwisetyarinii,haniiif,0.8055
dwisetyarinii,iin,0.8055
dwisetyarinii,ini punya aku 🤪,0.7278
dwisetyarinii,juprianto anto,1.0
dwisetyarinii,kd urng ya,0.8055
dwisetyarinii,kembali datang,0.7804
dwisetyarinii,kenzo.s.m.z,0.7107
dwisetyarinii,lakmen,0.6829
dwisetyarinii,luthfyyy,1.0
dwisetyarinii,mas_drun,1.0
dwisetyarinii,n4uf@l 4j4,0.6723
dwisetyarinii,nanangmungils1,0.8055
dwisetyarinii,nipzzz,0.7101
dwisetyarinii,panzskbd,0.8055
dwisetyarinii,pikaars?,0.681
dwisetyarinii,pitawidiono,0.7697
dwisetyarinii,r 4 5 ya,0.7866
dwisetyarinii,r.a sbg team,0.7145
dwisetyarinii,rezx2nd,0.7107
dwisetyarinii,riff,0.7107
dwisetyarinii,sannzxkce,0.6506
dwisetyarinii,scorpio🦂,0.7107
dwisetyarinii,seli🌸,0.8043
dwisetyarinii,sinfloww,1.0
dwisetyarinii,sopo iki?,0.6912
dwisetyarinii,tri yulianti,0.8055
dwisetyarinii,veri ramandani18,1.0
dwisetyarinii,wien,0.8043
dwisetyarinii,wisnu krishna,0.7068
dwisetyarinii,ye,0.6586
dwisetyarinii,yuliazaa,0.7331
dwisetyarinii,น้ำอุ่น กัญญาภัทร เต๊กอ๋อต้ง,0.7331
dwisetyarinii,⚽,0.8043
dwisetyarinii,⠀ ⠀ ⠀ ⠀ ⠀᠌,0.8055
dwisetyarinii,レザ,0.7607
dwisetyarinii,𝕱_v2,0.6945
dwisetyarinii,🌵dnd's_mom🌵,0.7323
dwk,dân stfu⸸,0.8082
dwk,dín dlgk?,0.6663
dwk,dɹısɐɐɐ,0.7133
dwk,el smile,0.7326
dwk,ens,0.7782
dwk,espede racing,0.7462
dwk,fafang🕷️,0.6564
dwk,farrel,0.6948
dwk,ffi🕷️,0.7501
dwk,fikaa,0.7214
dwk,finzz★,0.6772
dwk,frzardtyaalvro,0.6907
dwk,genjur,0.694
dwk,genzzz,0.6898
dwk,grandberkahdoaibu,0.7029
dwk,hamzzstecu,0.674
dwk,hermanto,0.704
dwk,hii i'm bayy.,0.6722
dwk,hαpiz_boyss⚡,0.7174
dwk,ibunya ragaf,0.8255
dwk,ig : d4haas.👾,0.7791
dwk,ig:4ufa_l,0.6848
dwk,ikhsan hair,0.6616
dwk,inieidan,0.7246
dwk,jagoan orangtua,0.7386
dwk,javrr⚡,0.8063
dwk,jdr,0.7363
dwk,jepri night🦸,0.7179
dwk,jesiccaaa,0.6718
dwk,just friend🙂,0.6975
dwk,kaji,0.7016
dwk,kang bahar,0.7048
dwk,kian santang,0.6572
dwk,kib3nk_ta,0.6613
dwk,kkpann!,0.6754
dwk,kruxill🎃,0.7306
dwk,l4nkk,0.7655
dwk,lah iya,0.6764
dwk,lah?kenapa?,0.6656
dwk,lele_byakar@gmail.comm,0.7739
dwk,lihgal18,0.7469
dwk,masayu,0.7269
dwk,mawar hitam 🌹🗡️,0.7485
dwk,mhrullam,0.7615
dwk,mmmmm,0.6661
dwk,mommy bibiel,0.6521
dwk,muhammadchilung,0.763
dwk,mvinta,0.6581
dwk,nadhiff👾,0.7452
dwk,narti,0.7412
dwk,narzz🌊🌊,0.789
dwk,neyymar kee jakarta,0.686
dwk,nnaann🔫,0.7101
dwk,nobody,0.7184
dwk,ol²²oy,0.7296
dwk,oz_,0.6833
dwk,p4tooookkkk,0.8147
dwk,padil,0.6609
dwk,pak haji,0.6917
dwk,patirrrv2🖤,0.6827
dwk,pisangambon,0.6851
dwk,praditailhm_,0.7756
dwk,princess 💅,0.6548
dwk,put,0.7546
dwk,qila012,0.7738
dwk,raf,0.7163
dwk,rahmat kartolo,0.7977
dwk,rempeyek_500🌊,0.6688
dwk,rijakipp,0.7271
dwk,rivann.ahah,0.6676
dwk,rizzstecu✌️,0.6634
dwk,rℹ️k🅾️🅾️🅾️,0.758
dwk,safi,0.6544
dwk,satria 🙌,0.7668
dwk,scc winoww,0.7727
dwk,scc.,0.7114
dwk,secccfldsuuu21,0.7025
dwk,sendiiisen©📍,0.768
dwk,si kucing,0.6784
dwk,sleep the saunt,0.7153
dwk,stecu💤,0.7056
dwk,suyato jowo,0.7155
dwk,tam,0.6811
dwk,tangrajinngaji,0.8169
dwk,theeryoou,0.6741
dwk,tinnyee,0.7199
dwk,tofik.putra17,0.781
dwk,user13463#457344,0.7741
dwk,user7098643456,0.7304
dwk,va 17hd,0.7122
dwk,van pablo,0.7246
dwk,vanooo,0.7483
dwk,viann,0.7627
dwk,vittss..,0.6744
dwk,wo,0.7606
dwk,wong elek,0.888
dwk,wongwonganmumet,0.7831
dwk,ws🪩,0.7132
dwk,wzrd,0.7476
dwk,yanuar,0.7209
dwk,yogaaa21,0.7174
dwk,yyy,0.6904
dwk,y💥💯                😛,0.6751
dwk,zaall,0.6561
dwk,zaka.ya,0.8291
dwk,zazamm,0.7349
dwk,zeniperr,0.7154
dwk,zrill🇦🇱🇦🇱,0.8731
dwk,ɴᴀᴛ,0.6767
dwk,˚ ༘ 🦕𖦹⋆｡˚,0.7972
dwk,فەیزال,0.7014
dwk,™.yunz ★ 447.¥,0.6721
dwk,⋇⋆✦chelsea ♛┈⛧♡,0.6855
dwk,☝️👌👌cc,0.7267
dwk,ザキ・アルディアンシア,0.6655
dwk,윙고🇲🇨🇰🇷,0.7446
dwk,️dika_sajah,0.7737
dwk,￴,0.7068
dwk,￴ ￴ ￴  ￴ ￴ ￴ ￴ ￴,0.6842
dwk,￴￴,0.741
dwk,𝐫𝐢𝐝𝐨𝐨🕊️,0.6948
dwk,𝑱𝒖𝒍𝒊𝒂𝒏𝒏𝒏,0.7588
dwk,𝕳𝕬𝕴𝕶𝕬𝕷 𝖁1,0.6986
dwk,𝕶𝖞𝖓𝖟𝖟,0.6533
dwk,𝘼𝙇𝙃𝘼𝙆𝙄𝙈𝙕,0.6621
dwk,𝘿𝙚𝙣,0.7154
dwk,𝙋𝙍𝙄𝙉𝘾𝙀 15,0.7387
dwk,𝙡𝙚𝙣𝙜,0.7682
dwk,𝙧𝙖𝙙𝙚𝙣𝙣𝙠𝙪𝙘𝙞𝙩𝙩🌊,0.6951
dwk,🏴󠁧󠁢󠁥󠁮󠁧󠁿🏴󠁧󠁢󠁥󠁮󠁧󠁿,0.7274
dwk,🐣,0.678
dwk,🐦,0.6688
dwk,💋,0.6908
dwk,🔴⚪,0.7427
dwk,🕊,0.8559
dwk,😡,0.6588
dzikriibrgzazdn,farrel,0.6831
dzikriibrgzazdn,fens nasa 🇺🇸🚀,0.6547
dzikriibrgzazdn,fi🅰️n6️⃣,0.6844
dzikriibrgzazdn,frhnbaeω,0.7474
dzikriibrgzazdn,g,0.7268
dzikriibrgzazdn,granddream,0.7368
dzikriibrgzazdn,hanifnur,0.6725
dzikriibrgzazdn,igoyyy,0.6816
dzikriibrgzazdn,iyann noverse ☄️🪐,0.6949
dzikriibrgzazdn,kall,0.7137
dzikriibrgzazdn,mamaz ap,0.6798
dzikriibrgzazdn,maswilll,0.6862
dzikriibrgzazdn,maypen🍉,0.6723
dzikriibrgzazdn,namaku atha,0.6689
dzikriibrgzazdn,nha_nha88,0.717
dzikriibrgzazdn,r,0.6693
dzikriibrgzazdn,rian(rivan fian),0.7063
dzikriibrgzazdn,rimzsukaessedoublechange🤤,0.7986
dzikriibrgzazdn,ririss,0.6888
dzikriibrgzazdn,sandhi686,0.657
dzikriibrgzazdn,se'pull_maxwill,0.6932
dzikriibrgzazdn,spilloutfittrendy,0.7439
dzikriibrgzazdn,tem - tem★★★,0.7061
dzikriibrgzazdn,ultrambuttttt,0.6807
dzikriibrgzazdn,"wong""plosok",0.6667
dzikriibrgzazdn,xybca_fad,0.6762
dzikriibrgzazdn,ynnnz,0.6612
dzikriibrgzazdn,yoo🅰️jahh,0.6704
dzikriibrgzazdn,zexx'777,0.6886
dzikriibrgzazdn,zouheir.yaz_ze,0.6619
dzikriibrgzazdn,| ig : @aseprmadanni,0.719
dzikriibrgzazdn,เςคภ,0.651
dzikriibrgzazdn,𝕬𝖟𝖐𝖆 𝖋𝖔𝖗 𝖞𝖔𝖚,0.6813
dzikriibrgzazdn,𝙔𝙊𝙂𝙂𝘼𝘼⭐💦,0.6918
dzikriibrgzazdn,𝙢𝙖𝙖𝙖𝙖𝙖𝙖𝙨𝙨𝙨𝙠𝙖𝙣𝙣𝙣,0.7385
dzky.,"elan jangan nakal ya, iya mah",0.7014
dzky.,fiki v1,0.7014
dzky.,frhnbaeω,0.6811
dzky.,g,0.6675
dzky.,ig:4ufa_l,0.6583
dzky.,iyann noverse ☄️🪐,0.6586
dzky.,jarot bae,0.6603
dzky.,kall,0.6696
dzky.,khaa : akun business 🪐 💵,0.703
dzky.,maa....,0.6721
dzky.,mamaz ap,0.6869
dzky.,maswilll,0.7864
dzky.,nafz?yakena😹🤓🤭😋,0.7361
dzky.,nayor,0.7037
dzky.,nha_nha88,0.6659
dzky.,r e t z,0.6575
dzky.,rian(rivan fian),0.6554
dzky.,rimzsukaessedoublechange🤤,0.7017
dzky.,zexx'777,0.702
dzky.,zye hehe,0.6801
dzky.,| ig : @aseprmadanni,0.6748
dzky.,ɓøɓ mārlɛƴ!!⛓️,0.9736
dzky.,윙고🇲🇨🇰🇷,0.6969
dzky.,𝐉𝐨𝐫𝐝𝐲𝐲,0.6558
dzky.,𝐫𝐢𝐝𝐨𝐨🕊️,0.6949
dzky.,𝕬𝖟𝖐𝖆 𝖋𝖔𝖗 𝖞𝖔𝖚,0.6825
dzky.,𝙔𝙊𝙂𝙂𝘼𝘼⭐💦,0.6684
dzky.,𝙧𝙖𝙙𝙚𝙣𝙣𝙠𝙪𝙘𝙞𝙩𝙩🌊,0.6563
dân stfu⸸,dín dlgk?,0.7087
dân stfu⸸,el smile,0.7814
dân stfu⸸,er,0.7209
dân stfu⸸,espede racing,0.6668
dân stfu⸸,f,0.6771
dân stfu⸸,fafang🕷️,0.6896
dân stfu⸸,fakri,0.6944
dân stfu⸸,ffi🕷️,0.6628
dân stfu⸸,fikaa,0.6627
dân stfu⸸,finzz★,0.7265
dân stfu⸸,frzardtyaalvro,0.7279
dân stfu⸸,genzzz,0.6643
dân stfu⸸,grandberkahdoaibu,0.7887
dân stfu⸸,hermanto,0.6944
dân stfu⸸,hibban∆,0.6939
dân stfu⸸,hii i'm bayy.,0.676
dân stfu⸸,hpiss,0.6592
dân stfu⸸,hyan,0.685
dân stfu⸸,hαpiz_boyss⚡,0.7822
dân stfu⸸,hαηs кαккσɪɪ.dnd.,0.6501
dân stfu⸸,i,0.7089
dân stfu⸸,ibunya ragaf,0.9206
dân stfu⸸,ig : d4haas.👾,0.8091
dân stfu⸸,ig:4ufa_l,0.711
dân stfu⸸,iis dukha,0.6502
dân stfu⸸,ikhsan hair,0.7582
dân stfu⸸,im.p4yeng!!,0.6538
dân stfu⸸,inieidan,0.6974
dân stfu⸸,ivx.ixxi_vii~,0.6677
dân stfu⸸,jagoan orangtua,0.6935
dân stfu⸸,javrr⚡,0.8574
dân stfu⸸,jesiccaaa,0.7003
dân stfu⸸,"kaa,a",0.6631
dân stfu⸸,kaji,0.805
dân stfu⸸,kang bahar,0.8075
dân stfu⸸,kelzy24,0.6666
dân stfu⸸,kin_💫,0.6642
dân stfu⸸,kruxill🎃,0.8264
dân stfu⸸,l4nkk,0.6793
dân stfu⸸,lah iya,0.7174
dân stfu⸸,lah?kenapa?,0.7289
dân stfu⸸,lele_byakar@gmail.comm,0.8805
dân stfu⸸,lihgal18,0.76
dân stfu⸸,masrianto manalu,0.6896
dân stfu⸸,mawar hitam 🌹🗡️,0.8737
dân stfu⸸,mawarr,0.7196
dân stfu⸸,mbahnya nafisha dan sava,0.6943
dân stfu⸸,mengomentari postingan anda,0.6647
dân stfu⸸,mhrullam,0.6851
dân stfu⸸,mka. kka,0.6874
dân stfu⸸,muhammadchilung,0.7097
dân stfu⸸,nadhiff👾,0.7398
dân stfu⸸,narzz🌊🌊,0.7309
dân stfu⸸,ndre4you,0.7056
dân stfu⸸,nino,0.7119
dân stfu⸸,nnaann🔫,0.6765
dân stfu⸸,nobody,0.7269
dân stfu⸸,nur fadil,0.7267
dân stfu⸸,ol²²oy,0.8479
dân stfu⸸,p4tooookkkk,0.6746
dân stfu⸸,pak haji,0.7144
dân stfu⸸,pak haji sara,0.6599
dân stfu⸸,patirrrv2🖤,0.6953
dân stfu⸸,piscesmod,0.6552
dân stfu⸸,praditailhm_,0.81
dân stfu⸸,princess 💅,0.6992
dân stfu⸸,put,0.6721
dân stfu⸸,qila012,0.8231
dân stfu⸸,raf,0.6706
dân stfu⸸,rahmanpru,0.7459
dân stfu⸸,rahmat kartolo,0.6737
dân stfu⸸,rizzstecu✌️,0.702
dân stfu⸸,rzl,0.6721
dân stfu⸸,rℹ️k🅾️🅾️🅾️,0.8647
dân stfu⸸,safi,0.7369
dân stfu⸸,sara ariska,0.6929
dân stfu⸸,satria 🙌,0.7668
dân stfu⸸,scc winoww,0.8915
dân stfu⸸,scc.,0.7469
dân stfu⸸,secccfldsuuu21,0.7483
dân stfu⸸,sendiiisen©📍,0.7787
dân stfu⸸,septiana,0.6554
dân stfu⸸,set? iy syng,0.6567
dân stfu⸸,si kucing,0.661
dân stfu⸸,sopo》,0.6769
dân stfu⸸,stecu💤,0.7276
dân stfu⸸,syaf__👾👾,0.6894
dân stfu⸸,talasku99,0.6634
dân stfu⸸,tam,0.6595
dân stfu⸸,tangrajinngaji,0.7801
dân stfu⸸,teteh_jawa,0.6872
dân stfu⸸,theeryoou,0.7113
dân stfu⸸,tinnyee,0.837
dân stfu⸸,tofik.putra17,0.7343
dân stfu⸸,u,0.6841
dân stfu⸸,upin🐼,0.7291
dân stfu⸸,user13463#457344,0.7528
dân stfu⸸,user7098643456,0.7097
dân stfu⸸,username12375,0.7435
dân stfu⸸,va 17hd,0.7711
dân stfu⸸,van pablo,0.67
dân stfu⸸,vanooo,0.7103
dân stfu⸸,varkon🚀🚀,0.7269
dân stfu⸸,viann,0.7747
dân stfu⸸,vittss..,0.6862
dân stfu⸸,wong elek,0.8019
dân stfu⸸,wongwonganmumet,0.6663
dân stfu⸸,ws🪩,0.6715
dân stfu⸸,wzrd,0.7161
dân stfu⸸,yanuar,0.6972
dân stfu⸸,yaraaayaaaa,0.6541
dân stfu⸸,yogaaa21,0.8311
dân stfu⸸,yyy,0.7603
dân stfu⸸,zaka.ya,0.7939
dân stfu⸸,zazamm,0.8111
dân stfu⸸,zeniperr,0.7017
dân stfu⸸,zppcx,0.669
dân stfu⸸,zrill🇦🇱🇦🇱,0.6984
dân stfu⸸,zrill💥,0.6646
dân stfu⸸,ɴᴀᴛ,0.6881
dân stfu⸸,˚ ༘ 🦕𖦹⋆｡˚,0.7965
dân stfu⸸,☝️👌👌cc,0.8541
dân stfu⸸,♥,0.6715
dân stfu⸸,✌️,0.7106
dân stfu⸸,マᥱž𝚊,0.6941
dân stfu⸸,윙고🇲🇨🇰🇷,0.6933
dân stfu⸸,️dika_sajah,0.6541
dân stfu⸸,￴ ￴ ￴  ￴ ￴ ￴ ￴ ￴,0.6906
dân stfu⸸,￴￴,0.7061
dân stfu⸸,𝑱𝒖𝒍𝒊𝒂𝒏𝒏𝒏,0.8127
dân stfu⸸,𝕳𝕬𝕴𝕶𝕬𝕷 𝖁1,0.7375
dân stfu⸸,𝘿𝙚𝙣,0.7841
dân stfu⸸,𝙋𝙍𝙄𝙉𝘾𝙀 15,0.6837
dân stfu⸸,𝙡𝙚𝙣𝙜,0.7854
dân stfu⸸,🏴󠁧󠁢󠁥󠁮󠁧󠁿🏴󠁧󠁢󠁥󠁮󠁧󠁿,0.8391
dân stfu⸸,🐣,0.7246
dân stfu⸸,🐦,0.7452
dân stfu⸸,💋,0.6843
dân stfu⸸,💩.,0.6688
dân stfu⸸,🔴⚪,0.6925
dân stfu⸸,🕊,0.9072
dín dlgk?,el smile,0.7202
dín dlgk?,er,0.6656
dín dlgk?,espede racing,0.6547
dín dlgk?,f,0.7177
dín dlgk?,fafang🕷️,0.6882
dín dlgk?,faiqqqqqqq,0.7068
dín dlgk?,fakri,0.7605
dín dlgk?,febriansyah,0.6743
dín dlgk?,fens nasa 🇺🇸🚀,0.6605
dín dlgk?,fikaa,0.6803
dín dlgk?,fin.,0.6847
dín dlgk?,finzz★,0.6935
dín dlgk?,fi🅰️n6️⃣,0.6562
dín dlgk?,frzardtyaalvro,0.6707
dín dlgk?,genzzz,0.7204
dín dlgk?,gtww,0.7054
dín dlgk?,hermanto,0.7102
dín dlgk?,hibban∆,0.7086
dín dlgk?,hii i'm bayy.,0.7429
dín dlgk?,hyan,0.761
dín dlgk?,hαpiz_boyss⚡,0.7004
dín dlgk?,hαηs кαккσɪɪ.dnd.,0.6832
dín dlgk?,i,0.7384
dín dlgk?,ibunya ragaf,0.6764
dín dlgk?,ifaashion.id,0.6691
dín dlgk?,ig : d4haas.👾,0.7211
dín dlgk?,ig | im_alzz,0.665
dín dlgk?,ig:4ufa_l,0.7033
dín dlgk?,ikhsan hair,0.7146
dín dlgk?,im.p4yeng!!,0.6802
dín dlgk?,inieidan,0.6795
dín dlgk?,ivx.ixxi_vii~,0.7101
dín dlgk?,javrr⚡,0.7648
dín dlgk?,kang bahar,0.734
dín dlgk?,kelzy24,0.6549
dín dlgk?,kib3nk_ta,0.6865
dín dlgk?,kii,0.6586
dín dlgk?,kin_💫,0.6968
dín dlgk?,kruxill🎃,0.7183
dín dlgk?,lah iya,0.6749
dín dlgk?,lah?kenapa?,0.7025
dín dlgk?,lele_byakar@gmail.comm,0.7361
dín dlgk?,lihgal18,0.6965
dín dlgk?,mawar hitam 🌹🗡️,0.7189
dín dlgk?,mawarr,0.7311
dín dlgk?,mhrullam,0.7044
dín dlgk?,mommy bibiel,0.7116
dín dlgk?,muhammadchilung,0.6888
dín dlgk?,nadhiff👾,0.6907
dín dlgk?,narzz🌊🌊,0.6891
dín dlgk?,ndre4you,0.6877
dín dlgk?,nggaaa,0.6615
dín dlgk?,nnaann🔫,0.7358
dín dlgk?,nobody,0.7157
dín dlgk?,nur fadil,0.6723
dín dlgk?,nuuuu,0.6821
dín dlgk?,ol²²oy,0.743
dín dlgk?,oz_,0.6668
dín dlgk?,pisangambon,0.6699
dín dlgk?,piscesmod,0.6736
dín dlgk?,praditailhm_,0.7203
dín dlgk?,princess 💅,0.7263
dín dlgk?,put,0.6767
dín dlgk?,qila012,0.73
dín dlgk?,r,0.6843
dín dlgk?,rafyy😹,0.737
dín dlgk?,rempeyek_500🌊,0.6706
dín dlgk?,rfky,0.6546
dín dlgk?,rijakipp,0.651
dín dlgk?,rstu💤,0.66
dín dlgk?,rzl,0.6844
dín dlgk?,rℹ️k🅾️🅾️🅾️,0.7623
dín dlgk?,sabitulyz,0.6503
dín dlgk?,safi,0.7459
dín dlgk?,samshl_22,0.6502
dín dlgk?,sara ariska,0.6675
dín dlgk?,satria 🙌,0.7261
dín dlgk?,scc winoww,0.677
dín dlgk?,secccfldsuuu21,0.6728
dín dlgk?,sendiiisen©📍,0.7274
dín dlgk?,set? iy syng,0.6846
dín dlgk?,si kucing,0.6676
dín dlgk?,stecu💤,0.7137
dín dlgk?,syaf__👾👾,0.7633
dín dlgk?,talasku99,0.7658
dín dlgk?,tam,0.7383
dín dlgk?,teteh_jawa,0.696
dín dlgk?,theeryoou,0.6594
dín dlgk?,tofik.putra17,0.741
dín dlgk?,user7098643456,0.7012
dín dlgk?,va 17hd,0.7135
dín dlgk?,vanooo,0.6996
dín dlgk?,varkon🚀🚀,0.6811
dín dlgk?,viann,0.6995
dín dlgk?,vittss..,0.7493
dín dlgk?,wiindoc,0.7077
dín dlgk?,ws🪩,0.7704
dín dlgk?,wtf.prilz,0.6579
dín dlgk?,yyy,0.7351
dín dlgk?,z4kk🇦🇱🇦🇱,0.6795
dín dlgk?,zaall,0.6794
dín dlgk?,zain,0.6515
dín dlgk?,zaka.ya,0.6913
dín dlgk?,zazamm,0.6832
dín dlgk?,zrill🇦🇱🇦🇱,0.6913
dín dlgk?,ɴᴀᴛ,0.7057
dín dlgk?,˚ ༘ 🦕𖦹⋆｡˚,0.738
dín dlgk?,⋇⋆✦chelsea ♛┈⛧♡,0.7303
dín dlgk?,★,0.6879
dín dlgk?,☝️👌👌cc,0.7184
dín dlgk?,✌️,0.7021
dín dlgk?,✧saged🌊,0.697
dín dlgk?,マᥱž𝚊,0.6934
dín dlgk?,윙고🇲🇨🇰🇷,0.6801
dín dlgk?,️dika_sajah,0.6909
dín dlgk?,￴ ￴ ￴  ￴ ￴ ￴ ￴ ￴,0.6927
dín dlgk?,￴￴,0.6805
dín dlgk?,𝑱𝒖𝒍𝒊𝒂𝒏𝒏𝒏,0.6623
dín dlgk?,𝕳𝕬𝕴𝕶𝕬𝕷 𝖁1,0.7007
dín dlgk?,𝖇𝖎𝖎𝖑𝖆,0.6718
dín dlgk?,𝙋𝙍𝙄𝙉𝘾𝙀 15,0.738
dín dlgk?,𝙡𝙚𝙣𝙜,0.7827
dín dlgk?,𝙧𝙖𝙙𝙚𝙣𝙣𝙠𝙪𝙘𝙞𝙩𝙩🌊,0.652
dín dlgk?,🐣,0.7096
dín dlgk?,💋,0.6727
dín dlgk?,💩.,0.6512
dín dlgk?,🕊,0.7348
dɹısɐɐɐ,edhy soekamto,0.7298
dɹısɐɐɐ,ens,0.7886
dɹısɐɐɐ,espede racing,0.7198
dɹısɐɐɐ,faaa12,0.7476
dɹısɐɐɐ,faiqqqqqqq,0.7258
dɹısɐɐɐ,fann,0.7054
dɹısɐɐɐ,farrel,0.7465
dɹısɐɐɐ,febriansyah,0.6961
dɹısɐɐɐ,ffi🕷️,0.856
dɹısɐɐɐ,fikaa,0.6791
dɹısɐɐɐ,fi🅰️n6️⃣,0.6549
dɹısɐɐɐ,genjur,0.7813
dɹısɐɐɐ,genzzz,0.7037
dɹısɐɐɐ,hamzzstecu,0.6523
dɹısɐɐɐ,hii i'm bayy.,0.7015
dɹısɐɐɐ,hpiss,0.6792
dɹısɐɐɐ,ido.,0.6755
dɹısɐɐɐ,ig : d4haas.👾,0.6935
dɹısɐɐɐ,ikhsan hair,0.6683
dɹısɐɐɐ,im.p4yeng!!,0.7364
dɹısɐɐɐ,inieidan,0.6698
dɹısɐɐɐ,jagoan orangtua,0.7653
dɹısɐɐɐ,javrr⚡,0.7763
dɹısɐɐɐ,jdr,0.6749
dɹısɐɐɐ,jepri night🦸,0.8122
dɹısɐɐɐ,just friend🙂,0.6676
dɹısɐɐɐ,k  for  kami'el,0.6544
dɹısɐɐɐ,kian santang,0.6698
dɹısɐɐɐ,kib3nk_ta,0.6765
dɹısɐɐɐ,"kicau mania""😷✌",0.7328
dɹısɐɐɐ,kii,0.6633
dɹısɐɐɐ,kkpann!,0.7069
dɹısɐɐɐ,kojek,0.7619
dɹısɐɐɐ,kruxill🎃,0.7038
dɹısɐɐɐ,l4nkk,0.7172
dɹısɐɐɐ,lah iya,0.65
dɹısɐɐɐ,lah?kenapa?,0.7075
dɹısɐɐɐ,laris manis store,0.6506
dɹısɐɐɐ,lele_byakar@gmail.comm,0.6632
dɹısɐɐɐ,leo,0.6723
dɹısɐɐɐ,lihgal18,0.7185
dɹısɐɐɐ,masayu,0.7916
dɹısɐɐɐ,mawar hitam 🌹🗡️,0.6979
dɹısɐɐɐ,mhrullam,0.7417
dɹısɐɐɐ,mmmmm,0.7076
dɹısɐɐɐ,mommy bibiel,0.7294
dɹısɐɐɐ,muhammadchilung,0.7657
dɹısɐɐɐ,mvinta,0.7462
dɹısɐɐɐ,naa_,0.7256
dɹısɐɐɐ,nadhiff👾,0.738
dɹısɐɐɐ,narti,0.6627
dɹısɐɐɐ,narzz🌊🌊,0.6637
dɹısɐɐɐ,neyymar kee jakarta,0.6868
dɹısɐɐɐ,nino,0.6532
dɹısɐɐɐ,nnaann🔫,0.7393
dɹısɐɐɐ,nobody,0.7343
dɹısɐɐɐ,ol²²oy,0.6619
dɹısɐɐɐ,orensport,0.6689
dɹısɐɐɐ,oz_,0.668
dɹısɐɐɐ,p4tooookkkk,0.6765
dɹısɐɐɐ,padil,0.7712
dɹısɐɐɐ,pangeran k,0.7017
dɹısɐɐɐ,pip2nd🧿,0.7075
dɹısɐɐɐ,pisangambon,0.7991
dɹısɐɐɐ,praditailhm_,0.6676
dɹısɐɐɐ,put,0.9117
dɹısɐɐɐ,rahmat kartolo,0.6619
dɹısɐɐɐ,regialparij,0.6978
dɹısɐɐɐ,rempeyek_500🌊,0.7484
dɹısɐɐɐ,rfky,0.7158
dɹısɐɐɐ,rijakipp,0.7571
dɹısɐɐɐ,rivann.ahah,0.6821
dɹısɐɐɐ,rpk1,0.7887
dɹısɐɐɐ,rℹ️k🅾️🅾️🅾️,0.6916
dɹısɐɐɐ,s u m m e r .,0.7361
dɹısɐɐɐ,satria 🙌,0.7806
dɹısɐɐɐ,satyaa ✦,0.7781
dɹısɐɐɐ,sendiiisen©📍,0.7337
dɹısɐɐɐ,si kucing,0.7809
dɹısɐɐɐ,single era,0.7197
dɹısɐɐɐ,sleep the saunt,0.7565
dɹısɐɐɐ,stecu💤,0.7362
dɹısɐɐɐ,syaf__👾👾,0.7411
dɹısɐɐɐ,talasku99,0.6948
dɹısɐɐɐ,tam,0.7355
dɹısɐɐɐ,tangrajinngaji,0.7461
dɹısɐɐɐ,teteh_jawa,0.6525
dɹısɐɐɐ,tofik.putra17,0.7885
dɹısɐɐɐ,user13463#457344,0.6965
dɹısɐɐɐ,user7098643456,0.7195
dɹısɐɐɐ,van pablo,0.6784
dɹısɐɐɐ,viann,0.7044
dɹısɐɐɐ,vinss,0.6537
dɹısɐɐɐ,vittss..,0.724
dɹısɐɐɐ,vnn$fomo,0.7209
dɹısɐɐɐ,wiindoc,0.6767
dɹısɐɐɐ,wong elek,0.6853
dɹısɐɐɐ,wongwonganmumet,0.8062
dɹısɐɐɐ,ws🪩,0.7722
dɹısɐɐɐ,wzrd,0.8226
dɹısɐɐɐ,yanuar,0.727
dɹısɐɐɐ,yesakiw,0.6983
dɹısɐɐɐ,yyy,0.6769
dɹısɐɐɐ,y💥💯                😛,0.7344
dɹısɐɐɐ,z4kk🇦🇱🇦🇱,0.8261
dɹısɐɐɐ,zaall,0.809
dɹısɐɐɐ,zain,0.7637
dɹısɐɐɐ,zaka.ya,0.6916
dɹısɐɐɐ,zeniperr,0.7605
dɹısɐɐɐ,zppcx,0.6714
dɹısɐɐɐ,zrill🇦🇱🇦🇱,0.7807
dɹısɐɐɐ,ɴᴀᴛ,0.724
dɹısɐɐɐ,˚ ༘ 🦕𖦹⋆｡˚,0.669
dɹısɐɐɐ,المجتهد,0.6606
dɹısɐɐɐ,فەیزال,0.7728
dɹısɐɐɐ,เςคภ,0.7269
dɹısɐɐɐ,່ ‍ a,0.6644
dɹısɐɐɐ,ᴘɪᴋᴀғʀɪᴇᴅᴄʜɪᴄᴋᴇɴ,0.7049
dɹısɐɐɐ,™.yunz ★ 447.¥,0.7052
dɹısɐɐɐ,⋇⋆✦chelsea ♛┈⛧♡,0.7027
dɹısɐɐɐ,★,0.7173
dɹısɐɐɐ,☝️👌👌cc,0.6709
dɹısɐɐɐ,✧saged🌊,0.7212
dɹısɐɐɐ,ザキ・アルディアンシア,0.7457
dɹısɐɐɐ,꧁epep꧂,0.6891
dɹısɐɐɐ,윙고🇲🇨🇰🇷,0.7301
dɹısɐɐɐ,️dika_sajah,0.849
dɹısɐɐɐ,￴,0.8182
dɹısɐɐɐ,￴￴,0.6909
dɹısɐɐɐ,𝙋𝙍𝙄𝙉𝘾𝙀 15,0.6646
dɹısɐɐɐ,𝙖𝙩𝙨𝙨,0.7016
dɹısɐɐɐ,𝙡𝙚𝙣𝙜,0.7553
dɹısɐɐɐ,𝙧𝙖𝙙𝙚𝙣𝙣𝙠𝙪𝙘𝙞𝙩𝙩🌊,0.6865
dɹısɐɐɐ,💋,0.7809
dɹısɐɐɐ,🔴⚪,0.6798
dɹısɐɐɐ,🕊,0.7399
dɹısɐɐɐ,😡,0.7335
edhy soekamto,ens,0.7504
edhy soekamto,er,0.6913
edhy soekamto,espede racing,0.7327
edhy soekamto,faaa12,0.66
edhy soekamto,faiz,0.7048
edhy soekamto,fauzannn,0.6719
edhy soekamto,fcknzzshit_,0.6535
edhy soekamto,ffi🕷️,0.7005
edhy soekamto,fikaa,0.6603
edhy soekamto,fin.,0.6839
edhy soekamto,frzardtyaalvro,0.7335
edhy soekamto,garangan mulet,0.7062
edhy soekamto,genjur,0.6622
edhy soekamto,hamka resna,0.6552
edhy soekamto,hermanto,0.7193
edhy soekamto,hibban∆,0.7453
edhy soekamto,hii i'm bayy.,0.657
edhy soekamto,hpiss,0.7235
edhy soekamto,ibunya ragaf,0.712
edhy soekamto,ifaashion.id,0.6712
edhy soekamto,ig : d4haas.👾,0.7372
edhy soekamto,ig | im_alzz,0.6823
edhy soekamto,ig: nan_sgaa,0.6623
edhy soekamto,ikhsan hair,0.6682
edhy soekamto,im.p4yeng!!,0.7487
edhy soekamto,ininaufal,0.6796
edhy soekamto,inisial.b,0.698
edhy soekamto,jagoan orangtua,0.6591
edhy soekamto,javrr⚡,0.708
edhy soekamto,jepri night🦸,0.8082
edhy soekamto,jesiccaaa,0.6654
edhy soekamto,juvvv,0.7129
edhy soekamto,kang bahar,0.6745
edhy soekamto,keee keee,0.6542
edhy soekamto,kelzy24,0.6646
edhy soekamto,kevin,0.6977
edhy soekamto,kian santang,0.6947
edhy soekamto,"kicau mania""😷✌",0.7081
edhy soekamto,kii,0.6917
edhy soekamto,kin_💫,0.7236
edhy soekamto,kkpann!,0.6806
edhy soekamto,kruxill🎃,0.6554
edhy soekamto,lah iya,0.7149
edhy soekamto,lah?kenapa?,0.6982
edhy soekamto,lele_byakar@gmail.comm,0.6899
edhy soekamto,leo,0.6818
edhy soekamto,mama alzak,0.7154
edhy soekamto,mas_dawet,0.7265
edhy soekamto,masayu,0.6967
edhy soekamto,masrianto manalu,0.6507
edhy soekamto,mawar hitam 🌹🗡️,0.6835
edhy soekamto,mengomentari postingan anda,0.6634
edhy soekamto,mka. kka,0.6903
edhy soekamto,muhamad rian,0.7371
edhy soekamto,mvinta,0.697
edhy soekamto,nino,0.6713
edhy soekamto,nitalifa,0.6731
edhy soekamto,nnaann🔫,0.704
edhy soekamto,nobody,0.686
edhy soekamto,nur fadil,0.6737
edhy soekamto,nuuuu,0.6803
edhy soekamto,nuuuuu,0.6996
edhy soekamto,oz_,0.6896
edhy soekamto,p4tooookkkk,0.6634
edhy soekamto,padil,0.7376
edhy soekamto,pak haji,0.658
edhy soekamto,pak haji sara,0.7403
edhy soekamto,pangeran k,0.6951
edhy soekamto,patrick bateman,0.6778
edhy soekamto,pip2nd🧿,0.914
edhy soekamto,piscesmod,0.728
edhy soekamto,praditailhm_,0.682
edhy soekamto,princess 💅,0.7202
edhy soekamto,put,0.7128
edhy soekamto,qila012,0.7072
edhy soekamto,regialparij,0.7128
edhy soekamto,rempeyek_500🌊,0.8006
edhy soekamto,rfky,0.8576
edhy soekamto,rijakipp,0.7067
edhy soekamto,rzl,0.6706
edhy soekamto,rℹ️k🅾️🅾️🅾️,0.6548
edhy soekamto,sabiantiwulariata,0.7425
edhy soekamto,safi,0.7026
edhy soekamto,samshl_22,0.6588
edhy soekamto,sara ariska,0.66
edhy soekamto,satria 🙌,0.723
edhy soekamto,satyaa ✦,0.7446
edhy soekamto,scc winoww,0.6568
edhy soekamto,secccfldsuuu21,0.706
edhy soekamto,set? iy syng,0.6971
edhy soekamto,si kucing,0.8411
edhy soekamto,sn0w,0.7055
edhy soekamto,sopo》,0.6533
edhy soekamto,stecu💤,0.7744
edhy soekamto,superman,0.7065
edhy soekamto,syaf__👾👾,0.658
edhy soekamto,tam,0.68
edhy soekamto,taxi barang purwokerto,0.7264
edhy soekamto,teteh_jawa,0.7236
edhy soekamto,the last good man,0.6681
edhy soekamto,theeryoou,0.6559
edhy soekamto,tinnyee,0.6943
edhy soekamto,tofik.putra17,0.7161
edhy soekamto,user1233833380586,0.6911
edhy soekamto,user13463#457344,0.6678
edhy soekamto,user7098643456,0.7174
edhy soekamto,va 17hd,0.6535
edhy soekamto,viann,0.7129
edhy soekamto,vinss,0.6944
edhy soekamto,vnn$fomo,0.7189
edhy soekamto,weird zeze🇩🇪,0.6606
edhy soekamto,wiindoc,0.67
edhy soekamto,wongwonganmumet,0.7031
edhy soekamto,ws🪩,0.691
edhy soekamto,wzrd,0.709
edhy soekamto,yhahaha,0.6546
edhy soekamto,yogaaa21,0.6889
edhy soekamto,yyy,0.7071
edhy soekamto,y💥💯                😛,0.7671
edhy soekamto,z4kk🇦🇱🇦🇱,0.7308
edhy soekamto,zaall,0.7375
edhy soekamto,zain,0.8486
edhy soekamto,zaka.ya,0.6942
edhy soekamto,zannn,0.6992
edhy soekamto,zazamm,0.6857
edhy soekamto,zeniperr,0.6976
edhy soekamto,zppcx,0.6671
edhy soekamto,àlwàysdip,0.6789
edhy soekamto,ɴᴀᴛ,0.6573
edhy soekamto,˚ ༘ 🦕𖦹⋆｡˚,0.7251
edhy soekamto,ᴘɪᴋᴀғʀɪᴇᴅᴄʜɪᴄᴋᴇɴ,0.68
edhy soekamto,⋇⋆✦chelsea ♛┈⛧♡,0.6729
edhy soekamto,★,0.7036
edhy soekamto,️dika_sajah,0.7061
edhy soekamto,￴ ￴ ￴  ￴ ￴ ￴ ￴ ￴,0.6592
edhy soekamto,𝓝𝓪𝔂𝓵𝓪_𝓓.𝓐,0.7031
edhy soekamto,𝕳𝕬𝕴𝕶𝕬𝕷 𝖁1,0.7145
edhy soekamto,𝙡𝙚𝙣𝙜,0.6994
edhy soekamto,𝙧𝙖𝙙𝙚𝙣𝙣𝙠𝙪𝙘𝙞𝙩𝙩🌊,0.7191
edhy soekamto,👾,0.6996
edhy soekamto,💋,0.8044
edhy soekamto,🕊,0.7141
edhy soekamto,😡,0.6747
egit,mahendri,0.6561
egit,p!n,0.6546
egit,zaza,0.6771
egit,𝕱_v2,0.6827
eka,someone,0.6682
eka,𝘽𝙚𝙣𝙣𝙣!,0.7799
el smile,er,0.6601
el smile,espede racing,0.75
el smile,f,0.7565
el smile,fafang🕷️,0.6569
el smile,fakri,0.7038
el smile,fikaa,0.6983
el smile,finzz★,0.7028
el smile,frzardtyaalvro,0.6834
el smile,genzzz,0.7167
el smile,grandberkahdoaibu,0.761
el smile,hermanto,0.7456
el smile,hibban∆,0.73
el smile,hii i'm bayy.,0.7493
el smile,hyan,0.7017
el smile,hαpiz_boyss⚡,0.7614
el smile,hαηs кαккσɪɪ.dnd.,0.7174
el smile,i,0.707
el smile,ibunya ragaf,0.7453
el smile,ifaashion.id,0.6782
el smile,ig : d4haas.👾,0.7105
el smile,ig:4ufa_l,0.6534
el smile,iis dukha,0.6706
el smile,ikhsan hair,0.6552
el smile,inieidan,0.6639
el smile,ivx.ixxi_vii~,0.6753
el smile,jagoan orangtua,0.7165
el smile,javrr⚡,0.7825
el smile,jdr,0.7651
el smile,jesiccaaa,0.6775
el smile,kaji,0.7992
el smile,kang bahar,0.8094
el smile,kib3nk_ta,0.6574
el smile,kin_💫,0.6694
el smile,kruxill🎃,0.7713
el smile,l4nkk,0.8522
el smile,lah iya,0.6554
el smile,lele_byakar@gmail.comm,0.7873
el smile,lihgal18,0.8743
el smile,mawar hitam 🌹🗡️,0.7729
el smile,mawarr,0.7316
el smile,mhrullam,0.7607
el smile,muhammadchilung,0.7072
el smile,nadhiff👾,0.8258
el smile,narti,0.6753
el smile,narzz🌊🌊,0.7594
el smile,neyymar kee jakarta,0.681
el smile,nnaann🔫,0.7126
el smile,nobody,0.6906
el smile,ol²²oy,0.8294
el smile,oz_,0.7509
el smile,p4tooookkkk,0.7103
el smile,patirrrv2🖤,0.6566
el smile,piscesmod,0.6677
el smile,praditailhm_,0.911
el smile,princess 💅,0.7323
el smile,qila012,0.8574
el smile,raf,0.6512
el smile,rafyy😹,0.6674
el smile,rahmat kartolo,0.7008
el smile,rempeyek_500🌊,0.7122
el smile,rzl,0.7119
el smile,rℹ️k🅾️🅾️🅾️,0.8088
el smile,safi,0.6781
el smile,samshl_22,0.6972
el smile,sara ariska,0.6816
el smile,satria 🙌,0.7488
el smile,scc winoww,0.7908
el smile,scc.,0.7351
el smile,secccfldsuuu21,0.6923
el smile,sendiiisen©📍,0.7725
el smile,si kucing,0.6543
el smile,stecu💤,0.6877
el smile,suyato jowo,0.6706
el smile,syaf__👾👾,0.6777
el smile,tam,0.7219
el smile,tangrajinngaji,0.7719
el smile,theeryoou,0.6562
el smile,tinnyee,0.7502
el smile,tofik.putra17,0.7673
el smile,upin🐼,0.666
el smile,user13463#457344,0.7193
el smile,user7098643456,0.7052
el smile,username12375,0.6531
el smile,va 17hd,0.8614
el smile,vanooo,0.6904
el smile,varkon🚀🚀,0.6505
el smile,viann,0.8738
el smile,vittss..,0.6578
el smile,wo,0.6969
el smile,wong elek,0.7298
el smile,ws🪩,0.7125
el smile,wzrd,0.7142
el smile,yanuar,0.6669
el smile,yogaaa21,0.762
el smile,yyy,0.7784
el smile,zaka.ya,0.7366
el smile,zazamm,0.8759
el smile,zrill🇦🇱🇦🇱,0.7102
el smile,˚ ༘ 🦕𖦹⋆｡˚,0.7584
el smile,⋇⋆✦chelsea ♛┈⛧♡,0.707
el smile,☝️👌👌cc,0.8253
el smile,✌️,0.7818
el smile,マᥱž𝚊,0.6904
el smile,윙고🇲🇨🇰🇷,0.6626
el smile,￴ ￴ ￴  ￴ ￴ ￴ ￴ ￴,0.696
el smile,￴￴,0.7221
el smile,𝑱𝒖𝒍𝒊𝒂𝒏𝒏𝒏,0.7789
el smile,𝓝𝓪𝔂𝓵𝓪_𝓓.𝓐,0.6997
el smile,𝕳𝕬𝕴𝕶𝕬𝕷 𝖁1,0.7124
el smile,𝕶𝖞𝖓𝖟𝖟,0.7021
el smile,𝘼𝙇𝙃𝘼𝙆𝙄𝙈𝙕,0.6955
el smile,𝘿𝙚𝙣,0.7652
el smile,𝙋𝙍𝙄𝙉𝘾𝙀 15,0.7463
el smile,𝙡𝙚𝙣𝙜,0.756
el smile,🎮,0.6895
el smile,🏴󠁧󠁢󠁥󠁮󠁧󠁿🏴󠁧󠁢󠁥󠁮󠁧󠁿,0.7247
el smile,🐣,0.6655
el smile,🐦,0.714
el smile,🔴⚪,0.6973
el smile,🕊,0.8069
"elan jangan nakal ya, iya mah",farrel,0.6535
"elan jangan nakal ya, iya mah",fiki v1,0.6856
"elan jangan nakal ya, iya mah",garangan mulet,0.7144
"elan jangan nakal ya, iya mah",hanifnur,0.679
"elan jangan nakal ya, iya mah",iyann noverse ☄️🪐,0.6703
"elan jangan nakal ya, iya mah",jarot bae,0.6801
"elan jangan nakal ya, iya mah",kall,0.6879
"elan jangan nakal ya, iya mah",khaa : akun business 🪐 💵,0.6972
"elan jangan nakal ya, iya mah",kizy🇦🇱,0.6911
"elan jangan nakal ya, iya mah",m. rizqi_,0.6538
"elan jangan nakal ya, iya mah",maa....,0.6671
"elan jangan nakal ya, iya mah",mamaz ap,0.7627
"elan jangan nakal ya, iya mah",maswilll,0.7855
"elan jangan nakal ya, iya mah",nansya ahsh,0.6626
"elan jangan nakal ya, iya mah",nayor,0.6504
"elan jangan nakal ya, iya mah",ndaru,0.6783
"elan jangan nakal ya, iya mah",nha_nha88,0.7877
"elan jangan nakal ya, iya mah",nuuuu,0.6987
"elan jangan nakal ya, iya mah",pak haji,0.7128
"elan jangan nakal ya, iya mah",r e t z,0.7661
"elan jangan nakal ya, iya mah",r4ndsyh,0.7021
"elan jangan nakal ya, iya mah",raffiii162,0.6763
"elan jangan nakal ya, iya mah",ramadani🌀,0.692
"elan jangan nakal ya, iya mah",rian(rivan fian),0.6958
"elan jangan nakal ya, iya mah",rimzsukaessedoublechange🤤,0.6989
"elan jangan nakal ya, iya mah",ririss,0.6962
"elan jangan nakal ya, iya mah",rizky030313,0.6758
"elan jangan nakal ya, iya mah",saitama.botak6,0.8099
"elan jangan nakal ya, iya mah",sandhi686,0.6875
"elan jangan nakal ya, iya mah",scc.,0.6526
"elan jangan nakal ya, iya mah",se'pull_maxwill,0.666
"elan jangan nakal ya, iya mah",spilloutfittrendy,0.7315
"elan jangan nakal ya, iya mah",sri66790,0.6763
"elan jangan nakal ya, iya mah",tem - tem★★★,0.6793
"elan jangan nakal ya, iya mah",tole bf official316,0.6651
"elan jangan nakal ya, iya mah",userr4532552,0.6798
"elan jangan nakal ya, iya mah",van pablo,0.6541
"elan jangan nakal ya, iya mah",wong kene bae,0.701
"elan jangan nakal ya, iya mah","wong""plosok",0.7523
"elan jangan nakal ya, iya mah",xy_don🚀,0.7649
"elan jangan nakal ya, iya mah",ynnnz,0.6632
"elan jangan nakal ya, iya mah",zexx'777,0.6975
"elan jangan nakal ya, iya mah",zye hehe,0.6817
"elan jangan nakal ya, iya mah",| ig : @aseprmadanni,0.6653
"elan jangan nakal ya, iya mah",àlwàysdip,0.6789
"elan jangan nakal ya, iya mah",ɓøɓ mārlɛƴ!!⛓️,0.7123
"elan jangan nakal ya, iya mah",˚꩜｡⋆˚࿔ 𝔂𝓪𝔂𝓪 𝜗𝜚˚⋆🧸ྀི,0.719
"elan jangan nakal ya, iya mah",⭐zka,0.683
"elan jangan nakal ya, iya mah",𝐫𝐢𝐝𝐨𝐨🕊️,0.655
"elan jangan nakal ya, iya mah",𝕬𝖟𝖐𝖆 𝖋𝖔𝖗 𝖞𝖔𝖚,0.6995
"elan jangan nakal ya, iya mah",𝘉𝘐 𝔟𝔢𝔫𝔠𝔦 𝔠𝔦𝔫𝔱𝔞~,0.6729
"elan jangan nakal ya, iya mah",𝘾𝙖𝙡𝙤𝙣 𝙃𝘼𝙅𝙄,0.6799
"elan jangan nakal ya, iya mah",🆘,0.6524
"elan jangan nakal ya, iya mah",💥,0.6717
elyraa,enan_25,0.6914
elyraa,faaa12,0.6589
elyraa,fann,0.6605
elyraa,fkhri,0.6906
elyraa,f⚡,0.6536
elyraa,garangan mulet,0.6549
elyraa,gntaa,0.687
elyraa,gudeg bu rudy klampok ✨✨,0.8011
elyraa,hi_ndraa,0.6914
elyraa,hpiss,0.6664
elyraa,k        i       a      n    u,0.6631
elyraa,lah iya,0.7056
elyraa,lekngasu,0.7048
elyraa,mas eng69,0.7463
elyraa,mawar hitam 🌹🗡️,0.6573
elyraa,nobody,0.6541
elyraa,osdaglog14,0.6621
elyraa,pangeran k,0.6516
elyraa,putz!!,0.7609
elyraa,raa 👧🏻,0.6884
elyraa,rehan.aj,0.729
elyraa,rio,0.7377
elyraa,rndra,0.6531
elyraa,s u m m e r .,0.6702
elyraa,sazz,0.659
elyraa,slowhand,0.7257
elyraa,the last good man,0.6578
elyraa,vannn opet,0.6681
elyraa,vinss,0.7129
elyraa,vnn$fomo,0.7521
elyraa,wdyt_,0.7942
elyraa,x4ngee🕊️,0.7538
elyraa,yanuar,0.6549
elyraa,yhahaha,0.761
elyraa,z4m,0.7848
elyraa,zain,0.6598
elyraa,zannn,0.7036
elyraa,zppcx,0.706
elyraa,เςคภ,0.6926
elyraa,່ ‍ a,0.6519
elyraa,♊,0.6638
elyraa,♥,0.7247
elyraa,👀,0.6515
enaksekali,enjoyss,0.7261
enaksekali,excel😶‍🌫️            akun №1,0.785
enaksekali,fernanda,1.0
enaksekali,firmannnnnnnn,1.0
enaksekali,fittdos,0.7107
enaksekali,fzryyyy,0.7054
enaksekali,gl badax,0.8452
enaksekali,haniiif,0.8452
enaksekali,ig: ryaaa.06_,0.7528
enaksekali,iin,0.8452
enaksekali,indomaret 24 jam,0.7184
enaksekali,juprianto anto,0.7107
enaksekali,kd urng ya,0.8452
enaksekali,kembali datang,0.7261
enaksekali,kenzo.s.m.z,1.0
enaksekali,lakmen,0.6874
enaksekali,luthfyyy,0.7107
enaksekali,mahendri,0.6602
enaksekali,mas_drun,0.7107
enaksekali,n4uf@l 4j4,0.72
enaksekali,nanangmungils1,0.8452
enaksekali,nipzzz,0.7549
enaksekali,nycxstore,0.6549
enaksekali,ovl,0.7528
enaksekali,panzskbd,0.8452
enaksekali,pikaars?,0.6747
enaksekali,rezx2nd,1.0
enaksekali,riff,1.0
enaksekali,sannzxkce,0.6708
enaksekali,satriaaa,0.7639
enaksekali,scorpio🦂,1.0
enaksekali,sinfloww,0.7107
enaksekali,tri yulianti,0.8452
enaksekali,vann 🌳,0.7717
enaksekali,veri ramandani18,0.7107
enaksekali,ye,0.6851
enaksekali,⠀ ⠀ ⠀ ⠀ ⠀᠌,0.8452
enaksekali,🄱🄰🅈🅄🄸🄽🄳🄰🄷🄾🄵🄵🅂🄴🅃,0.7271
enaksekali,🌵dnd's_mom🌵,0.6685
enaksekali,🐚🫧🪩,0.6677
enan_25,fahmi.zemmy✔️,0.7354
enan_25,fkhri,0.7046
enan_25,grandberkahdoaibu,0.6596
enan_25,gudeg bu rudy klampok ✨✨,0.7452
enan_25,hi_ndraa,1.0
enan_25,i j a l,0.6532
enan_25,iis dukha,0.7901
enan_25,itsmeee.05,0.6929
enan_25,kaji,0.6955
enan_25,kruxill🎃,0.7757
enan_25,lah iya,0.6622
enan_25,laris manis store,0.6673
enan_25,lele_byakar@gmail.comm,0.6932
enan_25,lihgal18,0.6502
enan_25,mawar hitam 🌹🗡️,0.7765
enan_25,momon,0.6975
enan_25,ol²²oy,0.7385
enan_25,orensport,0.6586
enan_25,ovii ..,0.6785
enan_25,rio,0.8363
enan_25,rℹ️k🅾️🅾️🅾️,0.6791
enan_25,s u m m e r .,0.6679
enan_25,sopo》,0.6552
enan_25,tinnyee,0.7308
enan_25,u,0.6546
enan_25,upin🐼,0.7073
enan_25,user1233833380586,0.6649
enan_25,username12375,0.7423
enan_25,wdyt_,0.6519
enan_25,yanuar,0.6757
enan_25,yogaaa21,0.7212
enan_25,yyy,0.6514
enan_25,zppcx,0.7602
enan_25,ಠ_ರೃ,0.7373
enan_25,ᴘɪᴋᴀғʀɪᴇᴅᴄʜɪᴄᴋᴇɴ,0.7109
enan_25,☝️👌👌cc,0.7493
enan_25,♥,0.6894
enan_25,🏴󠁧󠁢󠁥󠁮󠁧󠁿🏴󠁧󠁢󠁥󠁮󠁧󠁿,0.6536
enan_25,🐦,0.6855
enan_25,👀,0.7409
enjoyss,excel😶‍🌫️            akun №1,0.6631
enjoyss,fernanda,0.7261
enjoyss,firmannnnnnnn,0.7261
enjoyss,fittdos,0.7804
enjoyss,fz,0.8006
enjoyss,gl badax,0.7337
enjoyss,haniiif,0.7337
enjoyss,ig: ryaaa.06_,0.6839
enjoyss,iin,0.7337
enjoyss,irfan k.,0.6803
enjoyss,juprianto anto,0.7804
enjoyss,kd urng ya,0.7337
enjoyss,kembali datang,1.0
enjoyss,kenzo.s.m.z,0.7261
enjoyss,lakmen,0.6625
enjoyss,luthfyyy,0.7804
enjoyss,mas_drun,0.7804
enjoyss,nanangmungils1,0.7337
enjoyss,nipzzz,0.6778
enjoyss,ovl,0.6839
enjoyss,p!n,0.6677
enjoyss,panzskbd,0.7337
enjoyss,paqihh,0.7239
enjoyss,pikaars?,0.6892
enjoyss,pitawidiono,0.7443
enjoyss,r.a sbg team,0.7285
enjoyss,rezx2nd,0.7261
enjoyss,riff,0.7261
enjoyss,sannzxkce,0.7659
enjoyss,scorpio🦂,0.7261
enjoyss,sinfloww,0.7804
enjoyss,tri yulianti,0.7337
enjoyss,veri ramandani18,0.7804
enjoyss,wisnu krishna,0.7223
enjoyss,yuliazaa,0.7409
enjoyss,น้ำอุ่น กัญญาภัทร เต๊กอ๋อต้ง,0.7409
enjoyss,⠀ ⠀ ⠀ ⠀ ⠀᠌,0.7337
enjoyss,𝕱_v2,0.8571
enjoyss,🌵dnd's_mom🌵,0.7015
enjoyss,🐚🫧🪩,0.7071
eno mountainer,fahmi.zemmy✔️,0.8462
eno mountainer,ido.,0.7387
eno mountainer,kojek,0.6625
eno mountainer,laris manis store,0.7401
eno mountainer,nabi sulaiman,0.7224
eno mountainer,narti,0.6747
eno mountainer,notzstrongboyss,0.6646
eno mountainer,osle,0.7365
eno mountainer,ovii ..,0.7407
eno mountainer,s u m m e r .,0.7113
eno mountainer,suyato jowo,0.7711
eno mountainer,tika kartika,0.7067
eno mountainer,yanuar,0.6857
eno mountainer,المجتهد,0.7088
eno mountainer,່ ‍ a,0.7202
eno mountainer,🔴⚪,0.6698
ens,espede racing,0.6814
ens,faaa12,0.6869
ens,farrel,0.7093
ens,ffi🕷️,0.8302
ens,fin.,0.6805
ens,genjur,0.7499
ens,hpiss,0.6641
ens,ibunya ragaf,0.686
ens,ig : d4haas.👾,0.7455
ens,ig: nan_sgaa,0.6594
ens,ikhsan hair,0.6554
ens,im.p4yeng!!,0.7333
ens,inieidan,0.661
ens,ininaufal,0.6785
ens,javrr⚡,0.6909
ens,jepri night🦸,0.8726
ens,juvvv,0.7214
ens,kian santang,0.6832
ens,"kicau mania""😷✌",0.6559
ens,kii,0.6693
ens,kin_💫,0.6516
ens,kkpann!,0.8318
ens,lah iya,0.678
ens,lah?kenapa?,0.7057
ens,lele_byakar@gmail.comm,0.6516
ens,leo,0.675
ens,losemyself,0.6603
ens,masayu,0.8006
ens,mawar hitam 🌹🗡️,0.6528
ens,mengomentari postingan anda,0.6596
ens,mhrullam,0.659
ens,muhammadchilung,0.6553
ens,mvinta,0.754
ens,naa_,0.6703
ens,nar setecu🌀💤🌊,0.6695
ens,narzz🌊🌊,0.6761
ens,nino,0.6828
ens,nnaann🔫,0.7328
ens,nobody,0.6781
ens,nuuuu,0.6563
ens,p4tooookkkk,0.7384
ens,padil,0.7395
ens,pangeran k,0.7007
ens,pip2nd🧿,0.7485
ens,pisangambon,0.7177
ens,put,0.8188
ens,qila012,0.6665
ens,rahmat kartolo,0.7368
ens,railfans ngapak🅥,0.6795
ens,regialparij,0.6972
ens,rempeyek_500🌊,0.7556
ens,rfky,0.7271
ens,rijakipp,0.7642
ens,rivann.ahah,0.7426
ens,rpk1,0.6527
ens,rℹ️k🅾️🅾️🅾️,0.6503
ens,safi,0.6521
ens,satria 🙌,0.6987
ens,satyaa ✦,0.7371
ens,selialls,0.692
ens,set? iy syng,0.7033
ens,si kucing,0.7504
ens,single era,0.6505
ens,sleep the saunt,0.7974
ens,sn0w,0.6676
ens,stecu💤,0.7397
ens,superman,0.6564
ens,talasku99,0.6689
ens,tam,0.6736
ens,taxi barang purwokerto,0.6839
ens,teteh_jawa,0.7224
ens,tofik.putra17,0.6992
ens,user7098643456,0.7896
ens,van pablo,0.6644
ens,vittss..,0.6691
ens,vnn$fomo,0.6955
ens,weird zeze🇩🇪,0.6507
ens,wong elek,0.713
ens,wongwonganmumet,0.8389
ens,ws🪩,0.703
ens,wzrd,0.7338
ens,yyy,0.6526
ens,y💥💯                😛,0.7712
ens,z4kk🇦🇱🇦🇱,0.707
ens,zaall,0.7484
ens,zain,0.7466
ens,zaka.ya,0.7143
ens,zeniperr,0.6963
ens,zrill🇦🇱🇦🇱,0.7486
ens,ɴᴀᴛ,0.7253
ens,˚ ༘ 🦕𖦹⋆｡˚,0.6644
ens,™.yunz ★ 447.¥,0.6569
ens,⋇⋆✦chelsea ♛┈⛧♡,0.6817
ens,★,0.7136
ens,꧁epep꧂,0.7006
ens,윙고🇲🇨🇰🇷,0.6844
ens,️dika_sajah,0.8391
ens,￴,0.7213
ens,𝕳𝕬𝕴𝕶𝕬𝕷 𝖁1,0.6586
ens,𝙖𝙩𝙨𝙨,0.6618
ens,𝙡𝙚𝙣𝙜,0.7206
ens,𝙧𝙖𝙙𝙚𝙣𝙣𝙠𝙪𝙘𝙞𝙩𝙩🌊,0.7416
ens,💋,0.771
ens,🕊,0.7169
ens,😡,0.7373
er,fakri,0.6505
er,ffi🕷️,0.6945
er,finzz★,0.7485
er,frzardtyaalvro,0.6852
er,hermanto,0.6746
er,hibban∆,0.6861
er,hpiss,0.7134
er,i,0.6524
er,ibunya ragaf,0.6982
er,ig : d4haas.👾,0.6712
er,ig | im_alzz,0.6697
er,ikhsan hair,0.8824
er,im.p4yeng!!,0.6766
er,ivx.ixxi_vii~,0.6765
er,javrr⚡,0.7312
er,kang bahar,0.6947
er,kelzy24,0.6731
er,kin_💫,0.6876
er,lah?kenapa?,0.722
er,lele_byakar@gmail.comm,0.6974
er,mas_dawet,0.655
er,masrianto manalu,0.8144
er,mawar hitam 🌹🗡️,0.6849
er,mawarr,0.6622
er,mvinta,0.6708
er,nino,0.7156
er,nur fadil,0.728
er,ol²²oy,0.6567
er,piscesmod,0.7198
er,praditailhm_,0.7237
er,princess 💅,0.6733
er,put,0.6776
er,qila012,0.6786
er,rahmanpru,0.8086
er,rfky,0.6674
er,rℹ️k🅾️🅾️🅾️,0.7135
er,sara ariska,0.6531
er,satria 🙌,0.6806
er,scc winoww,0.6672
er,secccfldsuuu21,0.658
er,sendiiisen©📍,0.6756
er,si kucing,0.7235
er,stecu💤,0.6669
er,syaf__👾👾,0.6895
er,talasku99,0.6938
er,teteh_jawa,0.6916
er,the last good man,0.6583
er,u,0.6769
er,upin🐼,0.7825
er,varkon🚀🚀,0.7936
er,viann,0.6869
er,wtf.prilz,0.7213
er,wzrd,0.7852
er,yyy,0.7003
er,zaall,0.6832
er,zaka.ya,0.6611
er,zazamm,0.6752
er,zeniperr,0.6616
er,ziie34,0.6514
er,zppcx,0.67
er,®️e💤🅰️ sur,0.6811
er,ɴᴀᴛ,0.6697
er,˚ ༘ 🦕𖦹⋆｡˚,0.6744
er,★,0.6611
er,☝️👌👌cc,0.673
er,️dika_sajah,0.658
er,𝕳𝕬𝕴𝕶𝕬𝕷 𝖁1,0.6604
er,𝙡𝙚𝙣𝙜,0.6705
er,💋,0.6863
er,🕊,0.7362
esall💤,granddream,0.6664
esall💤,m6uladi.,0.6564
esall💤,r2kyy🐬,0.6758
esall💤,›私hánzxyz‹★,0.7686
esall💤,🚀🚀cool_tg🇮🇩⚽🎉,0.6838
espede racing,f,0.7021
espede racing,faaa12,0.6837
espede racing,fahmi.zemmy✔️,0.6707
espede racing,faiqqqqqqq,0.6905
espede racing,fakri,0.6705
espede racing,fann,0.6515
espede racing,farrel,0.7228
espede racing,fauzannn,0.6584
espede racing,fens nasa 🇺🇸🚀,0.6576
espede racing,ffi🕷️,0.7249
espede racing,fikaa,0.7486
espede racing,frzardtyaalvro,0.7169
espede racing,fwarelll123,0.7331
espede racing,g,0.6847
espede racing,genjur,0.7213
espede racing,genzzz,0.7458
espede racing,gh4ny1,0.6992
espede racing,hermanto,0.7565
espede racing,hibban∆,0.7092
espede racing,hii i'm bayy.,0.7078
espede racing,hαpiz_boyss⚡,0.6661
espede racing,ibunya ragaf,0.7108
espede racing,ifaashion.id,0.6883
espede racing,ig : d4haas.👾,0.6543
espede racing,iis dukha,0.6789
espede racing,inieidan,0.6682
espede racing,jagoan orangtua,0.8408
espede racing,javrr⚡,0.8088
espede racing,jdr,0.7863
espede racing,jepri night🦸,0.7336
espede racing,just friend🙂,0.7509
espede racing,k  for  kami'el,0.6509
espede racing,kaji,0.6544
espede racing,kang bahar,0.7258
espede racing,kian santang,0.692
espede racing,kib3nk_ta,0.671
espede racing,"kicau mania""😷✌",0.6606
espede racing,kin_💫,0.6652
espede racing,kojek,0.7086
espede racing,kruxill🎃,0.7105
espede racing,l4nkk,0.7839
espede racing,lah iya,0.7084
espede racing,lele_byakar@gmail.comm,0.7159
espede racing,lihgal18,0.7496
espede racing,masayu,0.6515
espede racing,mawar hitam 🌹🗡️,0.7075
espede racing,mawarr,0.6651
espede racing,mhrullam,0.8016
espede racing,mka. kka,0.7256
espede racing,mmmmm,0.7764
espede racing,mommy bibiel,0.6994
espede racing,muhammadchilung,0.8102
espede racing,mvinta,0.6527
espede racing,nabati,0.6566
espede racing,nadhiff👾,0.777
espede racing,nar setecu🌀💤🌊,0.6682
espede racing,narti,0.7522
espede racing,narzz🌊🌊,0.6758
espede racing,neyymar kee jakarta,0.74
espede racing,nnaann🔫,0.6966
espede racing,nobody,0.7198
espede racing,ol²²oy,0.6685
espede racing,oz_,0.8213
espede racing,p4tooookkkk,0.789
espede racing,padil,0.7295
espede racing,pak haji,0.6831
espede racing,pak haji sara,0.7093
espede racing,pangeran k,0.7212
espede racing,pip2nd🧿,0.6729
espede racing,pisangambon,0.7135
espede racing,piscesmod,0.6822
espede racing,praditailhm_,0.8037
espede racing,princess 💅,0.7136
espede racing,put,0.7279
espede racing,qila012,0.781
espede racing,rahmat kartolo,0.7657
espede racing,rempeyek_500🌊,0.7301
espede racing,rfky,0.7485
espede racing,rijakipp,0.7119
espede racing,rzl,0.6925
espede racing,rℹ️k🅾️🅾️🅾️,0.7016
espede racing,samshl_22,0.6592
espede racing,sara ariska,0.6655
espede racing,satria 🙌,0.8428
espede racing,scc winoww,0.677
espede racing,scc.,0.6883
espede racing,secccfldsuuu21,0.73
espede racing,sendiiisen©📍,0.7729
espede racing,si kucing,0.7338
espede racing,single era,0.6883
espede racing,superman,0.6967
espede racing,syaf__👾👾,0.6824
espede racing,tam,0.7569
espede racing,tangrajinngaji,0.7645
espede racing,taxi barang purwokerto,0.6661
espede racing,theeryoou,0.715
espede racing,tinnyee,0.7137
espede racing,tofik.putra17,0.8528
espede racing,user1233833380586,0.6992
espede racing,user13463#457344,0.813
espede racing,user7098643456,0.6976
espede racing,va 17hd,0.7746
espede racing,van pablo,0.7028
espede racing,vanooo,0.6551
espede racing,viann,0.8669
espede racing,vittss..,0.6691
espede racing,wiindoc,0.6624
espede racing,wo,0.6556
espede racing,wong elek,0.7195
espede racing,wongwonganmumet,0.6936
espede racing,ws🪩,0.7983
espede racing,wzrd,0.7926
espede racing,yanuar,0.7218
espede racing,yaraaayaaaa,0.6957
espede racing,yogaaa21,0.7053
espede racing,yyy,0.6926
espede racing,y💥💯                😛,0.777
espede racing,z4kk🇦🇱🇦🇱,0.757
espede racing,zaall,0.6692
espede racing,zaka.ya,0.7782
espede racing,zazamm,0.7441
espede racing,zeniperr,0.7221
espede racing,zrill🇦🇱🇦🇱,0.7506
espede racing,˚ ༘ 🦕𖦹⋆｡˚,0.8
espede racing,فەیزال,0.7753
espede racing,เςคภ,0.6815
espede racing,™.yunz ★ 447.¥,0.6664
espede racing,⋇⋆✦chelsea ♛┈⛧♡,0.7308
espede racing,★,0.7148
espede racing,☝️👌👌cc,0.6836
espede racing,윙고🇲🇨🇰🇷,0.6861
espede racing,️dika_sajah,0.727
espede racing,￴,0.7355
espede racing,￴ ￴ ￴  ￴ ￴ ￴ ￴ ￴,0.6689
espede racing,￴￴,0.6918
espede racing,𝐫𝐢𝐝𝐨𝐨🕊️,0.6548
espede racing,𝑱𝒖𝒍𝒊𝒂𝒏𝒏𝒏,0.6665
espede racing,𝓝𝓪𝔂𝓵𝓪_𝓓.𝓐,0.7209
espede racing,𝕳𝕬𝕴𝕶𝕬𝕷 𝖁1,0.7727
espede racing,𝕶𝖞𝖓𝖟𝖟,0.7067
espede racing,𝘼𝙇𝙃𝘼𝙆𝙄𝙈𝙕,0.6769
espede racing,𝘿𝙚𝙣,0.7213
espede racing,𝙋𝙍𝙄𝙉𝘾𝙀 15,0.7667
espede racing,𝙖𝙩𝙨𝙨,0.6705
espede racing,𝙡𝙚𝙣𝙜,0.7818
espede racing,𝙧𝙖𝙙𝙚𝙣𝙣𝙠𝙪𝙘𝙞𝙩𝙩🌊,0.6608
espede racing,🏴󠁧󠁢󠁥󠁮󠁧󠁿🏴󠁧󠁢󠁥󠁮󠁧󠁿,0.6506
espede racing,🐦,0.69
espede racing,💋,0.7014
espede racing,🔴⚪,0.7003
espede racing,🕊,0.8268
ewong...,fanzz++,0.6589
ewong...,farrel,0.6948
ewong...,fens nasa 🇺🇸🚀,0.6581
ewong...,ffi🕷️,0.6979
ewong...,g,0.757
ewong...,genjur,0.6612
ewong...,genzzz,0.6598
ewong...,inieidan,0.6879
ewong...,jazkyy1233,0.6543
ewong...,kitekle_,0.7147
ewong...,kojek,0.6525
ewong...,luhur budi permana,0.6738
ewong...,mmmmm,0.6552
ewong...,mommy bibiel,0.6671
ewong...,naa_,0.658
ewong...,pangeran k,0.6752
ewong...,pisangambon,0.6583
ewong...,rimzsukaessedoublechange🤤,0.6764
ewong...,rpk1,0.6741
ewong...,selialls,0.6851
ewong...,single era,0.6653
ewong...,sn0w,0.6768
ewong...,taxi barang purwokerto,0.6764
ewong...,user7098643456,0.6732
ewong...,weird zeze🇩🇪,0.653
ewong...,ws🪩,0.6876
ewong...,ɴᴀᴛ,0.6555
ewong...,เςคภ,0.7042
ewong...,⋇⋆✦chelsea ♛┈⛧♡,0.6532
ewong...,★,0.6545
ewong...,꧁epep꧂,0.6528
ewong...,️dika_sajah,0.6704
ewong...,𝙖𝙩𝙨𝙨,0.6757
ewong...,𝙡𝙚𝙣𝙜,0.6666
ewong...,𝙧𝙖𝙙𝙚𝙣𝙣𝙠𝙪𝙘𝙞𝙩𝙩🌊,0.6726
ewong...,💋,0.6517
excel😶‍🌫️            akun №1,fernanda,0.785
excel😶‍🌫️            akun №1,firmannnnnnnn,0.785
excel😶‍🌫️            akun №1,fittdos,0.7619
excel😶‍🌫️            akun №1,fzryyyy,0.6866
excel😶‍🌫️            akun №1,gl badax,0.9191
excel😶‍🌫️            akun №1,haniiif,0.9191
excel😶‍🌫️            akun №1,i'szz?!,0.6746
excel😶‍🌫️            akun №1,ig: ryaaa.06_,0.6676
excel😶‍🌫️            akun №1,iin,0.9191
excel😶‍🌫️            akun №1,ini punya aku 🤪,0.6889
excel😶‍🌫️            akun №1,iyedd 🪩,0.6598
excel😶‍🌫️            akun №1,juprianto anto,0.7619
excel😶‍🌫️            akun №1,kd urng ya,0.9191
excel😶‍🌫️            akun №1,kembali datang,0.6631
excel😶‍🌫️            akun №1,kenzo.s.m.z,0.785
excel😶‍🌫️            akun №1,langzz,0.6728
excel😶‍🌫️            akun №1,luthfyyy,0.7619
excel😶‍🌫️            akun №1,mahendri,0.764
excel😶‍🌫️            akun №1,mas_drun,0.7619
excel😶‍🌫️            akun №1,n4uf@l 4j4,0.7831
excel😶‍🌫️            akun №1,nanangmungils1,0.9191
excel😶‍🌫️            akun №1,nayzz🚀,0.6797
excel😶‍🌫️            akun №1,nipzzz,0.7683
excel😶‍🌫️            akun №1,ovl,0.6676
excel😶‍🌫️            akun №1,p4n_🤷‍♂️🤷‍♂️,0.674
excel😶‍🌫️            akun №1,panzskbd,0.9191
excel😶‍🌫️            akun №1,pasarrumah.id,0.7075
excel😶‍🌫️            akun №1,r 4 5 ya,0.6953
excel😶‍🌫️            akun №1,rezx2nd,0.785
excel😶‍🌫️            akun №1,riff,0.785
excel😶‍🌫️            akun №1,risky⛔️🆘️,0.7158
excel😶‍🌫️            akun №1,satriaaa,0.6622
excel😶‍🌫️            akun №1,scorpio🦂,0.785
excel😶‍🌫️            akun №1,seli🌸,0.705
excel😶‍🌫️            akun №1,sinfloww,0.7619
excel😶‍🌫️            akun №1,tokoserbada12,0.7911
excel😶‍🌫️            akun №1,tri yulianti,0.9191
excel😶‍🌫️            akun №1,veri ramandani18,0.7619
excel😶‍🌫️            akun №1,wawud,0.6941
excel😶‍🌫️            akun №1,wien,0.705
excel😶‍🌫️            akun №1,ye,0.7719
excel😶‍🌫️            akun №1,⚽,0.705
excel😶‍🌫️            akun №1,⠀ ⠀ ⠀ ⠀ ⠀᠌,0.9191
excel😶‍🌫️            akun №1,レザ,0.6843
excel😶‍🌫️            akun №1,🌵dnd's_mom🌵,0.6612
excel😶‍🌫️            akun №1,🕸,0.6941
f,fafang🕷️,0.755
f,fakri,0.7507
f,frzardtyaalvro,0.6502
f,f⚡,0.6998
f,grandberkahdoaibu,0.7024
f,hermanto,0.6806
f,hii i'm bayy.,0.7567
f,hyan,0.8792
f,hαpiz_boyss⚡,0.6511
f,hαηs кαккσɪɪ.dnd.,0.8154
f,i,0.8784
f,i j a l,0.8135
f,ibunya ragaf,0.6869
f,ifaashion.id,0.7606
f,ig | im_alzz,0.7562
f,iis dukha,0.6666
f,inisial.b,0.7003
f,javrr⚡,0.6987
f,jdr,0.6562
f,"kaa,a",0.6505
f,kaji,0.7331
f,kang bahar,0.8914
f,kruxill🎃,0.7418
f,l4ngz_strong,0.6622
f,l4nkk,0.707
f,lah iya,0.6945
f,lele_byakar@gmail.comm,0.6919
f,lihgal18,0.7244
f,mama alzak,0.6943
f,mas_dawet,0.7289
f,mawar hitam 🌹🗡️,0.7281
f,mawarr,0.947
f,mhrullam,0.6684
f,nadhiff👾,0.6867
f,ndre4you,0.804
f,nggaaa,0.7167
f,nobody,0.6689
f,nur fadil,0.6516
f,ol²²oy,0.7767
f,oz_,0.6578
f,patirrrv2🖤,0.7498
f,patrick bateman,0.686
f,pecey yeye,0.6622
f,penjahat mu,0.662
f,praditailhm_,0.8129
f,princess 💅,0.8928
f,qila012,0.7078
f,rafyy😹,0.7089
f,regialparij,0.6835
f,rempeyek_500🌊,0.6695
f,rzl,0.8525
f,rℹ️k🅾️🅾️🅾️,0.7204
f,samshl_22,0.8172
f,sapa bae,0.729
f,sara ariska,0.8471
f,sari 86,0.6516
f,satria 🙌,0.6811
f,sayaangaenii❤️‍🔥,0.677
f,scc winoww,0.6889
f,scc.,0.7138
f,secccfldsuuu21,0.6834
f,septiana,0.733
f,si kucing,0.6886
f,sri wahyuningsih,0.7324
f,syaf__👾👾,0.6562
f,tam,0.6537
f,tinnyee,0.7083
f,tofik.putra17,0.6841
f,trisis,0.694
f,uuppio,0.6806
f,va 17hd,0.74
f,viann,0.819
f,xspeedx,0.688
f,yogaaa21,0.7189
f,yogszz⚡,0.656
f,yyy,0.7725
f,zaka.ya,0.6918
f,zazamm,0.7806
f,˚ ༘ 🦕𖦹⋆｡˚,0.6552
f,ᴘɪᴋᴀғʀɪᴇᴅᴄʜɪᴄᴋᴇɴ,0.7648
f,★,0.6555
f,☝️👌👌cc,0.7855
f,⛓️,0.6646
f,✌️,0.8205
f,𝑱𝒖𝒍𝒊𝒂𝒏𝒏𝒏,0.6884
f,𝓝𝓪𝔂𝓵𝓪_𝓓.𝓐,0.6534
f,𝕳𝕬𝕴𝕶𝕬𝕷 𝖁1,0.7131
f,𝖇𝖎𝖎𝖑𝖆,0.824
f,𝘼𝙇𝙃𝘼𝙆𝙄𝙈𝙕,0.6878
f,𝙡𝙚𝙣𝙜,0.6657
f,𝙾𝚛𝚢𝚣𝚊 𝚂𝚊𝚝𝚒𝚟𝚊 🌾,0.6506
f,🐦,0.6535
f,🕊,0.7036
f,🧋,0.7136
f jr😺,sannzxkce,0.6818
f4r11!🇦🇱🇦🇱,opangpar,0.6775
f4r11!🇦🇱🇦🇱,pdpputragemilang!,0.6511
f4r11!🇦🇱🇦🇱,railfans ngapak🅥,0.6619
f4r11!🇦🇱🇦🇱,ramadani🌀,0.6527
f4r11!🇦🇱🇦🇱,ranji💤,0.7459
f4r11!🇦🇱🇦🇱,saitama.botak6,0.7504
f4r11!🇦🇱🇦🇱,sandhi686,0.6692
f4r11!🇦🇱🇦🇱,wdyt_,0.6591
f4r11!🇦🇱🇦🇱,wong kene bae,0.654
f4r11!🇦🇱🇦🇱,xlx🇮🇲,0.6559
f4r11!🇦🇱🇦🇱,ғɪᴋʀɪ🐦‍🔥,0.7404
f4r11!🇦🇱🇦🇱,ℒ𝓊𝓬𝓴𝔂,0.6744
f4r11!🇦🇱🇦🇱,"𝖂𝖍𝖔'𝕾,𝕭𝖗𝖆𝖓රධ",0.6658
f4r11!🇦🇱🇦🇱,🫧,0.6715
faaa12,fann,0.6692
faaa12,farrel,0.7429
faaa12,fauzannn,0.6524
faaa12,ffi🕷️,0.7064
faaa12,fikaa,0.6742
faaa12,fi🅰️n6️⃣,0.6598
faaa12,frzardtyaalvro,0.6814
faaa12,g,0.6793
faaa12,garangan mulet,0.6864
faaa12,gatau |✌😜,0.6565
faaa12,genjur,0.7253
faaa12,genzzz,0.6639
faaa12,granddream,0.6681
faaa12,hamzzstecu,0.656
faaa12,hpiss,0.6558
faaa12,im.p4yeng!!,0.687
faaa12,inieidan,0.6684
faaa12,jagoan orangtua,0.6617
faaa12,javrr⚡,0.733
faaa12,jdr,0.6648
faaa12,jepri night🦸,0.7291
faaa12,just friend🙂,0.6646
faaa12,kevin,0.7411
faaa12,kian santang,0.7405
faaa12,"kicau mania""😷✌",0.7356
faaa12,kkpann!,0.6699
faaa12,kojek,0.807
faaa12,lele_byakar@gmail.comm,0.6562
faaa12,mallbelajarbaik,0.6733
faaa12,masayu,0.6731
faaa12,mhrullam,0.7209
faaa12,mmmmm,0.6876
faaa12,mommy bibiel,0.6528
faaa12,muhammadchilung,0.6868
faaa12,n,0.6912
faaa12,nar setecu🌀💤🌊,0.9038
faaa12,nitalifa,0.7066
faaa12,nnaann🔫,0.6504
faaa12,nobody,0.709
faaa12,nuuuu,0.6622
faaa12,nuuuuu,0.6686
faaa12,oz_,0.6767
faaa12,p4tooookkkk,0.7028
faaa12,padil,0.7961
faaa12,pangeran k,0.7377
faaa12,persiaa,0.6819
faaa12,pisangambon,0.8198
faaa12,put,0.7546
faaa12,r,0.6693
faaa12,rahmat kartolo,0.6601
faaa12,rimzsukaessedoublechange🤤,0.6778
faaa12,rpk1,0.7636
faaa12,s u m m e r .,0.7173
faaa12,satria 🙌,0.6944
faaa12,secccfldsuuu21,0.6715
faaa12,si kucing,0.7045
faaa12,single era,0.6643
faaa12,superman,0.7382
faaa12,syaf__👾👾,0.6509
faaa12,teteh_jawa,0.6683
faaa12,tika kartika,0.6726
faaa12,tofik.putra17,0.7514
faaa12,ujangkedu,0.7263
faaa12,user13463#457344,0.6707
faaa12,van pablo,0.6886
faaa12,vittss..,0.6747
faaa12,vnn$fomo,0.665
faaa12,wongwonganmumet,0.6878
faaa12,ws🪩,0.6935
faaa12,wzrd,0.7251
faaa12,yanuar,0.7745
faaa12,yhahaha,0.7172
faaa12,y💥💯                😛,0.6953
faaa12,z4kk🇦🇱🇦🇱,0.7254
faaa12,zaall,0.6666
faaa12,zain,0.7061
faaa12,zaka.ya,0.7222
faaa12,zannn,0.6601
faaa12,zppcx,0.712
faaa12,zrill🇦🇱🇦🇱,0.6677
faaa12,àlwàysdip,0.6613
faaa12,˚ ༘ 🦕𖦹⋆｡˚,0.6613
faaa12,เςคภ,0.799
faaa12,່ ‍ a,0.6896
faaa12,™.yunz ★ 447.¥,0.6538
faaa12,⋇⋆✦chelsea ♛┈⛧♡,0.7112
faaa12,★,0.6724
faaa12,ザキ・アルディアンシア,0.6919
faaa12,️dika_sajah,0.761
faaa12,𝐫𝐢𝐝𝐨𝐨🕊️,0.6634
faaa12,𝕳𝕬𝕴𝕶𝕬𝕷 𝖁1,0.6525
faaa12,𝘼𝙇𝙃𝘼𝙆𝙄𝙈𝙕,0.713
faaa12,𝙋𝙍𝙄𝙉𝘾𝙀 15,0.6677
faaa12,𝙖𝙩𝙨𝙨,0.7401
faaa12,𝙡𝙚𝙣𝙜,0.673
faaa12,𝙧𝙖𝙙𝙚𝙣𝙣𝙠𝙪𝙘𝙞𝙩𝙩🌊,0.688
faaa12,🀄penjahatmu🀄,0.658
faaa12,🆘,0.6882
faaa12,👾,0.6686
faaa12,🕊,0.6819
fafang🕷️,fakri,0.7125
fafang🕷️,frzardtyaalvro,0.6605
fafang🕷️,hermanto,0.6852
fafang🕷️,hii i'm bayy.,0.6538
fafang🕷️,hyan,0.7326
fafang🕷️,hαηs кαккσɪɪ.dnd.,0.7833
fafang🕷️,i,0.7569
fafang🕷️,i j a l,0.6944
fafang🕷️,ibunya ragaf,0.7136
fafang🕷️,ifaashion.id,0.8686
fafang🕷️,ig : d4haas.👾,0.6522
fafang🕷️,ig | im_alzz,0.7438
fafang🕷️,javrr⚡,0.6887
fafang🕷️,jdr,0.6683
fafang🕷️,jesiccaaa,0.6514
fafang🕷️,jun santuy,0.6657
fafang🕷️,"kaa,a",0.6898
fafang🕷️,kaji,0.6967
fafang🕷️,kang bahar,0.7236
fafang🕷️,keee keee,0.7666
fafang🕷️,kelzy24,0.8038
fafang🕷️,kruxill🎃,0.6697
fafang🕷️,l4ngz_strong,0.8553
fafang🕷️,lah iya,0.7255
fafang🕷️,lele_byakar@gmail.comm,0.6942
fafang🕷️,lihgal18,0.6588
fafang🕷️,mama alzak,0.7285
fafang🕷️,mawar hitam 🌹🗡️,0.6806
fafang🕷️,mawarr,0.7797
fafang🕷️,mengomentari postingan anda,0.7337
fafang🕷️,mykids,0.684
fafang🕷️,mynnn,0.6579
fafang🕷️,ndre4you,0.711
fafang🕷️,nggaaa,0.8119
fafang🕷️,nobody,0.6963
fafang🕷️,nur fadil,0.6764
fafang🕷️,ol²²oy,0.6983
fafang🕷️,pak haji sara,0.6877
fafang🕷️,patirrrv2🖤,0.8787
fafang🕷️,patrick bateman,0.7649
fafang🕷️,pecey yeye,0.8553
fafang🕷️,praditailhm_,0.7215
fafang🕷️,princess 💅,0.8162
fafang🕷️,qila012,0.6926
fafang🕷️,raf,0.6885
fafang🕷️,rahmat kartolo,0.7094
fafang🕷️,rzl,0.8142
fafang🕷️,rℹ️k🅾️🅾️🅾️,0.6922
fafang🕷️,samshl_22,0.8918
fafang🕷️,sapa bae,0.761
fafang🕷️,sara ariska,0.7285
fafang🕷️,satria 🙌,0.6733
fafang🕷️,sayaangaenii❤️‍🔥,0.6506
fafang🕷️,scc winoww,0.6801
fafang🕷️,scc.,0.7736
fafang🕷️,secccfldsuuu21,0.7194
fafang🕷️,septiana,0.6916
fafang🕷️,si kucing,0.6767
fafang🕷️,sn0w,0.6943
fafang🕷️,sopo》,0.6673
fafang🕷️,syaf__👾👾,0.7079
fafang🕷️,the last good man,0.6708
fafang🕷️,tinnyee,0.6917
fafang🕷️,tofik.putra17,0.6545
fafang🕷️,trisis,0.6549
fafang🕷️,uuppio,0.763
fafang🕷️,viann,0.7292
fafang🕷️,wong elek,0.6585
fafang🕷️,yaraaayaaaa,0.6695
fafang🕷️,yogaaa21,0.6844
fafang🕷️,yogszz⚡,0.6629
fafang🕷️,yyy,0.7304
fafang🕷️,zaka.ya,0.7068
fafang🕷️,zazamm,0.7471
fafang🕷️,zrill💥,0.6927
fafang🕷️,☝️👌👌cc,0.7137
fafang🕷️,✌️,0.6747
fafang🕷️,𝑱𝒖𝒍𝒊𝒂𝒏𝒏𝒏,0.6641
fafang🕷️,𝕳𝕬𝕴𝕶𝕬𝕷 𝖁1,0.7444
fafang🕷️,𝖇𝖎𝖎𝖑𝖆,0.6592
fafang🕷️,𝘼𝙇𝙃𝘼𝙆𝙄𝙈𝙕,0.6581
fafang🕷️,𝘿𝙚𝙣,0.7024
fafang🕷️,𝙡𝙚𝙣𝙜,0.6589
fafang🕷️,𝙾𝚛𝚢𝚣𝚊 𝚂𝚊𝚝𝚒𝚟𝚊 🌾,0.6776
fafang🕷️,🐦,0.6591
fafang🕷️,👻hsb👻,0.6586
fafang🕷️,🕊,0.7283
fafang🕷️,🧋,0.7688
fahmi.zemmy✔️,hi_ndraa,0.7354
fahmi.zemmy✔️,ido.,0.7967
fahmi.zemmy✔️,iis dukha,0.7564
fahmi.zemmy✔️,kian santang,0.6703
fahmi.zemmy✔️,kojek,0.674
fahmi.zemmy✔️,l4nkk,0.7209
fahmi.zemmy✔️,laris manis store,0.7335
fahmi.zemmy✔️,mmmmm,0.6505
fahmi.zemmy✔️,nabi sulaiman,0.6662
fahmi.zemmy✔️,notzstrongboyss,0.6914
fahmi.zemmy✔️,orensport,0.6651
fahmi.zemmy✔️,osle,0.6926
fahmi.zemmy✔️,ovii ..,0.721
fahmi.zemmy✔️,padil,0.6613
fahmi.zemmy✔️,pisangambon,0.6707
fahmi.zemmy✔️,rpk1,0.6588
fahmi.zemmy✔️,s u m m e r .,0.7245
fahmi.zemmy✔️,single era,0.6502
fahmi.zemmy✔️,suyato jowo,0.6624
fahmi.zemmy✔️,tangrajinngaji,0.7049
fahmi.zemmy✔️,tika kartika,0.6665
fahmi.zemmy✔️,user13463#457344,0.6718
fahmi.zemmy✔️,viann,0.6922
fahmi.zemmy✔️,yanuar,0.7826
fahmi.zemmy✔️,zarr★,0.6666
fahmi.zemmy✔️,المجتهد,0.7005
fahmi.zemmy✔️,🔴⚪,0.7014
fahri..☘️☘️,fery ps,0.6541
fahri..☘️☘️,fuckingawerizsome,0.7683
fahri..☘️☘️,hamz storee,0.697
fahri..☘️☘️,ini blue🔵💨,0.7471
fahri..☘️☘️,jok,0.7412
fahri..☘️☘️,joller🇦🇱,0.6951
fahri..☘️☘️,kasnudtone,0.7247
fahri..☘️☘️,kh,0.7812
fahri..☘️☘️,king persija,0.7529
fahri..☘️☘️,na.,0.8465
fahri..☘️☘️,naufabyktsr,0.6646
fahri..☘️☘️,noellnr🍒,0.7846
fahri..☘️☘️,nyong,0.6951
fahri..☘️☘️,nyong ibaim,0.7269
fahri..☘️☘️,opangpar,0.6546
fahri..☘️☘️,p1n,0.8721
fahri..☘️☘️,pangerankodok77,0.7683
fahri..☘️☘️,panggil vans✌️,0.7537
fahri..☘️☘️,parell✈️💤,0.6951
fahri..☘️☘️,pikaars?,0.7084
fahri..☘️☘️,proo,0.6951
fahri..☘️☘️,ranji💤,0.6726
fahri..☘️☘️,rass.,0.6951
fahri..☘️☘️,ristiana08,0.652
fahri..☘️☘️,s. g. t.,0.7787
fahri..☘️☘️,sestu,0.7412
fahri..☘️☘️,sucilestaripp_08,0.7558
fahri..☘️☘️,syakila pbg,0.7412
fahri..☘️☘️,syaqella,0.652
fahri..☘️☘️,tll,0.7747
fahri..☘️☘️,vinza,0.7339
fahri..☘️☘️,wdyt_,0.7456
fahri..☘️☘️,wong gringsing,0.7412
fahri..☘️☘️,yafzz•𝙯𝙤𝙡𝙙𝙮𝙠🔰💤,0.7683
fahri..☘️☘️,you're okay reszz,0.6517
fahri..☘️☘️,y🅰️hya?,0.8216
fahri..☘️☘️,~~boyszzarddd~~ardboysss🇦🇱🪩,0.6646
fahri..☘️☘️,່,0.6951
fahri..☘️☘️,✧-ta_kepkat,0.6723
fahri..☘️☘️,❤️💛💚,0.6759
fahri..☘️☘️,𓏵,0.6788
fahri..☘️☘️,𝐀𝐋𝐄𝐗𝐀𝐍𝐃𝐑𝐈𝐀,0.6707
fahri..☘️☘️,𝑦𝑦𝑦𝑦,0.8216
fahri..☘️☘️,"𝖂𝖍𝖔'𝕾,𝕭𝖗𝖆𝖓රධ",0.7391
fahri..☘️☘️,𝗕𝗠𝗞𝗚,0.6951
fahri..☘️☘️,𝘁𝗿ē𝗻𝗱à𝗻𝘇𝘅,0.6951
fahri..☘️☘️,🌵dnd's_mom🌵,0.698
fahri..☘️☘️,👻,0.7019
fahri..☘️☘️,💫,0.7026
fahri..☘️☘️,🔥theeam3ll⚡,0.6978
fahri..☘️☘️,🫧,0.6588
faiiiq_019,wdyt_,0.6559
faiqqqqqqq,farrel,0.6745
faiqqqqqqq,febriansyah,0.6771
faiqqqqqqq,fens nasa 🇺🇸🚀,0.6965
faiqqqqqqq,ffi🕷️,0.701
faiqqqqqqq,fikaa,0.7177
faiqqqqqqq,fi🅰️n6️⃣,0.7205
faiqqqqqqq,fwarelll123,0.7124
faiqqqqqqq,genjur,0.7194
faiqqqqqqq,genzzz,0.7494
faiqqqqqqq,hermanto,0.6575
faiqqqqqqq,hibban∆,0.6519
faiqqqqqqq,hii i'm bayy.,0.7001
faiqqqqqqq,inieidan,0.7189
faiqqqqqqq,ivx.ixxi_vii~,0.653
faiqqqqqqq,jagoan orangtua,0.6888
faiqqqqqqq,javrr⚡,0.7296
faiqqqqqqq,jdr,0.6587
faiqqqqqqq,jepri night🦸,0.6583
faiqqqqqqq,just friend🙂,0.733
faiqqqqqqq,kib3nk_ta,0.7171
faiqqqqqqq,"kicau mania""😷✌",0.7081
faiqqqqqqq,kojek,0.7096
faiqqqqqqq,l4nkk,0.6711
faiqqqqqqq,leo,0.6684
faiqqqqqqq,lihgal18,0.6581
faiqqqqqqq,mhrullam,0.7213
faiqqqqqqq,mmmmm,0.8206
faiqqqqqqq,mommy bibiel,0.767
faiqqqqqqq,muhammadchilung,0.7443
faiqqqqqqq,mvinta,0.6547
faiqqqqqqq,naa_,0.7004
faiqqqqqqq,nadhiff👾,0.662
faiqqqqqqq,narzz🌊🌊,0.6595
faiqqqqqqq,neyymar kee jakarta,0.7989
faiqqqqqqq,nnaann🔫,0.7136
faiqqqqqqq,oz_,0.6737
faiqqqqqqq,p4tooookkkk,0.6669
faiqqqqqqq,pisangambon,0.683
faiqqqqqqq,put,0.7239
faiqqqqqqq,qila012,0.6663
faiqqqqqqq,r,0.6923
faiqqqqqqq,rijakipp,0.6848
faiqqqqqqq,satria 🙌,0.7341
faiqqqqqqq,sendiiisen©📍,0.7564
faiqqqqqqq,single era,0.7334
faiqqqqqqq,syaf__👾👾,0.7073
faiqqqqqqq,talasku99,0.694
faiqqqqqqq,tam,0.7248
faiqqqqqqq,tangrajinngaji,0.662
faiqqqqqqq,tofik.putra17,0.7249
faiqqqqqqq,user13463#457344,0.6568
faiqqqqqqq,user7098643456,0.6585
faiqqqqqqq,va 17hd,0.6635
faiqqqqqqq,viann,0.6678
faiqqqqqqq,vittss..,0.7099
faiqqqqqqq,wiindoc,0.6801
faiqqqqqqq,wo,0.6966
faiqqqqqqq,ws🪩,0.8196
faiqqqqqqq,wzrd,0.6883
faiqqqqqqq,y💥💯                😛,0.6706
faiqqqqqqq,z4kk🇦🇱🇦🇱,0.7302
faiqqqqqqq,zarr★,0.6959
faiqqqqqqq,zrill🇦🇱🇦🇱,0.7037
faiqqqqqqq,المجتهد,0.6543
faiqqqqqqq,فەیزال,0.7404
faiqqqqqqq,™.yunz ★ 447.¥,0.6615
faiqqqqqqq,⋇⋆✦chelsea ♛┈⛧♡,0.765
faiqqqqqqq,★,0.6936
faiqqqqqqq,✧saged🌊,0.8228
faiqqqqqqq,ザキ・アルディアンシア,0.715
faiqqqqqqq,윙고🇲🇨🇰🇷,0.7038
faiqqqqqqq,️dika_sajah,0.7249
faiqqqqqqq,￴,0.7861
faiqqqqqqq,￴￴,0.6933
faiqqqqqqq,𝕶𝖞𝖓𝖟𝖟,0.6883
faiqqqqqqq,𝙋𝙍𝙄𝙉𝘾𝙀 15,0.7747
faiqqqqqqq,𝙡𝙚𝙣𝙜,0.7766
faiqqqqqqq,𝙧𝙖𝙙𝙚𝙣𝙣𝙠𝙪𝙘𝙞𝙩𝙩🌊,0.6712
faiqqqqqqq,🐣,0.6767
faiqqqqqqq,🕊,0.6944
faiz,fauzannn,0.6847
faiz,garangan mulet,0.7356
faiz,hanipipipip,0.6879
faiz,hilman,0.6595
faiz,hpiss,0.6756
faiz,jazkyy1233,0.6641
faiz,jun santuy,0.7591
faiz,"kaa,a",0.7467
faiz,keee keee,0.7209
faiz,kevin,0.7008
faiz,kiking,0.7178
faiz,l3o m,0.722
faiz,lah iya,0.6981
faiz,m. rizqi_,0.6691
faiz,mengomentari postingan anda,0.6864
faiz,mka. kka,0.735
faiz,muhamad rian,0.825
faiz,mynnn,0.7073
faiz,nar setecu🌀💤🌊,0.6571
faiz,naufabyktsr,0.7043
faiz,nitalifa,0.6936
faiz,nuuuuu,0.9084
faiz,pak haji,0.7072
faiz,pak haji sara,0.7462
faiz,panggil vans✌️,0.8639
faiz,pip2nd🧿,0.7317
faiz,r4ndsyh,0.6784
faiz,reendstore,0.669
faiz,ristiani14,0.6714
faiz,rizzstecu✌️,0.6855
faiz,sabiantiwulariata,0.7506
faiz,sayaangaenii❤️‍🔥,0.6847
faiz,secccfldsuuu21,0.6916
faiz,sopo》,0.6782
faiz,the last good man,0.6514
faiz,tinnyee,0.6574
faiz,uuppio,0.6551
faiz,vinss,0.6513
faiz,weird zeze🇩🇪,0.6714
faiz,xlx🇮🇲,0.7388
faiz,yaraaayaaaa,0.6875
faiz,zain,0.7164
faiz,zainvick_,0.666
faiz,zannn,0.7738
faiz,zrill💥,0.6878
faiz,~~boyszzarddd~~ardboysss🇦🇱🪩,0.7043
faiz,▪️,0.6877
faiz,𝓝𝓪𝔂𝓵𝓪_𝓓.𝓐,0.6804
faiz,𝕳𝕬𝕴𝕶𝕬𝕷 𝖁1,0.6823
faiz,𝙾𝚛𝚢𝚣𝚊 𝚂𝚊𝚝𝚒𝚟𝚊 🌾,0.6685
faiz,🐦,0.6601
faiz,👻hsb👻,0.732
faiz,👾,0.9084
faiz,🧋,0.6687
fakri,frzardtyaalvro,0.6952
fakri,genzzz,0.6728
fakri,hermanto,0.708
fakri,hibban∆,0.6936
fakri,hii i'm bayy.,0.692
fakri,hyan,0.7376
fakri,hαpiz_boyss⚡,0.6645
fakri,hαηs кαккσɪɪ.dnd.,0.706
fakri,i,0.756
fakri,ibunya ragaf,0.6594
fakri,ifaashion.id,0.6848
fakri,ig : d4haas.👾,0.6589
fakri,ig:4ufa_l,0.6734
fakri,ikhsan hair,0.6534
fakri,inieidan,0.6837
fakri,javrr⚡,0.6909
fakri,kang bahar,0.7392
fakri,kin_💫,0.7124
fakri,lah iya,0.6701
fakri,lah?kenapa?,0.6611
fakri,lele_byakar@gmail.comm,0.6651
fakri,mas_dawet,0.6761
fakri,mawar hitam 🌹🗡️,0.6599
fakri,mawarr,0.7684
fakri,mhrullam,0.6681
fakri,mka. kka,0.6664
fakri,muhammadchilung,0.6561
fakri,mvinta,0.6659
fakri,mykids,0.6512
fakri,ndre4you,0.6649
fakri,nobody,0.6693
fakri,nur fadil,0.6727
fakri,ol²²oy,0.6869
fakri,p4tooookkkk,0.669
fakri,piscesmod,0.7215
fakri,praditailhm_,0.739
fakri,princess 💅,0.7507
fakri,qila012,0.6773
fakri,raffiii162,0.6831
fakri,rafyy😹,0.7219
fakri,regialparij,0.6506
fakri,rzl,0.7182
fakri,rℹ️k🅾️🅾️🅾️,0.7236
fakri,safi,0.6778
fakri,samshl_22,0.6631
fakri,sara ariska,0.6915
fakri,satria 🙌,0.6885
fakri,scc winoww,0.6797
fakri,scc.,0.6751
fakri,secccfldsuuu21,0.7463
fakri,syaf__👾👾,0.6853
fakri,talasku99,0.6578
fakri,tam,0.7092
fakri,taxi barang purwokerto,0.6658
fakri,tinnyee,0.6757
fakri,tito cans,0.662
fakri,tofik.putra17,0.6857
fakri,trisis,0.6554
fakri,va 17hd,0.7059
fakri,vanooo,0.6914
fakri,viann,0.7044
fakri,vittss..,0.7212
fakri,ws🪩,0.6893
fakri,yaraaayaaaa,0.6811
fakri,yogaaa21,0.6658
fakri,yyy,0.6853
fakri,zaka.ya,0.6723
fakri,zazamm,0.7017
fakri,zeniperr,0.6517
fakri,˚ ༘ 🦕𖦹⋆｡˚,0.6955
fakri,⋇⋆✦chelsea ♛┈⛧♡,0.6697
fakri,★,0.65
fakri,☝️👌👌cc,0.6791
fakri,⛓️,0.6822
fakri,✌️,0.7616
fakri,マᥱž𝚊,0.6836
fakri,￴￴,0.6656
fakri,𝑱𝒖𝒍𝒊𝒂𝒏𝒏𝒏,0.6572
fakri,𝕳𝕬𝕴𝕶𝕬𝕷 𝖁1,0.7715
fakri,𝖇𝖎𝖎𝖑𝖆,0.6915
fakri,𝘼𝙇𝙃𝘼𝙆𝙄𝙈𝙕,0.6544
fakri,𝙋𝙍𝙄𝙉𝘾𝙀 15,0.6586
fakri,𝙡𝙚𝙣𝙜,0.7295
fakri,𝙧𝙖𝙙𝙚𝙣𝙣𝙠𝙪𝙘𝙞𝙩𝙩🌊,0.6525
fakri,🐣,0.6599
fakri,💩.,0.6601
fakri,🕊,0.7113
fann,farrel,0.7119
fann,g,0.6641
fann,garangan mulet,0.6557
fann,genzzz,0.7065
fann,ido.,0.6722
fann,im.p4yeng!!,0.6973
fann,jagoan orangtua,0.6558
fann,just friend🙂,0.6903
fann,kojek,0.7325
fann,lah iya,0.657
fann,lekngasu,0.6566
fann,mas eng69,0.6512
fann,mka. kka,0.6654
fann,muhammadchilung,0.715
fann,nadhiff👾,0.6647
fann,nobody,0.6898
fann,pangeran k,0.6836
fann,pdpputragemilang!,0.6695
fann,pisangambon,0.6968
fann,putz!!,0.6916
fann,rimzsukaessedoublechange🤤,0.659
fann,rndra,0.667
fann,rpk1,0.6577
fann,s u m m e r .,0.6641
fann,satria 🙌,0.7207
fann,tofik.putra17,0.6793
fann,van pablo,0.6532
fann,ws🪩,0.6886
fann,yanuar,0.6648
fann,z4kk🇦🇱🇦🇱,0.7654
fann,zain,0.6916
fann,zannn,0.6652
fann,àlwàysdip,0.6756
fann,فەیزال,0.7127
fann,เςคภ,0.7555
fann,￴,0.6623
fann,𝘉𝘐 𝔟𝔢𝔫𝔠𝔦 𝔠𝔦𝔫𝔱𝔞~,0.6609
fann,𝙖𝙩𝙨𝙨,0.6904
fann,𝙡𝙚𝙣𝙜,0.6592
fanzz++,ig: nan_sgaa,0.6739
fanzz++,nar setecu🌀💤🌊,0.6572
fanzz++,nuuuu,0.6645
fanzz++,pangeran k,0.657
fanzz++,rivann.ahah,0.6856
fanzz++,set? iy syng,0.6785
fanzz++,stecu💤,0.6523
fanzz++,taxi barang purwokerto,0.6743
fanzz++,ujangkedu,0.6587
fanzz++,user7098643456,0.6607
fanzz++,wong kene bae,0.6578
fanzz++,xxtipoo🀄⚡,0.655
fanzz++,àlwàysdip,0.6563
fanzz++,เςคภ,0.6858
fanzz++,ℒ𝓊𝓬𝓴𝔂,0.6824
fanzz++,￴ ￴ ￴  ￴ ￴ ￴ ￴ ￴,0.6705
fanzz++,𝘉𝘐 𝔟𝔢𝔫𝔠𝔦 𝔠𝔦𝔫𝔱𝔞~,0.6928
fanzz++,𝙖𝙩𝙨𝙨,0.6503
fanzz++,🆘,0.6506
farrel,fcknzzshit_,0.704
farrel,fens nasa 🇺🇸🚀,0.6594
farrel,ffi🕷️,0.7551
farrel,fikaa,0.6831
farrel,fiki v1,0.6719
farrel,fi🅰️n6️⃣,0.7034
farrel,frzardtyaalvro,0.6712
farrel,g,0.7817
farrel,garangan mulet,0.6817
farrel,genjur,0.7437
farrel,genzzz,0.7208
farrel,hamzzstecu,0.6728
farrel,hermanto,0.6897
farrel,hpiss,0.6687
farrel,ido.,0.6759
farrel,ig:4ufa_l,0.6537
farrel,ikhsan hair,0.6591
farrel,im.p4yeng!!,0.7074
farrel,inieidan,0.6763
farrel,jagoan orangtua,0.7175
farrel,javrr⚡,0.7471
farrel,jdr,0.717
farrel,jepri night🦸,0.7324
farrel,just friend🙂,0.6864
farrel,kall,0.6926
farrel,kian santang,0.6826
farrel,"kicau mania""😷✌",0.6943
farrel,kojek,0.7733
farrel,l4nkk,0.6823
farrel,lah?kenapa?,0.6873
farrel,lele_byakar@gmail.comm,0.6539
farrel,lihgal18,0.6883
farrel,masayu,0.6644
farrel,maswilll,0.6683
farrel,mhrullam,0.7393
farrel,mmmmm,0.7325
farrel,mommy bibiel,0.7007
farrel,muhammadchilung,0.7493
farrel,naa_,0.6747
farrel,nadhiff👾,0.7233
farrel,nar setecu🌀💤🌊,0.6938
farrel,narti,0.6682
farrel,neyymar kee jakarta,0.6924
farrel,nnaann🔫,0.6572
farrel,nobody,0.6867
farrel,oz_,0.6671
farrel,p4tooookkkk,0.7279
farrel,padil,0.657
farrel,pangeran k,0.6798
farrel,pisangambon,0.7336
farrel,piscesmod,0.6834
farrel,put,0.7734
farrel,qila012,0.6625
farrel,rahmat kartolo,0.695
farrel,rimzsukaessedoublechange🤤,0.8078
farrel,rivann.ahah,0.6594
farrel,rpk1,0.6722
farrel,rℹ️k🅾️🅾️🅾️,0.6529
farrel,s u m m e r .,0.6575
farrel,satria 🙌,0.7565
farrel,satyaa ✦,0.6995
farrel,secccfldsuuu21,0.6533
farrel,sendiiisen©📍,0.7343
farrel,single era,0.6834
farrel,sn0w,0.6709
farrel,stecu💤,0.6565
farrel,superman,0.68
farrel,syaf__👾👾,0.6584
farrel,tam,0.6964
farrel,tangrajinngaji,0.7198
farrel,taxi barang purwokerto,0.7308
farrel,tofik.putra17,0.7434
farrel,ujangkedu,0.6828
farrel,user13463#457344,0.7043
farrel,van pablo,0.7132
farrel,viann,0.6986
farrel,vittss..,0.6693
farrel,wong elek,0.6652
farrel,wongwonganmumet,0.7048
farrel,ws🪩,0.7204
farrel,wzrd,0.739
farrel,yanuar,0.6965
farrel,y💥💯                😛,0.669
farrel,z4kk🇦🇱🇦🇱,0.721
farrel,zaall,0.6789
farrel,zain,0.6785
farrel,zaka.ya,0.6894
farrel,zeniperr,0.7007
farrel,zrill🇦🇱🇦🇱,0.7164
farrel,àlwàysdip,0.725
farrel,˚ ༘ 🦕𖦹⋆｡˚,0.6796
farrel,فەیزال,0.6925
farrel,เςคภ,0.7704
farrel,™.yunz ★ 447.¥,0.6764
farrel,⋇⋆✦chelsea ♛┈⛧♡,0.6905
farrel,★,0.6729
farrel,ザキ・アルディアンシア,0.6819
farrel,윙고🇲🇨🇰🇷,0.7482
farrel,️dika_sajah,0.7801
farrel,￴,0.7087
farrel,￴ ￴ ￴  ￴ ￴ ￴ ￴ ￴,0.6924
farrel,￴￴,0.7165
farrel,𝐫𝐢𝐝𝐨𝐨🕊️,0.7656
farrel,𝕳𝕬𝕴𝕶𝕬𝕷 𝖁1,0.6745
farrel,𝕶𝖞𝖓𝖟𝖟,0.6565
farrel,𝘼𝙇𝙃𝘼𝙆𝙄𝙈𝙕,0.6683
farrel,𝘿𝙚𝙣,0.6621
farrel,𝙋𝙍𝙄𝙉𝘾𝙀 15,0.7199
farrel,𝙖𝙩𝙨𝙨,0.7405
farrel,𝙡𝙚𝙣𝙜,0.7258
farrel,𝙧𝙖𝙙𝙚𝙣𝙣𝙠𝙪𝙘𝙞𝙩𝙩🌊,0.7096
farrel,💋,0.7411
farrel,🔴⚪,0.6986
farrel,🕊,0.7321
farrel,😡,0.7106
fattahcake,ini punya aku 🤪,0.7123
fattahcake,iyedd 🪩,0.7241
fattahcake,langzz,0.7267
fattahcake,seli🌸,0.6686
fattahcake,vanzzz,0.6984
fattahcake,wawud,0.6676
fattahcake,wien,0.6686
fattahcake,wiwut,0.6864
fattahcake,⚽,0.6686
fattahcake,🕸,0.6698
fattahcake,😂,0.6889
fattahcake,🥷,0.7929
fauzannn,fcknzzshit_,0.6752
fauzannn,frzardtyaalvro,0.6612
fauzannn,im.p4yeng!!,0.6731
fauzannn,kelzy24,0.6584
fauzannn,kevin,0.6676
fauzannn,kin_💫,0.6662
fauzannn,mengomentari postingan anda,0.7106
fauzannn,mynnn,0.6522
fauzannn,nar setecu🌀💤🌊,0.6539
fauzannn,nitalifa,0.6584
fauzannn,nuuuuu,0.703
fauzannn,opetporeperr,0.6975
fauzannn,pak haji sara,0.6807
fauzannn,pangeran k,0.6754
fauzannn,piscesmod,0.6942
fauzannn,rfky,0.6713
fauzannn,secccfldsuuu21,0.6616
fauzannn,si kucing,0.6905
fauzannn,sn0w,0.6683
fauzannn,taxi barang purwokerto,0.6743
fauzannn,ujangkedu,0.6811
fauzannn,zain,0.6581
fauzannn,àlwàysdip,0.6652
fauzannn,˚ ༘ 🦕𖦹⋆｡˚,0.6638
fauzannn,￴ ￴ ￴  ￴ ￴ ￴ ￴ ￴,0.6578
fauzannn,👾,0.703
fauzannn,🛸,0.7504
fcknzzshit_,frzardtyaalvro,0.7119
fcknzzshit_,g,0.6546
fcknzzshit_,garangan mulet,0.8432
fcknzzshit_,hpiss,0.761
fcknzzshit_,ig:4ufa_l,0.6994
fcknzzshit_,im.p4yeng!!,0.6625
fcknzzshit_,izz_sjlh🀄,0.7302
fcknzzshit_,jesiccaaa,0.7488
fcknzzshit_,jncktell,0.6742
fcknzzshit_,kelzy24,0.6658
fcknzzshit_,kevin,0.6728
fcknzzshit_,kuwi4526,0.8426
fcknzzshit_,lah iya,0.7031
fcknzzshit_,lele_byakar@gmail.comm,0.6743
fcknzzshit_,mengomentari postingan anda,0.668
fcknzzshit_,mykids,0.696
fcknzzshit_,nobody,0.6841
fcknzzshit_,nuuuu,0.6536
fcknzzshit_,nuuuuu,0.6906
fcknzzshit_,n⭐👽,0.8409
fcknzzshit_,oftaxl,0.6681
fcknzzshit_,pak haji,0.6731
fcknzzshit_,pak haji sara,0.6606
fcknzzshit_,piscesmod,0.7069
fcknzzshit_,r4ndsyh,0.7189
fcknzzshit_,reendstore,0.6881
fcknzzshit_,rehan.aj,0.6649
fcknzzshit_,rofikkk !!,0.7997
fcknzzshit_,satria 🙌,0.6637
fcknzzshit_,scc.,0.6651
fcknzzshit_,secccfldsuuu21,0.6598
fcknzzshit_,stecu💤,0.6528
fcknzzshit_,taxi barang purwokerto,0.725
fcknzzshit_,ujangkedu,0.7009
fcknzzshit_,yaraaayaaaa,0.6516
fcknzzshit_,zain,0.7406
fcknzzshit_,zazamm,0.6583
fcknzzshit_,àlwàysdip,0.9598
fcknzzshit_,￴ ￴ ￴  ￴ ￴ ￴ ￴ ￴,0.6656
fcknzzshit_,𝘉𝘐 𝔟𝔢𝔫𝔠𝔦 𝔠𝔦𝔫𝔱𝔞~,0.7705
fcknzzshit_,𝘼𝙇𝙃𝘼𝙆𝙄𝙈𝙕,0.6965
fcknzzshit_,𝘿𝙚𝙣,0.6615
fcknzzshit_,𝙾𝚛𝚢𝚣𝚊 𝚂𝚊𝚝𝚒𝚟𝚊 🌾,0.6682
fcknzzshit_,🆘,0.6654
fcknzzshit_,👾,0.6906
fcknzzshit_,💩.,0.6659
fcknzzshit_,🕸️,0.7292
febriansyah,fens nasa 🇺🇸🚀,0.6912
febriansyah,ffi🕷️,0.6524
febriansyah,fi🅰️n6️⃣,0.7207
febriansyah,genzzz,0.707
febriansyah,gesang wl,0.7069
febriansyah,gtww,0.6741
febriansyah,hii i'm bayy.,0.6714
febriansyah,ig : d4haas.👾,0.6604
febriansyah,ikhsan hair,0.6608
febriansyah,im.p4yeng!!,0.7233
febriansyah,inieidan,0.7271
febriansyah,ivx.ixxi_vii~,0.6846
febriansyah,jagoan orangtua,0.6511
febriansyah,javrr⚡,0.6855
febriansyah,kib3nk_ta,0.6955
febriansyah,"kicau mania""😷✌",0.6803
febriansyah,kin_💫,0.6633
febriansyah,kojek,0.654
febriansyah,kruxill🎃,0.664
febriansyah,lah?kenapa?,0.6699
febriansyah,lihgal18,0.6572
febriansyah,mhrullam,0.7328
febriansyah,mommy bibiel,0.6976
febriansyah,muhammadchilung,0.6605
febriansyah,naa_,0.6794
febriansyah,narzz🌊🌊,0.6784
febriansyah,nino,0.6519
febriansyah,ol²²oy,0.6524
febriansyah,pisangambon,0.6844
febriansyah,put,0.6838
febriansyah,r,0.75
febriansyah,rafyy😹,0.6869
febriansyah,rijakipp,0.6781
febriansyah,ryy_,0.7117
febriansyah,rℹ️k🅾️🅾️🅾️,0.6894
febriansyah,sabitulyz,0.6656
febriansyah,safi,0.6728
febriansyah,satyaa ✦,0.6617
febriansyah,sendiiisen©📍,0.6909
febriansyah,si kucing,0.6536
febriansyah,syaf__👾👾,0.7234
febriansyah,talasku99,0.7825
febriansyah,tam,0.6937
febriansyah,teteh_jawa,0.7126
febriansyah,tgrysfff,0.6699
febriansyah,tofik.putra17,0.6909
febriansyah,vittss..,0.8046
febriansyah,wiindoc,0.6733
febriansyah,wo,0.6557
febriansyah,wongwonganmumet,0.6802
febriansyah,ws🪩,0.7406
febriansyah,yyy,0.6667
febriansyah,z4kk🇦🇱🇦🇱,0.6779
febriansyah,zaall,0.6761
febriansyah,ɴᴀᴛ,0.7617
febriansyah,⋇⋆✦chelsea ♛┈⛧♡,0.7092
febriansyah,★,0.6774
febriansyah,✧saged🌊,0.6766
febriansyah,ザキ・アルディアンシア,0.68
febriansyah,윙고🇲🇨🇰🇷,0.6721
febriansyah,️dika_sajah,0.681
febriansyah,￴￴,0.6628
febriansyah,𝙋𝙍𝙄𝙉𝘾𝙀 15,0.6547
febriansyah,𝙖𝙩𝙨𝙨,0.7215
febriansyah,𝙡𝙚𝙣𝙜,0.7248
febriansyah,𝙧𝙖𝙙𝙚𝙣𝙣𝙠𝙪𝙘𝙞𝙩𝙩🌊,0.6501
federico,frhnbaeω,0.693
federico,icin,0.7373
federico,iyann noverse ☄️🪐,0.8463
federico,khaa : akun business 🪐 💵,0.8053
federico,kizy🇦🇱,0.7213
federico,kmu gpp zaa?,0.7705
federico,maa....,0.7694
federico,mamaz ap,0.8153
federico,maswilll,0.6991
federico,nha_nha88,0.7676
federico,rian(rivan fian),0.7793
federico,spilloutfittrendy,0.7136
federico,"wong""plosok",0.7056
federico,xy_don🚀,0.8206
federico,zexx'777,0.7138
federico,zye hehe,0.7927
federico,⭐zka,0.6686
federico,𝕬𝖟𝖐𝖆 𝖋𝖔𝖗 𝖞𝖔𝖚,0.7197
federico,𝘾𝙖𝙡𝙤𝙣 𝙃𝘼𝙅𝙄,0.6818
federico,𝙎𝘽𝙎 001_𝙨𝙠𝙖𝙮 𝙮𝙚𝙡𝙤𝙬,0.7387
"fendaaa,,",ngọc,0.8554
"fendaaa,,",pikaars?,0.6746
"fendaaa,,",ristiana08,0.6987
"fendaaa,,",syaqella,0.6987
"fendaaa,,",yuliazaa,0.6548
"fendaaa,,",น้ำอุ่น กัญญาภัทร เต๊กอ๋อต้ง,0.6548
"fendaaa,,",✧-ta_kepkat,0.6588
"fendaaa,,",❤️💛💚,0.6529
"fendaaa,,",🔥theeam3ll⚡,0.6717
fens nasa 🇺🇸🚀,ffi🕷️,0.6622
fens nasa 🇺🇸🚀,g,0.6731
fens nasa 🇺🇸🚀,genjur,0.7251
fens nasa 🇺🇸🚀,genzzz,0.727
fens nasa 🇺🇸🚀,gesang wl,0.7021
fens nasa 🇺🇸🚀,hαpiz_boyss⚡,0.6789
fens nasa 🇺🇸🚀,inieidan,0.7288
fens nasa 🇺🇸🚀,ivx.ixxi_vii~,0.6969
fens nasa 🇺🇸🚀,jagoan orangtua,0.6563
fens nasa 🇺🇸🚀,javrr⚡,0.7122
fens nasa 🇺🇸🚀,just friend🙂,0.7043
fens nasa 🇺🇸🚀,kib3nk_ta,0.6808
fens nasa 🇺🇸🚀,kojek,0.6783
fens nasa 🇺🇸🚀,lah?kenapa?,0.701
fens nasa 🇺🇸🚀,mhrullam,0.6574
fens nasa 🇺🇸🚀,mmmmm,0.6867
fens nasa 🇺🇸🚀,mommy bibiel,0.7544
fens nasa 🇺🇸🚀,muhammadchilung,0.7152
fens nasa 🇺🇸🚀,neyymar kee jakarta,0.6908
fens nasa 🇺🇸🚀,náátzy.,0.659
fens nasa 🇺🇸🚀,opetporeperr,0.657
fens nasa 🇺🇸🚀,pisangambon,0.6602
fens nasa 🇺🇸🚀,qila012,0.666
fens nasa 🇺🇸🚀,r,0.7097
fens nasa 🇺🇸🚀,rimzsukaessedoublechange🤤,0.6597
fens nasa 🇺🇸🚀,rℹ️k🅾️🅾️🅾️,0.6662
fens nasa 🇺🇸🚀,sabitulyz,0.6872
fens nasa 🇺🇸🚀,safi,0.653
fens nasa 🇺🇸🚀,satria 🙌,0.6786
fens nasa 🇺🇸🚀,sendiiisen©📍,0.7384
fens nasa 🇺🇸🚀,set? iy syng,0.6565
fens nasa 🇺🇸🚀,talasku99,0.6516
fens nasa 🇺🇸🚀,teteh_jawa,0.6633
fens nasa 🇺🇸🚀,tofik.putra17,0.6675
fens nasa 🇺🇸🚀,user13463#457344,0.6687
fens nasa 🇺🇸🚀,va 17hd,0.6739
fens nasa 🇺🇸🚀,vittss..,0.7233
fens nasa 🇺🇸🚀,wiindoc,0.6688
fens nasa 🇺🇸🚀,ws🪩,0.7337
fens nasa 🇺🇸🚀,yanuar,0.6584
fens nasa 🇺🇸🚀,z4kk🇦🇱🇦🇱,0.7056
fens nasa 🇺🇸🚀,zeniperr,0.6742
fens nasa 🇺🇸🚀,ɴᴀᴛ,0.6669
fens nasa 🇺🇸🚀,˚ ༘ 🦕𖦹⋆｡˚,0.7007
fens nasa 🇺🇸🚀,فەیزال,0.6786
fens nasa 🇺🇸🚀,™.yunz ★ 447.¥,0.7117
fens nasa 🇺🇸🚀,⋇⋆✦chelsea ♛┈⛧♡,0.6524
fens nasa 🇺🇸🚀,マᥱž𝚊,0.6602
fens nasa 🇺🇸🚀,윙고🇲🇨🇰🇷,0.7194
fens nasa 🇺🇸🚀,️dika_sajah,0.66
fens nasa 🇺🇸🚀,￴,0.6707
fens nasa 🇺🇸🚀,￴ ￴ ￴  ￴ ￴ ￴ ￴ ￴,0.6715
fens nasa 🇺🇸🚀,￴￴,0.6993
fens nasa 🇺🇸🚀,𝐫𝐢𝐝𝐨𝐨🕊️,0.6525
fens nasa 🇺🇸🚀,𝕶𝖞𝖓𝖟𝖟,0.6632
fens nasa 🇺🇸🚀,𝙋𝙍𝙄𝙉𝘾𝙀 15,0.7262
fens nasa 🇺🇸🚀,𝙖𝙩𝙨𝙨,0.6657
fens nasa 🇺🇸🚀,𝙡𝙚𝙣𝙜,0.7688
fens nasa 🇺🇸🚀,𝙧𝙖𝙙𝙚𝙣𝙣𝙠𝙪𝙘𝙞𝙩𝙩🌊,0.6889
fens nasa 🇺🇸🚀,🐣,0.6721
fens nasa 🇺🇸🚀,💋,0.667
fens nasa 🇺🇸🚀,🕊,0.7141
fernanda,firmannnnnnnn,1.0
fernanda,fittdos,0.7107
fernanda,fzryyyy,0.7054
fernanda,gl badax,0.8452
fernanda,haniiif,0.8452
fernanda,ig: ryaaa.06_,0.7528
fernanda,iin,0.8452
fernanda,indomaret 24 jam,0.7184
fernanda,juprianto anto,0.7107
fernanda,kd urng ya,0.8452
fernanda,kembali datang,0.7261
fernanda,kenzo.s.m.z,1.0
fernanda,lakmen,0.6874
fernanda,luthfyyy,0.7107
fernanda,mahendri,0.6602
fernanda,mas_drun,0.7107
fernanda,n4uf@l 4j4,0.72
fernanda,nanangmungils1,0.8452
fernanda,nipzzz,0.7549
fernanda,nycxstore,0.6549
fernanda,ovl,0.7528
fernanda,panzskbd,0.8452
fernanda,pikaars?,0.6747
fernanda,rezx2nd,1.0
fernanda,riff,1.0
fernanda,sannzxkce,0.6708
fernanda,satriaaa,0.7639
fernanda,scorpio🦂,1.0
fernanda,sinfloww,0.7107
fernanda,tri yulianti,0.8452
fernanda,vann 🌳,0.7717
fernanda,veri ramandani18,0.7107
fernanda,ye,0.6851
fernanda,⠀ ⠀ ⠀ ⠀ ⠀᠌,0.8452
fernanda,🄱🄰🅈🅄🄸🄽🄳🄰🄷🄾🄵🄵🅂🄴🅃,0.7271
fernanda,🌵dnd's_mom🌵,0.6685
fernanda,🐚🫧🪩,0.6677
fery ps,jok,0.6768
fery ps,noellnr🍒,0.7115
fery ps,orensport,0.6692
fery ps,p1n,0.6753
fery ps,pdpputragemilang!,0.6604
fery ps,rmdn,0.7055
fery ps,sestu,0.6768
fery ps,slowhand,0.6903
fery ps,syakila pbg,0.6768
fery ps,tll,0.6758
fery ps,username12375,0.6772
fery ps,wong gringsing,0.6768
fery ps,z4m,0.6591
ffi🕷️,fikaa,0.6604
ffi🕷️,g,0.656
ffi🕷️,genjur,0.8357
ffi🕷️,genzzz,0.6844
ffi🕷️,hermanto,0.657
ffi🕷️,hii i'm bayy.,0.6556
ffi🕷️,hpiss,0.6564
ffi🕷️,ibunya ragaf,0.6822
ffi🕷️,ig : d4haas.👾,0.7381
ffi🕷️,ig:4ufa_l,0.6873
ffi🕷️,ikhsan hair,0.6758
ffi🕷️,im.p4yeng!!,0.7135
ffi🕷️,inieidan,0.7223
ffi🕷️,jagoan orangtua,0.7083
ffi🕷️,javrr⚡,0.7402
ffi🕷️,jdr,0.7104
ffi🕷️,jepri night🦸,0.8394
ffi🕷️,just friend🙂,0.6714
ffi🕷️,juvvv,0.6925
ffi🕷️,kian santang,0.7023
ffi🕷️,kib3nk_ta,0.653
ffi🕷️,"kicau mania""😷✌",0.6553
ffi🕷️,kin_💫,0.679
ffi🕷️,kkpann!,0.7161
ffi🕷️,kojek,0.7223
ffi🕷️,l4nkk,0.697
ffi🕷️,lah?kenapa?,0.7486
ffi🕷️,leo,0.6775
ffi🕷️,masayu,0.6886
ffi🕷️,mhrullam,0.6981
ffi🕷️,mmmmm,0.7054
ffi🕷️,mommy bibiel,0.7116
ffi🕷️,muhammadchilung,0.7323
ffi🕷️,mvinta,0.8
ffi🕷️,naa_,0.7106
ffi🕷️,nadhiff👾,0.6737
ffi🕷️,narzz🌊🌊,0.6744
ffi🕷️,neyymar kee jakarta,0.6813
ffi🕷️,nino,0.6559
ffi🕷️,nnaann🔫,0.7174
ffi🕷️,nobody,0.6879
ffi🕷️,p4tooookkkk,0.7093
ffi🕷️,padil,0.7387
ffi🕷️,pangeran k,0.7036
ffi🕷️,pip2nd🧿,0.6647
ffi🕷️,pisangambon,0.7641
ffi🕷️,piscesmod,0.6527
ffi🕷️,praditailhm_,0.6963
ffi🕷️,put,0.8943
ffi🕷️,qila012,0.6672
ffi🕷️,rahmat kartolo,0.6534
ffi🕷️,regialparij,0.7026
ffi🕷️,rempeyek_500🌊,0.7062
ffi🕷️,rfky,0.7293
ffi🕷️,rijakipp,0.7383
ffi🕷️,rivann.ahah,0.7147
ffi🕷️,rpk1,0.6969
ffi🕷️,rℹ️k🅾️🅾️🅾️,0.6639
ffi🕷️,sabitulyz,0.6535
ffi🕷️,satria 🙌,0.7422
ffi🕷️,satyaa ✦,0.7156
ffi🕷️,sendiiisen©📍,0.7315
ffi🕷️,set? iy syng,0.6567
ffi🕷️,si kucing,0.7478
ffi🕷️,single era,0.7004
ffi🕷️,sleep the saunt,0.6759
ffi🕷️,sn0w,0.6541
ffi🕷️,stecu💤,0.7089
ffi🕷️,syaf__👾👾,0.7079
ffi🕷️,talasku99,0.6901
ffi🕷️,tam,0.7087
ffi🕷️,tangrajinngaji,0.7402
ffi🕷️,taxi barang purwokerto,0.6687
ffi🕷️,teteh_jawa,0.7058
ffi🕷️,tofik.putra17,0.7298
ffi🕷️,user13463#457344,0.6992
ffi🕷️,user7098643456,0.7769
ffi🕷️,van pablo,0.7374
ffi🕷️,vanooo,0.6865
ffi🕷️,viann,0.7023
ffi🕷️,vittss..,0.7242
ffi🕷️,wiindoc,0.6702
ffi🕷️,wong elek,0.6792
ffi🕷️,wongwonganmumet,0.8549
ffi🕷️,ws🪩,0.7549
ffi🕷️,wzrd,0.8325
ffi🕷️,yanuar,0.6966
ffi🕷️,yesakiw,0.7123
ffi🕷️,yyy,0.6592
ffi🕷️,y💥💯                😛,0.7747
ffi🕷️,z4kk🇦🇱🇦🇱,0.7514
ffi🕷️,zaall,0.7497
ffi🕷️,zain,0.6901
ffi🕷️,zaka.ya,0.6788
ffi🕷️,zeniperr,0.7782
ffi🕷️,zrill🇦🇱🇦🇱,0.72
ffi🕷️,ɴᴀᴛ,0.7112
ffi🕷️,˚ ༘ 🦕𖦹⋆｡˚,0.6837
ffi🕷️,فەیزال,0.7142
ffi🕷️,เςคภ,0.6829
ffi🕷️,™.yunz ★ 447.¥,0.7534
ffi🕷️,⋇⋆✦chelsea ♛┈⛧♡,0.7259
ffi🕷️,★,0.7381
ffi🕷️,ザキ・アルディアンシア,0.6858
ffi🕷️,윙고🇲🇨🇰🇷,0.8066
ffi🕷️,️dika_sajah,0.8764
ffi🕷️,￴,0.7503
ffi🕷️,￴￴,0.7339
ffi🕷️,𝐫𝐢𝐝𝐨𝐨🕊️,0.7131
ffi🕷️,𝙋𝙍𝙄𝙉𝘾𝙀 15,0.6958
ffi🕷️,𝙖𝙩𝙨𝙨,0.6572
ffi🕷️,𝙡𝙚𝙣𝙜,0.7676
ffi🕷️,𝙧𝙖𝙙𝙚𝙣𝙣𝙠𝙪𝙘𝙞𝙩𝙩🌊,0.7357
ffi🕷️,🐣,0.6597
ffi🕷️,💋,0.8008
ffi🕷️,🔴⚪,0.6549
ffi🕷️,🕊,0.7815
ffi🕷️,😡,0.7558
fikaa,finzz★,0.6546
fikaa,fi🅰️n6️⃣,0.7059
fikaa,frzardtyaalvro,0.7089
fikaa,fwarelll123,0.6772
fikaa,g,0.6703
fikaa,genjur,0.6566
fikaa,genzzz,0.7207
fikaa,hermanto,0.6952
fikaa,hibban∆,0.7128
fikaa,hii i'm bayy.,0.7444
fikaa,ibunya ragaf,0.6605
fikaa,ig : d4haas.👾,0.6746
fikaa,inieidan,0.7294
fikaa,ivx.ixxi_vii~,0.6509
fikaa,jagoan orangtua,0.7261
fikaa,javrr⚡,0.7746
fikaa,jdr,0.7104
fikaa,jepri night🦸,0.6513
fikaa,kang bahar,0.6808
fikaa,kib3nk_ta,0.6634
fikaa,"kicau mania""😷✌",0.6916
fikaa,kruxill🎃,0.6652
fikaa,l4nkk,0.7218
fikaa,lele_byakar@gmail.comm,0.7182
fikaa,lihgal18,0.6994
fikaa,mawar hitam 🌹🗡️,0.6719
fikaa,mhrullam,0.7565
fikaa,mmmmm,0.6853
fikaa,mommy bibiel,0.6787
fikaa,muhammadchilung,0.7293
fikaa,mvinta,0.6734
fikaa,nadhiff👾,0.701
fikaa,narti,0.6572
fikaa,narzz🌊🌊,0.7105
fikaa,neyymar kee jakarta,0.6926
fikaa,nnaann🔫,0.661
fikaa,oz_,0.7651
fikaa,p4tooookkkk,0.7054
fikaa,pisangambon,0.6645
fikaa,praditailhm_,0.7234
fikaa,put,0.6976
fikaa,qila012,0.7536
fikaa,raf,0.7511
fikaa,rafyy😹,0.6866
fikaa,rahmat kartolo,0.6647
fikaa,rfky,0.6503
fikaa,rijakipp,0.6632
fikaa,rℹ️k🅾️🅾️🅾️,0.671
fikaa,safi,0.6617
fikaa,satria 🙌,0.7351
fikaa,secccfldsuuu21,0.6524
fikaa,sendiiisen©📍,0.7555
fikaa,si kucing,0.6633
fikaa,syaf__👾👾,0.7175
fikaa,talasku99,0.6569
fikaa,tam,0.7278
fikaa,tangrajinngaji,0.7251
fikaa,teteh_jawa,0.6623
fikaa,theeryoou,0.6562
fikaa,tinnyee,0.6616
fikaa,tofik.putra17,0.7767
fikaa,user13463#457344,0.7476
fikaa,va 17hd,0.6643
fikaa,viann,0.7373
fikaa,vittss..,0.6847
fikaa,wiindoc,0.6516
fikaa,wo,0.7065
fikaa,wong elek,0.6995
fikaa,ws🪩,0.7936
fikaa,wzrd,0.7184
fikaa,yanuar,0.6967
fikaa,zaka.ya,0.7117
fikaa,zazamm,0.6632
fikaa,zrill🇦🇱🇦🇱,0.6835
fikaa,˚ ༘ 🦕𖦹⋆｡˚,0.7823
fikaa,فەیزال,0.6547
fikaa,⋇⋆✦chelsea ♛┈⛧♡,0.8011
fikaa,★,0.6998
fikaa,ザキ・アルディアンシア,0.7232
fikaa,윙고🇲🇨🇰🇷,0.6861
fikaa,️dika_sajah,0.7587
fikaa,￴,0.6624
fikaa,￴ ￴ ￴  ￴ ￴ ￴ ￴ ￴,0.6572
fikaa,￴￴,0.6729
fikaa,𝑱𝒖𝒍𝒊𝒂𝒏𝒏𝒏,0.6539
fikaa,𝕳𝕬𝕴𝕶𝕬𝕷 𝖁1,0.6998
fikaa,𝘼𝙇𝙃𝘼𝙆𝙄𝙈𝙕,0.6643
fikaa,𝘿𝙚𝙣,0.6516
fikaa,𝙋𝙍𝙄𝙉𝘾𝙀 15,0.7738
fikaa,𝙡𝙚𝙣𝙜,0.7977
fikaa,𝙧𝙖𝙙𝙚𝙣𝙣𝙠𝙪𝙘𝙞𝙩𝙩🌊,0.6746
fikaa,🐣,0.6861
fikaa,🔴⚪,0.6784
fikaa,🕊,0.7698
fiki v1,g,0.6712
fiki v1,granddream,0.6649
fiki v1,kall,0.7047
fiki v1,mamaz ap,0.6864
fiki v1,maswilll,0.7326
fiki v1,nha_nha88,0.6793
fiki v1,putz!!,0.6889
fiki v1,r e t z,0.7402
fiki v1,rimzsukaessedoublechange🤤,0.7476
fiki v1,spilloutfittrendy,0.6976
fiki v1,ultrambuttttt,0.6986
fiki v1,wirr tzy,0.6732
fiki v1,"wong""plosok",0.6629
fiki v1,ɓøɓ mārlɛƴ!!⛓️,0.7088
fiki v1,⭐zka,0.7021
fiki v1,𝐫𝐢𝐝𝐨𝐨🕊️,0.6618
fin.,hii i'm bayy.,0.6624
fin.,ifaashion.id,0.6554
fin.,ig | im_alzz,0.6872
fin.,im'in,0.6667
fin.,jepri night🦸,0.7144
fin.,mama alzak,0.6592
fin.,mas_dawet,0.658
fin.,nar setecu🌀💤🌊,0.6571
fin.,nuuuu,0.657
fin.,p4tooookkkk,0.6514
fin.,padil,0.6914
fin.,patrick bateman,0.6718
fin.,persiaa,0.7165
fin.,pip2nd🧿,0.6792
fin.,pisangambon,0.6631
fin.,putra barepjr,0.683
fin.,rafyy😹,0.7415
fin.,rempeyek_500🌊,0.6613
fin.,rfky,0.6955
fin.,rijakipp,0.6993
fin.,safi,0.7124
fin.,satyaa ✦,0.6899
fin.,si kucing,0.7061
fin.,sn0w,0.6827
fin.,sri wahyuningsih,0.6549
fin.,srylee,0.6842
fin.,xspeedx,0.6508
fin.,yyy,0.6587
fin.,y💥💯                😛,0.7128
fin.,zaall,0.6666
fin.,⋇⋆✦chelsea ♛┈⛧♡,0.6952
fin.,★,0.7002
fin.,⛓️,0.6691
fin.,️dika_sajah,0.6946
fin.,𝙧𝙖𝙙𝙚𝙣𝙣𝙠𝙪𝙘𝙞𝙩𝙩🌊,0.6848
fin.,🀄penjahatmu🀄,0.6674
finzz★,frzardtyaalvro,0.7116
finzz★,grandberkahdoaibu,0.6741
finzz★,hpiss,0.6927
finzz★,hyan,0.6813
finzz★,i,0.6906
finzz★,ibunya ragaf,0.6906
finzz★,ikhsan hair,0.7648
finzz★,ivx.ixxi_vii~,0.6515
finzz★,javrr⚡,0.7301
finzz★,jesiccaaa,0.7035
finzz★,kaji,0.6609
finzz★,kang bahar,0.6719
finzz★,kruxill🎃,0.7149
finzz★,lah iya,0.69
finzz★,lah?kenapa?,0.6519
finzz★,lele_byakar@gmail.comm,0.743
finzz★,lihgal18,0.713
finzz★,masrianto manalu,0.7195
finzz★,mawar hitam 🌹🗡️,0.746
finzz★,mawarr,0.6619
finzz★,nadhiff👾,0.6998
finzz★,ndre4you,0.6613
finzz★,nobody,0.6672
finzz★,ol²²oy,0.7196
finzz★,praditailhm_,0.6948
finzz★,princess 💅,0.6579
finzz★,qila012,0.6976
finzz★,rahmanpru,0.7059
finzz★,rℹ️k🅾️🅾️🅾️,0.7656
finzz★,satria 🙌,0.6993
finzz★,scc winoww,0.6909
finzz★,scc.,0.6502
finzz★,sendiiisen©📍,0.6878
finzz★,stecu💤,0.65
finzz★,syaf__👾👾,0.657
finzz★,talasku99,0.6842
finzz★,tam,0.6578
finzz★,tofik.putra17,0.6546
finzz★,trisis,0.6531
finzz★,upin🐼,0.7005
finzz★,varkon🚀🚀,0.6985
finzz★,wong elek,0.6665
finzz★,wtf.prilz,0.695
finzz★,wzrd,0.6749
finzz★,yogaaa21,0.6643
finzz★,zaka.ya,0.6779
finzz★,zazamm,0.6837
finzz★,zrill🇦🇱🇦🇱,0.6755
finzz★,˚ ༘ 🦕𖦹⋆｡˚,0.6888
finzz★,☝️👌👌cc,0.7398
finzz★,♥,0.6814
finzz★,マᥱž𝚊,0.707
finzz★,￴￴,0.6662
finzz★,𝑱𝒖𝒍𝒊𝒂𝒏𝒏𝒏,0.7048
finzz★,𝙋𝙍𝙄𝙉𝘾𝙀 15,0.6747
finzz★,𝙡𝙚𝙣𝙜,0.6705
finzz★,🏴󠁧󠁢󠁥󠁮󠁧󠁿🏴󠁧󠁢󠁥󠁮󠁧󠁿,0.6928
finzz★,💩.,0.6889
finzz★,🕊,0.7082
firmannnnnnnn,fittdos,0.7107
firmannnnnnnn,fzryyyy,0.7054
firmannnnnnnn,gl badax,0.8452
firmannnnnnnn,haniiif,0.8452
firmannnnnnnn,ig: ryaaa.06_,0.7528
firmannnnnnnn,iin,0.8452
firmannnnnnnn,indomaret 24 jam,0.7184
firmannnnnnnn,juprianto anto,0.7107
firmannnnnnnn,kd urng ya,0.8452
firmannnnnnnn,kembali datang,0.7261
firmannnnnnnn,kenzo.s.m.z,1.0
firmannnnnnnn,lakmen,0.6874
firmannnnnnnn,luthfyyy,0.7107
firmannnnnnnn,mahendri,0.6602
firmannnnnnnn,mas_drun,0.7107
firmannnnnnnn,n4uf@l 4j4,0.72
firmannnnnnnn,nanangmungils1,0.8452
firmannnnnnnn,nipzzz,0.7549
firmannnnnnnn,nycxstore,0.6549
firmannnnnnnn,ovl,0.7528
firmannnnnnnn,panzskbd,0.8452
firmannnnnnnn,pikaars?,0.6747
firmannnnnnnn,rezx2nd,1.0
firmannnnnnnn,riff,1.0
firmannnnnnnn,sannzxkce,0.6708
firmannnnnnnn,satriaaa,0.7639
firmannnnnnnn,scorpio🦂,1.0
firmannnnnnnn,sinfloww,0.7107
firmannnnnnnn,tri yulianti,0.8452
firmannnnnnnn,vann 🌳,0.7717
firmannnnnnnn,veri ramandani18,0.7107
firmannnnnnnn,ye,0.6851
firmannnnnnnn,⠀ ⠀ ⠀ ⠀ ⠀᠌,0.8452
firmannnnnnnn,🄱🄰🅈🅄🄸🄽🄳🄰🄷🄾🄵🄵🅂🄴🅃,0.7271
firmannnnnnnn,🌵dnd's_mom🌵,0.6685
firmannnnnnnn,🐚🫧🪩,0.6677
fitrii💅🏻,ndra_may,0.764
fitrii💅🏻,nurul hidayanti 🐗,0.7314
fitrii💅🏻,shenaseviana,0.7667
fitrii💅🏻,ssuuu,0.7817
fitrii💅🏻,😂,0.693
fittdos,gl badax,0.8055
fittdos,haniiif,0.8055
fittdos,iin,0.8055
fittdos,ini punya aku 🤪,0.7278
fittdos,juprianto anto,1.0
fittdos,kd urng ya,0.8055
fittdos,kembali datang,0.7804
fittdos,kenzo.s.m.z,0.7107
fittdos,lakmen,0.6829
fittdos,luthfyyy,1.0
fittdos,mas_drun,1.0
fittdos,n4uf@l 4j4,0.6723
fittdos,nanangmungils1,0.8055
fittdos,nipzzz,0.7101
fittdos,panzskbd,0.8055
fittdos,pikaars?,0.681
fittdos,pitawidiono,0.7697
fittdos,r 4 5 ya,0.7866
fittdos,r.a sbg team,0.7145
fittdos,rezx2nd,0.7107
fittdos,riff,0.7107
fittdos,sannzxkce,0.6506
fittdos,scorpio🦂,0.7107
fittdos,seli🌸,0.8043
fittdos,sinfloww,1.0
fittdos,sopo iki?,0.6912
fittdos,tri yulianti,0.8055
fittdos,veri ramandani18,1.0
fittdos,wien,0.8043
fittdos,wisnu krishna,0.7068
fittdos,ye,0.6586
fittdos,yuliazaa,0.7331
fittdos,น้ำอุ่น กัญญาภัทร เต๊กอ๋อต้ง,0.7331
fittdos,⚽,0.8043
fittdos,⠀ ⠀ ⠀ ⠀ ⠀᠌,0.8055
fittdos,レザ,0.7607
fittdos,𝕱_v2,0.6945
fittdos,🌵dnd's_mom🌵,0.7323
fi🅰️n6️⃣,g,0.7275
fi🅰️n6️⃣,genzzz,0.704
fi🅰️n6️⃣,hii i'm bayy.,0.6603
fi🅰️n6️⃣,inieidan,0.718
fi🅰️n6️⃣,jagoan orangtua,0.6606
fi🅰️n6️⃣,javrr⚡,0.6702
fi🅰️n6️⃣,jdr,0.6817
fi🅰️n6️⃣,kib3nk_ta,0.743
fi🅰️n6️⃣,"kicau mania""😷✌",0.6968
fi🅰️n6️⃣,kojek,0.7093
fi🅰️n6️⃣,l4nkk,0.6576
fi🅰️n6️⃣,lihgal18,0.6844
fi🅰️n6️⃣,mallbelajarbaik,0.6723
fi🅰️n6️⃣,mhrullam,0.6889
fi🅰️n6️⃣,mmmmm,0.7066
fi🅰️n6️⃣,mommy bibiel,0.67
fi🅰️n6️⃣,muhammadchilung,0.6585
fi🅰️n6️⃣,naa_,0.6796
fi🅰️n6️⃣,nadhiff👾,0.6821
fi🅰️n6️⃣,neyymar kee jakarta,0.6951
fi🅰️n6️⃣,oz_,0.6592
fi🅰️n6️⃣,r,0.773
fi🅰️n6️⃣,rafyy😹,0.6518
fi🅰️n6️⃣,rimzsukaessedoublechange🤤,0.696
fi🅰️n6️⃣,sendiiisen©📍,0.6847
fi🅰️n6️⃣,syaf__👾👾,0.6828
fi🅰️n6️⃣,talasku99,0.6874
fi🅰️n6️⃣,tam,0.6972
fi🅰️n6️⃣,tofik.putra17,0.6826
fi🅰️n6️⃣,vittss..,0.7287
fi🅰️n6️⃣,wiindoc,0.669
fi🅰️n6️⃣,wo,0.7093
fi🅰️n6️⃣,ws🪩,0.7244
fi🅰️n6️⃣,zarr★,0.7006
fi🅰️n6️⃣,zrill🇦🇱🇦🇱,0.6731
fi🅰️n6️⃣,เςคภ,0.6851
fi🅰️n6️⃣,⋇⋆✦chelsea ♛┈⛧♡,0.778
fi🅰️n6️⃣,★,0.6611
fi🅰️n6️⃣,✧saged🌊,0.7111
fi🅰️n6️⃣,ザキ・アルディアンシア,0.7315
fi🅰️n6️⃣,윙고🇲🇨🇰🇷,0.747
fi🅰️n6️⃣,￴￴,0.7002
fi🅰️n6️⃣,𝐫𝐢𝐝𝐨𝐨🕊️,0.6567
fi🅰️n6️⃣,𝕶𝖞𝖓𝖟𝖟,0.6786
fi🅰️n6️⃣,𝘼𝙇𝙃𝘼𝙆𝙄𝙈𝙕,0.6503
fi🅰️n6️⃣,𝙋𝙍𝙄𝙉𝘾𝙀 15,0.7038
fi🅰️n6️⃣,𝙖𝙩𝙨𝙨,0.6887
fi🅰️n6️⃣,𝙡𝙚𝙣𝙜,0.6863
fi🅰️n6️⃣,🐣,0.6719
fi🅰️n6️⃣,🔴⚪,0.6506
fi🅰️n6️⃣,🪽,0.6541
fkhri,hi_ndraa,0.7046
fkhri,hilman,0.6961
fkhri,ig :_17rrif★,0.8994
fkhri,jok,0.8165
fkhri,jun santuy,0.6617
fkhri,lah iya,0.6661
fkhri,mbuhsapa🤥,0.8994
fkhri,nick!!!,0.6981
fkhri,ranji💤,0.8581
fkhri,reval soso,0.812
fkhri,rio,0.7956
fkhri,say,0.6766
fkhri,sestu,0.8165
fkhri,sopo》,0.7911
fkhri,syakila pbg,0.8165
fkhri,username12375,0.6716
fkhri,wdyt_,0.6977
fkhri,wong gringsing,0.8165
fkhri,xlx🇮🇲,0.6614
fkhri,zannn,0.6688
fkhri,zppcx,0.6667
fkhri,zrill💥,0.7358
fkhri,♥,0.7177
fkhri,👻,0.8209
frhnbaeω,g,0.6515
frhnbaeω,granddream,0.6684
frhnbaeω,hanifnur,0.7571
frhnbaeω,icin,0.6983
frhnbaeω,iyann noverse ☄️🪐,0.7929
frhnbaeω,kall,0.759
frhnbaeω,khaa : akun business 🪐 💵,0.7589
frhnbaeω,kizy🇦🇱,0.675
frhnbaeω,kmu gpp zaa?,0.7351
frhnbaeω,maa....,0.7642
frhnbaeω,mamaz ap,0.7585
frhnbaeω,masarrrr,0.6794
frhnbaeω,maswilll,0.7669
frhnbaeω,maypen🍉,0.6603
frhnbaeω,nafz?yakena😹🤓🤭😋,0.7006
frhnbaeω,namaku atha,0.7548
frhnbaeω,ndaru,0.7141
frhnbaeω,nha_nha88,0.8085
frhnbaeω,r e t z,0.6738
frhnbaeω,ramadani🌀,0.6696
frhnbaeω,rian(rivan fian),0.8161
frhnbaeω,rimzsukaessedoublechange🤤,0.699
frhnbaeω,ririss,0.7208
frhnbaeω,saitama.botak6,0.6733
frhnbaeω,sandhi686,0.6926
frhnbaeω,se'pull_maxwill,0.7036
frhnbaeω,spilloutfittrendy,0.7871
frhnbaeω,sri66790,0.6793
frhnbaeω,tem - tem★★★,0.6786
frhnbaeω,tole bf official316,0.7169
frhnbaeω,ultrambuttttt,0.651
frhnbaeω,wong kene bae,0.6866
frhnbaeω,"wong""plosok",0.7488
frhnbaeω,xy_don🚀,0.7068
frhnbaeω,ynnnz,0.6644
frhnbaeω,yoo🅰️jahh,0.7459
frhnbaeω,zexx'777,0.752
frhnbaeω,zouheir.yaz_ze,0.692
frhnbaeω,zye hehe,0.7933
frhnbaeω,| ig : @aseprmadanni,0.7051
frhnbaeω,ɓøɓ mārlɛƴ!!⛓️,0.6787
frhnbaeω,˚꩜｡⋆˚࿔ 𝔂𝓪𝔂𝓪 𝜗𝜚˚⋆🧸ྀི,0.6778
frhnbaeω,⭐zka,0.7204
frhnbaeω,𝕬𝖟𝖐𝖆 𝖋𝖔𝖗 𝖞𝖔𝖚,0.806
frhnbaeω,𝘾𝙖𝙡𝙤𝙣 𝙃𝘼𝙅𝙄,0.7394
frhnbaeω,𝙎𝘽𝙎 001_𝙨𝙠𝙖𝙮 𝙮𝙚𝙡𝙤𝙬,0.7181
frhnbaeω,𝙔𝙊𝙂𝙂𝘼𝘼⭐💦,0.7143
frhnbaeω,𝙢𝙖𝙖𝙖𝙖𝙖𝙖𝙨𝙨𝙨𝙠𝙖𝙣𝙣𝙣,0.6777
frzardtyaalvro,f⚡,0.6595
frzardtyaalvro,g,0.6767
frzardtyaalvro,garangan mulet,0.6595
frzardtyaalvro,genzzz,0.7395
frzardtyaalvro,grandberkahdoaibu,0.6547
frzardtyaalvro,hermanto,0.6548
frzardtyaalvro,hibban∆,0.6541
frzardtyaalvro,hpiss,0.7019
frzardtyaalvro,hyan,0.74
frzardtyaalvro,hαpiz_boyss⚡,0.6506
frzardtyaalvro,i,0.6979
frzardtyaalvro,ibunya ragaf,0.7483
frzardtyaalvro,ig : d4haas.👾,0.6573
frzardtyaalvro,ig: ?,0.6788
frzardtyaalvro,ig:4ufa_l,0.6768
frzardtyaalvro,ikhsan hair,0.7355
frzardtyaalvro,im.p4yeng!!,0.6921
frzardtyaalvro,inieidan,0.6593
frzardtyaalvro,inyong,0.6788
frzardtyaalvro,jagoan orangtua,0.8001
frzardtyaalvro,javrr⚡,0.7863
frzardtyaalvro,jdr,0.6748
frzardtyaalvro,jesiccaaa,0.8228
frzardtyaalvro,just friend🙂,0.6505
frzardtyaalvro,"kaa,a",0.696
frzardtyaalvro,kaji,0.6682
frzardtyaalvro,kang bahar,0.6882
frzardtyaalvro,kelzy24,0.6904
frzardtyaalvro,kin_💫,0.7449
frzardtyaalvro,kruxill🎃,0.7236
frzardtyaalvro,lah iya,0.7733
frzardtyaalvro,lah?kenapa?,0.7295
frzardtyaalvro,lele_byakar@gmail.comm,0.8107
frzardtyaalvro,lihgal18,0.7006
frzardtyaalvro,masrianto manalu,0.6682
frzardtyaalvro,mawar hitam 🌹🗡️,0.7529
frzardtyaalvro,mawarr,0.6886
frzardtyaalvro,mbahnya nafisha dan sava,0.6898
frzardtyaalvro,mengomentari postingan anda,0.6687
frzardtyaalvro,mhrullam,0.7317
frzardtyaalvro,mka. kka,0.7152
frzardtyaalvro,muhamad rian,0.6943
frzardtyaalvro,muhammadchilung,0.7197
frzardtyaalvro,mykids,0.6746
frzardtyaalvro,nadhiff👾,0.7041
frzardtyaalvro,ndre4you,0.6949
frzardtyaalvro,nnaann🔫,0.6969
frzardtyaalvro,nobody,0.7868
frzardtyaalvro,nur fadil,0.6747
frzardtyaalvro,nuuuu,0.6607
frzardtyaalvro,nuuuuu,0.6657
frzardtyaalvro,ol²²oy,0.7322
frzardtyaalvro,oz_,0.6877
frzardtyaalvro,p4tooookkkk,0.727
frzardtyaalvro,pak haji,0.7231
frzardtyaalvro,pip2nd🧿,0.6591
frzardtyaalvro,pisangambon,0.6562
frzardtyaalvro,piscesmod,0.6993
frzardtyaalvro,praditailhm_,0.7006
frzardtyaalvro,princess 💅,0.7256
frzardtyaalvro,put,0.6583
frzardtyaalvro,qila012,0.7117
frzardtyaalvro,rafyy😹,0.6676
frzardtyaalvro,rahmanpru,0.7161
frzardtyaalvro,rahmat kartolo,0.6816
frzardtyaalvro,rfky,0.676
frzardtyaalvro,rizzstecu✌️,0.6684
frzardtyaalvro,rzl,0.6781
frzardtyaalvro,rℹ️k🅾️🅾️🅾️,0.7484
frzardtyaalvro,safi,0.6858
frzardtyaalvro,sara ariska,0.6827
frzardtyaalvro,satria 🙌,0.7904
frzardtyaalvro,scc winoww,0.7713
frzardtyaalvro,scc.,0.7237
frzardtyaalvro,secccfldsuuu21,0.7595
frzardtyaalvro,sendiiisen©📍,0.7305
frzardtyaalvro,septiana,0.6639
frzardtyaalvro,si kucing,0.6772
frzardtyaalvro,sopo》,0.666
frzardtyaalvro,stecu💤,0.7024
frzardtyaalvro,syaf__👾👾,0.6772
frzardtyaalvro,tam,0.6971
frzardtyaalvro,taxi barang purwokerto,0.7148
frzardtyaalvro,teteh_jawa,0.7154
frzardtyaalvro,the last good man,0.6706
frzardtyaalvro,theeryoou,0.8192
frzardtyaalvro,tinnyee,0.7168
frzardtyaalvro,tofik.putra17,0.7839
frzardtyaalvro,trisis,0.6582
frzardtyaalvro,upin🐼,0.6579
frzardtyaalvro,user13463#457344,0.7883
frzardtyaalvro,user7098643456,0.6558
frzardtyaalvro,va 17hd,0.6724
frzardtyaalvro,van pablo,0.6619
frzardtyaalvro,vanooo,0.6715
frzardtyaalvro,viann,0.7122
frzardtyaalvro,wong elek,0.6584
frzardtyaalvro,ws🪩,0.7648
frzardtyaalvro,wzrd,0.6818
frzardtyaalvro,yanuar,0.6613
frzardtyaalvro,yaraaayaaaa,0.6754
frzardtyaalvro,yogaaa21,0.7776
frzardtyaalvro,z4kk🇦🇱🇦🇱,0.687
frzardtyaalvro,zaall,0.6896
frzardtyaalvro,zain,0.7408
frzardtyaalvro,zaka.ya,0.7649
frzardtyaalvro,zannn,0.7307
frzardtyaalvro,zazamm,0.7211
frzardtyaalvro,zeniperr,0.7283
frzardtyaalvro,zppcx,0.6757
frzardtyaalvro,zrill🇦🇱🇦🇱,0.6759
frzardtyaalvro,àlwàysdip,0.7005
frzardtyaalvro,ɴᴀᴛ,0.6767
frzardtyaalvro,˚ ༘ 🦕𖦹⋆｡˚,0.7605
frzardtyaalvro,فەیزال,0.6667
frzardtyaalvro,☝️👌👌cc,0.7266
frzardtyaalvro,♥,0.7262
frzardtyaalvro,✌️,0.6557
frzardtyaalvro,マᥱž𝚊,0.7192
frzardtyaalvro,️dika_sajah,0.684
frzardtyaalvro,￴ ￴ ￴  ￴ ￴ ￴ ￴ ￴,0.6793
frzardtyaalvro,𝐫𝐢𝐝𝐨𝐨🕊️,0.688
frzardtyaalvro,𝑱𝒖𝒍𝒊𝒂𝒏𝒏𝒏,0.6798
frzardtyaalvro,𝓝𝓪𝔂𝓵𝓪_𝓓.𝓐,0.7057
frzardtyaalvro,𝕳𝕬𝕴𝕶𝕬𝕷 𝖁1,0.7476
frzardtyaalvro,𝕶𝖞𝖓𝖟𝖟,0.6702
frzardtyaalvro,𝘼𝙇𝙃𝘼𝙆𝙄𝙈𝙕,0.6662
frzardtyaalvro,𝘿𝙚𝙣,0.6987
frzardtyaalvro,𝙋𝙍𝙄𝙉𝘾𝙀 15,0.73
frzardtyaalvro,𝙡𝙚𝙣𝙜,0.7202
frzardtyaalvro,𝙧𝙖𝙙𝙚𝙣𝙣𝙠𝙪𝙘𝙞𝙩𝙩🌊,0.6957
frzardtyaalvro,𝙾𝚛𝚢𝚣𝚊 𝚂𝚊𝚝𝚒𝚟𝚊 🌾,0.6663
frzardtyaalvro,🏴󠁧󠁢󠁥󠁮󠁧󠁿🏴󠁧󠁢󠁥󠁮󠁧󠁿,0.7223
frzardtyaalvro,🐦,0.6617
frzardtyaalvro,👾,0.6657
frzardtyaalvro,💋,0.6775
frzardtyaalvro,💩.,0.7356
frzardtyaalvro,🕊,0.7545
fuckingawerizsome,hamz storee,0.6712
fuckingawerizsome,kh,0.7261
fuckingawerizsome,king persija,0.6655
fuckingawerizsome,na.,0.7319
fuckingawerizsome,noellnr🍒,0.7444
fuckingawerizsome,nyong ibaim,0.7079
fuckingawerizsome,p1n,0.7336
fuckingawerizsome,pangerankodok77,1.0
fuckingawerizsome,s. g. t.,0.7979
fuckingawerizsome,tll,0.7411
fuckingawerizsome,yafzz•𝙯𝙤𝙡𝙙𝙮𝙠🔰💤,1.0
fuckingawerizsome,y🅰️hya?,0.7317
fuckingawerizsome,𝑦𝑦𝑦𝑦,0.7317
fvcksht,gatau |✌😜,0.6627
fvcksht,ikhsan hair,0.6806
fvcksht,nayor,0.6665
fvcksht,nuuuu,0.6753
fvcksht,saitama.botak6,0.6698
fvcksht,xxtipoo🀄⚡,0.6568
fvcksht,💩.,0.663
fwarelll123,genzzz,0.709
fwarelll123,gh4ny1,0.6931
fwarelll123,hermanto,0.6945
fwarelll123,hibban∆,0.6815
fwarelll123,inieidan,0.6586
fwarelll123,jagoan orangtua,0.6571
fwarelll123,just friend🙂,0.8361
fwarelll123,kib3nk_ta,0.6817
fwarelll123,l4nkk,0.6668
fwarelll123,mhrullam,0.6606
fwarelll123,mmmmm,0.7392
fwarelll123,mommy bibiel,0.686
fwarelll123,muhammadchilung,0.7818
fwarelll123,neyymar kee jakarta,0.8183
fwarelll123,oz_,0.726
fwarelll123,p4tooookkkk,0.663
fwarelll123,praditailhm_,0.6622
fwarelll123,qila012,0.6884
fwarelll123,satria 🙌,0.6533
fwarelll123,sendiiisen©📍,0.6989
fwarelll123,tofik.putra17,0.6801
fwarelll123,user13463#457344,0.6816
fwarelll123,va 17hd,0.6824
fwarelll123,viann,0.6886
fwarelll123,ws🪩,0.7248
fwarelll123,wzrd,0.6615
fwarelll123,˚ ༘ 🦕𖦹⋆｡˚,0.6563
fwarelll123,فەیزال,0.7252
fwarelll123,™.yunz ★ 447.¥,0.7949
fwarelll123,⋇⋆✦chelsea ♛┈⛧♡,0.7079
fwarelll123,￴,0.7119
fwarelll123,𝙋𝙍𝙄𝙉𝘾𝙀 15,0.7402
fwarelll123,𝙡𝙚𝙣𝙜,0.6849
fwarelll123,🕊,0.6752
fz,kembali datang,0.8006
fz,p!n,0.725
fz,r 4 5 ya,0.7198
fz,sannzxkce,0.6815
fz,レザ,0.6681
fz,𝕱_v2,0.7329
fz,🄱🄰🅈🅄🄸🄽🄳🄰🄷🄾🄵🄵🅂🄴🅃,0.6724
fz,🐚🫧🪩,0.6969
fzryyyy,gl badax,0.6983
fzryyyy,haniiif,0.6983
fzryyyy,ig: ryaaa.06_,0.6962
fzryyyy,iin,0.6983
fzryyyy,kd urng ya,0.6983
fzryyyy,kenzo.s.m.z,0.7054
fzryyyy,nanangmungils1,0.6983
fzryyyy,ovl,0.6962
fzryyyy,panzskbd,0.6983
fzryyyy,rezx2nd,0.7054
fzryyyy,riff,0.7054
fzryyyy,scorpio🦂,0.7054
fzryyyy,sisi,0.6846
fzryyyy,tri yulianti,0.6983
fzryyyy,⠀ ⠀ ⠀ ⠀ ⠀᠌,0.6983
f⚡,hpiss,0.688
f⚡,hyan,0.709
f⚡,i,0.716
f⚡,i j a l,0.7435
f⚡,jesiccaaa,0.656
f⚡,joviinantaaaa,0.7482
f⚡,"kaa,a",0.703
f⚡,kang bahar,0.6536
f⚡,keee keee,0.6769
f⚡,kelzy24,0.7227
f⚡,kruxill🎃,0.7092
f⚡,lah iya,0.7689
f⚡,lele_byakar@gmail.comm,0.6573
f⚡,m. rizqi_,0.7061
f⚡,martati,0.6725
f⚡,masjack3195,0.7246
f⚡,mawar hitam 🌹🗡️,0.7219
f⚡,mawarr,0.7162
f⚡,ndre4you,0.7987
f⚡,nobody,0.6961
f⚡,nuuuuu,0.6535
f⚡,ol²²oy,0.6977
f⚡,panglima boncoz,0.6511
f⚡,patrick bateman,0.661
f⚡,princess 💅,0.7262
f⚡,reendstore,0.6621
f⚡,rzl,0.7162
f⚡,rℹ️k🅾️🅾️🅾️,0.6758
f⚡,sapa bae,0.7116
f⚡,sara ariska,0.7382
f⚡,satria 🙌,0.6829
f⚡,sayaangaenii❤️‍🔥,0.7452
f⚡,scc.,0.6889
f⚡,septiana,0.7721
f⚡,sopo》,0.7096
f⚡,the last good man,0.773
f⚡,tinnyee,0.6506
f⚡,uuppio,0.7107
f⚡,yogaaa21,0.6708
f⚡,zain,0.6567
f⚡,zannn,0.7103
f⚡,zppcx,0.6729
f⚡,zrill💥,0.666
f⚡,ᴘɪᴋᴀғʀɪᴇᴅᴄʜɪᴄᴋᴇɴ,0.7137
f⚡,☝️👌👌cc,0.7329
f⚡,♥,0.75
f⚡,𝖇𝖎𝖎𝖑𝖆,0.7016
f⚡,𝙾𝚛𝚢𝚣𝚊 𝚂𝚊𝚝𝚒𝚟𝚊 🌾,0.8509
f⚡,👾,0.6535
f⚡,🧋,0.6888
g,genzzz,0.7223
g,granddream,0.68
g,inieidan,0.6929
g,jagoan orangtua,0.685
g,javrr⚡,0.6902
g,jdr,0.6801
g,kall,0.6815
g,kin_💫,0.6509
g,kitekle_,0.7231
g,lihgal18,0.6681
g,maswilll,0.6962
g,mhrullam,0.6786
g,mommy bibiel,0.6532
g,mykids,0.6596
g,nadhiff👾,0.7014
g,nar setecu🌀💤🌊,0.6592
g,nobody,0.6673
g,nuuuu,0.6646
g,oz_,0.702
g,p4tooookkkk,0.6624
g,pangeran k,0.6618
g,pisangambon,0.6705
g,r e t z,0.6642
g,rian(rivan fian),0.6561
g,rimzsukaessedoublechange🤤,0.8025
g,satria 🙌,0.655
g,se'pull_maxwill,0.6518
g,sendiiisen©📍,0.6534
g,sn0w,0.6799
g,spilloutfittrendy,0.6524
g,superman,0.6597
g,tam,0.6879
g,taxi barang purwokerto,0.6914
g,tofik.putra17,0.734
g,tole bf official316,0.6518
g,user13463#457344,0.6684
g,van pablo,0.6614
g,viann,0.6547
g,wong kene bae,0.6642
g,ws🪩,0.7063
g,zazamm,0.652
g,zeniperr,0.6863
g,| ig : @aseprmadanni,0.7166
g,àlwàysdip,0.6537
g,ɓøɓ mārlɛƴ!!⛓️,0.6599
g,˚ ༘ 🦕𖦹⋆｡˚,0.6617
g,เςคภ,0.6909
g,⋇⋆✦chelsea ♛┈⛧♡,0.6829
g,윙고🇲🇨🇰🇷,0.7392
g,️dika_sajah,0.6724
g,￴￴,0.6663
g,𝐫𝐢𝐝𝐨𝐨🕊️,0.7436
g,𝘼𝙇𝙃𝘼𝙆𝙄𝙈𝙕,0.7018
g,𝘿𝙚𝙣,0.6611
g,𝙋𝙍𝙄𝙉𝘾𝙀 15,0.6948
g,𝙖𝙩𝙨𝙨,0.7058
g,𝙡𝙚𝙣𝙜,0.6963
g,𝙧𝙖𝙙𝙚𝙣𝙣𝙠𝙪𝙘𝙞𝙩𝙩🌊,0.7002
g,🆘,0.6529
g,🐣,0.6531
g,🕊,0.6883
garangan mulet,hanipipipip,0.6958
garangan mulet,hpiss,0.8426
garangan mulet,im.p4yeng!!,0.6847
garangan mulet,ininaufal,0.6592
garangan mulet,izz_sjlh🀄,0.6673
garangan mulet,jazkyy1233,0.7204
garangan mulet,jesiccaaa,0.6687
garangan mulet,joviinantaaaa,0.6543
garangan mulet,jun santuy,0.6928
garangan mulet,keee keee,0.6729
garangan mulet,kelzy24,0.6619
garangan mulet,kevin,0.667
garangan mulet,kiking,0.7121
garangan mulet,kuwi4526,0.7671
garangan mulet,l3o m,0.6618
garangan mulet,lah iya,0.7636
garangan mulet,m. rizqi_,0.6792
garangan mulet,martati,0.6744
garangan mulet,masjack3195,0.6599
garangan mulet,mka. kka,0.6512
garangan mulet,mnopqrst,0.6508
garangan mulet,muhamad rian,0.7242
garangan mulet,n,0.7037
garangan mulet,nitalifa,0.6688
garangan mulet,nobody,0.6743
garangan mulet,nuuuu,0.6606
garangan mulet,nuuuuu,0.8075
garangan mulet,n⭐👽,0.783
garangan mulet,osdaglog14,0.7306
garangan mulet,pak haji,0.7172
garangan mulet,pak haji sara,0.6679
garangan mulet,pangeran k,0.6525
garangan mulet,panggil vans✌️,0.6749
garangan mulet,pip2nd🧿,0.7239
garangan mulet,piscesmod,0.664
garangan mulet,r4ndsyh,0.8068
garangan mulet,reendstore,0.7427
garangan mulet,rehan.aj,0.7132
garangan mulet,rezz_brew,0.6692
garangan mulet,ristiani14,0.7436
garangan mulet,rizzstecu✌️,0.6643
garangan mulet,rofikkk !!,0.6624
garangan mulet,sabiantiwulariata,0.7024
garangan mulet,saitama.botak6,0.653
garangan mulet,satria 🙌,0.68
garangan mulet,sayaangaenii❤️‍🔥,0.6524
garangan mulet,scc.,0.6646
garangan mulet,secccfldsuuu21,0.6718
garangan mulet,selialls,0.6583
garangan mulet,sopo》,0.6692
garangan mulet,sri66790,0.6649
garangan mulet,superman,0.6663
garangan mulet,taxi barang purwokerto,0.7069
garangan mulet,the last good man,0.69
garangan mulet,vannn opet,0.6845
garangan mulet,vinss,0.7451
garangan mulet,vnn$fomo,0.6641
garangan mulet,wdyt_,0.6633
garangan mulet,weird zeze🇩🇪,0.702
garangan mulet,x4ngee🕊️,0.6757
garangan mulet,xlx🇮🇲,0.6528
garangan mulet,yaraaayaaaa,0.6758
garangan mulet,zain,0.7787
garangan mulet,zainvick_,0.6504
garangan mulet,zannn,0.7655
garangan mulet,àlwàysdip,0.8886
garangan mulet,♥,0.6932
garangan mulet,𝓝𝓪𝔂𝓵𝓪_𝓓.𝓐,0.658
garangan mulet,𝕳𝕬𝕴𝕶𝕬𝕷 𝖁1,0.6547
garangan mulet,𝘉𝘐 𝔟𝔢𝔫𝔠𝔦 𝔠𝔦𝔫𝔱𝔞~,0.7188
garangan mulet,𝘿𝙚𝙣,0.662
garangan mulet,𝙾𝚛𝚢𝚣𝚊 𝚂𝚊𝚝𝚒𝚟𝚊 🌾,0.7472
garangan mulet,🆘,0.7055
garangan mulet,🐦,0.6815
garangan mulet,👻hsb👻,0.6562
garangan mulet,👾,0.8075
garangan mulet,💋,0.6568
garangan mulet,🧋,0.6603
gatau,vannn opet,0.6998
gatau,𝐀𝐋𝐄𝐗𝐀𝐍𝐃𝐑𝐈𝐀,0.6859
gatau |✌😜,genjur,0.6543
gatau |✌😜,guramoga,0.6835
gatau |✌😜,kall,0.6662
gatau |✌😜,kevin,0.6869
gatau |✌😜,kian santang,0.7083
gatau |✌😜,nar setecu🌀💤🌊,0.6532
gatau |✌😜,nayor,0.6683
gatau |✌😜,saitama.botak6,0.6832
gatau |✌😜,set? iy syng,0.6586
gatau |✌😜,superman,0.6719
gatau |✌😜,𝐉𝐨𝐫𝐝𝐲𝐲,0.6745
genjur,genzzz,0.6787
genjur,gh4ny1,0.6659
genjur,im.p4yeng!!,0.6701
genjur,inieidan,0.6704
genjur,jagoan orangtua,0.6734
genjur,javrr⚡,0.7223
genjur,jdr,0.6638
genjur,jepri night🦸,0.7834
genjur,just friend🙂,0.6928
genjur,juvvv,0.6501
genjur,kian santang,0.7569
genjur,"kicau mania""😷✌",0.6696
genjur,kkpann!,0.711
genjur,kojek,0.7932
genjur,l4nkk,0.6582
genjur,lah?kenapa?,0.7185
genjur,leo,0.6695
genjur,masayu,0.7015
genjur,mhrullam,0.6974
genjur,mmmmm,0.7523
genjur,mommy bibiel,0.7713
genjur,muhammadchilung,0.7251
genjur,mvinta,0.7291
genjur,naa_,0.6737
genjur,nar setecu🌀💤🌊,0.7093
genjur,neyymar kee jakarta,0.6999
genjur,nnaann🔫,0.7108
genjur,oz_,0.6542
genjur,p4tooookkkk,0.6873
genjur,padil,0.783
genjur,pangeran k,0.74
genjur,pisangambon,0.7533
genjur,put,0.8497
genjur,qila012,0.6856
genjur,rahmat kartolo,0.6584
genjur,railfans ngapak🅥,0.6584
genjur,regialparij,0.6819
genjur,rempeyek_500🌊,0.6806
genjur,rfky,0.6983
genjur,rijakipp,0.7042
genjur,rivann.ahah,0.6717
genjur,rpk1,0.7187
genjur,s u m m e r .,0.6506
genjur,sabitulyz,0.6806
genjur,satria 🙌,0.7494
genjur,sendiiisen©📍,0.7252
genjur,set? iy syng,0.75
genjur,si kucing,0.6922
genjur,single era,0.8128
genjur,stecu💤,0.6685
genjur,superman,0.6761
genjur,talasku99,0.6669
genjur,tam,0.6616
genjur,tangrajinngaji,0.6913
genjur,teteh_jawa,0.6769
genjur,tika kartika,0.6622
genjur,tofik.putra17,0.7178
genjur,user13463#457344,0.6712
genjur,user7098643456,0.6845
genjur,van pablo,0.6972
genjur,vanooo,0.6619
genjur,viann,0.6788
genjur,vittss..,0.6899
genjur,wong elek,0.6634
genjur,wongwonganmumet,0.7644
genjur,ws🪩,0.7263
genjur,wzrd,0.7502
genjur,yanuar,0.703
genjur,yesakiw,0.7203
genjur,y💥💯                😛,0.7363
genjur,z4kk🇦🇱🇦🇱,0.8122
genjur,zaka.ya,0.6779
genjur,zeniperr,0.6952
genjur,zrill🇦🇱🇦🇱,0.6817
genjur,ɴᴀᴛ,0.6646
genjur,˚ ༘ 🦕𖦹⋆｡˚,0.6758
genjur,فەیزال,0.7176
genjur,เςคภ,0.7021
genjur,™.yunz ★ 447.¥,0.7384
genjur,⋇⋆✦chelsea ♛┈⛧♡,0.7005
genjur,★,0.7236
genjur,윙고🇲🇨🇰🇷,0.7157
genjur,️dika_sajah,0.8242
genjur,￴,0.7692
genjur,￴￴,0.7193
genjur,𝐫𝐢𝐝𝐨𝐨🕊️,0.6512
genjur,𝕳𝕬𝕴𝕶𝕬𝕷 𝖁1,0.6666
genjur,𝙋𝙍𝙄𝙉𝘾𝙀 15,0.6941
genjur,𝙖𝙩𝙨𝙨,0.6945
genjur,𝙡𝙚𝙣𝙜,0.7853
genjur,𝙧𝙖𝙙𝙚𝙣𝙣𝙠𝙪𝙘𝙞𝙩𝙩🌊,0.7062
genjur,💋,0.7887
genjur,🕊,0.7457
genjur,😡,0.7037
genzzz,hermanto,0.7075
genzzz,hibban∆,0.6782
genzzz,hii i'm bayy.,0.6768
genzzz,hyan,0.6522
genzzz,hαpiz_boyss⚡,0.7144
genzzz,ig : d4haas.👾,0.6765
genzzz,ig:4ufa_l,0.7117
genzzz,ikhsan hair,0.668
genzzz,im.p4yeng!!,0.7329
genzzz,inieidan,0.7398
genzzz,ivx.ixxi_vii~,0.6805
genzzz,jagoan orangtua,0.7737
genzzz,javrr⚡,0.7846
genzzz,jdr,0.7589
genzzz,jesiccaaa,0.6991
genzzz,just friend🙂,0.7616
genzzz,kang bahar,0.6577
genzzz,kib3nk_ta,0.7505
genzzz,"kicau mania""😷✌",0.6938
genzzz,kin_💫,0.7278
genzzz,kojek,0.695
genzzz,kruxill🎃,0.7095
genzzz,l4nkk,0.6745
genzzz,lah iya,0.6732
genzzz,lah?kenapa?,0.7174
genzzz,lele_byakar@gmail.comm,0.7419
genzzz,lihgal18,0.7422
genzzz,mawar hitam 🌹🗡️,0.6938
genzzz,mhrullam,0.7859
genzzz,mka. kka,0.6968
genzzz,mmmmm,0.7442
genzzz,mommy bibiel,0.77
genzzz,muhammadchilung,0.8309
genzzz,mykids,0.6813
genzzz,naa_,0.6939
genzzz,nadhiff👾,0.7629
genzzz,narti,0.6725
genzzz,narzz🌊🌊,0.6867
genzzz,neyymar kee jakarta,0.7241
genzzz,nnaann🔫,0.7073
genzzz,nobody,0.7668
genzzz,nuuuu,0.6568
genzzz,ol²²oy,0.6964
genzzz,oz_,0.7703
genzzz,p4tooookkkk,0.7343
genzzz,pak haji,0.6533
genzzz,pangeran k,0.6627
genzzz,pisangambon,0.7023
genzzz,piscesmod,0.7223
genzzz,praditailhm_,0.7086
genzzz,put,0.6896
genzzz,qila012,0.7583
genzzz,r,0.7189
genzzz,rafyy😹,0.6579
genzzz,rempeyek_500🌊,0.6618
genzzz,rfky,0.6669
genzzz,rℹ️k🅾️🅾️🅾️,0.7719
genzzz,sabitulyz,0.6577
genzzz,safi,0.6985
genzzz,satria 🙌,0.8246
genzzz,satyaa ✦,0.6561
genzzz,scc winoww,0.678
genzzz,secccfldsuuu21,0.7173
genzzz,sendiiisen©📍,0.7989
genzzz,single era,0.6561
genzzz,stecu💤,0.7526
genzzz,syaf__👾👾,0.7682
genzzz,talasku99,0.6972
genzzz,tam,0.7899
genzzz,tangrajinngaji,0.6878
genzzz,taxi barang purwokerto,0.6985
genzzz,teteh_jawa,0.6633
genzzz,theeryoou,0.7632
genzzz,tofik.putra17,0.8011
genzzz,upin🐼,0.6539
genzzz,user13463#457344,0.7277
genzzz,user7098643456,0.7277
genzzz,va 17hd,0.7582
genzzz,van pablo,0.7119
genzzz,vanooo,0.6609
genzzz,viann,0.7368
genzzz,vittss..,0.6904
genzzz,wiindoc,0.6613
genzzz,wo,0.6639
genzzz,wong elek,0.6588
genzzz,ws🪩,0.8521
genzzz,wzrd,0.6967
genzzz,yanuar,0.6574
genzzz,yogaaa21,0.6739
genzzz,yyy,0.6945
genzzz,z4kk🇦🇱🇦🇱,0.7839
genzzz,zaall,0.6846
genzzz,zain,0.6775
genzzz,zaka.ya,0.6952
genzzz,zarr★,0.6522
genzzz,zazamm,0.7038
genzzz,zeniperr,0.6948
genzzz,zrill🇦🇱🇦🇱,0.7457
genzzz,àlwàysdip,0.6651
genzzz,ɴᴀᴛ,0.7171
genzzz,˚ ༘ 🦕𖦹⋆｡˚,0.7854
genzzz,فەیزال,0.8202
genzzz,™.yunz ★ 447.¥,0.7021
genzzz,⋇⋆✦chelsea ♛┈⛧♡,0.7322
genzzz,★,0.6747
genzzz,☝️👌👌cc,0.6843
genzzz,✌️,0.6844
genzzz,✧saged🌊,0.7044
genzzz,ザキ・アルディアンシア,0.7117
genzzz,マᥱž𝚊,0.7279
genzzz,윙고🇲🇨🇰🇷,0.7246
genzzz,️dika_sajah,0.7058
genzzz,￴,0.7185
genzzz,￴ ￴ ￴  ￴ ￴ ￴ ￴ ￴,0.7585
genzzz,￴￴,0.7335
genzzz,𝐫𝐢𝐝𝐨𝐨🕊️,0.726
genzzz,𝕳𝕬𝕴𝕶𝕬𝕷 𝖁1,0.7023
genzzz,𝕶𝖞𝖓𝖟𝖟,0.7465
genzzz,𝘼𝙇𝙃𝘼𝙆𝙄𝙈𝙕,0.6911
genzzz,𝘿𝙚𝙣,0.6865
genzzz,𝙋𝙍𝙄𝙉𝘾𝙀 15,0.8662
genzzz,𝙖𝙩𝙨𝙨,0.6659
genzzz,𝙡𝙚𝙣𝙜,0.8269
genzzz,𝙧𝙖𝙙𝙚𝙣𝙣𝙠𝙪𝙘𝙞𝙩𝙩🌊,0.6851
genzzz,🐣,0.6912
genzzz,💋,0.7011
genzzz,🔴⚪,0.6538
genzzz,🕊,0.7634
gesang wl,gtww,0.6661
gesang wl,hamka resna,0.6853
gesang wl,inieidan,0.7101
gesang wl,mswti_,0.6674
gesang wl,namaku atha,0.695
gesang wl,nuuuu,0.6563
gesang wl,putra barepjr,0.6852
gesang wl,r,0.7087
gesang wl,raffiii162,0.6676
gesang wl,rafyy😹,0.6564
gesang wl,rumah rias riris,0.6825
gesang wl,rℹ️k🅾️🅾️🅾️,0.6535
gesang wl,safi,0.7016
gesang wl,vittss..,0.6938
gesang wl,xybca_fad,0.7084
gesang wl,| ig : @aseprmadanni,0.6832
gesang wl,¥,0.6519
gesang wl,マᥱž𝚊,0.6758
gesang wl,𝙔𝙊𝙂𝙂𝘼𝘼⭐💦,0.6503
gesang wl,🐣,0.6608
gh4ny1,jagoan orangtua,0.6674
gh4ny1,just friend🙂,0.7361
gh4ny1,k  for  kami'el,0.6599
gh4ny1,kojek,0.6813
gh4ny1,mmmmm,0.6721
gh4ny1,mommy bibiel,0.6572
gh4ny1,muhammadchilung,0.7268
gh4ny1,nabati,0.7177
gh4ny1,narti,0.6663
gh4ny1,neyymar kee jakarta,0.6767
gh4ny1,notzstrongboyss,0.6819
gh4ny1,p4tooookkkk,0.6602
gh4ny1,pangeran k,0.6622
gh4ny1,rfky,0.7143
gh4ny1,satria 🙌,0.6683
gh4ny1,sendiiisen©📍,0.6626
gh4ny1,single era,0.6829
gh4ny1,tofik.putra17,0.6649
gh4ny1,user13463#457344,0.681
gh4ny1,ws🪩,0.6794
gh4ny1,y💥💯                😛,0.6591
gh4ny1,z4kk🇦🇱🇦🇱,0.7351
gh4ny1,˚ ༘ 🦕𖦹⋆｡˚,0.6513
gh4ny1,فەیزال,0.694
gh4ny1,เςคภ,0.6637
gh4ny1,™.yunz ★ 447.¥,0.7363
gh4ny1,￴,0.7183
gh4ny1,𝙡𝙚𝙣𝙜,0.6659
gh4ny1,💋,0.665
gibr4n😑.,jepri night🦸,0.6953
gibr4n😑.,juvvv,0.6777
gibr4n😑.,nar setecu🌀💤🌊,0.7035
gibr4n😑.,nitalifa,0.6596
gibr4n😑.,padil,0.6708
gibr4n😑.,someone,0.7052
gibr4n😑.,superman,0.6539
gibr4n😑.,ujangkedu,0.7025
gibr4n😑.,𝘼𝙇𝙃𝘼𝙆𝙄𝙈𝙕,0.6505
gibr4n😑.,🀄penjahatmu🀄,0.6607
gl badax,haniiif,1.0
gl badax,i'szz?!,0.7176
gl badax,ig: ryaaa.06_,0.7056
gl badax,iin,1.0
gl badax,indomaret 24 jam,0.6716
gl badax,ini punya aku 🤪,0.6704
gl badax,juprianto anto,0.8055
gl badax,kd urng ya,1.0
gl badax,kembali datang,0.7337
gl badax,kenzo.s.m.z,0.8452
gl badax,lakmen,0.6693
gl badax,lianaa,0.6525
gl badax,luthfyyy,0.8055
gl badax,mahendri,0.7803
gl badax,mas_drun,0.8055
gl badax,n4uf@l 4j4,0.862
gl badax,nanangmungils1,1.0
gl badax,nipzzz,0.8229
gl badax,ovl,0.7056
gl badax,p4n_🤷‍♂️🤷‍♂️,0.7231
gl badax,pangeran kodok,0.6549
gl badax,panzskbd,1.0
gl badax,pasarrumah.id,0.6918
gl badax,pikaars?,0.654
gl badax,r 4 5 ya,0.696
gl badax,rezx2nd,0.8452
gl badax,riff,0.8452
gl badax,risky⛔️🆘️,0.7074
gl badax,sannzxkce,0.6825
gl badax,scorpio🦂,0.8452
gl badax,seli🌸,0.6656
gl badax,sinfloww,0.8055
gl badax,tokoserbada12,0.7623
gl badax,tri yulianti,1.0
gl badax,vann 🌳,0.6713
gl badax,veri ramandani18,0.8055
gl badax,wawud,0.6503
gl badax,wien,0.6656
gl badax,ye,0.8283
gl badax,yuliazaa,0.6588
gl badax,zaza,0.6641
gl badax,น้ำอุ่น กัญญาภัทร เต๊กอ๋อต้ง,0.6588
gl badax,⚽,0.6656
gl badax,⠀ ⠀ ⠀ ⠀ ⠀᠌,1.0
gl badax,レザ,0.6953
gl badax,𝕱_v2,0.6794
gl badax,🌵dnd's_mom🌵,0.7373
gl badax,🐚🫧🪩,0.6505
gl badax,🕸,0.675
gl_brodol,kizy🇦🇱,0.6703
gl_brodol,🚀🚀cool_tg🇮🇩⚽🎉,0.688
glowupbareng.id,granddream,0.7645
glowupbareng.id,hanifnur,0.6549
glowupbareng.id,jarot bae,0.6641
glowupbareng.id,kall,0.6949
glowupbareng.id,m6uladi.,0.6529
glowupbareng.id,mamaz ap,0.6726
glowupbareng.id,maypen🍉,0.6594
glowupbareng.id,mrco,0.7011
glowupbareng.id,n,0.6754
glowupbareng.id,ndaru,0.6507
glowupbareng.id,nha_nha88,0.6606
glowupbareng.id,osdaglog14,0.7117
glowupbareng.id,r e t z,0.6721
glowupbareng.id,saitama.botak6,0.7469
glowupbareng.id,sandhi686,0.6783
glowupbareng.id,spilloutfittrendy,0.7266
glowupbareng.id,sri66790,0.6694
glowupbareng.id,tole bf official316,0.7307
glowupbareng.id,ultrambuttttt,0.6611
glowupbareng.id,wong kene bae,0.6861
glowupbareng.id,"wong""plosok",0.7541
glowupbareng.id,| ig : @aseprmadanni,0.652
glowupbareng.id,˚꩜｡⋆˚࿔ 𝔂𝓪𝔂𝓪 𝜗𝜚˚⋆🧸ྀི,0.6927
glowupbareng.id,ℒ𝓊𝓬𝓴𝔂,0.6921
glowupbareng.id,⭐zka,0.6953
glowupbareng.id,𝖗𝖎𝖟𝖝𝖈𝖔🇦🇱,0.6561
glowupbareng.id,𝘾𝙖𝙡𝙤𝙣 𝙃𝘼𝙅𝙄,0.6849
glowupbareng.id,🆘,0.6832
gntaa,ini blue🔵💨,0.6598
gntaa,izz_sjlh🀄,0.6788
gntaa,jok,0.6558
gntaa,joller🇦🇱,0.8511
gntaa,kuwi4526,0.6604
gntaa,na.,0.6893
gntaa,ngọc,0.6552
gntaa,nyong,0.8511
gntaa,n⭐👽,0.7407
gntaa,panglima boncoz,0.6908
gntaa,parell✈️💤,0.8511
gntaa,proo,0.8511
gntaa,rass.,0.8511
gntaa,rehan.aj,0.8561
gntaa,rezz_brew,0.6554
gntaa,ristiana08,0.6571
gntaa,sestu,0.6558
gntaa,syakila pbg,0.6558
gntaa,syaqella,0.6571
gntaa,vannn opet,0.6593
gntaa,vinss,0.6664
gntaa,wdyt_,0.7565
gntaa,wong gringsing,0.6558
gntaa,x4ngee🕊️,0.67
gntaa,່,0.8511
gntaa,♥,0.6555
gntaa,✧-ta_kepkat,0.6992
gntaa,❤️💛💚,0.7487
gntaa,ꦲꦼꦤ꧀ꦝꦺꦴꦱ꧀,0.6942
gntaa,𝔅𝔩𝔲𝔢𝔢𝔅𝔬𝔬𝔰𝔱 💨💫,0.797
gntaa,"𝖂𝖍𝖔'𝕾,𝕭𝖗𝖆𝖓රධ",0.6857
gntaa,𝗕𝗠𝗞𝗚,0.8511
gntaa,𝘁𝗿ē𝗻𝗱à𝗻𝘇𝘅,0.8511
gntaa,🔥theeam3ll⚡,0.7097
grandberkahdoaibu,hi_ndraa,0.6596
grandberkahdoaibu,hyan,0.6656
grandberkahdoaibu,hαpiz_boyss⚡,0.6699
grandberkahdoaibu,i,0.6746
grandberkahdoaibu,i j a l,0.669
grandberkahdoaibu,ibunya ragaf,0.7983
grandberkahdoaibu,ig : d4haas.👾,0.6707
grandberkahdoaibu,ig: ?,0.6707
grandberkahdoaibu,inyong,0.6707
grandberkahdoaibu,jagoan orangtua,0.6928
grandberkahdoaibu,javrr⚡,0.7269
grandberkahdoaibu,jesiccaaa,0.68
grandberkahdoaibu,"kaa,a",0.6902
grandberkahdoaibu,kaji,0.9185
grandberkahdoaibu,kang bahar,0.745
grandberkahdoaibu,kruxill🎃,0.8384
grandberkahdoaibu,l4nkk,0.6933
grandberkahdoaibu,lah iya,0.7248
grandberkahdoaibu,lele_byakar@gmail.comm,0.8187
grandberkahdoaibu,lihgal18,0.7927
grandberkahdoaibu,mawar hitam 🌹🗡️,0.8767
grandberkahdoaibu,mawarr,0.7055
grandberkahdoaibu,mhrullam,0.6836
grandberkahdoaibu,nadhiff👾,0.7532
grandberkahdoaibu,narzz🌊🌊,0.6651
grandberkahdoaibu,ndre4you,0.6852
grandberkahdoaibu,nggaaa,0.6578
grandberkahdoaibu,nino,0.6647
grandberkahdoaibu,nobody,0.7039
grandberkahdoaibu,ol²²oy,0.8527
grandberkahdoaibu,patirrrv2🖤,0.6754
grandberkahdoaibu,praditailhm_,0.7495
grandberkahdoaibu,princess 💅,0.7116
grandberkahdoaibu,qila012,0.7231
grandberkahdoaibu,rahmat kartolo,0.6899
grandberkahdoaibu,rio,0.6847
grandberkahdoaibu,rizzstecu✌️,0.6994
grandberkahdoaibu,rzl,0.6844
grandberkahdoaibu,rℹ️k🅾️🅾️🅾️,0.8194
grandberkahdoaibu,safi,0.6522
grandberkahdoaibu,samshl_22,0.6519
grandberkahdoaibu,sapa bae,0.6513
grandberkahdoaibu,sara ariska,0.6618
grandberkahdoaibu,satria 🙌,0.7394
grandberkahdoaibu,scc winoww,0.7783
grandberkahdoaibu,scc.,0.7164
grandberkahdoaibu,sendiiisen©📍,0.6994
grandberkahdoaibu,septiana,0.6994
grandberkahdoaibu,sopo》,0.6717
grandberkahdoaibu,tangrajinngaji,0.7204
grandberkahdoaibu,tinnyee,0.8599
grandberkahdoaibu,tofik.putra17,0.7343
grandberkahdoaibu,user13463#457344,0.6728
grandberkahdoaibu,username12375,0.8202
grandberkahdoaibu,va 17hd,0.6984
grandberkahdoaibu,vanooo,0.6576
grandberkahdoaibu,viann,0.7326
grandberkahdoaibu,wong elek,0.6969
grandberkahdoaibu,yaraaayaaaa,0.6502
grandberkahdoaibu,yogaaa21,0.8195
grandberkahdoaibu,yyy,0.7271
grandberkahdoaibu,zaka.ya,0.7236
grandberkahdoaibu,zazamm,0.7882
grandberkahdoaibu,zrill🇦🇱🇦🇱,0.6816
grandberkahdoaibu,zrill💥,0.6971
grandberkahdoaibu,˚ ༘ 🦕𖦹⋆｡˚,0.694
grandberkahdoaibu,☝️👌👌cc,0.8697
grandberkahdoaibu,♥,0.7379
grandberkahdoaibu,✌️,0.6857
grandberkahdoaibu,𝑱𝒖𝒍𝒊𝒂𝒏𝒏𝒏,0.8124
grandberkahdoaibu,𝓝𝓪𝔂𝓵𝓪_𝓓.𝓐,0.6727
grandberkahdoaibu,𝕳𝕬𝕴𝕶𝕬𝕷 𝖁1,0.6639
grandberkahdoaibu,𝘿𝙚𝙣,0.7825
grandberkahdoaibu,𝙡𝙚𝙣𝙜,0.6991
grandberkahdoaibu,🏴󠁧󠁢󠁥󠁮󠁧󠁿🏴󠁧󠁢󠁥󠁮󠁧󠁿,0.8579
grandberkahdoaibu,🐦,0.7893
grandberkahdoaibu,🔴⚪,0.6541
grandberkahdoaibu,🕊,0.7479
granddream,hafiz oji,0.6623
granddream,igoyyy,0.7085
granddream,jairo,0.7455
granddream,kall,0.7255
granddream,m6uladi.,0.6856
granddream,mamaz ap,0.6634
granddream,maypen🍉,0.7096
granddream,mrco,0.7053
granddream,mswti_,0.6679
granddream,muhamad rian,0.6508
granddream,n,0.6841
granddream,nha_nha88,0.6809
granddream,opangpar,0.7096
granddream,osdaglog14,0.7196
granddream,putz!!,0.7112
granddream,r e t z,0.7123
granddream,r2kyy🐬,0.6545
granddream,rian(rivan fian),0.6519
granddream,rimzsukaessedoublechange🤤,0.7227
granddream,ririss,0.6812
granddream,saitama.botak6,0.7187
granddream,sandhi686,0.7279
granddream,se'pull_maxwill,0.721
granddream,spilloutfittrendy,0.7703
granddream,sri66790,0.7242
granddream,tem - tem★★★,0.7554
granddream,tole bf official316,0.7329
granddream,ultrambuttttt,0.7228
granddream,wirr tzy,0.6868
granddream,wong kene bae,0.7125
granddream,"wong""plosok",0.7231
granddream,wongurip,0.7138
granddream,zain,0.6707
granddream,zannn,0.6582
granddream,| ig : @aseprmadanni,0.7009
granddream,˚꩜｡⋆˚࿔ 𝔂𝓪𝔂𝓪 𝜗𝜚˚⋆🧸ྀི,0.6565
granddream,เςคภ,0.6628
granddream,›私hánzxyz‹★,0.6751
granddream,ℒ𝓊𝓬𝓴𝔂,0.7458
granddream,⭐zka,0.6582
granddream,𝘾𝙖𝙡𝙤𝙣 𝙃𝘼𝙅𝙄,0.6823
granddream,𝙢𝙖𝙖𝙖𝙖𝙖𝙖𝙨𝙨𝙨𝙠𝙖𝙣𝙣𝙣,0.7338
granddream,🆘,0.7215
gtww,hamka resna,0.6636
gtww,hii i'm bayy.,0.6933
gtww,hyan,0.672
gtww,inieidan,0.6646
gtww,mas_dawet,0.6757
gtww,mawarr,0.661
gtww,nuuuu,0.6633
gtww,pisangambon,0.6576
gtww,putra barepjr,0.6641
gtww,r,0.7399
gtww,rafyy😹,0.7914
gtww,safi,0.6975
gtww,sari 86,0.6677
gtww,talasku99,0.6901
gtww,wiindoc,0.6814
gtww,wiwut,0.6521
gtww,xspeedx,0.6708
gtww,yyy,0.6683
gtww,⋇⋆✦chelsea ♛┈⛧♡,0.6503
gtww,⛓️,0.6803
gtww,✌️,0.6832
gtww,𝖇𝖎𝖎𝖑𝖆,0.7095
gtww,𝘼𝙇𝙃𝘼𝙆𝙄𝙈𝙕,0.6998
gtww,🅰️★,0.6758
gudeg bu rudy klampok ✨✨,hanipipipip,0.6635
gudeg bu rudy klampok ✨✨,hi_ndraa,0.7452
gudeg bu rudy klampok ✨✨,ibunya ragaf,0.6605
gudeg bu rudy klampok ✨✨,iis dukha,0.7296
gudeg bu rudy klampok ✨✨,k        i       a      n    u,0.6699
gudeg bu rudy klampok ✨✨,kaji,0.6607
gudeg bu rudy klampok ✨✨,kiking,0.663
gudeg bu rudy klampok ✨✨,kruxill🎃,0.7017
gudeg bu rudy klampok ✨✨,lah iya,0.6768
gudeg bu rudy klampok ✨✨,lekngasu,0.6608
gudeg bu rudy klampok ✨✨,lele_byakar@gmail.comm,0.6709
gudeg bu rudy klampok ✨✨,mawar hitam 🌹🗡️,0.7024
gudeg bu rudy klampok ✨✨,mnopqrst,0.6516
gudeg bu rudy klampok ✨✨,ol²²oy,0.6571
gudeg bu rudy klampok ✨✨,putz!!,0.6579
gudeg bu rudy klampok ✨✨,raa 👧🏻,0.6746
gudeg bu rudy klampok ✨✨,rio,0.761
gudeg bu rudy klampok ✨✨,rizzstecu✌️,0.675
gudeg bu rudy klampok ✨✨,s u m m e r .,0.6834
gudeg bu rudy klampok ✨✨,saitama.botak6,0.6632
gudeg bu rudy klampok ✨✨,slowhand,0.8251
gudeg bu rudy klampok ✨✨,tinnyee,0.708
gudeg bu rudy klampok ✨✨,username12375,0.7641
gudeg bu rudy klampok ✨✨,vnn$fomo,0.6842
gudeg bu rudy klampok ✨✨,wdyt_,0.7141
gudeg bu rudy klampok ✨✨,weird zeze🇩🇪,0.6511
gudeg bu rudy klampok ✨✨,x4ngee🕊️,0.6696
gudeg bu rudy klampok ✨✨,yanuar,0.701
gudeg bu rudy klampok ✨✨,yaraaayaaaa,0.6793
gudeg bu rudy klampok ✨✨,yhahaha,0.7406
gudeg bu rudy klampok ✨✨,yogaaa21,0.6873
gudeg bu rudy klampok ✨✨,z4m,0.7802
gudeg bu rudy klampok ✨✨,ಠ_ರೃ,0.8138
gudeg bu rudy klampok ✨✨,່ ‍ a,0.6775
gudeg bu rudy klampok ✨✨,☝️👌👌cc,0.6648
gudeg bu rudy klampok ✨✨,♥,0.6845
gudeg bu rudy klampok ✨✨,𝓝𝓪𝔂𝓵𝓪_𝓓.𝓐,0.6545
gudeg bu rudy klampok ✨✨,𝘿𝙚𝙣,0.6953
gudeg bu rudy klampok ✨✨,🐦,0.7339
gudeg bu rudy klampok ✨✨,👀,0.7332
guramoga,kevin,0.6634
"gzzz,💤",maulll suka suka,0.6921
"gzzz,💤",reendstore,0.6578
"gzzz,💤",rezz_brew,0.6637
"gzzz,💤",˚꩜｡⋆˚࿔ 𝔂𝓪𝔂𝓪 𝜗𝜚˚⋆🧸ྀི,0.6597
"gzzz,💤","𝖂𝖍𝖔'𝕾,𝕭𝖗𝖆𝖓රධ",0.653
"gzzz,💤",𝖗𝖎𝖟𝖝𝖈𝖔🇦🇱,0.6529
"gzzz,💤",🫧,0.6515
hamka resna,im.p4yeng!!,0.6999
hamka resna,juvvv,0.6746
hamka resna,kii,0.6986
hamka resna,kin_💫,0.6998
hamka resna,mas_dawet,0.694
hamka resna,nuuuu,0.7152
hamka resna,opetporeperr,0.6767
hamka resna,piscesmod,0.7539
hamka resna,raffiii162,0.6944
hamka resna,raihan,0.6606
hamka resna,ryy_,0.7034
hamka resna,safi,0.6595
hamka resna,satyaa ✦,0.6501
hamka resna,si kucing,0.651
hamka resna,sn0w,0.6787
hamka resna,stecu💤,0.7245
hamka resna,tam,0.663
hamka resna,taxi barang purwokerto,0.6665
hamka resna,zain,0.6675
hamka resna,⛓️,0.6689
hamka resna,￴ ￴ ￴  ￴ ￴ ￴ ￴ ￴,0.6629
hamka resna,𝖇𝖎𝖎𝖑𝖆,0.6709
hamz storee,king persija,0.7048
hamz storee,na.,0.6679
hamz storee,noellnr🍒,0.6801
hamz storee,nyong ibaim,0.6614
hamz storee,official store🛒🛍️,0.6883
hamz storee,opangpar,0.7697
hamz storee,p1n,0.6966
hamz storee,pangerankodok77,0.6712
hamz storee,pikaars?,0.6559
hamz storee,s. g. t.,0.6713
hamz storee,slowhand,0.65
hamz storee,tll,0.674
hamz storee,wdyt_,0.6703
hamz storee,yafzz•𝙯𝙤𝙡𝙙𝙮𝙠🔰💤,0.6712
hamz storee,y🅰️hya?,0.7083
hamz storee,z4m,0.703
hamz storee,ғɪᴋʀɪ🐦‍🔥,0.9095
hamz storee,ℒ𝓊𝓬𝓴𝔂,0.6961
hamz storee,𝑦𝑦𝑦𝑦,0.7083
hamz storee,"𝖂𝖍𝖔'𝕾,𝕭𝖗𝖆𝖓රධ",0.6671
hamz storee,💫,0.7303
hamzzstecu,kib3nk_ta,0.6793
hamzzstecu,kojek,0.7128
hamzzstecu,mas eng69,0.6512
hamzzstecu,masayu,0.6771
hamzzstecu,narti,0.6881
hamzzstecu,narzz🌊🌊,0.6753
hamzzstecu,pisangambon,0.6544
hamzzstecu,rivann.ahah,0.6588
hamzzstecu,rpk1,0.737
hamzzstecu,s u m m e r .,0.7317
hamzzstecu,suyato jowo,0.672
hamzzstecu,tangrajinngaji,0.6807
hamzzstecu,topexx11,0.6727
hamzzstecu,wong elek,0.6842
hamzzstecu,wongwonganmumet,0.6759
hamzzstecu,yanuar,0.6918
hamzzstecu,yesakiw,0.7166
hamzzstecu,zrill🇦🇱🇦🇱,0.6785
hamzzstecu,เςคภ,0.678
hamzzstecu,່ ‍ a,0.658
hamzzstecu,ザキ・アルディアンシア,0.6703
hamzzstecu,윙고🇲🇨🇰🇷,0.6538
hamzzstecu,￴,0.6652
hamzzstecu,￴￴,0.6699
hamzzstecu,𝙖𝙩𝙨𝙨,0.7022
hamzzstecu,🔴⚪,0.6747
hanifnur,iyann noverse ☄️🪐,0.7297
hanifnur,khaa : akun business 🪐 💵,0.6902
hanifnur,kizy🇦🇱,0.7144
hanifnur,mamaz ap,0.7455
hanifnur,masarrrr,0.6564
hanifnur,maswilll,0.7058
hanifnur,mrco,0.6667
hanifnur,namaku atha,0.754
hanifnur,nayor,0.6508
hanifnur,ndaru,0.6811
hanifnur,nha_nha88,0.7625
hanifnur,r e t z,0.6675
hanifnur,rian(rivan fian),0.7953
hanifnur,rimzsukaessedoublechange🤤,0.6785
hanifnur,ririss,0.7026
hanifnur,saitama.botak6,0.6953
hanifnur,sandhi686,0.6674
hanifnur,spilloutfittrendy,0.7132
hanifnur,sri66790,0.658
hanifnur,tem - tem★★★,0.6713
hanifnur,tole bf official316,0.6608
hanifnur,wiwut,0.6592
hanifnur,"wong""plosok",0.7464
hanifnur,xy_don🚀,0.7217
hanifnur,ynnnz,0.6794
hanifnur,yoo🅰️jahh,0.7003
hanifnur,zexx'777,0.7375
hanifnur,zouheir.yaz_ze,0.7013
hanifnur,zye hehe,0.7364
hanifnur,| ig : @aseprmadanni,0.6574
hanifnur,˚꩜｡⋆˚࿔ 𝔂𝓪𝔂𝓪 𝜗𝜚˚⋆🧸ྀི,0.7065
hanifnur,⭐zka,0.6607
hanifnur,𝕬𝖟𝖐𝖆 𝖋𝖔𝖗 𝖞𝖔𝖚,0.7841
hanifnur,𝘾𝙖𝙡𝙤𝙣 𝙃𝘼𝙅𝙄,0.6944
hanifnur,𝙎𝘽𝙎 001_𝙨𝙠𝙖𝙮 𝙮𝙚𝙡𝙤𝙬,0.6509
hanifnur,𝙢𝙖𝙖𝙖𝙖𝙖𝙖𝙨𝙨𝙨𝙠𝙖𝙣𝙣𝙣,0.6541
haniiif,i'szz?!,0.7176
haniiif,ig: ryaaa.06_,0.7056
haniiif,iin,1.0
haniiif,indomaret 24 jam,0.6716
haniiif,ini punya aku 🤪,0.6704
haniiif,juprianto anto,0.8055
haniiif,kd urng ya,1.0
haniiif,kembali datang,0.7337
haniiif,kenzo.s.m.z,0.8452
haniiif,lakmen,0.6693
haniiif,lianaa,0.6525
haniiif,luthfyyy,0.8055
haniiif,mahendri,0.7803
haniiif,mas_drun,0.8055
haniiif,n4uf@l 4j4,0.862
haniiif,nanangmungils1,1.0
haniiif,nipzzz,0.8229
haniiif,ovl,0.7056
haniiif,p4n_🤷‍♂️🤷‍♂️,0.7231
haniiif,pangeran kodok,0.6549
haniiif,panzskbd,1.0
haniiif,pasarrumah.id,0.6918
haniiif,pikaars?,0.654
haniiif,r 4 5 ya,0.696
haniiif,rezx2nd,0.8452
haniiif,riff,0.8452
haniiif,risky⛔️🆘️,0.7074
haniiif,sannzxkce,0.6825
haniiif,scorpio🦂,0.8452
haniiif,seli🌸,0.6656
haniiif,sinfloww,0.8055
haniiif,tokoserbada12,0.7623
haniiif,tri yulianti,1.0
haniiif,vann 🌳,0.6713
haniiif,veri ramandani18,0.8055
haniiif,wawud,0.6503
haniiif,wien,0.6656
haniiif,ye,0.8283
haniiif,yuliazaa,0.6588
haniiif,zaza,0.6641
haniiif,น้ำอุ่น กัญญาภัทร เต๊กอ๋อต้ง,0.6588
haniiif,⚽,0.6656
haniiif,⠀ ⠀ ⠀ ⠀ ⠀᠌,1.0
haniiif,レザ,0.6953
haniiif,𝕱_v2,0.6794
haniiif,🌵dnd's_mom🌵,0.7373
haniiif,🐚🫧🪩,0.6505
haniiif,🕸,0.675
hanipipipip,hpiss,0.6839
hanipipipip,ig: ?,0.68
hanipipipip,ig: nan_sgaa,0.6705
hanipipipip,ininaufal,0.6911
hanipipipip,inyong,0.68
hanipipipip,jazkyy1233,0.7915
hanipipipip,kiking,0.7268
hanipipipip,lah iya,0.6909
hanipipipip,lekngasu,0.7308
hanipipipip,martati,0.6874
hanipipipip,masjack3195,0.6564
hanipipipip,mnopqrst,0.8548
hanipipipip,muhamad rian,0.6644
hanipipipip,mulyati,0.6902
hanipipipip,naufabyktsr,0.6797
hanipipipip,nuuuuu,0.6739
hanipipipip,n⭐👽,0.6762
hanipipipip,panggil vans✌️,0.6958
hanipipipip,pdpputragemilang!,0.6682
hanipipipip,pip2nd🧿,0.6592
hanipipipip,r4ndsyh,0.6781
hanipipipip,railfans ngapak🅥,0.6692
hanipipipip,rara,0.7169
hanipipipip,rizzstecu✌️,0.6554
hanipipipip,sabiantiwulariata,0.6502
hanipipipip,selialls,0.7672
hanipipipip,username12375,0.682
hanipipipip,vinss,0.7104
hanipipipip,vnn$fomo,0.6503
hanipipipip,wdyt_,0.7561
hanipipipip,weird zeze🇩🇪,0.7831
hanipipipip,xlx🇮🇲,0.6701
hanipipipip,yaraaayaaaa,0.6698
hanipipipip,zain,0.6851
hanipipipip,zainvick_,0.6608
hanipipipip,ziee_1901,0.7177
hanipipipip,~~boyszzarddd~~ardboysss🇦🇱🪩,0.6797
hanipipipip,ಠ_ರೃ,0.6646
hanipipipip,▪️,0.6611
hanipipipip,𓏵,0.8922
hanipipipip,𝓝𝓪𝔂𝓵𝓪_𝓓.𝓐,0.6691
hanipipipip,𝘿𝙚𝙣,0.6742
hanipipipip,🐦,0.7017
hanipipipip,👾,0.6739
haqyy🐾,nopallanakbaik,0.6572
haqyy🐾,r4ndsyh,0.6692
hermanto,hibban∆,0.7423
hermanto,hii i'm bayy.,0.703
hermanto,hαpiz_boyss⚡,0.6636
hermanto,hαηs кαккσɪɪ.dnd.,0.7366
hermanto,ibunya ragaf,0.6856
hermanto,ifaashion.id,0.7079
hermanto,ig : d4haas.👾,0.7368
hermanto,ig | im_alzz,0.6575
hermanto,ig:4ufa_l,0.6933
hermanto,ikhsan hair,0.6755
hermanto,inieidan,0.6768
hermanto,jagoan orangtua,0.6611
hermanto,javrr⚡,0.7414
hermanto,jdr,0.6856
hermanto,jepri night🦸,0.6916
hermanto,juvvv,0.6783
hermanto,kang bahar,0.723
hermanto,kian santang,0.673
hermanto,kin_💫,0.6924
hermanto,l4nkk,0.7078
hermanto,lele_byakar@gmail.comm,0.6734
hermanto,lihgal18,0.6824
hermanto,mas_dawet,0.6568
hermanto,mawarr,0.6634
hermanto,mengomentari postingan anda,0.6804
hermanto,mhrullam,0.6872
hermanto,mka. kka,0.6671
hermanto,mmmmm,0.7026
hermanto,mommy bibiel,0.6981
hermanto,muhammadchilung,0.6854
hermanto,mvinta,0.6567
hermanto,nadhiff👾,0.7065
hermanto,narzz🌊🌊,0.73
hermanto,neyymar kee jakarta,0.651
hermanto,nobody,0.6754
hermanto,nur fadil,0.7181
hermanto,oz_,0.7807
hermanto,p4tooookkkk,0.715
hermanto,padil,0.6542
hermanto,pak haji sara,0.7873
hermanto,pip2nd🧿,0.6834
hermanto,piscesmod,0.712
hermanto,praditailhm_,0.786
hermanto,princess 💅,0.7237
hermanto,qila012,0.8332
hermanto,raf,0.7327
hermanto,rafyy😹,0.6774
hermanto,rahmat kartolo,0.6692
hermanto,rempeyek_500🌊,0.6809
hermanto,rfky,0.701
hermanto,rijakipp,0.659
hermanto,rzl,0.7179
hermanto,rℹ️k🅾️🅾️🅾️,0.6884
hermanto,safi,0.6553
hermanto,samshl_22,0.666
hermanto,satria 🙌,0.7209
hermanto,scc winoww,0.6828
hermanto,scc.,0.6655
hermanto,secccfldsuuu21,0.6986
hermanto,sendiiisen©📍,0.7
hermanto,set? iy syng,0.6517
hermanto,si kucing,0.7076
hermanto,sn0w,0.6632
hermanto,stecu💤,0.7162
hermanto,syaf__👾👾,0.6743
hermanto,talasku99,0.6612
hermanto,tam,0.7356
hermanto,tangrajinngaji,0.7059
hermanto,taxi barang purwokerto,0.6994
hermanto,tofik.putra17,0.7276
hermanto,user13463#457344,0.6998
hermanto,user7098643456,0.7196
hermanto,va 17hd,0.7356
hermanto,van pablo,0.6654
hermanto,vanooo,0.6516
hermanto,varkon🚀🚀,0.6654
hermanto,viann,0.7876
hermanto,wiindoc,0.6504
hermanto,wong elek,0.6653
hermanto,ws🪩,0.7038
hermanto,wzrd,0.7469
hermanto,yyy,0.6864
hermanto,y💥💯                😛,0.6769
hermanto,zaka.ya,0.7337
hermanto,zazamm,0.7689
hermanto,zeniperr,0.667
hermanto,zrill🇦🇱🇦🇱,0.6795
hermanto,˚ ༘ 🦕𖦹⋆｡˚,0.731
hermanto,⋇⋆✦chelsea ♛┈⛧♡,0.7541
hermanto,★,0.7501
hermanto,윙고🇲🇨🇰🇷,0.6885
hermanto,️dika_sajah,0.6626
hermanto,￴ ￴ ￴  ￴ ￴ ￴ ￴ ￴,0.7577
hermanto,￴￴,0.7078
hermanto,𝓝𝓪𝔂𝓵𝓪_𝓓.𝓐,0.6897
hermanto,𝕳𝕬𝕴𝕶𝕬𝕷 𝖁1,0.7496
hermanto,𝕶𝖞𝖓𝖟𝖟,0.6689
hermanto,𝘼𝙇𝙃𝘼𝙆𝙄𝙈𝙕,0.6513
hermanto,𝘿𝙚𝙣,0.7219
hermanto,𝙋𝙍𝙄𝙉𝘾𝙀 15,0.7369
hermanto,𝙡𝙚𝙣𝙜,0.7312
hermanto,𝙧𝙖𝙙𝙚𝙣𝙣𝙠𝙪𝙘𝙞𝙩𝙩🌊,0.666
hermanto,🐣,0.6688
hermanto,💋,0.6974
hermanto,💩.,0.6634
hermanto,🕊,0.799
hi_ndraa,i j a l,0.6532
hi_ndraa,iis dukha,0.7901
hi_ndraa,itsmeee.05,0.6929
hi_ndraa,kaji,0.6955
hi_ndraa,kruxill🎃,0.7757
hi_ndraa,lah iya,0.6622
hi_ndraa,laris manis store,0.6673
hi_ndraa,lele_byakar@gmail.comm,0.6932
hi_ndraa,lihgal18,0.6502
hi_ndraa,mawar hitam 🌹🗡️,0.7765
hi_ndraa,momon,0.6975
hi_ndraa,ol²²oy,0.7385
hi_ndraa,orensport,0.6586
hi_ndraa,ovii ..,0.6785
hi_ndraa,rio,0.8363
hi_ndraa,rℹ️k🅾️🅾️🅾️,0.6791
hi_ndraa,s u m m e r .,0.6679
hi_ndraa,sopo》,0.6552
hi_ndraa,tinnyee,0.7308
hi_ndraa,u,0.6546
hi_ndraa,upin🐼,0.7073
hi_ndraa,user1233833380586,0.6649
hi_ndraa,username12375,0.7423
hi_ndraa,wdyt_,0.6519
hi_ndraa,yanuar,0.6757
hi_ndraa,yogaaa21,0.7212
hi_ndraa,yyy,0.6514
hi_ndraa,zppcx,0.7602
hi_ndraa,ಠ_ರೃ,0.7373
hi_ndraa,ᴘɪᴋᴀғʀɪᴇᴅᴄʜɪᴄᴋᴇɴ,0.7109
hi_ndraa,☝️👌👌cc,0.7493
hi_ndraa,♥,0.6894
hi_ndraa,🏴󠁧󠁢󠁥󠁮󠁧󠁿🏴󠁧󠁢󠁥󠁮󠁧󠁿,0.6536
hi_ndraa,🐦,0.6855
hi_ndraa,👀,0.7409
hibban∆,hii i'm bayy.,0.7247
hibban∆,ibunya ragaf,0.6673
hibban∆,ig : d4haas.👾,0.7364
hibban∆,ig | im_alzz,0.663
hibban∆,iis dukha,0.6533
hibban∆,inieidan,0.6717
hibban∆,inisial.b,0.7067
hibban∆,ivx.ixxi_vii~,0.682
hibban∆,jagoan orangtua,0.6743
hibban∆,javrr⚡,0.716
hibban∆,kang bahar,0.7325
hibban∆,kin_💫,0.7682
hibban∆,lah?kenapa?,0.6617
hibban∆,lele_byakar@gmail.comm,0.6746
hibban∆,mawar hitam 🌹🗡️,0.6547
hibban∆,mhrullam,0.6563
hibban∆,mommy bibiel,0.665
hibban∆,muhammadchilung,0.6556
hibban∆,mvinta,0.6951
hibban∆,narzz🌊🌊,0.668
hibban∆,nnaann🔫,0.6633
hibban∆,nur fadil,0.7038
hibban∆,oz_,0.6936
hibban∆,pip2nd🧿,0.6635
hibban∆,piscesmod,0.6836
hibban∆,praditailhm_,0.7587
hibban∆,qila012,0.7595
hibban∆,rafyy😹,0.6625
hibban∆,regialparij,0.6608
hibban∆,rempeyek_500🌊,0.6961
hibban∆,rfky,0.7493
hibban∆,rijakipp,0.713
hibban∆,rℹ️k🅾️🅾️🅾️,0.6793
hibban∆,safi,0.7096
hibban∆,satria 🙌,0.669
hibban∆,sendiiisen©📍,0.7218
hibban∆,si kucing,0.7113
hibban∆,stecu💤,0.6934
hibban∆,syaf__👾👾,0.6975
hibban∆,talasku99,0.6727
hibban∆,tam,0.7001
hibban∆,theeryoou,0.6613
hibban∆,tofik.putra17,0.6715
hibban∆,user13463#457344,0.6929
hibban∆,user7098643456,0.6721
hibban∆,va 17hd,0.7285
hibban∆,viann,0.7311
hibban∆,vittss..,0.7075
hibban∆,wiindoc,0.6754
hibban∆,ws🪩,0.7289
hibban∆,wzrd,0.6781
hibban∆,yyy,0.7144
hibban∆,y💥💯                😛,0.6896
hibban∆,zazamm,0.6866
hibban∆,zeniperr,0.7111
hibban∆,ɴᴀᴛ,0.6507
hibban∆,˚ ༘ 🦕𖦹⋆｡˚,0.7259
hibban∆,⋇⋆✦chelsea ♛┈⛧♡,0.7359
hibban∆,★,0.6786
hibban∆,윙고🇲🇨🇰🇷,0.6801
hibban∆,￴ ￴ ￴  ￴ ￴ ￴ ￴ ￴,0.6543
hibban∆,𝕳𝕬𝕴𝕶𝕬𝕷 𝖁1,0.6527
hibban∆,𝙋𝙍𝙄𝙉𝘾𝙀 15,0.6935
hibban∆,𝙡𝙚𝙣𝙜,0.7599
hibban∆,𝙧𝙖𝙙𝙚𝙣𝙣𝙠𝙪𝙘𝙞𝙩𝙩🌊,0.6786
hibban∆,🐣,0.7002
hibban∆,💋,0.6752
hibban∆,🕊,0.7375
hii i'm bayy.,hyan,0.7676
hii i'm bayy.,hαηs кαккσɪɪ.dnd.,0.6697
hii i'm bayy.,i,0.7246
hii i'm bayy.,i j a l,0.651
hii i'm bayy.,ibunya ragaf,0.6624
hii i'm bayy.,ifaashion.id,0.6563
hii i'm bayy.,ig : d4haas.👾,0.7727
hii i'm bayy.,ig | im_alzz,0.6873
hii i'm bayy.,ig:4ufa_l,0.673
hii i'm bayy.,iis dukha,0.7068
hii i'm bayy.,inieidan,0.7379
hii i'm bayy.,inisial.b,0.7439
hii i'm bayy.,jagoan orangtua,0.6652
hii i'm bayy.,javrr⚡,0.759
hii i'm bayy.,jdr,0.7011
hii i'm bayy.,kang bahar,0.8269
hii i'm bayy.,kib3nk_ta,0.6629
hii i'm bayy.,"kicau mania""😷✌",0.6985
hii i'm bayy.,kin_💫,0.6779
hii i'm bayy.,kruxill🎃,0.7281
hii i'm bayy.,l4nkk,0.7591
hii i'm bayy.,lele_byakar@gmail.comm,0.6913
hii i'm bayy.,lihgal18,0.7489
hii i'm bayy.,mas_dawet,0.7192
hii i'm bayy.,mawar hitam 🌹🗡️,0.7022
hii i'm bayy.,mawarr,0.7356
hii i'm bayy.,mhrullam,0.725
hii i'm bayy.,mmmmm,0.6567
hii i'm bayy.,mommy bibiel,0.663
hii i'm bayy.,muhammadchilung,0.6602
hii i'm bayy.,mvinta,0.6859
hii i'm bayy.,naa_,0.6721
hii i'm bayy.,nadhiff👾,0.7253
hii i'm bayy.,narzz🌊🌊,0.7561
hii i'm bayy.,ndre4you,0.705
hii i'm bayy.,nnaann🔫,0.6773
hii i'm bayy.,nobody,0.662
hii i'm bayy.,nur fadil,0.657
hii i'm bayy.,ol²²oy,0.7329
hii i'm bayy.,oz_,0.7711
hii i'm bayy.,padil,0.6982
hii i'm bayy.,penjahat mu,0.6585
hii i'm bayy.,pisangambon,0.7556
hii i'm bayy.,praditailhm_,0.7845
hii i'm bayy.,princess 💅,0.6818
hii i'm bayy.,put,0.7245
hii i'm bayy.,qila012,0.7386
hii i'm bayy.,raf,0.7026
hii i'm bayy.,raffiii162,0.6571
hii i'm bayy.,rafyy😹,0.8114
hii i'm bayy.,regialparij,0.6649
hii i'm bayy.,rempeyek_500🌊,0.7133
hii i'm bayy.,rfky,0.664
hii i'm bayy.,rijakipp,0.7284
hii i'm bayy.,rzl,0.6792
hii i'm bayy.,rℹ️k🅾️🅾️🅾️,0.7124
hii i'm bayy.,safi,0.7305
hii i'm bayy.,samshl_22,0.6641
hii i'm bayy.,sara ariska,0.727
hii i'm bayy.,satria 🙌,0.6686
hii i'm bayy.,satyaa ✦,0.6527
hii i'm bayy.,sendiiisen©📍,0.7088
hii i'm bayy.,si kucing,0.7488
hii i'm bayy.,srylee,0.6559
hii i'm bayy.,stecu💤,0.6513
hii i'm bayy.,syaf__👾👾,0.7703
hii i'm bayy.,talasku99,0.7466
hii i'm bayy.,tam,0.7491
hii i'm bayy.,tangrajinngaji,0.6999
hii i'm bayy.,tinnyee,0.6623
hii i'm bayy.,tofik.putra17,0.7457
hii i'm bayy.,trisis,0.6593
hii i'm bayy.,upin🐼,0.6646
hii i'm bayy.,user13463#457344,0.6852
hii i'm bayy.,user7098643456,0.6768
hii i'm bayy.,va 17hd,0.7385
hii i'm bayy.,viann,0.784
hii i'm bayy.,vittss..,0.758
hii i'm bayy.,wiindoc,0.7211
hii i'm bayy.,wo,0.6697
hii i'm bayy.,wong elek,0.6646
hii i'm bayy.,ws🪩,0.7312
hii i'm bayy.,wzrd,0.6785
hii i'm bayy.,yanuar,0.6894
hii i'm bayy.,yyy,0.7782
hii i'm bayy.,y💥💯                😛,0.6835
hii i'm bayy.,zaall,0.6758
hii i'm bayy.,zaka.ya,0.684
hii i'm bayy.,zarr★,0.7193
hii i'm bayy.,zazamm,0.7272
hii i'm bayy.,zeniperr,0.67
hii i'm bayy.,ɴᴀᴛ,0.6577
hii i'm bayy.,˚ ༘ 🦕𖦹⋆｡˚,0.674
hii i'm bayy.,ᴘɪᴋᴀғʀɪᴇᴅᴄʜɪᴄᴋᴇɴ,0.7115
hii i'm bayy.,⋇⋆✦chelsea ♛┈⛧♡,0.7855
hii i'm bayy.,★,0.7334
hii i'm bayy.,☝️👌👌cc,0.7114
hii i'm bayy.,⛓️,0.7156
hii i'm bayy.,✌️,0.7541
hii i'm bayy.,ザキ・アルディアンシア,0.6918
hii i'm bayy.,윙고🇲🇨🇰🇷,0.7226
hii i'm bayy.,️dika_sajah,0.6971
hii i'm bayy.,￴￴,0.705
hii i'm bayy.,𝕶𝖞𝖓𝖟𝖟,0.6747
hii i'm bayy.,𝖇𝖎𝖎𝖑𝖆,0.6712
hii i'm bayy.,𝘼𝙇𝙃𝘼𝙆𝙄𝙈𝙕,0.7337
hii i'm bayy.,𝘿𝙚𝙣,0.6529
hii i'm bayy.,𝙋𝙍𝙄𝙉𝘾𝙀 15,0.6835
hii i'm bayy.,𝙡𝙚𝙣𝙜,0.7648
hii i'm bayy.,🅰️★,0.6633
hii i'm bayy.,🐣,0.7279
hii i'm bayy.,🔴⚪,0.6504
hii i'm bayy.,🕊,0.7564
hilman,ibunya ragaf,0.673
hilman,ig :_17rrif★,0.718
hilman,ig: ?,0.6739
hilman,inyong,0.6739
hilman,jok,0.727
hilman,jun santuy,0.8253
hilman,keee keee,0.6911
hilman,kelzy24,0.6915
hilman,kiking,0.6792
hilman,l3o m,0.7055
hilman,l4ngz_strong,0.6732
hilman,lah iya,0.6759
hilman,m. rizqi_,0.6593
hilman,masjack3195,0.6549
hilman,mawar hitam 🌹🗡️,0.6589
hilman,mbahnya nafisha dan sava,0.726
hilman,mbuhsapa🤥,0.718
hilman,mynnn,0.6983
hilman,naufabyktsr,0.7998
hilman,nick!!!,0.8441
hilman,nuuuuu,0.6592
hilman,panggil vans✌️,0.6519
hilman,panglima boncoz,0.6901
hilman,pecey yeye,0.6732
hilman,r4ndsyh,0.6604
hilman,ranji💤,0.7076
hilman,reval soso,0.7023
hilman,rizzstecu✌️,0.6758
hilman,sapa bae,0.6601
hilman,septiana,0.6686
hilman,sestu,0.727
hilman,sopo》,0.8271
hilman,syakila pbg,0.727
hilman,the last good man,0.6617
hilman,tinnyee,0.68
hilman,username12375,0.7441
hilman,uuppio,0.6738
hilman,wong gringsing,0.727
hilman,xlx🇮🇲,0.6924
hilman,yogaaa21,0.6716
hilman,zannn,0.6525
hilman,ziee_1901,0.6623
hilman,zrill💥,0.7748
hilman,~~boyszzarddd~~ardboysss🇦🇱🪩,0.7998
hilman,▪️,0.7582
hilman,♥,0.6791
hilman,𝘿𝙚𝙣,0.6693
hilman,𝙾𝚛𝚢𝚣𝚊 𝚂𝚊𝚝𝚒𝚟𝚊 🌾,0.6621
hilman,🏴󠁧󠁢󠁥󠁮󠁧󠁿🏴󠁧󠁢󠁥󠁮󠁧󠁿,0.6887
hilman,🐦,0.7059
hilman,👻,0.6875
hilman,👻hsb👻,0.7998
hilman,👾,0.6592
hilman,🧋,0.7027
hpiss,ibunya ragaf,0.7317
hpiss,ig: ?,0.6513
hpiss,ig:4ufa_l,0.6728
hpiss,ikhsan hair,0.7637
hpiss,im.p4yeng!!,0.7281
hpiss,inyong,0.6513
hpiss,javrr⚡,0.6967
hpiss,jazkyy1233,0.6961
hpiss,jepri night🦸,0.6657
hpiss,jesiccaaa,0.7024
hpiss,joviinantaaaa,0.6701
hpiss,jun santuy,0.6581
hpiss,"kaa,a",0.6744
hpiss,keee keee,0.6677
hpiss,kelzy24,0.7193
hpiss,kruxill🎃,0.6885
hpiss,kuwi4526,0.7677
hpiss,l3o m,0.6591
hpiss,lah iya,0.7988
hpiss,lah?kenapa?,0.6743
hpiss,lele_byakar@gmail.comm,0.7126
hpiss,m. rizqi_,0.6538
hpiss,martati,0.6862
hpiss,masrianto manalu,0.7552
hpiss,mawar hitam 🌹🗡️,0.7424
hpiss,mengomentari postingan anda,0.7034
hpiss,mka. kka,0.6634
hpiss,mnopqrst,0.6992
hpiss,muhamad rian,0.6854
hpiss,ndre4you,0.6656
hpiss,nino,0.6564
hpiss,nobody,0.7279
hpiss,nuuuuu,0.7703
hpiss,pak haji,0.6863
hpiss,pak haji sara,0.6515
hpiss,pip2nd🧿,0.7455
hpiss,piscesmod,0.6999
hpiss,put,0.6629
hpiss,r4ndsyh,0.7888
hpiss,rahmanpru,0.72
hpiss,rehan.aj,0.6564
hpiss,rizzstecu✌️,0.6817
hpiss,rndra,0.6831
hpiss,rℹ️k🅾️🅾️🅾️,0.7148
hpiss,satria 🙌,0.7574
hpiss,scc winoww,0.6617
hpiss,scc.,0.7163
hpiss,secccfldsuuu21,0.6802
hpiss,selialls,0.7047
hpiss,sopo》,0.7311
hpiss,stecu💤,0.6793
hpiss,syaf__👾👾,0.6538
hpiss,taxi barang purwokerto,0.6944
hpiss,teteh_jawa,0.6512
hpiss,the last good man,0.7185
hpiss,tinnyee,0.6906
hpiss,tofik.putra17,0.6526
hpiss,upin🐼,0.6988
hpiss,username12375,0.6585
hpiss,uuppio,0.6712
hpiss,vannn opet,0.6883
hpiss,varkon🚀🚀,0.6942
hpiss,vinss,0.7643
hpiss,vnn$fomo,0.701
hpiss,wdyt_,0.6579
hpiss,weird zeze🇩🇪,0.7353
hpiss,wzrd,0.7309
hpiss,yogaaa21,0.6856
hpiss,z4kk🇦🇱🇦🇱,0.6603
hpiss,zaall,0.6749
hpiss,zain,0.7931
hpiss,zaka.ya,0.6789
hpiss,zannn,0.7578
hpiss,zazamm,0.6682
hpiss,zppcx,0.6731
hpiss,zrill💥,0.71
hpiss,àlwàysdip,0.8161
hpiss,ɴᴀᴛ,0.6576
hpiss,ᴘɪᴋᴀғʀɪᴇᴅᴄʜɪᴄᴋᴇɴ,0.668
hpiss,☝️👌👌cc,0.6916
hpiss,♥,0.7474
hpiss,️dika_sajah,0.6507
hpiss,𝓝𝓪𝔂𝓵𝓪_𝓓.𝓐,0.6674
hpiss,𝕳𝕬𝕴𝕶𝕬𝕷 𝖁1,0.6678
hpiss,𝘉𝘐 𝔟𝔢𝔫𝔠𝔦 𝔠𝔦𝔫𝔱𝔞~,0.6592
hpiss,𝘿𝙚𝙣,0.7003
hpiss,𝙾𝚛𝚢𝚣𝚊 𝚂𝚊𝚝𝚒𝚟𝚊 🌾,0.7545
hpiss,🐦,0.6941
hpiss,👻hsb👻,0.6513
hpiss,👾,0.7703
hpiss,💋,0.7168
hpiss,🕊,0.6801
hpiss,🧋,0.6633
hyan,hαηs кαккσɪɪ.dnd.,0.7359
hyan,i,0.8806
hyan,i j a l,0.8285
hyan,ibunya ragaf,0.6612
hyan,ifaashion.id,0.6912
hyan,ig | im_alzz,0.6789
hyan,ikhsan hair,0.676
hyan,inisial.b,0.656
hyan,javrr⚡,0.7356
hyan,jesiccaaa,0.6868
hyan,kaji,0.6838
hyan,kang bahar,0.8398
hyan,kelzy24,0.6823
hyan,kin_💫,0.6501
hyan,kruxill🎃,0.7298
hyan,lah iya,0.6873
hyan,lele_byakar@gmail.comm,0.7435
hyan,lihgal18,0.7203
hyan,mas_dawet,0.7079
hyan,mawar hitam 🌹🗡️,0.7224
hyan,mawarr,0.8911
hyan,mhrullam,0.6902
hyan,nadhiff👾,0.6877
hyan,ndre4you,0.8551
hyan,nggaaa,0.7015
hyan,nnaann🔫,0.6505
hyan,nobody,0.698
hyan,nuuuu,0.6806
hyan,ol²²oy,0.7859
hyan,patirrrv2🖤,0.6711
hyan,patrick bateman,0.6957
hyan,penjahat mu,0.6966
hyan,pisangambon,0.6905
hyan,piscesmod,0.654
hyan,praditailhm_,0.7325
hyan,princess 💅,0.8005
hyan,qila012,0.6746
hyan,raffiii162,0.7129
hyan,rafyy😹,0.768
hyan,rzl,0.7779
hyan,rℹ️k🅾️🅾️🅾️,0.727
hyan,safi,0.6869
hyan,samshl_22,0.7124
hyan,sapa bae,0.703
hyan,sara ariska,0.8357
hyan,sari 86,0.6864
hyan,satria 🙌,0.6677
hyan,scc winoww,0.6906
hyan,secccfldsuuu21,0.6756
hyan,sendiiisen©📍,0.6696
hyan,septiana,0.777
hyan,si kucing,0.6745
hyan,sri wahyuningsih,0.6963
hyan,syaf__👾👾,0.6918
hyan,teteh_jawa,0.6512
hyan,the last good man,0.658
hyan,tinnyee,0.6654
hyan,tofik.putra17,0.7063
hyan,trisis,0.7346
hyan,va 17hd,0.6779
hyan,viann,0.7254
hyan,vittss..,0.6614
hyan,ws🪩,0.6724
hyan,xspeedx,0.7444
hyan,yogaaa21,0.7148
hyan,yogszz⚡,0.6532
hyan,yyy,0.7015
hyan,zaka.ya,0.6926
hyan,zazamm,0.7165
hyan,zppcx,0.6856
hyan,˚ ༘ 🦕𖦹⋆｡˚,0.6664
hyan,ᴘɪᴋᴀғʀɪᴇᴅᴄʜɪᴄᴋᴇɴ,0.7593
hyan,☝️👌👌cc,0.7636
hyan,⛓️,0.6976
hyan,✌️,0.8296
hyan,マᥱž𝚊,0.6596
hyan,𝑱𝒖𝒍𝒊𝒂𝒏𝒏𝒏,0.6606
hyan,𝕳𝕬𝕴𝕶𝕬𝕷 𝖁1,0.6709
hyan,𝖇𝖎𝖎𝖑𝖆,0.8096
hyan,𝘼𝙇𝙃𝘼𝙆𝙄𝙈𝙕,0.7356
hyan,𝙡𝙚𝙣𝙜,0.6934
hyan,𝙾𝚛𝚢𝚣𝚊 𝚂𝚊𝚝𝚒𝚟𝚊 🌾,0.6639
hyan,💩.,0.7025
hyan,🕊,0.6914
hαpiz_boyss⚡,i,0.6552
hαpiz_boyss⚡,ibunya ragaf,0.7416
hαpiz_boyss⚡,ifaashion.id,0.6617
hαpiz_boyss⚡,ig : d4haas.👾,0.6867
hαpiz_boyss⚡,ig:4ufa_l,0.7155
hαpiz_boyss⚡,ikhsan hair,0.6729
hαpiz_boyss⚡,im.p4yeng!!,0.6681
hαpiz_boyss⚡,jagoan orangtua,0.676
hαpiz_boyss⚡,javrr⚡,0.7375
hαpiz_boyss⚡,jdr,0.6893
hαpiz_boyss⚡,kaji,0.7346
hαpiz_boyss⚡,kang bahar,0.6816
hαpiz_boyss⚡,kruxill🎃,0.7224
hαpiz_boyss⚡,l4nkk,0.6909
hαpiz_boyss⚡,lah iya,0.6752
hαpiz_boyss⚡,lah?kenapa?,0.7668
hαpiz_boyss⚡,lele_byakar@gmail.comm,0.7546
hαpiz_boyss⚡,lihgal18,0.7746
hαpiz_boyss⚡,mawar hitam 🌹🗡️,0.7321
hαpiz_boyss⚡,mawarr,0.6673
hαpiz_boyss⚡,mhrullam,0.676
hαpiz_boyss⚡,mka. kka,0.7135
hαpiz_boyss⚡,mommy bibiel,0.6746
hαpiz_boyss⚡,muhammadchilung,0.7154
hαpiz_boyss⚡,mykids,0.6607
hαpiz_boyss⚡,nadhiff👾,0.7497
hαpiz_boyss⚡,narti,0.6692
hαpiz_boyss⚡,narzz🌊🌊,0.6787
hαpiz_boyss⚡,ndre4you,0.6563
hαpiz_boyss⚡,nnaann🔫,0.6604
hαpiz_boyss⚡,nobody,0.7112
hαpiz_boyss⚡,ol²²oy,0.7699
hαpiz_boyss⚡,p4tooookkkk,0.6602
hαpiz_boyss⚡,pak haji,0.6673
hαpiz_boyss⚡,patirrrv2🖤,0.6706
hαpiz_boyss⚡,piscesmod,0.6548
hαpiz_boyss⚡,praditailhm_,0.7535
hαpiz_boyss⚡,qila012,0.7565
hαpiz_boyss⚡,rivann.ahah,0.6542
hαpiz_boyss⚡,rndra,0.6591
hαpiz_boyss⚡,rℹ️k🅾️🅾️🅾️,0.8234
hαpiz_boyss⚡,safi,0.6676
hαpiz_boyss⚡,satria 🙌,0.7616
hαpiz_boyss⚡,scc winoww,0.7937
hαpiz_boyss⚡,scc.,0.7595
hαpiz_boyss⚡,secccfldsuuu21,0.6969
hαpiz_boyss⚡,sendiiisen©📍,0.7373
hαpiz_boyss⚡,set? iy syng,0.6959
hαpiz_boyss⚡,stecu💤,0.7452
hαpiz_boyss⚡,suyato jowo,0.6529
hαpiz_boyss⚡,tangrajinngaji,0.728
hαpiz_boyss⚡,theeryoou,0.7158
hαpiz_boyss⚡,tinnyee,0.6901
hαpiz_boyss⚡,tofik.putra17,0.6943
hαpiz_boyss⚡,user13463#457344,0.6754
hαpiz_boyss⚡,user7098643456,0.6732
hαpiz_boyss⚡,va 17hd,0.7918
hαpiz_boyss⚡,van pablo,0.7246
hαpiz_boyss⚡,vanooo,0.704
hαpiz_boyss⚡,varkon🚀🚀,0.6531
hαpiz_boyss⚡,viann,0.7717
hαpiz_boyss⚡,vittss..,0.6514
hαpiz_boyss⚡,wong elek,0.6955
hαpiz_boyss⚡,yaraaayaaaa,0.6772
hαpiz_boyss⚡,yogaaa21,0.7079
hαpiz_boyss⚡,yyy,0.7074
hαpiz_boyss⚡,z4kk🇦🇱🇦🇱,0.6889
hαpiz_boyss⚡,zaka.ya,0.6571
hαpiz_boyss⚡,zazamm,0.7879
hαpiz_boyss⚡,zeniperr,0.6843
hαpiz_boyss⚡,zrill🇦🇱🇦🇱,0.6866
hαpiz_boyss⚡,ɴᴀᴛ,0.6716
hαpiz_boyss⚡,˚ ༘ 🦕𖦹⋆｡˚,0.7541
hαpiz_boyss⚡,فەیزال,0.6913
hαpiz_boyss⚡,☝️👌👌cc,0.7745
hαpiz_boyss⚡,✌️,0.7635
hαpiz_boyss⚡,マᥱž𝚊,0.7476
hαpiz_boyss⚡,윙고🇲🇨🇰🇷,0.6969
hαpiz_boyss⚡,￴ ￴ ￴  ￴ ￴ ￴ ￴ ￴,0.7089
hαpiz_boyss⚡,￴￴,0.7468
hαpiz_boyss⚡,𝐫𝐢𝐝𝐨𝐨🕊️,0.6592
hαpiz_boyss⚡,𝑱𝒖𝒍𝒊𝒂𝒏𝒏𝒏,0.7624
hαpiz_boyss⚡,𝕳𝕬𝕴𝕶𝕬𝕷 𝖁1,0.7077
hαpiz_boyss⚡,𝘿𝙚𝙣,0.7198
hαpiz_boyss⚡,𝙋𝙍𝙄𝙉𝘾𝙀 15,0.6799
hαpiz_boyss⚡,𝙡𝙚𝙣𝙜,0.7287
hαpiz_boyss⚡,🏴󠁧󠁢󠁥󠁮󠁧󠁿🏴󠁧󠁢󠁥󠁮󠁧󠁿,0.6533
hαpiz_boyss⚡,🐣,0.6935
hαpiz_boyss⚡,🐦,0.7353
hαpiz_boyss⚡,💋,0.7305
hαpiz_boyss⚡,🔴⚪,0.7057
hαpiz_boyss⚡,🕊,0.7881
hαηs кαккσɪɪ.dnd.,i,0.778
hαηs кαккσɪɪ.dnd.,i j a l,0.6544
hαηs кαккσɪɪ.dnd.,ibunya ragaf,0.6544
hαηs кαккσɪɪ.dnd.,ifaashion.id,0.7562
hαηs кαккσɪɪ.dnd.,ig | im_alzz,0.7326
hαηs кαккσɪɪ.dnd.,jdr,0.6559
hαηs кαккσɪɪ.dnd.,"kaa,a",0.7058
hαηs кαккσɪɪ.dnd.,kaji,0.6558
hαηs кαккσɪɪ.dnd.,kang bahar,0.7664
hαηs кαккσɪɪ.dnd.,keee keee,0.667
hαηs кαккσɪɪ.dnd.,l4ngz_strong,0.6771
hαηs кαккσɪɪ.dnd.,l4nkk,0.6663
hαηs кαккσɪɪ.dnd.,lah iya,0.6772
hαηs кαккσɪɪ.dnd.,lele_byakar@gmail.comm,0.6539
hαηs кαккσɪɪ.dnd.,lihgal18,0.6764
hαηs кαккσɪɪ.dnd.,mas_dawet,0.6725
hαηs кαккσɪɪ.dnd.,mawarr,0.7888
hαηs кαккσɪɪ.dnd.,nadhiff👾,0.6589
hαηs кαккσɪɪ.dnd.,ndre4you,0.6682
hαηs кαккσɪɪ.dnd.,nggaaa,0.7338
hαηs кαккσɪɪ.dnd.,nur fadil,0.6547
hαηs кαккσɪɪ.dnd.,ol²²oy,0.6802
hαηs кαккσɪɪ.dnd.,pak haji sara,0.697
hαηs кαккσɪɪ.dnd.,patirrrv2🖤,0.7314
hαηs кαккσɪɪ.dnd.,pecey yeye,0.6771
hαηs кαккσɪɪ.dnd.,praditailhm_,0.7694
hαηs кαккσɪɪ.dnd.,princess 💅,0.884
hαηs кαккσɪɪ.dnd.,qila012,0.7145
hαηs кαккσɪɪ.dnd.,rafyy😹,0.6604
hαηs кαккσɪɪ.dnd.,rzl,0.8869
hαηs кαккσɪɪ.dnd.,rℹ️k🅾️🅾️🅾️,0.6605
hαηs кαккσɪɪ.dnd.,samshl_22,0.7895
hαηs кαккσɪɪ.dnd.,sapa bae,0.7904
hαηs кαккσɪɪ.dnd.,sara ariska,0.7274
hαηs кαккσɪɪ.dnd.,sayaangaenii❤️‍🔥,0.6953
hαηs кαккσɪɪ.dnd.,scc winoww,0.6994
hαηs кαккσɪɪ.dnd.,scc.,0.7348
hαηs кαккσɪɪ.dnd.,secccfldsuuu21,0.6643
hαηs кαккσɪɪ.dnd.,tinnyee,0.6541
hαηs кαккσɪɪ.dnd.,tito cans,0.747
hαηs кαккσɪɪ.dnd.,uuppio,0.6889
hαηs кαккσɪɪ.dnd.,va 17hd,0.6712
hαηs кαккσɪɪ.dnd.,viann,0.7575
hαηs кαккσɪɪ.dnd.,yogaaa21,0.6683
hαηs кαккσɪɪ.dnd.,yyy,0.6704
hαηs кαккσɪɪ.dnd.,zaka.ya,0.656
hαηs кαккσɪɪ.dnd.,zazamm,0.7779
hαηs кαккσɪɪ.dnd.,☝️👌👌cc,0.6791
hαηs кαккσɪɪ.dnd.,✌️,0.7112
hαηs кαккσɪɪ.dnd.,𝑱𝒖𝒍𝒊𝒂𝒏𝒏𝒏,0.6511
hαηs кαккσɪɪ.dnd.,𝓝𝓪𝔂𝓵𝓪_𝓓.𝓐,0.6797
hαηs кαккσɪɪ.dnd.,𝕳𝕬𝕴𝕶𝕬𝕷 𝖁1,0.715
hαηs кαккσɪɪ.dnd.,𝖇𝖎𝖎𝖑𝖆,0.684
hαηs кαккσɪɪ.dnd.,𝘿𝙚𝙣,0.6704
hαηs кαккσɪɪ.dnd.,𝙾𝚛𝚢𝚣𝚊 𝚂𝚊𝚝𝚒𝚟𝚊 🌾,0.6582
hαηs кαккσɪɪ.dnd.,🕊,0.6706
hαηs кαккσɪɪ.dnd.,🧋,0.7683
i,i j a l,0.7848
i,ibunya ragaf,0.6854
i,ifaashion.id,0.6935
i,ig | im_alzz,0.6719
i,ikhsan hair,0.6743
i,javrr⚡,0.7442
i,kaji,0.7028
i,kang bahar,0.829
i,kelzy24,0.6736
i,kruxill🎃,0.746
i,lah iya,0.7072
i,lele_byakar@gmail.comm,0.7213
i,lihgal18,0.7241
i,mas_dawet,0.7287
i,mawar hitam 🌹🗡️,0.7497
i,mawarr,0.8903
i,mengomentari postingan anda,0.6579
i,mhrullam,0.6949
i,muhammadchilung,0.6543
i,nadhiff👾,0.6939
i,ndre4you,0.8308
i,nggaaa,0.7294
i,nobody,0.7156
i,nur fadil,0.6569
i,nuuuu,0.6541
i,ol²²oy,0.7896
i,patirrrv2🖤,0.7033
i,patrick bateman,0.6758
i,pisangambon,0.6549
i,praditailhm_,0.7516
i,princess 💅,0.8099
i,qila012,0.6842
i,raffiii162,0.682
i,rafyy😹,0.703
i,ryy_,0.6589
i,rzl,0.7601
i,rℹ️k🅾️🅾️🅾️,0.7612
i,safi,0.655
i,samshl_22,0.7188
i,sapa bae,0.678
i,sara ariska,0.7986
i,satria 🙌,0.7015
i,scc winoww,0.7069
i,scc.,0.6879
i,secccfldsuuu21,0.6741
i,sendiiisen©📍,0.6826
i,septiana,0.7137
i,sopo》,0.6617
i,syaf__👾👾,0.7062
i,talasku99,0.6575
i,tam,0.6708
i,the last good man,0.6572
i,tinnyee,0.6854
i,tofik.putra17,0.714
i,trisis,0.7161
i,upin🐼,0.6564
i,va 17hd,0.6981
i,vanooo,0.675
i,viann,0.7446
i,vittss..,0.6705
i,ws🪩,0.6837
i,xspeedx,0.7116
i,yogaaa21,0.7289
i,yogszz⚡,0.6617
i,yyy,0.7043
i,zaka.ya,0.6952
i,zazamm,0.7386
i,zppcx,0.6641
i,zrill💥,0.6509
i,˚ ༘ 🦕𖦹⋆｡˚,0.658
i,ᴘɪᴋᴀғʀɪᴇᴅᴄʜɪᴄᴋᴇɴ,0.7537
i,☝️👌👌cc,0.7896
i,⛓️,0.6772
i,✌️,0.8128
i,マᥱž𝚊,0.6836
i,𝑱𝒖𝒍𝒊𝒂𝒏𝒏𝒏,0.6774
i,𝕳𝕬𝕴𝕶𝕬𝕷 𝖁1,0.6947
i,𝖇𝖎𝖎𝖑𝖆,0.781
i,𝘼𝙇𝙃𝘼𝙆𝙄𝙈𝙕,0.6815
i,𝘿𝙚𝙣,0.6564
i,𝙡𝙚𝙣𝙜,0.7112
i,𝙾𝚛𝚢𝚣𝚊 𝚂𝚊𝚝𝚒𝚟𝚊 🌾,0.6663
i,🕊,0.716
i,🧋,0.6921
i j a l,ibunya ragaf,0.6636
i j a l,ifaashion.id,0.6562
i j a l,joviinantaaaa,0.6681
i j a l,kaji,0.7107
i j a l,kang bahar,0.7955
i j a l,keee keee,0.7282
i j a l,kelzy24,0.7078
i j a l,kruxill🎃,0.6981
i j a l,l4ngz_strong,0.6816
i j a l,lah iya,0.6864
i j a l,lele_byakar@gmail.comm,0.653
i j a l,lihgal18,0.6523
i j a l,m. rizqi_,0.6663
i j a l,mas_dawet,0.683
i j a l,masjack3195,0.6818
i j a l,mawar hitam 🌹🗡️,0.6854
i j a l,mawarr,0.8349
i j a l,ndre4you,0.8906
i j a l,nobody,0.6588
i j a l,ol²²oy,0.7227
i j a l,patirrrv2🖤,0.6656
i j a l,patrick bateman,0.6727
i j a l,pecey yeye,0.6816
i j a l,pisangambon,0.6601
i j a l,princess 💅,0.7207
i j a l,raffiii162,0.67
i j a l,rafyy😹,0.6569
i j a l,rahmat kartolo,0.6723
i j a l,reendstore,0.6879
i j a l,rzl,0.7517
i j a l,samshl_22,0.6956
i j a l,sapa bae,0.7743
i j a l,sara ariska,0.8813
i j a l,sayaangaenii❤️‍🔥,0.6881
i j a l,scc.,0.6764
i j a l,septiana,0.8789
i j a l,sri wahyuningsih,0.6811
i j a l,the last good man,0.6646
i j a l,tinnyee,0.6878
i j a l,username12375,0.6709
i j a l,uuppio,0.7346
i j a l,viann,0.673
i j a l,xspeedx,0.7251
i j a l,yogaaa21,0.7025
i j a l,yyy,0.6634
i j a l,zaka.ya,0.6809
i j a l,zazamm,0.7112
i j a l,ᴘɪᴋᴀғʀɪᴇᴅᴄʜɪᴄᴋᴇɴ,0.738
i j a l,☝️👌👌cc,0.7232
i j a l,⛓️,0.6876
i j a l,✌️,0.8214
i j a l,𝖇𝖎𝖎𝖑𝖆,0.7472
i j a l,𝘼𝙇𝙃𝘼𝙆𝙄𝙈𝙕,0.7115
i j a l,𝘿𝙚𝙣,0.6684
i j a l,𝙾𝚛𝚢𝚣𝚊 𝚂𝚊𝚝𝚒𝚟𝚊 🌾,0.7481
i j a l,🐦,0.6752
i j a l,🧋,0.6519
i'szz?!,iin,0.7176
i'szz?!,iyedd 🪩,0.6561
i'szz?!,kd urng ya,0.7176
i'szz?!,langzz,0.708
i'szz?!,lianaa,0.7022
i'szz?!,mei meido x kakure meme,0.7454
i'szz?!,n4uf@l 4j4,0.7213
i'szz?!,nanangmungils1,0.7176
i'szz?!,nipzzz,0.6941
i'szz?!,p4n_🤷‍♂️🤷‍♂️,0.7656
i'szz?!,pangeran kodok,0.6616
i'szz?!,panzskbd,0.7176
i'szz?!,r 4 5 ya,0.6994
i'szz?!,rstu💤,0.6647
i'szz?!,sabitulyz,0.6929
i'szz?!,tri yulianti,0.7176
i'szz?!,vann 🌳,0.6641
i'szz?!,wiwut,0.6801
i'szz?!,ye,0.7541
i'szz?!,zaza,0.6723
i'szz?!,⠀ ⠀ ⠀ ⠀ ⠀᠌,0.7176
i'szz?!,🄱🄰🅈🅄🄸🄽🄳🄰🄷🄾🄵🄵🅂🄴🅃,0.679
i'szz?!,🕸,0.7122
i'szz?!,🪽,0.6804
ibunya ragaf,ifaashion.id,0.6729
ibunya ragaf,ig : d4haas.👾,0.8311
ibunya ragaf,ig: ?,0.7225
ibunya ragaf,ig:4ufa_l,0.7189
ibunya ragaf,ikhsan hair,0.7245
ibunya ragaf,im.p4yeng!!,0.6539
ibunya ragaf,inieidan,0.6749
ibunya ragaf,inyong,0.7225
ibunya ragaf,jagoan orangtua,0.7043
ibunya ragaf,javrr⚡,0.8136
ibunya ragaf,jesiccaaa,0.746
ibunya ragaf,joviinantaaaa,0.7221
ibunya ragaf,jun santuy,0.6767
ibunya ragaf,"kaa,a",0.7275
ibunya ragaf,kaji,0.8163
ibunya ragaf,kang bahar,0.7841
ibunya ragaf,keee keee,0.6753
ibunya ragaf,kelzy24,0.679
ibunya ragaf,kian santang,0.6668
ibunya ragaf,kiking,0.6545
ibunya ragaf,kin_💫,0.6588
ibunya ragaf,kruxill🎃,0.8322
ibunya ragaf,kuwi4526,0.6567
ibunya ragaf,l3o m,0.6736
ibunya ragaf,l4nkk,0.6663
ibunya ragaf,lah iya,0.8065
ibunya ragaf,lah?kenapa?,0.7058
ibunya ragaf,lele_byakar@gmail.comm,0.8613
ibunya ragaf,lihgal18,0.7253
ibunya ragaf,m. rizqi_,0.6976
ibunya ragaf,masrianto manalu,0.7108
ibunya ragaf,mawar hitam 🌹🗡️,0.8887
ibunya ragaf,mawarr,0.7251
ibunya ragaf,mbahnya nafisha dan sava,0.6906
ibunya ragaf,mengomentari postingan anda,0.7017
ibunya ragaf,mhrullam,0.6742
ibunya ragaf,mka. kka,0.7135
ibunya ragaf,muhamad rian,0.6598
ibunya ragaf,muhammadchilung,0.7
ibunya ragaf,nadhiff👾,0.7137
ibunya ragaf,narzz🌊🌊,0.7324
ibunya ragaf,ndre4you,0.7217
ibunya ragaf,nino,0.7249
ibunya ragaf,nnaann🔫,0.678
ibunya ragaf,nobody,0.7645
ibunya ragaf,nur fadil,0.726
ibunya ragaf,nuuuuu,0.671
ibunya ragaf,ol²²oy,0.8162
ibunya ragaf,p4tooookkkk,0.7101
ibunya ragaf,padil,0.6505
ibunya ragaf,pak haji,0.7771
ibunya ragaf,pak haji sara,0.7005
ibunya ragaf,patirrrv2🖤,0.7454
ibunya ragaf,pip2nd🧿,0.6898
ibunya ragaf,praditailhm_,0.784
ibunya ragaf,princess 💅,0.7409
ibunya ragaf,put,0.6935
ibunya ragaf,qila012,0.7944
ibunya ragaf,r4ndsyh,0.7139
ibunya ragaf,raf,0.6827
ibunya ragaf,rahmanpru,0.7541
ibunya ragaf,rahmat kartolo,0.7377
ibunya ragaf,rempeyek_500🌊,0.669
ibunya ragaf,rfky,0.6685
ibunya ragaf,rivann.ahah,0.6706
ibunya ragaf,rizzstecu✌️,0.8381
ibunya ragaf,rzl,0.7405
ibunya ragaf,rℹ️k🅾️🅾️🅾️,0.818
ibunya ragaf,safi,0.7064
ibunya ragaf,samshl_22,0.6855
ibunya ragaf,sapa bae,0.666
ibunya ragaf,sara ariska,0.7312
ibunya ragaf,satria 🙌,0.7962
ibunya ragaf,sayaangaenii❤️‍🔥,0.6533
ibunya ragaf,scc winoww,0.8797
ibunya ragaf,scc.,0.8165
ibunya ragaf,secccfldsuuu21,0.769
ibunya ragaf,sendiiisen©📍,0.7145
ibunya ragaf,septiana,0.6992
ibunya ragaf,set? iy syng,0.6771
ibunya ragaf,si kucing,0.6931
ibunya ragaf,sopo》,0.7244
ibunya ragaf,stecu💤,0.7326
ibunya ragaf,syaf__👾👾,0.6608
ibunya ragaf,tangrajinngaji,0.7433
ibunya ragaf,teteh_jawa,0.691
ibunya ragaf,the last good man,0.6894
ibunya ragaf,theeryoou,0.7001
ibunya ragaf,tinnyee,0.8779
ibunya ragaf,tofik.putra17,0.7513
ibunya ragaf,upin🐼,0.6986
ibunya ragaf,user13463#457344,0.7311
ibunya ragaf,user7098643456,0.7282
ibunya ragaf,username12375,0.7974
ibunya ragaf,uuppio,0.6733
ibunya ragaf,va 17hd,0.7438
ibunya ragaf,van pablo,0.682
ibunya ragaf,vanooo,0.7099
ibunya ragaf,varkon🚀🚀,0.709
ibunya ragaf,viann,0.7715
ibunya ragaf,weird zeze🇩🇪,0.6768
ibunya ragaf,wong elek,0.7567
ibunya ragaf,wongwonganmumet,0.7181
ibunya ragaf,ws🪩,0.6501
ibunya ragaf,wzrd,0.7113
ibunya ragaf,yanuar,0.6554
ibunya ragaf,yaraaayaaaa,0.6956
ibunya ragaf,yogaaa21,0.8436
ibunya ragaf,yyy,0.7401
ibunya ragaf,zain,0.6793
ibunya ragaf,zaka.ya,0.8472
ibunya ragaf,zannn,0.6795
ibunya ragaf,zazamm,0.8121
ibunya ragaf,zeniperr,0.7019
ibunya ragaf,zppcx,0.6573
ibunya ragaf,zrill🇦🇱🇦🇱,0.7008
ibunya ragaf,zrill💥,0.7084
ibunya ragaf,ɴᴀᴛ,0.6876
ibunya ragaf,˚ ༘ 🦕𖦹⋆｡˚,0.7801
ibunya ragaf,☝️👌👌cc,0.8416
ibunya ragaf,♥,0.7778
ibunya ragaf,✌️,0.6666
ibunya ragaf,マᥱž𝚊,0.6554
ibunya ragaf,윙고🇲🇨🇰🇷,0.6867
ibunya ragaf,️dika_sajah,0.6679
ibunya ragaf,￴ ￴ ￴  ￴ ￴ ￴ ￴ ￴,0.6669
ibunya ragaf,￴￴,0.6798
ibunya ragaf,𝑱𝒖𝒍𝒊𝒂𝒏𝒏𝒏,0.7788
ibunya ragaf,𝓝𝓪𝔂𝓵𝓪_𝓓.𝓐,0.7462
ibunya ragaf,𝕳𝕬𝕴𝕶𝕬𝕷 𝖁1,0.7545
ibunya ragaf,𝘿𝙚𝙣,0.8055
ibunya ragaf,𝙋𝙍𝙄𝙉𝘾𝙀 15,0.6572
ibunya ragaf,𝙡𝙚𝙣𝙜,0.7488
ibunya ragaf,𝙾𝚛𝚢𝚣𝚊 𝚂𝚊𝚝𝚒𝚟𝚊 🌾,0.7026
ibunya ragaf,🏴󠁧󠁢󠁥󠁮󠁧󠁿🏴󠁧󠁢󠁥󠁮󠁧󠁿,0.8191
ibunya ragaf,🐣,0.7034
ibunya ragaf,🐦,0.7792
ibunya ragaf,👻hsb👻,0.6851
ibunya ragaf,👾,0.671
ibunya ragaf,💋,0.7206
ibunya ragaf,💩.,0.6717
ibunya ragaf,🕊,0.882
ibunya ragaf,🧋,0.7066
icin,iyann noverse ☄️🪐,0.7726
icin,khaa : akun business 🪐 💵,0.7671
icin,kmu gpp zaa?,0.7181
icin,maa....,0.7462
icin,mamaz ap,0.6722
icin,nafz?yakena😹🤓🤭😋,0.6579
icin,namaku atha,0.7131
icin,nha_nha88,0.7215
icin,rian(rivan fian),0.7602
icin,spilloutfittrendy,0.6925
icin,vanzzz,0.7091
icin,wiwut,0.7001
icin,"wong""plosok",0.6727
icin,xy_don🚀,0.739
icin,yoo🅰️jahh,0.6927
icin,zexx'777,0.757
icin,zye hehe,0.7436
icin,𝕬𝖟𝖐𝖆 𝖋𝖔𝖗 𝖞𝖔𝖚,0.6929
icin,𝙎𝘽𝙎 001_𝙨𝙠𝙖𝙮 𝙮𝙚𝙡𝙤𝙬,0.7127
idk,kii,0.7142
idk,mengomentari postingan anda,0.7087
idk,mynnn,0.6908
idk,nansya ahsh,0.6779
idk,nuuuu,0.6965
idk,raffiii162,0.6675
idk,wh0,0.7384
idk,àlwàysdip,0.6756
idk,⛓️,0.6711
ido.,k  for  kami'el,0.6541
ido.,kojek,0.7721
ido.,l4nkk,0.6697
ido.,laris manis store,0.7276
ido.,mmmmm,0.6524
ido.,narti,0.7013
ido.,neyymar kee jakarta,0.6928
ido.,notzstrongboyss,0.7143
ido.,orensport,0.667
ido.,ovii ..,0.6529
ido.,pisangambon,0.6927
ido.,rpk1,0.6803
ido.,s u m m e r .,0.756
ido.,single era,0.6506
ido.,suyato jowo,0.6918
ido.,tangrajinngaji,0.6902
ido.,tika kartika,0.68
ido.,topexx11,0.6811
ido.,wong elek,0.6581
ido.,yanuar,0.7805
ido.,z4kk🇦🇱🇦🇱,0.6631
ido.,المجتهد,0.8136
ido.,เςคภ,0.781
ido.,ザキ・アルディアンシア,0.6804
ido.,￴,0.6919
ido.,𝙖𝙩𝙨𝙨,0.6916
ido.,🎮,0.6555
ido.,🔴⚪,0.768
ido.,🤴🏽,0.7025
ido.,🪫,0.6841
ifaashion.id,ig | im_alzz,0.7789
ifaashion.id,javrr⚡,0.6753
ifaashion.id,jdr,0.6808
ifaashion.id,jepri night🦸,0.6597
ifaashion.id,jun santuy,0.6571
ifaashion.id,kaji,0.6672
ifaashion.id,kang bahar,0.7195
ifaashion.id,keee keee,0.7779
ifaashion.id,kelzy24,0.7912
ifaashion.id,kin_💫,0.6719
ifaashion.id,l4ngz_strong,0.8602
ifaashion.id,l4nkk,0.6688
ifaashion.id,lah iya,0.6857
ifaashion.id,lele_byakar@gmail.comm,0.6585
ifaashion.id,lihgal18,0.6931
ifaashion.id,mama alzak,0.7905
ifaashion.id,mas_dawet,0.6642
ifaashion.id,mawarr,0.7434
ifaashion.id,mengomentari postingan anda,0.6988
ifaashion.id,mhrullam,0.6526
ifaashion.id,mykids,0.6766
ifaashion.id,nadhiff👾,0.6852
ifaashion.id,nggaaa,0.8076
ifaashion.id,nobody,0.687
ifaashion.id,nur fadil,0.66
ifaashion.id,ol²²oy,0.6687
ifaashion.id,oz_,0.6528
ifaashion.id,p4tooookkkk,0.6594
ifaashion.id,pak haji sara,0.7143
ifaashion.id,patirrrv2🖤,0.8693
ifaashion.id,patrick bateman,0.7569
ifaashion.id,pecey yeye,0.8602
ifaashion.id,pip2nd🧿,0.6618
ifaashion.id,praditailhm_,0.7664
ifaashion.id,princess 💅,0.7804
ifaashion.id,qila012,0.7257
ifaashion.id,raf,0.6797
ifaashion.id,rahmat kartolo,0.7011
ifaashion.id,regialparij,0.6815
ifaashion.id,rzl,0.7732
ifaashion.id,rℹ️k🅾️🅾️🅾️,0.677
ifaashion.id,samshl_22,0.9134
ifaashion.id,sapa bae,0.6956
ifaashion.id,sara ariska,0.6975
ifaashion.id,satria 🙌,0.6835
ifaashion.id,scc.,0.7422
ifaashion.id,secccfldsuuu21,0.7008
ifaashion.id,si kucing,0.7291
ifaashion.id,sn0w,0.6906
ifaashion.id,syaf__👾👾,0.7003
ifaashion.id,tam,0.6787
ifaashion.id,tangrajinngaji,0.6544
ifaashion.id,teteh_jawa,0.6565
ifaashion.id,the last good man,0.6862
ifaashion.id,tinnyee,0.6569
ifaashion.id,tofik.putra17,0.6736
ifaashion.id,uuppio,0.7803
ifaashion.id,va 17hd,0.6553
ifaashion.id,viann,0.7827
ifaashion.id,wong elek,0.6671
ifaashion.id,wzrd,0.6606
ifaashion.id,yaraaayaaaa,0.6657
ifaashion.id,yogaaa21,0.6537
ifaashion.id,yogszz⚡,0.6855
ifaashion.id,yyy,0.7806
ifaashion.id,zaka.ya,0.661
ifaashion.id,zazamm,0.7498
ifaashion.id,zrill💥,0.6651
ifaashion.id,˚ ༘ 🦕𖦹⋆｡˚,0.6648
ifaashion.id,☝️👌👌cc,0.6861
ifaashion.id,✌️,0.6829
ifaashion.id,￴￴,0.652
ifaashion.id,𝑱𝒖𝒍𝒊𝒂𝒏𝒏𝒏,0.6629
ifaashion.id,𝕳𝕬𝕴𝕶𝕬𝕷 𝖁1,0.7346
ifaashion.id,𝘼𝙇𝙃𝘼𝙆𝙄𝙈𝙕,0.6771
ifaashion.id,𝘿𝙚𝙣,0.6799
ifaashion.id,𝙡𝙚𝙣𝙜,0.6712
ifaashion.id,🐦,0.6555
ifaashion.id,🕊,0.7244
ifaashion.id,🧋,0.6968
ig : d4agonz🥷🇦🇱,wahyu,0.7359
ig : d4haas.👾,ig | im_alzz,0.6566
ig : d4haas.👾,ig:4ufa_l,0.7838
ig : d4haas.👾,ikhsan hair,0.6887
ig : d4haas.👾,im.p4yeng!!,0.6761
ig : d4haas.👾,inieidan,0.761
ig : d4haas.👾,inisial.b,0.6946
ig : d4haas.👾,jagoan orangtua,0.6552
ig : d4haas.👾,javrr⚡,0.7591
ig : d4haas.👾,jepri night🦸,0.7033
ig : d4haas.👾,juvvv,0.6792
ig : d4haas.👾,kaji,0.661
ig : d4haas.👾,kang bahar,0.7423
ig : d4haas.👾,kib3nk_ta,0.6502
ig : d4haas.👾,kii,0.709
ig : d4haas.👾,kin_💫,0.7308
ig : d4haas.👾,kruxill🎃,0.7221
ig : d4haas.👾,lah iya,0.6565
ig : d4haas.👾,lah?kenapa?,0.7018
ig : d4haas.👾,lele_byakar@gmail.comm,0.7422
ig : d4haas.👾,lihgal18,0.6751
ig : d4haas.👾,mas_dawet,0.6964
ig : d4haas.👾,mawar hitam 🌹🗡️,0.7339
ig : d4haas.👾,mawarr,0.6597
ig : d4haas.👾,mengomentari postingan anda,0.6747
ig : d4haas.👾,mhrullam,0.6681
ig : d4haas.👾,mommy bibiel,0.6753
ig : d4haas.👾,muhammadchilung,0.6583
ig : d4haas.👾,mvinta,0.7103
ig : d4haas.👾,naa_,0.6913
ig : d4haas.👾,nadhiff👾,0.6667
ig : d4haas.👾,narzz🌊🌊,0.8243
ig : d4haas.👾,nino,0.711
ig : d4haas.👾,nnaann🔫,0.6995
ig : d4haas.👾,nobody,0.6945
ig : d4haas.👾,nur fadil,0.6575
ig : d4haas.👾,nuuuu,0.6764
ig : d4haas.👾,ol²²oy,0.724
ig : d4haas.👾,oz_,0.7054
ig : d4haas.👾,p4tooookkkk,0.669
ig : d4haas.👾,padil,0.7011
ig : d4haas.👾,pak haji,0.6541
ig : d4haas.👾,pak haji sara,0.6532
ig : d4haas.👾,patirrrv2🖤,0.6743
ig : d4haas.👾,pip2nd🧿,0.7041
ig : d4haas.👾,pisangambon,0.7005
ig : d4haas.👾,piscesmod,0.6715
ig : d4haas.👾,praditailhm_,0.747
ig : d4haas.👾,put,0.7279
ig : d4haas.👾,qila012,0.7746
ig : d4haas.👾,raf,0.7225
ig : d4haas.👾,raffiii162,0.6907
ig : d4haas.👾,rafyy😹,0.6899
ig : d4haas.👾,rempeyek_500🌊,0.7528
ig : d4haas.👾,rfky,0.6953
ig : d4haas.👾,rijakipp,0.6876
ig : d4haas.👾,rivann.ahah,0.6753
ig : d4haas.👾,ryy_,0.6594
ig : d4haas.👾,rℹ️k🅾️🅾️🅾️,0.7439
ig : d4haas.👾,safi,0.7666
ig : d4haas.👾,satria 🙌,0.6909
ig : d4haas.👾,satyaa ✦,0.7076
ig : d4haas.👾,scc winoww,0.7436
ig : d4haas.👾,scc.,0.6887
ig : d4haas.👾,secccfldsuuu21,0.6658
ig : d4haas.👾,sendiiisen©📍,0.6791
ig : d4haas.👾,set? iy syng,0.6502
ig : d4haas.👾,si kucing,0.7582
ig : d4haas.👾,stecu💤,0.7912
ig : d4haas.👾,syaf__👾👾,0.7239
ig : d4haas.👾,talasku99,0.7401
ig : d4haas.👾,tam,0.7201
ig : d4haas.👾,tangrajinngaji,0.6947
ig : d4haas.👾,taxi barang purwokerto,0.6707
ig : d4haas.👾,teteh_jawa,0.7039
ig : d4haas.👾,theeryoou,0.6592
ig : d4haas.👾,tinnyee,0.7129
ig : d4haas.👾,tofik.putra17,0.7302
ig : d4haas.👾,upin🐼,0.6689
ig : d4haas.👾,user13463#457344,0.6806
ig : d4haas.👾,user7098643456,0.8158
ig : d4haas.👾,va 17hd,0.7255
ig : d4haas.👾,van pablo,0.6594
ig : d4haas.👾,vanooo,0.6681
ig : d4haas.👾,varkon🚀🚀,0.7019
ig : d4haas.👾,viann,0.7214
ig : d4haas.👾,vittss..,0.715
ig : d4haas.👾,wiindoc,0.6856
ig : d4haas.👾,wong elek,0.6794
ig : d4haas.👾,wongwonganmumet,0.7518
ig : d4haas.👾,ws🪩,0.704
ig : d4haas.👾,wzrd,0.6942
ig : d4haas.👾,yesakiw,0.6714
ig : d4haas.👾,yogaaa21,0.6749
ig : d4haas.👾,yyy,0.7664
ig : d4haas.👾,y💥💯                😛,0.6635
ig : d4haas.👾,zaall,0.6996
ig : d4haas.👾,zain,0.6736
ig : d4haas.👾,zaka.ya,0.7356
ig : d4haas.👾,zazamm,0.7415
ig : d4haas.👾,zeniperr,0.7625
ig : d4haas.👾,zrill🇦🇱🇦🇱,0.6713
ig : d4haas.👾,ɴᴀᴛ,0.7405
ig : d4haas.👾,˚ ༘ 🦕𖦹⋆｡˚,0.7533
ig : d4haas.👾,ᴘɪᴋᴀғʀɪᴇᴅᴄʜɪᴄᴋᴇɴ,0.6659
ig : d4haas.👾,™.yunz ★ 447.¥,0.6626
ig : d4haas.👾,⋇⋆✦chelsea ♛┈⛧♡,0.7474
ig : d4haas.👾,★,0.6973
ig : d4haas.👾,☝️👌👌cc,0.7092
ig : d4haas.👾,⛓️,0.7028
ig : d4haas.👾,✌️,0.6517
ig : d4haas.👾,윙고🇲🇨🇰🇷,0.7636
ig : d4haas.👾,️dika_sajah,0.7319
ig : d4haas.👾,￴ ￴ ￴  ￴ ￴ ￴ ￴ ￴,0.7212
ig : d4haas.👾,￴￴,0.6749
ig : d4haas.👾,𝑱𝒖𝒍𝒊𝒂𝒏𝒏𝒏,0.6737
ig : d4haas.👾,𝕳𝕬𝕴𝕶𝕬𝕷 𝖁1,0.6597
ig : d4haas.👾,𝘿𝙚𝙣,0.709
ig : d4haas.👾,𝙋𝙍𝙄𝙉𝘾𝙀 15,0.6878
ig : d4haas.👾,𝙡𝙚𝙣𝙜,0.7834
ig : d4haas.👾,𝙧𝙖𝙙𝙚𝙣𝙣𝙠𝙪𝙘𝙞𝙩𝙩🌊,0.683
ig : d4haas.👾,🏴󠁧󠁢󠁥󠁮󠁧󠁿🏴󠁧󠁢󠁥󠁮󠁧󠁿,0.6645
ig : d4haas.👾,🐣,0.765
ig : d4haas.👾,💋,0.7287
ig : d4haas.👾,💩.,0.6683
ig : d4haas.👾,🕊,0.8384
ig : pyossdanssrorr,maulll suka suka,0.6565
ig : pyossdanssrorr,raihan,0.6858
ig :_17rrif★,jok,0.7926
ig :_17rrif★,jun santuy,0.7172
ig :_17rrif★,m. rizqi_,0.6564
ig :_17rrif★,mbuhsapa🤥,1.0
ig :_17rrif★,momon,0.6757
ig :_17rrif★,muhamad rian,0.6513
ig :_17rrif★,na.,0.6973
ig :_17rrif★,naufabyktsr,0.6586
ig :_17rrif★,nick!!!,0.7327
ig :_17rrif★,ranji💤,0.8767
ig :_17rrif★,reval soso,0.7946
ig :_17rrif★,rio,0.6696
ig :_17rrif★,rizzstecu✌️,0.6636
ig :_17rrif★,say,0.6704
ig :_17rrif★,sayaangaenii❤️‍🔥,0.6515
ig :_17rrif★,sestu,0.7926
ig :_17rrif★,sopo》,0.7562
ig :_17rrif★,syakila pbg,0.7926
ig :_17rrif★,username12375,0.6595
ig :_17rrif★,wong gringsing,0.7926
ig :_17rrif★,xlx🇮🇲,0.742
ig :_17rrif★,zrill💥,0.7236
ig :_17rrif★,~~boyszzarddd~~ardboysss🇦🇱🪩,0.6586
ig :_17rrif★,👻,0.8364
ig | im_alzz,inisial.b,0.703
ig | im_alzz,kang bahar,0.7345
ig | im_alzz,keee keee,0.6709
ig | im_alzz,kelzy24,0.7118
ig | im_alzz,kin_💫,0.6947
ig | im_alzz,l4ngz_strong,0.6511
ig | im_alzz,mama alzak,0.8225
ig | im_alzz,mas_dawet,0.6973
ig | im_alzz,mawarr,0.7364
ig | im_alzz,nur fadil,0.6661
ig | im_alzz,padil,0.6711
ig | im_alzz,patirrrv2🖤,0.7252
ig | im_alzz,patrick bateman,0.7491
ig | im_alzz,pecey yeye,0.6511
ig | im_alzz,pip2nd🧿,0.6988
ig | im_alzz,praditailhm_,0.7195
ig | im_alzz,princess 💅,0.7652
ig | im_alzz,rafyy😹,0.656
ig | im_alzz,regialparij,0.6858
ig | im_alzz,rempeyek_500🌊,0.6597
ig | im_alzz,rfky,0.6678
ig | im_alzz,rijakipp,0.6511
ig | im_alzz,rstu💤,0.6532
ig | im_alzz,rzl,0.7592
ig | im_alzz,samshl_22,0.8066
ig | im_alzz,sara ariska,0.703
ig | im_alzz,si kucing,0.7406
ig | im_alzz,sn0w,0.6866
ig | im_alzz,sri wahyuningsih,0.7327
ig | im_alzz,syaf__👾👾,0.7174
ig | im_alzz,the last good man,0.6653
ig | im_alzz,uuppio,0.718
ig | im_alzz,viann,0.7174
ig | im_alzz,yogszz⚡,0.7152
ig | im_alzz,yyy,0.7776
ig | im_alzz,zazamm,0.6777
ig | im_alzz,ᴘɪᴋᴀғʀɪᴇᴅᴄʜɪᴄᴋᴇɴ,0.6572
ig | im_alzz,★,0.6566
ig | im_alzz,𝖇𝖎𝖎𝖑𝖆,0.6915
ig: ?,inyong,1.0
ig: ?,jesiccaaa,0.8319
ig: ?,jun santuy,0.6547
ig: ?,"kaa,a",0.749
ig: ?,kaji,0.6995
ig: ?,keee keee,0.6854
ig: ?,kiking,0.7949
ig: ?,kruxill🎃,0.6652
ig: ?,lah iya,0.7895
ig: ?,lele_byakar@gmail.comm,0.7208
ig: ?,m. rizqi_,0.6641
ig: ?,mawar hitam 🌹🗡️,0.7068
ig: ?,mka. kka,0.669
ig: ?,mnopqrst,0.653
ig: ?,muhamad rian,0.6573
ig: ?,mykids,0.6649
ig: ?,naufabyktsr,0.6654
ig: ?,nobody,0.658
ig: ?,n⭐👽,0.6508
ig: ?,p4tooookkkk,0.6946
ig: ?,pak haji,0.7618
ig: ?,pip2nd🧿,0.6675
ig: ?,qila012,0.6563
ig: ?,r4ndsyh,0.6881
ig: ?,raa 👧🏻,0.6584
ig: ?,rahmat kartolo,0.7059
ig: ?,reendstore,0.6503
ig: ?,rizzstecu✌️,0.8625
ig: ?,rzl,0.6797
ig: ?,sapa bae,0.6836
ig: ?,satria 🙌,0.6799
ig: ?,sayaangaenii❤️‍🔥,0.6656
ig: ?,scc winoww,0.6778
ig: ?,scc.,0.7346
ig: ?,secccfldsuuu21,0.7184
ig: ?,septiana,0.6662
ig: ?,tinnyee,0.8103
ig: ?,username12375,0.7836
ig: ?,uuppio,0.6752
ig: ?,xlx🇮🇲,0.655
ig: ?,yaraaayaaaa,0.7438
ig: ?,yogaaa21,0.7349
ig: ?,zaka.ya,0.7069
ig: ?,zazamm,0.7399
ig: ?,ziee_1901,0.659
ig: ?,~~boyszzarddd~~ardboysss🇦🇱🪩,0.6654
ig: ?,تسلق,0.7169
ig: ?,ಠ_ರೃ,0.6737
ig: ?,▪️,0.6543
ig: ?,☝️👌👌cc,0.6511
ig: ?,♥,0.8292
ig: ?,𓏵,0.652
ig: ?,𝑱𝒖𝒍𝒊𝒂𝒏𝒏𝒏,0.6655
ig: ?,𝓝𝓪𝔂𝓵𝓪_𝓓.𝓐,0.9384
ig: ?,𝕳𝕬𝕴𝕶𝕬𝕷 𝖁1,0.7344
ig: ?,𝘿𝙚𝙣,0.7858
ig: ?,🏴󠁧󠁢󠁥󠁮󠁧󠁿🏴󠁧󠁢󠁥󠁮󠁧󠁿,0.7231
ig: ?,🐦,0.7642
ig: ?,🧋,0.6861
ig: nan_sgaa,ininaufal,0.7081
ig: nan_sgaa,jesiccaaa,0.6599
ig: nan_sgaa,kkpann!,0.6654
ig: nan_sgaa,m6uladi.,0.6563
ig: nan_sgaa,mynnn,0.6511
ig: nan_sgaa,pangeran k,0.6543
ig: nan_sgaa,pip2nd🧿,0.6646
ig: nan_sgaa,railfans ngapak🅥,0.6885
ig: nan_sgaa,rezz_brew,0.6873
ig: nan_sgaa,sabiantiwulariata,0.6754
ig: nan_sgaa,selialls,0.6969
ig: nan_sgaa,taxi barang purwokerto,0.6907
ig: nan_sgaa,zain,0.7092
ig: nan_sgaa,ziee_1901,0.6772
ig: nan_sgaa,𝘿𝙚𝙣,0.6552
ig: ryaaa.06_,iin,0.7056
ig: ryaaa.06_,indomaret 24 jam,0.946
ig: ryaaa.06_,kd urng ya,0.7056
ig: ryaaa.06_,kembali datang,0.6839
ig: ryaaa.06_,kenzo.s.m.z,0.7528
ig: ryaaa.06_,nanangmungils1,0.7056
ig: ryaaa.06_,nipzzz,0.6967
ig: ryaaa.06_,ovl,1.0
ig: ryaaa.06_,panzskbd,0.7056
ig: ryaaa.06_,rezx2nd,0.7528
ig: ryaaa.06_,riff,0.7528
ig: ryaaa.06_,scorpio🦂,0.7528
ig: ryaaa.06_,tri yulianti,0.7056
ig: ryaaa.06_,⠀ ⠀ ⠀ ⠀ ⠀᠌,0.7056
ig:4ufa_l,inieidan,0.7052
ig:4ufa_l,javrr⚡,0.6748
ig:4ufa_l,jdr,0.6864
ig:4ufa_l,jesiccaaa,0.6588
ig:4ufa_l,joviinantaaaa,0.6512
ig:4ufa_l,kang bahar,0.6663
ig:4ufa_l,kii,0.6612
ig:4ufa_l,kin_💫,0.7377
ig:4ufa_l,kuwi4526,0.6612
ig:4ufa_l,lah iya,0.6614
ig:4ufa_l,lah?kenapa?,0.6937
ig:4ufa_l,lele_byakar@gmail.comm,0.705
ig:4ufa_l,mawar hitam 🌹🗡️,0.6523
ig:4ufa_l,mommy bibiel,0.6678
ig:4ufa_l,muhammadchilung,0.6845
ig:4ufa_l,mykids,0.6856
ig:4ufa_l,naa_,0.6676
ig:4ufa_l,nadhiff👾,0.6578
ig:4ufa_l,narzz🌊🌊,0.6708
ig:4ufa_l,ndre4you,0.6719
ig:4ufa_l,nobody,0.7093
ig:4ufa_l,nuuuu,0.6767
ig:4ufa_l,ol²²oy,0.6759
ig:4ufa_l,oz_,0.6602
ig:4ufa_l,p4tooookkkk,0.673
ig:4ufa_l,pak haji,0.6924
ig:4ufa_l,pak haji sara,0.6508
ig:4ufa_l,pisangambon,0.6726
ig:4ufa_l,piscesmod,0.6934
ig:4ufa_l,praditailhm_,0.669
ig:4ufa_l,princess 💅,0.6515
ig:4ufa_l,put,0.6575
ig:4ufa_l,qila012,0.6952
ig:4ufa_l,raffiii162,0.6751
ig:4ufa_l,rℹ️k🅾️🅾️🅾️,0.7167
ig:4ufa_l,safi,0.7102
ig:4ufa_l,sara ariska,0.6782
ig:4ufa_l,satria 🙌,0.6926
ig:4ufa_l,scc winoww,0.736
ig:4ufa_l,scc.,0.7079
ig:4ufa_l,secccfldsuuu21,0.6648
ig:4ufa_l,sendiiisen©📍,0.6631
ig:4ufa_l,stecu💤,0.7761
ig:4ufa_l,syaf__👾👾,0.7172
ig:4ufa_l,tam,0.6724
ig:4ufa_l,taxi barang purwokerto,0.7277
ig:4ufa_l,theeryoou,0.6728
ig:4ufa_l,tofik.putra17,0.6799
ig:4ufa_l,user7098643456,0.7081
ig:4ufa_l,userr4532552,0.6867
ig:4ufa_l,va 17hd,0.7075
ig:4ufa_l,van pablo,0.7931
ig:4ufa_l,vanooo,0.7075
ig:4ufa_l,varkon🚀🚀,0.6549
ig:4ufa_l,viann,0.663
ig:4ufa_l,ws🪩,0.672
ig:4ufa_l,yesakiw,0.6665
ig:4ufa_l,yyy,0.6778
ig:4ufa_l,zaka.ya,0.6553
ig:4ufa_l,zazamm,0.7188
ig:4ufa_l,zeniperr,0.7035
ig:4ufa_l,àlwàysdip,0.7411
ig:4ufa_l,ɴᴀᴛ,0.6772
ig:4ufa_l,˚ ༘ 🦕𖦹⋆｡˚,0.6817
ig:4ufa_l,™.yunz ★ 447.¥,0.6741
ig:4ufa_l,⋇⋆✦chelsea ♛┈⛧♡,0.6628
ig:4ufa_l,☝️👌👌cc,0.6578
ig:4ufa_l,⛓️,0.6587
ig:4ufa_l,✌️,0.6702
ig:4ufa_l,マᥱž𝚊,0.7244
ig:4ufa_l,윙고🇲🇨🇰🇷,0.7447
ig:4ufa_l,️dika_sajah,0.6792
ig:4ufa_l,￴ ￴ ￴  ￴ ￴ ￴ ￴ ￴,0.7324
ig:4ufa_l,￴￴,0.6955
ig:4ufa_l,𝐫𝐢𝐝𝐨𝐨🕊️,0.6917
ig:4ufa_l,𝕳𝕬𝕴𝕶𝕬𝕷 𝖁1,0.6634
ig:4ufa_l,𝘼𝙇𝙃𝘼𝙆𝙄𝙈𝙕,0.6698
ig:4ufa_l,𝘿𝙚𝙣,0.6714
ig:4ufa_l,𝙋𝙍𝙄𝙉𝘾𝙀 15,0.7012
ig:4ufa_l,𝙡𝙚𝙣𝙜,0.7074
ig:4ufa_l,𝙾𝚛𝚢𝚣𝚊 𝚂𝚊𝚝𝚒𝚟𝚊 🌾,0.6555
ig:4ufa_l,🐣,0.7361
ig:4ufa_l,💋,0.6825
ig:4ufa_l,💩.,0.6776
ig:4ufa_l,🕊,0.7263
ig:amrizalss,kangkasur,0.7999
ig:amrizalss,ndra_may,0.6676
ig:amrizalss,nurul hidayanti 🐗,0.7983
ig:amrizalss,otong,0.8301
ig:amrizalss,ssuuu,0.6584
ig:amrizalss,🎀sheila||suka ngonten🎀,0.6547
igoyyy,inee lawang,0.7096
igoyyy,kevin,0.6635
igoyyy,rimzsukaessedoublechange🤤,0.6524
iin,indomaret 24 jam,0.6716
iin,ini punya aku 🤪,0.6704
iin,juprianto anto,0.8055
iin,kd urng ya,1.0
iin,kembali datang,0.7337
iin,kenzo.s.m.z,0.8452
iin,lakmen,0.6693
iin,lianaa,0.6525
iin,luthfyyy,0.8055
iin,mahendri,0.7803
iin,mas_drun,0.8055
iin,n4uf@l 4j4,0.862
iin,nanangmungils1,1.0
iin,nipzzz,0.8229
iin,ovl,0.7056
iin,p4n_🤷‍♂️🤷‍♂️,0.7231
iin,pangeran kodok,0.6549
iin,panzskbd,1.0
iin,pasarrumah.id,0.6918
iin,pikaars?,0.654
iin,r 4 5 ya,0.696
iin,rezx2nd,0.8452
iin,riff,0.8452
iin,risky⛔️🆘️,0.7074
iin,sannzxkce,0.6825
iin,scorpio🦂,0.8452
iin,seli🌸,0.6656
iin,sinfloww,0.8055
iin,tokoserbada12,0.7623
iin,tri yulianti,1.0
iin,vann 🌳,0.6713
iin,veri ramandani18,0.8055
iin,wawud,0.6503
iin,wien,0.6656
iin,ye,0.8283
iin,yuliazaa,0.6588
iin,zaza,0.6641
iin,น้ำอุ่น กัญญาภัทร เต๊กอ๋อต้ง,0.6588
iin,⚽,0.6656
iin,⠀ ⠀ ⠀ ⠀ ⠀᠌,1.0
iin,レザ,0.6953
iin,𝕱_v2,0.6794
iin,🌵dnd's_mom🌵,0.7373
iin,🐚🫧🪩,0.6505
iin,🕸,0.675
iis dukha,inisial.b,0.6576
iis dukha,itsmeee.05,0.6523
iis dukha,javrr⚡,0.6705
iis dukha,kang bahar,0.7557
iis dukha,kian santang,0.6915
iis dukha,kruxill🎃,0.6877
iis dukha,l4nkk,0.6643
iis dukha,lele_byakar@gmail.comm,0.6652
iis dukha,mas_dawet,0.6567
iis dukha,mawar hitam 🌹🗡️,0.6615
iis dukha,ol²²oy,0.6774
iis dukha,oz_,0.691
iis dukha,padil,0.6897
iis dukha,pisangambon,0.6629
iis dukha,praditailhm_,0.7058
iis dukha,qila012,0.6926
iis dukha,rempeyek_500🌊,0.653
iis dukha,rfky,0.6558
iis dukha,s u m m e r .,0.6969
iis dukha,safi,0.6529
iis dukha,si kucing,0.7016
iis dukha,tinnyee,0.654
iis dukha,tofik.putra17,0.6556
iis dukha,upin🐼,0.7082
iis dukha,user1233833380586,0.6622
iis dukha,va 17hd,0.7343
iis dukha,viann,0.7364
iis dukha,yanuar,0.7553
iis dukha,yhahaha,0.7321
iis dukha,yyy,0.7172
iis dukha,y💥💯                😛,0.6571
iis dukha,zazamm,0.7193
iis dukha,zppcx,0.6883
iis dukha,˚ ༘ 🦕𖦹⋆｡˚,0.672
iis dukha,⋇⋆✦chelsea ♛┈⛧♡,0.6571
iis dukha,☝️👌👌cc,0.6588
iis dukha,✌️,0.6586
iis dukha,𝙡𝙚𝙣𝙜,0.6602
iis dukha,🕊,0.6701
ikhsan hair,im.p4yeng!!,0.741
ikhsan hair,inieidan,0.6508
ikhsan hair,ivx.ixxi_vii~,0.7266
ikhsan hair,jagoan orangtua,0.658
ikhsan hair,javrr⚡,0.8009
ikhsan hair,kang bahar,0.6807
ikhsan hair,kelzy24,0.7278
ikhsan hair,kin_💫,0.674
ikhsan hair,kruxill🎃,0.7055
ikhsan hair,kuwi4526,0.6756
ikhsan hair,lah iya,0.6855
ikhsan hair,lah?kenapa?,0.77
ikhsan hair,lele_byakar@gmail.comm,0.7474
ikhsan hair,lihgal18,0.6751
ikhsan hair,masrianto manalu,0.7969
ikhsan hair,mawar hitam 🌹🗡️,0.7433
ikhsan hair,mawarr,0.6659
ikhsan hair,mbahnya nafisha dan sava,0.6617
ikhsan hair,mengomentari postingan anda,0.6838
ikhsan hair,mhrullam,0.6638
ikhsan hair,mommy bibiel,0.6791
ikhsan hair,muhammadchilung,0.6698
ikhsan hair,nadhiff👾,0.6814
ikhsan hair,ndre4you,0.6995
ikhsan hair,nino,0.7129
ikhsan hair,nnaann🔫,0.6939
ikhsan hair,nobody,0.7148
ikhsan hair,nur fadil,0.7049
ikhsan hair,nuuuu,0.6761
ikhsan hair,ol²²oy,0.7174
ikhsan hair,pisangambon,0.6831
ikhsan hair,piscesmod,0.7208
ikhsan hair,praditailhm_,0.7001
ikhsan hair,put,0.7124
ikhsan hair,qila012,0.7021
ikhsan hair,rafyy😹,0.6752
ikhsan hair,rahmanpru,0.8996
ikhsan hair,rℹ️k🅾️🅾️🅾️,0.764
ikhsan hair,safi,0.6724
ikhsan hair,sara ariska,0.6575
ikhsan hair,satria 🙌,0.7234
ikhsan hair,satyaa ✦,0.6844
ikhsan hair,scc winoww,0.7038
ikhsan hair,secccfldsuuu21,0.6955
ikhsan hair,sendiiisen©📍,0.7085
ikhsan hair,set? iy syng,0.6744
ikhsan hair,si kucing,0.6935
ikhsan hair,sopo》,0.6712
ikhsan hair,stecu💤,0.7104
ikhsan hair,syaf__👾👾,0.729
ikhsan hair,talasku99,0.7569
ikhsan hair,tam,0.6565
ikhsan hair,taxi barang purwokerto,0.656
ikhsan hair,teteh_jawa,0.7332
ikhsan hair,the last good man,0.7022
ikhsan hair,theeryoou,0.6535
ikhsan hair,tinnyee,0.6576
ikhsan hair,tofik.putra17,0.7057
ikhsan hair,u,0.6845
ikhsan hair,upin🐼,0.7888
ikhsan hair,user13463#457344,0.6676
ikhsan hair,user7098643456,0.6644
ikhsan hair,varkon🚀🚀,0.8094
ikhsan hair,viann,0.6768
ikhsan hair,vittss..,0.6839
ikhsan hair,wong elek,0.6635
ikhsan hair,ws🪩,0.6786
ikhsan hair,wtf.prilz,0.7658
ikhsan hair,wzrd,0.7751
ikhsan hair,yogaaa21,0.6747
ikhsan hair,yyy,0.671
ikhsan hair,zaall,0.7287
ikhsan hair,zain,0.6805
ikhsan hair,zaka.ya,0.7226
ikhsan hair,zannn,0.6627
ikhsan hair,zazamm,0.6797
ikhsan hair,zeniperr,0.6819
ikhsan hair,zppcx,0.7265
ikhsan hair,zrill🇦🇱🇦🇱,0.6571
ikhsan hair,®️e💤🅰️ sur,0.7004
ikhsan hair,àlwàysdip,0.6808
ikhsan hair,ɴᴀᴛ,0.7572
ikhsan hair,˚ ༘ 🦕𖦹⋆｡˚,0.7106
ikhsan hair,ᴘɪᴋᴀғʀɪᴇᴅᴄʜɪᴄᴋᴇɴ,0.657
ikhsan hair,★,0.6761
ikhsan hair,☝️👌👌cc,0.7224
ikhsan hair,マᥱž𝚊,0.6707
ikhsan hair,윙고🇲🇨🇰🇷,0.651
ikhsan hair,️dika_sajah,0.7194
ikhsan hair,￴ ￴ ￴  ￴ ￴ ￴ ￴ ￴,0.7139
ikhsan hair,￴￴,0.6843
ikhsan hair,𝕳𝕬𝕴𝕶𝕬𝕷 𝖁1,0.6859
ikhsan hair,𝙋𝙍𝙄𝙉𝘾𝙀 15,0.6811
ikhsan hair,𝙡𝙚𝙣𝙜,0.7166
ikhsan hair,💋,0.6886
ikhsan hair,💩.,0.6924
ikhsan hair,🕊,0.7663
im'in,irfan k.,0.6651
im'in,mohammadriski077,0.6532
im'in,p,0.6625
im'in,pangeran kodok,0.653
im'in,penjahat mu,0.6611
im'in,putra barepjr,0.6554
im'in,rafyy😹,0.6517
im'in,sannzxkce,0.6728
im'in,sari 86,0.6839
im'in,zaza,0.664
im'in,⛓️,0.6853
im'in,𝕱_v2,0.6544
im'in,💥,0.6967
im.p4yeng!!,ininaufal,0.6622
im.p4yeng!!,jagoan orangtua,0.6597
im.p4yeng!!,javrr⚡,0.7127
im.p4yeng!!,jepri night🦸,0.6831
im.p4yeng!!,jncktell,0.6564
im.p4yeng!!,juvvv,0.6681
im.p4yeng!!,kelzy24,0.7401
im.p4yeng!!,kevin,0.6525
im.p4yeng!!,"kicau mania""😷✌",0.7423
im.p4yeng!!,kii,0.7152
im.p4yeng!!,kin_💫,0.7319
im.p4yeng!!,kkpann!,0.651
im.p4yeng!!,kojek,0.6647
im.p4yeng!!,kruxill🎃,0.6977
im.p4yeng!!,lah iya,0.7204
im.p4yeng!!,lah?kenapa?,0.8147
im.p4yeng!!,lele_byakar@gmail.comm,0.6849
im.p4yeng!!,losemyself,0.6614
im.p4yeng!!,mas_dawet,0.6562
im.p4yeng!!,mawar hitam 🌹🗡️,0.7
im.p4yeng!!,mengomentari postingan anda,0.6709
im.p4yeng!!,mhrullam,0.6938
im.p4yeng!!,mka. kka,0.6903
im.p4yeng!!,mommy bibiel,0.7003
im.p4yeng!!,muhammadchilung,0.7636
im.p4yeng!!,mvinta,0.6621
im.p4yeng!!,nino,0.6718
im.p4yeng!!,nnaann🔫,0.7084
im.p4yeng!!,nobody,0.7414
im.p4yeng!!,nuuuu,0.7503
im.p4yeng!!,nuuuuu,0.6834
im.p4yeng!!,opetporeperr,0.6845
im.p4yeng!!,pangeran k,0.7017
im.p4yeng!!,patrick bateman,0.6533
im.p4yeng!!,pip2nd🧿,0.7198
im.p4yeng!!,pisangambon,0.687
im.p4yeng!!,piscesmod,0.7511
im.p4yeng!!,put,0.7348
im.p4yeng!!,qila012,0.6693
im.p4yeng!!,r,0.6653
im.p4yeng!!,raffiii162,0.6561
im.p4yeng!!,rahmanpru,0.6576
im.p4yeng!!,regialparij,0.6565
im.p4yeng!!,rempeyek_500🌊,0.683
im.p4yeng!!,rfky,0.7163
im.p4yeng!!,rivann.ahah,0.6829
im.p4yeng!!,ryy_,0.7144
im.p4yeng!!,rℹ️k🅾️🅾️🅾️,0.7362
im.p4yeng!!,safi,0.662
im.p4yeng!!,satria 🙌,0.7377
im.p4yeng!!,satyaa ✦,0.7093
im.p4yeng!!,sazz,0.696
im.p4yeng!!,secccfldsuuu21,0.8114
im.p4yeng!!,sendiiisen©📍,0.6638
im.p4yeng!!,set? iy syng,0.7356
im.p4yeng!!,si kucing,0.7177
im.p4yeng!!,sn0w,0.7101
im.p4yeng!!,sopo》,0.6706
im.p4yeng!!,stecu💤,0.7608
im.p4yeng!!,syaf__👾👾,0.7307
im.p4yeng!!,talasku99,0.7345
im.p4yeng!!,tam,0.6952
im.p4yeng!!,taxi barang purwokerto,0.7007
im.p4yeng!!,teteh_jawa,0.7663
im.p4yeng!!,the last good man,0.7442
im.p4yeng!!,theeryoou,0.6698
im.p4yeng!!,tofik.putra17,0.6893
im.p4yeng!!,upin🐼,0.6884
im.p4yeng!!,user7098643456,0.7471
im.p4yeng!!,vinss,0.7432
im.p4yeng!!,vittss..,0.7181
im.p4yeng!!,vnn$fomo,0.719
im.p4yeng!!,wongwonganmumet,0.7118
im.p4yeng!!,ws🪩,0.7132
im.p4yeng!!,wzrd,0.6745
im.p4yeng!!,yogaaa21,0.6523
im.p4yeng!!,yyy,0.665
im.p4yeng!!,y💥💯                😛,0.6564
im.p4yeng!!,z4kk🇦🇱🇦🇱,0.7714
im.p4yeng!!,zaall,0.7557
im.p4yeng!!,zain,0.7967
im.p4yeng!!,zaka.ya,0.6505
im.p4yeng!!,zannn,0.6939
im.p4yeng!!,zeniperr,0.6923
im.p4yeng!!,ziie34,0.6549
im.p4yeng!!,zppcx,0.6956
im.p4yeng!!,zrill💥,0.6597
im.p4yeng!!,àlwàysdip,0.7174
im.p4yeng!!,ɴᴀᴛ,0.7611
im.p4yeng!!,˚ ༘ 🦕𖦹⋆｡˚,0.7047
im.p4yeng!!,فەیزال,0.6717
im.p4yeng!!,ᴘɪᴋᴀғʀɪᴇᴅᴄʜɪᴄᴋᴇɴ,0.6937
im.p4yeng!!,™.yunz ★ 447.¥,0.6913
im.p4yeng!!,★,0.6659
im.p4yeng!!,☝️👌👌cc,0.6638
im.p4yeng!!,✧saged🌊,0.6521
im.p4yeng!!,꧁epep꧂,0.7054
im.p4yeng!!,윙고🇲🇨🇰🇷,0.6512
im.p4yeng!!,️dika_sajah,0.728
im.p4yeng!!,￴ ￴ ￴  ￴ ￴ ￴ ￴ ￴,0.6785
im.p4yeng!!,￴￴,0.6555
im.p4yeng!!,𝐫𝐢𝐝𝐨𝐨🕊️,0.6538
im.p4yeng!!,𝕳𝕬𝕴𝕶𝕬𝕷 𝖁1,0.7164
im.p4yeng!!,𝙋𝙍𝙄𝙉𝘾𝙀 15,0.6518
im.p4yeng!!,𝙖𝙩𝙨𝙨,0.6718
im.p4yeng!!,𝙡𝙚𝙣𝙜,0.7198
im.p4yeng!!,𝙧𝙖𝙙𝙚𝙣𝙣𝙠𝙪𝙘𝙞𝙩𝙩🌊,0.6605
im.p4yeng!!,👾,0.6834
im.p4yeng!!,💋,0.7994
im.p4yeng!!,🕊,0.6844
im.p4yeng!!,😡,0.665
indomaret 24 jam,kd urng ya,0.6716
indomaret 24 jam,kenzo.s.m.z,0.7184
indomaret 24 jam,nanangmungils1,0.6716
indomaret 24 jam,nipzzz,0.6912
indomaret 24 jam,ovl,0.946
indomaret 24 jam,panzskbd,0.6716
indomaret 24 jam,rezx2nd,0.7184
indomaret 24 jam,riff,0.7184
indomaret 24 jam,scorpio🦂,0.7184
indomaret 24 jam,tri yulianti,0.6716
indomaret 24 jam,⠀ ⠀ ⠀ ⠀ ⠀᠌,0.6716
ini blue🔵💨,jok,0.6601
ini blue🔵💨,joller🇦🇱,0.6792
ini blue🔵💨,kh,0.6632
ini blue🔵💨,king persija,0.6525
ini blue🔵💨,m. rizqi_,0.6617
ini blue🔵💨,na.,0.8077
ini blue🔵💨,naufabyktsr,0.6813
ini blue🔵💨,noellnr🍒,0.6753
ini blue🔵💨,nyong,0.6792
ini blue🔵💨,p1n,0.7062
ini blue🔵💨,panglima boncoz,0.6925
ini blue🔵💨,parell✈️💤,0.6792
ini blue🔵💨,pikaars?,0.6636
ini blue🔵💨,proo,0.6792
ini blue🔵💨,rass.,0.6792
ini blue🔵💨,rehan.aj,0.6519
ini blue🔵💨,sestu,0.6601
ini blue🔵💨,sucilestaripp_08,0.7121
ini blue🔵💨,syakila pbg,0.6601
ini blue🔵💨,tll,0.6854
ini blue🔵💨,vinza,0.659
ini blue🔵💨,wdyt_,0.6942
ini blue🔵💨,wong gringsing,0.6601
ini blue🔵💨,y🅰️hya?,0.6627
ini blue🔵💨,~~boyszzarddd~~ardboysss🇦🇱🪩,0.6813
ini blue🔵💨,່,0.6792
ini blue🔵💨,❤️💛💚,0.6617
ini blue🔵💨,ꦲꦼꦤ꧀ꦝꦺꦴꦱ꧀,0.7176
ini blue🔵💨,𓏵,0.6628
ini blue🔵💨,𝐀𝐋𝐄𝐗𝐀𝐍𝐃𝐑𝐈𝐀,0.7051
ini blue🔵💨,𝑦𝑦𝑦𝑦,0.6627
ini blue🔵💨,"𝖂𝖍𝖔'𝕾,𝕭𝖗𝖆𝖓රධ",0.7335
ini blue🔵💨,𝗕𝗠𝗞𝗚,0.6792
ini blue🔵💨,𝘁𝗿ē𝗻𝗱à𝗻𝘇𝘅,0.6792
ini blue🔵💨,🌵dnd's_mom🌵,0.6678
ini blue🔵💨,🫧,0.6869
ini punya aku 🤪,iyedd 🪩,0.6588
ini punya aku 🤪,juprianto anto,0.7278
ini punya aku 🤪,kd urng ya,0.6704
ini punya aku 🤪,langzz,0.6777
ini punya aku 🤪,luthfyyy,0.7278
ini punya aku 🤪,mas_drun,0.7278
ini punya aku 🤪,mohammadriski077,0.6646
ini punya aku 🤪,nanangmungils1,0.6704
ini punya aku 🤪,nayzz🚀,0.7305
ini punya aku 🤪,oceanblue,0.6586
ini punya aku 🤪,panzskbd,0.6704
ini punya aku 🤪,r 4 5 ya,0.7006
ini punya aku 🤪,risky⛔️🆘️,0.695
ini punya aku 🤪,seli🌸,0.8813
ini punya aku 🤪,shenaseviana,0.7862
ini punya aku 🤪,sinfloww,0.7278
ini punya aku 🤪,tokoserbada12,0.7335
ini punya aku 🤪,tri yulianti,0.6704
ini punya aku 🤪,vanzzz,0.7963
ini punya aku 🤪,veri ramandani18,0.7278
ini punya aku 🤪,wawud,0.6814
ini punya aku 🤪,wien,0.8813
ini punya aku 🤪,wiwut,0.683
ini punya aku 🤪,⚽,0.8813
ini punya aku 🤪,⠀ ⠀ ⠀ ⠀ ⠀᠌,0.6704
ini punya aku 🤪,レザ,0.6583
ini punya aku 🤪,🕸,0.6909
ini punya aku 🤪,😂,0.7114
ini punya aku 🤪,🥷,0.7451
inieidan,ivx.ixxi_vii~,0.6617
inieidan,jagoan orangtua,0.6881
inieidan,javrr⚡,0.7477
inieidan,jdr,0.7237
inieidan,just friend🙂,0.6782
inieidan,kib3nk_ta,0.7145
inieidan,kin_💫,0.6578
inieidan,kruxill🎃,0.6597
inieidan,l4nkk,0.6907
inieidan,lah?kenapa?,0.6574
inieidan,lele_byakar@gmail.comm,0.6834
inieidan,lihgal18,0.6838
inieidan,mhrullam,0.7253
inieidan,mmmmm,0.7585
inieidan,mommy bibiel,0.7234
inieidan,muhammadchilung,0.7066
inieidan,naa_,0.7323
inieidan,nadhiff👾,0.6956
inieidan,nandaa,0.6882
inieidan,nar setecu🌀💤🌊,0.657
inieidan,narti,0.6654
inieidan,narzz🌊🌊,0.7556
inieidan,neyymar kee jakarta,0.6852
inieidan,nnaann🔫,0.6609
inieidan,nobody,0.6571
inieidan,ol²²oy,0.6537
inieidan,oz_,0.6944
inieidan,p4tooookkkk,0.6903
inieidan,padil,0.6575
inieidan,persiaa,0.662
inieidan,pisangambon,0.753
inieidan,praditailhm_,0.6986
inieidan,put,0.7099
inieidan,qila012,0.7206
inieidan,r,0.7253
inieidan,raf,0.7351
inieidan,raffiii162,0.6629
inieidan,rafyy😹,0.7638
inieidan,rfky,0.6501
inieidan,rℹ️k🅾️🅾️🅾️,0.6942
inieidan,s u m m e r .,0.65
inieidan,sabitulyz,0.6793
inieidan,safi,0.7286
inieidan,satria 🙌,0.6873
inieidan,scc winoww,0.6657
inieidan,sendiiisen©📍,0.7217
inieidan,single era,0.6772
inieidan,srylee,0.6814
inieidan,stecu💤,0.6752
inieidan,syaf__👾👾,0.6811
inieidan,szxnoe,0.7393
inieidan,talasku99,0.7426
inieidan,tam,0.7281
inieidan,tangrajinngaji,0.7072
inieidan,taxi barang purwokerto,0.6734
inieidan,teteh_jawa,0.6684
inieidan,tofik.putra17,0.7294
inieidan,user13463#457344,0.7023
inieidan,user7098643456,0.7149
inieidan,va 17hd,0.689
inieidan,van pablo,0.7145
inieidan,vanooo,0.6855
inieidan,varkon🚀🚀,0.6524
inieidan,viann,0.6849
inieidan,vittss..,0.7606
inieidan,wiindoc,0.6805
inieidan,wo,0.71
inieidan,wong elek,0.6886
inieidan,wongwonganmumet,0.6958
inieidan,ws🪩,0.7702
inieidan,wzrd,0.6973
inieidan,yanuar,0.714
inieidan,yesakiw,0.6694
inieidan,yyy,0.6604
inieidan,zaall,0.65
inieidan,zaka.ya,0.6927
inieidan,zarr★,0.7407
inieidan,zazamm,0.6617
inieidan,zeniperr,0.7128
inieidan,zrill🇦🇱🇦🇱,0.6822
inieidan,ɴᴀᴛ,0.7641
inieidan,˚ ༘ 🦕𖦹⋆｡˚,0.7249
inieidan,فەیزال,0.654
inieidan,™.yunz ★ 447.¥,0.6847
inieidan,⋇⋆✦chelsea ♛┈⛧♡,0.8053
inieidan,★,0.7089
inieidan,⛓️,0.6643
inieidan,✌️,0.6671
inieidan,ザキ・アルディアンシア,0.7132
inieidan,マᥱž𝚊,0.6885
inieidan,윙고🇲🇨🇰🇷,0.81
inieidan,️dika_sajah,0.7481
inieidan,￴ ￴ ￴  ￴ ￴ ￴ ￴ ￴,0.7006
inieidan,￴￴,0.7953
inieidan,𝐫𝐢𝐝𝐨𝐨🕊️,0.7104
inieidan,𝑱𝒖𝒍𝒊𝒂𝒏𝒏𝒏,0.6521
inieidan,𝕶𝖞𝖓𝖟𝖟,0.6825
inieidan,𝘼𝙇𝙃𝘼𝙆𝙄𝙈𝙕,0.7553
inieidan,𝘿𝙚𝙣,0.6896
inieidan,𝙋𝙍𝙄𝙉𝘾𝙀 15,0.7581
inieidan,𝙖𝙩𝙨𝙨,0.6626
inieidan,𝙡𝙚𝙣𝙜,0.7873
inieidan,𝙧𝙖𝙙𝙚𝙣𝙣𝙠𝙪𝙘𝙞𝙩𝙩🌊,0.7217
inieidan,🐣,0.792
inieidan,💩.,0.6849
inieidan,🔴⚪,0.6799
inieidan,🕊,0.7761
ininaufal,jazkyy1233,0.6639
ininaufal,jepri night🦸,0.6764
ininaufal,kiking,0.6609
ininaufal,kkpann!,0.7709
ininaufal,lah iya,0.6627
ininaufal,losemyself,0.8006
ininaufal,masayu,0.681
ininaufal,mazz ar31,0.686
ininaufal,mnopqrst,0.6696
ininaufal,mulyati,0.6592
ininaufal,pangeran k,0.7059
ininaufal,panggil vans✌️,0.657
ininaufal,pdpputragemilang!,0.7556
ininaufal,pip2nd🧿,0.7228
ininaufal,railfans ngapak🅥,0.769
ininaufal,sabiantiwulariata,0.7283
ininaufal,selialls,0.6746
ininaufal,sleep the saunt,0.6642
ininaufal,username12375,0.655
ininaufal,vinss,0.6809
ininaufal,vnn$fomo,0.7417
ininaufal,wdyt_,0.6604
ininaufal,weird zeze🇩🇪,0.7022
ininaufal,xlx🇮🇲,0.6551
ininaufal,zain,0.7571
ininaufal,ziee_1901,0.7997
ininaufal,꧁epep꧂,0.7395
ininaufal,𓏵,0.6758
ininaufal,💋,0.6854
inisial.b,juvvv,0.651
inisial.b,kang bahar,0.721
inisial.b,mama alzak,0.6891
inisial.b,mas_dawet,0.8478
inisial.b,mawarr,0.6624
inisial.b,nuuuu,0.6573
inisial.b,pip2nd🧿,0.6743
inisial.b,praditailhm_,0.6579
inisial.b,raffiii162,0.7302
inisial.b,rafyy😹,0.7171
inisial.b,regialparij,0.744
inisial.b,rfky,0.668
inisial.b,ryy_,0.7614
inisial.b,si kucing,0.7256
inisial.b,sri wahyuningsih,0.6666
inisial.b,vittss..,0.7001
inisial.b,wiindoc,0.6568
inisial.b,yyy,0.7068
inisial.b,y💥💯                😛,0.6668
inisial.b,ᴘɪᴋᴀғʀɪᴇᴅᴄʜɪᴄᴋᴇɴ,0.7253
inisial.b,⋇⋆✦chelsea ♛┈⛧♡,0.6694
inisial.b,★,0.6758
inisial.b,⛓️,0.7202
inyong,jesiccaaa,0.8319
inyong,jun santuy,0.6547
inyong,"kaa,a",0.749
inyong,kaji,0.6995
inyong,keee keee,0.6854
inyong,kiking,0.7949
inyong,kruxill🎃,0.6652
inyong,lah iya,0.7895
inyong,lele_byakar@gmail.comm,0.7208
inyong,m. rizqi_,0.6641
inyong,mawar hitam 🌹🗡️,0.7068
inyong,mka. kka,0.669
inyong,mnopqrst,0.653
inyong,muhamad rian,0.6573
inyong,mykids,0.6649
inyong,naufabyktsr,0.6654
inyong,nobody,0.658
inyong,n⭐👽,0.6508
inyong,p4tooookkkk,0.6946
inyong,pak haji,0.7618
inyong,pip2nd🧿,0.6675
inyong,qila012,0.6563
inyong,r4ndsyh,0.6881
inyong,raa 👧🏻,0.6584
inyong,rahmat kartolo,0.7059
inyong,reendstore,0.6503
inyong,rizzstecu✌️,0.8625
inyong,rzl,0.6797
inyong,sapa bae,0.6836
inyong,satria 🙌,0.6799
inyong,sayaangaenii❤️‍🔥,0.6656
inyong,scc winoww,0.6778
inyong,scc.,0.7346
inyong,secccfldsuuu21,0.7184
inyong,septiana,0.6662
inyong,tinnyee,0.8103
inyong,username12375,0.7836
inyong,uuppio,0.6752
inyong,xlx🇮🇲,0.655
inyong,yaraaayaaaa,0.7438
inyong,yogaaa21,0.7349
inyong,zaka.ya,0.7069
inyong,zazamm,0.7399
inyong,ziee_1901,0.659
inyong,~~boyszzarddd~~ardboysss🇦🇱🪩,0.6654
inyong,تسلق,0.7169
inyong,ಠ_ರೃ,0.6737
inyong,▪️,0.6543
inyong,☝️👌👌cc,0.6511
inyong,♥,0.8292
inyong,𓏵,0.652
inyong,𝑱𝒖𝒍𝒊𝒂𝒏𝒏𝒏,0.6655
inyong,𝓝𝓪𝔂𝓵𝓪_𝓓.𝓐,0.9384
inyong,𝕳𝕬𝕴𝕶𝕬𝕷 𝖁1,0.7344
inyong,𝘿𝙚𝙣,0.7858
inyong,🏴󠁧󠁢󠁥󠁮󠁧󠁿🏴󠁧󠁢󠁥󠁮󠁧󠁿,0.7231
inyong,🐦,0.7642
inyong,🧋,0.6861
iqqq⚡⚡,lah?kenapa?,0.6785
iqqq⚡⚡,nino,0.6918
iqqq⚡⚡,ol²²oy,0.6671
iqqq⚡⚡,om_jabir,0.7229
iqqq⚡⚡,put,0.6547
iqqq⚡⚡,regialparij,0.7443
iqqq⚡⚡,ryy_,0.6915
iqqq⚡⚡,rℹ️k🅾️🅾️🅾️,0.6568
iqqq⚡⚡,tgrysfff,0.6962
iqqq⚡⚡,ufa,0.6952
iqqq⚡⚡,vanooo,0.6655
iqqq⚡⚡,vittss..,0.6648
iqqq⚡⚡,zeniperr,0.6527
iqqq⚡⚡,ɴᴀᴛ,0.6951
iqqq⚡⚡,️dika_sajah,0.6609
iqqq⚡⚡,𝙡𝙚𝙣𝙜,0.6569
irfan k.,iyedd 🪩,0.6892
irfan k.,kembali datang,0.6803
irfan k.,mahendri,0.6732
irfan k.,mohammadriski077,0.695
irfan k.,nayzz🚀,0.6639
irfan k.,sannzxkce,0.7137
irfan k.,𝕱_v2,0.6561
irfan k.,🕸,0.6662
itsmeee.05,nnaann🔫,0.664
itsmeee.05,tika kartika,0.6505
itsmeee.05,u,0.6746
itsmeee.05,ws🪩,0.6603
itsmeee.05,z4kk🇦🇱🇦🇱,0.6568
itsmeee.05,zppcx,0.6524
itsmeee.05,𝕶𝖞𝖓𝖟𝖟,0.6629
itsmeee.05,𝙡𝙚𝙣𝙜,0.6786
ivx.ixxi_vii~,javrr⚡,0.7282
ivx.ixxi_vii~,kib3nk_ta,0.6548
ivx.ixxi_vii~,lah?kenapa?,0.6902
ivx.ixxi_vii~,lele_byakar@gmail.comm,0.6622
ivx.ixxi_vii~,mhrullam,0.6515
ivx.ixxi_vii~,mommy bibiel,0.7256
ivx.ixxi_vii~,nnaann🔫,0.7015
ivx.ixxi_vii~,qila012,0.7322
ivx.ixxi_vii~,rafyy😹,0.6591
ivx.ixxi_vii~,rahmanpru,0.6718
ivx.ixxi_vii~,rℹ️k🅾️🅾️🅾️,0.6801
ivx.ixxi_vii~,safi,0.669
ivx.ixxi_vii~,sendiiisen©📍,0.6894
ivx.ixxi_vii~,set? iy syng,0.6979
ivx.ixxi_vii~,talasku99,0.7444
ivx.ixxi_vii~,tam,0.6586
ivx.ixxi_vii~,teteh_jawa,0.6858
ivx.ixxi_vii~,tgrysfff,0.6672
ivx.ixxi_vii~,tofik.putra17,0.6596
ivx.ixxi_vii~,u,0.6532
ivx.ixxi_vii~,user7098643456,0.6745
ivx.ixxi_vii~,varkon🚀🚀,0.7008
ivx.ixxi_vii~,vittss..,0.6632
ivx.ixxi_vii~,wiindoc,0.6547
ivx.ixxi_vii~,ws🪩,0.6996
ivx.ixxi_vii~,wtf.prilz,0.6933
ivx.ixxi_vii~,˚ ༘ 🦕𖦹⋆｡˚,0.6963
ivx.ixxi_vii~,⋇⋆✦chelsea ♛┈⛧♡,0.6861
ivx.ixxi_vii~,￴ ￴ ￴  ￴ ￴ ￴ ￴ ￴,0.6778
ivx.ixxi_vii~,𝙋𝙍𝙄𝙉𝘾𝙀 15,0.7344
ivx.ixxi_vii~,𝙡𝙚𝙣𝙜,0.709
ivx.ixxi_vii~,🕊,0.7059
iyann noverse ☄️🪐,kall,0.673
iyann noverse ☄️🪐,khaa : akun business 🪐 💵,0.8513
iyann noverse ☄️🪐,kizy🇦🇱,0.7314
iyann noverse ☄️🪐,kmu gpp zaa?,0.8094
iyann noverse ☄️🪐,maa....,0.8156
iyann noverse ☄️🪐,mamaz ap,0.7885
iyann noverse ☄️🪐,maswilll,0.7407
iyann noverse ☄️🪐,maypen🍉,0.6759
iyann noverse ☄️🪐,nafz?yakena😹🤓🤭😋,0.7055
iyann noverse ☄️🪐,namaku atha,0.7379
iyann noverse ☄️🪐,ndaru,0.6805
iyann noverse ☄️🪐,nha_nha88,0.8307
iyann noverse ☄️🪐,r e t z,0.6987
iyann noverse ☄️🪐,rian(rivan fian),0.8118
iyann noverse ☄️🪐,ririss,0.712
iyann noverse ☄️🪐,sandhi686,0.6597
iyann noverse ☄️🪐,se'pull_maxwill,0.7007
iyann noverse ☄️🪐,spilloutfittrendy,0.7963
iyann noverse ☄️🪐,tem - tem★★★,0.7187
iyann noverse ☄️🪐,"wong""plosok",0.7539
iyann noverse ☄️🪐,xy_don🚀,0.823
iyann noverse ☄️🪐,yoo🅰️jahh,0.7254
iyann noverse ☄️🪐,zexx'777,0.8037
iyann noverse ☄️🪐,zouheir.yaz_ze,0.6985
iyann noverse ☄️🪐,zye hehe,0.8257
iyann noverse ☄️🪐,| ig : @aseprmadanni,0.6638
iyann noverse ☄️🪐,ɓøɓ mārlɛƴ!!⛓️,0.6556
iyann noverse ☄️🪐,˚꩜｡⋆˚࿔ 𝔂𝓪𝔂𝓪 𝜗𝜚˚⋆🧸ྀི,0.6826
iyann noverse ☄️🪐,⭐zka,0.7209
iyann noverse ☄️🪐,𝕬𝖟𝖐𝖆 𝖋𝖔𝖗 𝖞𝖔𝖚,0.7737
iyann noverse ☄️🪐,𝘾𝙖𝙡𝙤𝙣 𝙃𝘼𝙅𝙄,0.7151
iyann noverse ☄️🪐,𝙎𝘽𝙎 001_𝙨𝙠𝙖𝙮 𝙮𝙚𝙡𝙤𝙬,0.7504
iyann noverse ☄️🪐,𝙔𝙊𝙂𝙂𝘼𝘼⭐💦,0.6789
iyann noverse ☄️🪐,𝙢𝙖𝙖𝙖𝙖𝙖𝙖𝙨𝙨𝙨𝙠𝙖𝙣𝙣𝙣,0.6554
iyedd 🪩,kharb_02,0.6767
iyedd 🪩,langzz,0.847
iyedd 🪩,mahendri,0.6792
iyedd 🪩,p4n_🤷‍♂️🤷‍♂️,0.6679
iyedd 🪩,r,0.6677
iyedd 🪩,risky⛔️🆘️,0.7738
iyedd 🪩,sabitulyz,0.6963
iyedd 🪩,tokoserbada12,0.7748
iyedd 🪩,vanzzz,0.6587
iyedd 🪩,wawud,0.8365
iyedd 🪩,wiwut,0.6639
iyedd 🪩,ye,0.6674
iyedd 🪩,🕸,0.7964
iyedd 🪩,😂,0.6953
iyedd 🪩,🥷,0.7164
izz_sjlh🀄,kuwi4526,0.7813
izz_sjlh🀄,n⭐👽,0.7979
izz_sjlh🀄,r4ndsyh,0.6892
izz_sjlh🀄,rezz_brew,0.6644
izz_sjlh🀄,rofikkk !!,0.7473
izz_sjlh🀄,ujangkedu,0.6609
izz_sjlh🀄,àlwàysdip,0.7291
izz_sjlh🀄,𝖗𝖎𝖟𝖝𝖈𝖔🇦🇱,0.6536
izz_sjlh🀄,𝘉𝘐 𝔟𝔢𝔫𝔠𝔦 𝔠𝔦𝔫𝔱𝔞~,0.6821
j4rrz.,r2kyy🐬,0.7155
j4rrz.,ynnnz,0.6731
jagoan orangtua,javrr⚡,0.8428
jagoan orangtua,jdr,0.7316
jagoan orangtua,just friend🙂,0.7557
jagoan orangtua,k  for  kami'el,0.6943
jagoan orangtua,kaji,0.6727
jagoan orangtua,kib3nk_ta,0.7182
jagoan orangtua,kin_💫,0.6599
jagoan orangtua,kojek,0.7129
jagoan orangtua,kruxill🎃,0.7654
jagoan orangtua,l4nkk,0.7313
jagoan orangtua,lah iya,0.6959
jagoan orangtua,lah?kenapa?,0.7156
jagoan orangtua,lele_byakar@gmail.comm,0.7424
jagoan orangtua,lihgal18,0.8001
jagoan orangtua,mawar hitam 🌹🗡️,0.7627
jagoan orangtua,mhrullam,0.8202
jagoan orangtua,mka. kka,0.7038
jagoan orangtua,mmmmm,0.69
jagoan orangtua,mommy bibiel,0.7107
jagoan orangtua,muhammadchilung,0.8511
jagoan orangtua,naa_,0.6729
jagoan orangtua,nadhiff👾,0.826
jagoan orangtua,narti,0.7425
jagoan orangtua,narzz🌊🌊,0.6791
jagoan orangtua,neyymar kee jakarta,0.7113
jagoan orangtua,nnaann🔫,0.7
jagoan orangtua,nobody,0.7636
jagoan orangtua,ol²²oy,0.715
jagoan orangtua,oz_,0.7498
jagoan orangtua,p4tooookkkk,0.7478
jagoan orangtua,pangeran k,0.66
jagoan orangtua,pisangambon,0.6911
jagoan orangtua,praditailhm_,0.7502
jagoan orangtua,put,0.7509
jagoan orangtua,qila012,0.7392
jagoan orangtua,rahmat kartolo,0.7068
jagoan orangtua,rempeyek_500🌊,0.6687
jagoan orangtua,rfky,0.6652
jagoan orangtua,rijakipp,0.6549
jagoan orangtua,rℹ️k🅾️🅾️🅾️,0.7675
jagoan orangtua,s u m m e r .,0.6502
jagoan orangtua,satria 🙌,0.8581
jagoan orangtua,scc winoww,0.7046
jagoan orangtua,scc.,0.6609
jagoan orangtua,secccfldsuuu21,0.6914
jagoan orangtua,sendiiisen©📍,0.8158
jagoan orangtua,si kucing,0.6542
jagoan orangtua,stecu💤,0.653
jagoan orangtua,suyato jowo,0.659
jagoan orangtua,syaf__👾👾,0.7059
jagoan orangtua,tam,0.7688
jagoan orangtua,tangrajinngaji,0.7766
jagoan orangtua,theeryoou,0.8402
jagoan orangtua,tinnyee,0.7129
jagoan orangtua,tofik.putra17,0.8875
jagoan orangtua,user13463#457344,0.8979
jagoan orangtua,user7098643456,0.6854
jagoan orangtua,va 17hd,0.725
jagoan orangtua,van pablo,0.6995
jagoan orangtua,vanooo,0.6674
jagoan orangtua,viann,0.7958
jagoan orangtua,vittss..,0.6892
jagoan orangtua,wo,0.6523
jagoan orangtua,wong elek,0.7142
jagoan orangtua,wongwonganmumet,0.6829
jagoan orangtua,ws🪩,0.8094
jagoan orangtua,wzrd,0.7565
jagoan orangtua,yanuar,0.69
jagoan orangtua,yogaaa21,0.7226
jagoan orangtua,yyy,0.658
jagoan orangtua,y💥💯                😛,0.672
jagoan orangtua,z4kk🇦🇱🇦🇱,0.7728
jagoan orangtua,zaall,0.6878
jagoan orangtua,zaka.ya,0.7385
jagoan orangtua,zazamm,0.6916
jagoan orangtua,zeniperr,0.8465
jagoan orangtua,zrill🇦🇱🇦🇱,0.7922
jagoan orangtua,ɴᴀᴛ,0.6859
jagoan orangtua,˚ ༘ 🦕𖦹⋆｡˚,0.7794
jagoan orangtua,فەیزال,0.8288
jagoan orangtua,เςคภ,0.6673
jagoan orangtua,™.yunz ★ 447.¥,0.6704
jagoan orangtua,⋇⋆✦chelsea ♛┈⛧♡,0.6846
jagoan orangtua,☝️👌👌cc,0.7331
jagoan orangtua,♥,0.6676
jagoan orangtua,ザキ・アルディアンシア,0.6569
jagoan orangtua,윙고🇲🇨🇰🇷,0.694
jagoan orangtua,️dika_sajah,0.7345
jagoan orangtua,￴,0.7396
jagoan orangtua,￴ ￴ ￴  ￴ ￴ ￴ ￴ ￴,0.6658
jagoan orangtua,￴￴,0.7047
jagoan orangtua,𝐫𝐢𝐝𝐨𝐨🕊️,0.6679
jagoan orangtua,𝑱𝒖𝒍𝒊𝒂𝒏𝒏𝒏,0.688
jagoan orangtua,𝕳𝕬𝕴𝕶𝕬𝕷 𝖁1,0.7173
jagoan orangtua,𝕶𝖞𝖓𝖟𝖟,0.7516
jagoan orangtua,𝘿𝙚𝙣,0.7151
jagoan orangtua,𝙋𝙍𝙄𝙉𝘾𝙀 15,0.7455
jagoan orangtua,𝙖𝙩𝙨𝙨,0.6546
jagoan orangtua,𝙡𝙚𝙣𝙜,0.7937
jagoan orangtua,𝙧𝙖𝙙𝙚𝙣𝙣𝙠𝙪𝙘𝙞𝙩𝙩🌊,0.685
jagoan orangtua,🏴󠁧󠁢󠁥󠁮󠁧󠁿🏴󠁧󠁢󠁥󠁮󠁧󠁿,0.6858
jagoan orangtua,🐦,0.6732
jagoan orangtua,💋,0.6887
jagoan orangtua,🔴⚪,0.7152
jagoan orangtua,🕊,0.8235
jairo,opangpar,0.7117
jairo,wongurip,0.7272
jairo,ℒ𝓊𝓬𝓴𝔂,0.7047
jarot bae,kall,0.6598
jarot bae,kizy🇦🇱,0.7085
jarot bae,mamaz ap,0.7551
jarot bae,maswilll,0.6645
jarot bae,maypen🍉,0.695
jarot bae,ndaru,0.6665
jarot bae,nha_nha88,0.6592
jarot bae,puji_kodrat,0.6517
jarot bae,r e t z,0.7156
jarot bae,ramadani🌀,0.6887
jarot bae,saitama.botak6,0.6625
jarot bae,sandhi686,0.6954
jarot bae,se'pull_maxwill,0.6584
jarot bae,tole bf official316,0.662
jarot bae,ultrambuttttt,0.6565
jarot bae,wong kene bae,0.682
jarot bae,zye hehe,0.6558
jarot bae,˚꩜｡⋆˚࿔ 𝔂𝓪𝔂𝓪 𝜗𝜚˚⋆🧸ྀི,0.698
jarot bae,ℒ𝓊𝓬𝓴𝔂,0.6935
jarot bae,⭐zka,0.713
javrr⚡,jdr,0.7242
javrr⚡,jepri night🦸,0.6808
javrr⚡,jesiccaaa,0.7028
javrr⚡,just friend🙂,0.7493
javrr⚡,kaji,0.7288
javrr⚡,kang bahar,0.7959
javrr⚡,kelzy24,0.6998
javrr⚡,kian santang,0.6829
javrr⚡,kib3nk_ta,0.7402
javrr⚡,"kicau mania""😷✌",0.6721
javrr⚡,kin_💫,0.7045
javrr⚡,kojek,0.6916
javrr⚡,kruxill🎃,0.8477
javrr⚡,l4nkk,0.7736
javrr⚡,lah iya,0.7364
javrr⚡,lah?kenapa?,0.7571
javrr⚡,lele_byakar@gmail.comm,0.8523
javrr⚡,lihgal18,0.857
javrr⚡,masayu,0.652
javrr⚡,mawar hitam 🌹🗡️,0.8535
javrr⚡,mawarr,0.7219
javrr⚡,mbahnya nafisha dan sava,0.6964
javrr⚡,mengomentari postingan anda,0.6871
javrr⚡,mhrullam,0.8235
javrr⚡,mka. kka,0.6895
javrr⚡,mmmmm,0.7128
javrr⚡,mommy bibiel,0.7556
javrr⚡,muhammadchilung,0.8362
javrr⚡,mvinta,0.689
javrr⚡,naa_,0.682
javrr⚡,nadhiff👾,0.8671
javrr⚡,nar setecu🌀💤🌊,0.6606
javrr⚡,narti,0.7496
javrr⚡,narzz🌊🌊,0.743
javrr⚡,ndre4you,0.7377
javrr⚡,neyymar kee jakarta,0.7118
javrr⚡,nino,0.6553
javrr⚡,nnaann🔫,0.7523
javrr⚡,nobody,0.787
javrr⚡,nur fadil,0.7234
javrr⚡,ol²²oy,0.8287
javrr⚡,oz_,0.7533
javrr⚡,p4tooookkkk,0.7428
javrr⚡,padil,0.6844
javrr⚡,pak haji,0.6547
javrr⚡,pak haji sara,0.6714
javrr⚡,pangeran k,0.6525
javrr⚡,pisangambon,0.7832
javrr⚡,piscesmod,0.7053
javrr⚡,praditailhm_,0.8354
javrr⚡,princess 💅,0.7078
javrr⚡,put,0.8079
javrr⚡,qila012,0.8341
javrr⚡,raf,0.7011
javrr⚡,rafyy😹,0.6946
javrr⚡,rahmanpru,0.7546
javrr⚡,rahmat kartolo,0.7433
javrr⚡,regialparij,0.6546
javrr⚡,rempeyek_500🌊,0.7076
javrr⚡,rfky,0.6992
javrr⚡,rijakipp,0.6912
javrr⚡,rpk1,0.6624
javrr⚡,rzl,0.6628
javrr⚡,rℹ️k🅾️🅾️🅾️,0.8639
javrr⚡,s u m m e r .,0.663
javrr⚡,safi,0.7379
javrr⚡,sara ariska,0.7066
javrr⚡,satria 🙌,0.8779
javrr⚡,satyaa ✦,0.6971
javrr⚡,scc winoww,0.817
javrr⚡,scc.,0.6985
javrr⚡,secccfldsuuu21,0.7463
javrr⚡,sendiiisen©📍,0.8714
javrr⚡,septiana,0.6657
javrr⚡,set? iy syng,0.6732
javrr⚡,si kucing,0.7498
javrr⚡,sopo》,0.6904
javrr⚡,stecu💤,0.7232
javrr⚡,suyato jowo,0.664
javrr⚡,syaf__👾👾,0.7829
javrr⚡,talasku99,0.7426
javrr⚡,tam,0.783
javrr⚡,tangrajinngaji,0.8371
javrr⚡,taxi barang purwokerto,0.6588
javrr⚡,teteh_jawa,0.7278
javrr⚡,the last good man,0.6904
javrr⚡,theeryoou,0.7598
javrr⚡,tinnyee,0.7788
javrr⚡,tofik.putra17,0.8854
javrr⚡,u,0.6542
javrr⚡,upin🐼,0.7223
javrr⚡,user13463#457344,0.841
javrr⚡,user7098643456,0.7321
javrr⚡,username12375,0.6623
javrr⚡,va 17hd,0.7883
javrr⚡,van pablo,0.7085
javrr⚡,vanooo,0.7305
javrr⚡,varkon🚀🚀,0.6794
javrr⚡,viann,0.8667
javrr⚡,vittss..,0.7791
javrr⚡,wiindoc,0.6927
javrr⚡,wo,0.7029
javrr⚡,wong elek,0.8172
javrr⚡,wongwonganmumet,0.713
javrr⚡,ws🪩,0.8323
javrr⚡,wtf.prilz,0.6647
javrr⚡,wzrd,0.8163
javrr⚡,yanuar,0.7888
javrr⚡,yaraaayaaaa,0.6501
javrr⚡,yesakiw,0.657
javrr⚡,yogaaa21,0.813
javrr⚡,yyy,0.7578
javrr⚡,y💥💯                😛,0.6911
javrr⚡,z4kk🇦🇱🇦🇱,0.7654
javrr⚡,zaall,0.7346
javrr⚡,zain,0.6893
javrr⚡,zaka.ya,0.8461
javrr⚡,zannn,0.6727
javrr⚡,zazamm,0.7779
javrr⚡,zeniperr,0.7675
javrr⚡,zppcx,0.7662
javrr⚡,zrill🇦🇱🇦🇱,0.7903
javrr⚡,zrill💥,0.6697
javrr⚡,ɴᴀᴛ,0.733
javrr⚡,˚ ༘ 🦕𖦹⋆｡˚,0.8337
javrr⚡,فەیزال,0.7856
javrr⚡,ᴘɪᴋᴀғʀɪᴇᴅᴄʜɪᴄᴋᴇɴ,0.6625
javrr⚡,™.yunz ★ 447.¥,0.6724
javrr⚡,⋇⋆✦chelsea ♛┈⛧♡,0.7524
javrr⚡,★,0.7152
javrr⚡,☝️👌👌cc,0.8286
javrr⚡,♥,0.6792
javrr⚡,✌️,0.7252
javrr⚡,✧saged🌊,0.6585
javrr⚡,ザキ・アルディアンシア,0.692
javrr⚡,マᥱž𝚊,0.709
javrr⚡,윙고🇲🇨🇰🇷,0.739
javrr⚡,️dika_sajah,0.7873
javrr⚡,￴,0.7351
javrr⚡,￴ ￴ ￴  ￴ ￴ ￴ ￴ ￴,0.7394
javrr⚡,￴￴,0.7581
javrr⚡,𝐫𝐢𝐝𝐨𝐨🕊️,0.6939
javrr⚡,𝑱𝒖𝒍𝒊𝒂𝒏𝒏𝒏,0.7595
javrr⚡,𝕳𝕬𝕴𝕶𝕬𝕷 𝖁1,0.7707
javrr⚡,𝕶𝖞𝖓𝖟𝖟,0.7635
javrr⚡,𝘼𝙇𝙃𝘼𝙆𝙄𝙈𝙕,0.7052
javrr⚡,𝘿𝙚𝙣,0.7758
javrr⚡,𝙋𝙍𝙄𝙉𝘾𝙀 15,0.8029
javrr⚡,𝙖𝙩𝙨𝙨,0.6879
javrr⚡,𝙡𝙚𝙣𝙜,0.8791
javrr⚡,𝙧𝙖𝙙𝙚𝙣𝙣𝙠𝙪𝙘𝙞𝙩𝙩🌊,0.6971
javrr⚡,𝙾𝚛𝚢𝚣𝚊 𝚂𝚊𝚝𝚒𝚟𝚊 🌾,0.653
javrr⚡,🏴󠁧󠁢󠁥󠁮󠁧󠁿🏴󠁧󠁢󠁥󠁮󠁧󠁿,0.7712
javrr⚡,🐣,0.6852
javrr⚡,🐦,0.7097
javrr⚡,💋,0.7229
javrr⚡,💩.,0.6759
javrr⚡,🔴⚪,0.7434
javrr⚡,🕊,0.9476
jazkyy1233,kitekle_,0.6988
jazkyy1233,lekngasu,0.8353
jazkyy1233,luhur budi permana,0.7329
jazkyy1233,mnopqrst,0.8289
jazkyy1233,mulyati,0.7589
jazkyy1233,n⭐👽,0.6922
jazkyy1233,panggil vans✌️,0.6558
jazkyy1233,pdpputragemilang!,0.6574
jazkyy1233,r4ndsyh,0.6771
jazkyy1233,railfans ngapak🅥,0.6563
jazkyy1233,rara,0.8429
jazkyy1233,rndra,0.7044
jazkyy1233,rpk1,0.6561
jazkyy1233,selialls,0.7678
jazkyy1233,vinss,0.6653
jazkyy1233,wdyt_,0.6941
jazkyy1233,weird zeze🇩🇪,0.731
jazkyy1233,àlwàysdip,0.659
jazkyy1233,꧁epep꧂,0.6632
jazkyy1233,𓏵,0.7623
jazkyy1233,𝘿𝙚𝙣,0.6839
jazkyy1233,🐦,0.6827
jdr,jepri night🦸,0.6586
jdr,jesiccaaa,0.6551
jdr,just friend🙂,0.693
jdr,kaji,0.6993
jdr,kang bahar,0.6703
jdr,kib3nk_ta,0.6653
jdr,kojek,0.686
jdr,kruxill🎃,0.6643
jdr,l4nkk,0.8281
jdr,lah iya,0.663
jdr,lele_byakar@gmail.comm,0.6884
jdr,lihgal18,0.7869
jdr,mawar hitam 🌹🗡️,0.6514
jdr,mhrullam,0.7709
jdr,mmmmm,0.7589
jdr,muhammadchilung,0.7577
jdr,mykids,0.6987
jdr,naa_,0.6584
jdr,nadhiff👾,0.7791
jdr,narti,0.7104
jdr,narzz🌊🌊,0.6903
jdr,neyymar kee jakarta,0.7226
jdr,nobody,0.7166
jdr,ol²²oy,0.6981
jdr,oz_,0.756
jdr,p4tooookkkk,0.7699
jdr,padil,0.6549
jdr,pak haji,0.6553
jdr,pisangambon,0.7167
jdr,praditailhm_,0.7938
jdr,princess 💅,0.6637
jdr,put,0.7028
jdr,qila012,0.7374
jdr,raf,0.6979
jdr,rahmat kartolo,0.759
jdr,rzl,0.6574
jdr,rℹ️k🅾️🅾️🅾️,0.6989
jdr,s u m m e r .,0.6514
jdr,samshl_22,0.6511
jdr,satria 🙌,0.7759
jdr,scc winoww,0.6734
jdr,scc.,0.743
jdr,secccfldsuuu21,0.6733
jdr,sendiiisen©📍,0.7425
jdr,srylee,0.7193
jdr,stecu💤,0.6525
jdr,suyato jowo,0.715
jdr,syaf__👾👾,0.662
jdr,tam,0.7514
jdr,tangrajinngaji,0.7594
jdr,taxi barang purwokerto,0.6578
jdr,tofik.putra17,0.7638
jdr,user13463#457344,0.7141
jdr,user7098643456,0.6565
jdr,va 17hd,0.7411
jdr,van pablo,0.7608
jdr,vanooo,0.7257
jdr,viann,0.8119
jdr,wo,0.7143
jdr,wong elek,0.7062
jdr,ws🪩,0.7203
jdr,wzrd,0.7218
jdr,yanuar,0.6862
jdr,yogaaa21,0.6659
jdr,yyy,0.6786
jdr,zaka.ya,0.7301
jdr,zazamm,0.7636
jdr,zrill🇦🇱🇦🇱,0.7513
jdr,˚ ༘ 🦕𖦹⋆｡˚,0.7122
jdr,فەیزال,0.7083
jdr,เςคภ,0.6548
jdr,⋇⋆✦chelsea ♛┈⛧♡,0.7069
jdr,☝️👌👌cc,0.6971
jdr,✌️,0.6834
jdr,ザキ・アルディアンシア,0.68
jdr,マᥱž𝚊,0.6671
jdr,윙고🇲🇨🇰🇷,0.7165
jdr,️dika_sajah,0.6959
jdr,￴,0.6614
jdr,￴￴,0.7555
jdr,𝐫𝐢𝐝𝐨𝐨🕊️,0.7003
jdr,𝑱𝒖𝒍𝒊𝒂𝒏𝒏𝒏,0.7101
jdr,𝓝𝓪𝔂𝓵𝓪_𝓓.𝓐,0.6627
jdr,𝕳𝕬𝕴𝕶𝕬𝕷 𝖁1,0.6891
jdr,𝕶𝖞𝖓𝖟𝖟,0.6826
jdr,𝘼𝙇𝙃𝘼𝙆𝙄𝙈𝙕,0.779
jdr,𝘿𝙚𝙣,0.7188
jdr,𝙋𝙍𝙄𝙉𝘾𝙀 15,0.7517
jdr,𝙡𝙚𝙣𝙜,0.7302
jdr,🎮,0.7089
jdr,🐦,0.6619
jdr,🔴⚪,0.7372
jdr,🕊,0.7464
jepri night🦸,juvvv,0.7532
jepri night🦸,kevin,0.6557
jepri night🦸,kian santang,0.7507
jepri night🦸,"kicau mania""😷✌",0.696
jepri night🦸,kkpann!,0.8102
jepri night🦸,kojek,0.6771
jepri night🦸,l4nkk,0.6889
jepri night🦸,lah?kenapa?,0.6502
jepri night🦸,leo,0.7778
jepri night🦸,mama alzak,0.6773
jepri night🦸,masayu,0.7888
jepri night🦸,mhrullam,0.6542
jepri night🦸,mmmmm,0.6938
jepri night🦸,muhammadchilung,0.6529
jepri night🦸,mvinta,0.7515
jepri night🦸,naa_,0.6532
jepri night🦸,nar setecu🌀💤🌊,0.7123
jepri night🦸,nnaann🔫,0.72
jepri night🦸,nobody,0.6618
jepri night🦸,oz_,0.6822
jepri night🦸,p4tooookkkk,0.7268
jepri night🦸,padil,0.8079
jepri night🦸,pak haji sara,0.6848
jepri night🦸,pangeran k,0.7127
jepri night🦸,pip2nd🧿,0.805
jepri night🦸,pisangambon,0.7204
jepri night🦸,praditailhm_,0.6779
jepri night🦸,put,0.8354
jepri night🦸,qila012,0.6872
jepri night🦸,rahmat kartolo,0.686
jepri night🦸,railfans ngapak🅥,0.6686
jepri night🦸,regialparij,0.6852
jepri night🦸,rempeyek_500🌊,0.8002
jepri night🦸,rfky,0.7723
jepri night🦸,rijakipp,0.7807
jepri night🦸,rivann.ahah,0.6661
jepri night🦸,rpk1,0.6911
jepri night🦸,sabiantiwulariata,0.6898
jepri night🦸,satria 🙌,0.7034
jepri night🦸,satyaa ✦,0.729
jepri night🦸,selialls,0.6617
jepri night🦸,set? iy syng,0.6867
jepri night🦸,si kucing,0.7869
jepri night🦸,single era,0.6892
jepri night🦸,sleep the saunt,0.7564
jepri night🦸,sn0w,0.69
jepri night🦸,stecu💤,0.7247
jepri night🦸,superman,0.7211
jepri night🦸,tam,0.6757
jepri night🦸,tangrajinngaji,0.6615
jepri night🦸,taxi barang purwokerto,0.6772
jepri night🦸,teteh_jawa,0.6737
jepri night🦸,tofik.putra17,0.6913
jepri night🦸,user1233833380586,0.6797
jepri night🦸,user7098643456,0.7372
jepri night🦸,van pablo,0.6577
jepri night🦸,viann,0.7075
jepri night🦸,vnn$fomo,0.6532
jepri night🦸,wong elek,0.6503
jepri night🦸,wongwonganmumet,0.8092
jepri night🦸,ws🪩,0.6954
jepri night🦸,wzrd,0.7882
jepri night🦸,yyy,0.6783
jepri night🦸,y💥💯                😛,0.8166
jepri night🦸,z4kk🇦🇱🇦🇱,0.7174
jepri night🦸,zaall,0.7151
jepri night🦸,zain,0.7507
jepri night🦸,zaka.ya,0.696
jepri night🦸,zrill🇦🇱🇦🇱,0.7126
jepri night🦸,ɴᴀᴛ,0.6616
jepri night🦸,˚ ༘ 🦕𖦹⋆｡˚,0.6575
jepri night🦸,™.yunz ★ 447.¥,0.6596
jepri night🦸,⋇⋆✦chelsea ♛┈⛧♡,0.7289
jepri night🦸,★,0.7497
jepri night🦸,꧁epep꧂,0.6668
jepri night🦸,윙고🇲🇨🇰🇷,0.665
jepri night🦸,️dika_sajah,0.8455
jepri night🦸,￴,0.7347
jepri night🦸,𝐫𝐢𝐝𝐨𝐨🕊️,0.6615
jepri night🦸,𝕳𝕬𝕴𝕶𝕬𝕷 𝖁1,0.65
jepri night🦸,𝙡𝙚𝙣𝙜,0.69
jepri night🦸,𝙧𝙖𝙙𝙚𝙣𝙣𝙠𝙪𝙘𝙞𝙩𝙩🌊,0.7105
jepri night🦸,💋,0.7668
jepri night🦸,🕊,0.706
jepri night🦸,😡,0.7466
jesiccaaa,"kaa,a",0.7376
jesiccaaa,kaji,0.704
jesiccaaa,kang bahar,0.6543
jesiccaaa,kelzy24,0.6668
jesiccaaa,kiking,0.7289
jesiccaaa,kruxill🎃,0.7191
jesiccaaa,kuwi4526,0.7059
jesiccaaa,lah iya,0.7878
jesiccaaa,lele_byakar@gmail.comm,0.84
jesiccaaa,lihgal18,0.6752
jesiccaaa,mawar hitam 🌹🗡️,0.7487
jesiccaaa,mhrullam,0.6645
jesiccaaa,mka. kka,0.6636
jesiccaaa,mykids,0.6863
jesiccaaa,nadhiff👾,0.6694
jesiccaaa,ndre4you,0.6725
jesiccaaa,nobody,0.7568
jesiccaaa,ol²²oy,0.7315
jesiccaaa,p4tooookkkk,0.7091
jesiccaaa,pak haji,0.7611
jesiccaaa,pip2nd🧿,0.6599
jesiccaaa,piscesmod,0.6539
jesiccaaa,praditailhm_,0.6515
jesiccaaa,princess 💅,0.6786
jesiccaaa,qila012,0.7065
jesiccaaa,raa 👧🏻,0.7281
jesiccaaa,rafyy😹,0.6509
jesiccaaa,rahmat kartolo,0.69
jesiccaaa,reendstore,0.6571
jesiccaaa,rizzstecu✌️,0.7427
jesiccaaa,rzl,0.6779
jesiccaaa,rℹ️k🅾️🅾️🅾️,0.722
jesiccaaa,safi,0.6794
jesiccaaa,sara ariska,0.6663
jesiccaaa,satria 🙌,0.7278
jesiccaaa,scc winoww,0.7312
jesiccaaa,scc.,0.7265
jesiccaaa,secccfldsuuu21,0.7292
jesiccaaa,septiana,0.7032
jesiccaaa,stecu💤,0.6993
jesiccaaa,taxi barang purwokerto,0.6684
jesiccaaa,teteh_jawa,0.6518
jesiccaaa,theeryoou,0.6977
jesiccaaa,tinnyee,0.7367
jesiccaaa,tofik.putra17,0.7094
jesiccaaa,user13463#457344,0.6504
jesiccaaa,username12375,0.6873
jesiccaaa,viann,0.658
jesiccaaa,ws🪩,0.6627
jesiccaaa,yaraaayaaaa,0.6735
jesiccaaa,yogaaa21,0.7408
jesiccaaa,zain,0.7433
jesiccaaa,zaka.ya,0.7417
jesiccaaa,zannn,0.6621
jesiccaaa,zazamm,0.7757
jesiccaaa,àlwàysdip,0.709
jesiccaaa,˚ ༘ 🦕𖦹⋆｡˚,0.6895
jesiccaaa,☝️👌👌cc,0.7183
jesiccaaa,♥,0.7831
jesiccaaa,マᥱž𝚊,0.7103
jesiccaaa,￴ ￴ ￴  ￴ ￴ ￴ ￴ ￴,0.6663
jesiccaaa,𝑱𝒖𝒍𝒊𝒂𝒏𝒏𝒏,0.6883
jesiccaaa,𝓝𝓪𝔂𝓵𝓪_𝓓.𝓐,0.8486
jesiccaaa,𝕳𝕬𝕴𝕶𝕬𝕷 𝖁1,0.6944
jesiccaaa,𝘼𝙇𝙃𝘼𝙆𝙄𝙈𝙕,0.6886
jesiccaaa,𝘿𝙚𝙣,0.7704
jesiccaaa,𝙋𝙍𝙄𝙉𝘾𝙀 15,0.6851
jesiccaaa,𝙾𝚛𝚢𝚣𝚊 𝚂𝚊𝚝𝚒𝚟𝚊 🌾,0.6664
jesiccaaa,🏴󠁧󠁢󠁥󠁮󠁧󠁿🏴󠁧󠁢󠁥󠁮󠁧󠁿,0.7388
jesiccaaa,🐦,0.7069
jesiccaaa,💩.,0.7458
jesiccaaa,🕊,0.6898
jesiccaaa,🧋,0.6548
jncktell,oftaxl,0.6765
jncktell,r,0.6532
jncktell,zain,0.6525
jncktell,àlwàysdip,0.6873
jok,joller🇦🇱,0.7616
jok,king persija,0.6774
jok,mbuhsapa🤥,0.7926
jok,na.,0.6899
jok,naufabyktsr,0.7507
jok,nick!!!,0.7467
jok,noellnr🍒,0.704
jok,nyong,0.7616
jok,p1n,0.7503
jok,panglima boncoz,0.6806
jok,parell✈️💤,0.7616
jok,pikaars?,0.6601
jok,proo,0.7616
jok,ranji💤,0.8405
jok,rass.,0.7616
jok,reval soso,0.7273
jok,ristiana08,0.6545
jok,sestu,1.0
jok,sucilestaripp_08,0.6775
jok,syakila pbg,1.0
jok,syaqella,0.6545
jok,tll,0.7244
jok,username12375,0.6549
jok,wong gringsing,1.0
jok,y🅰️hya?,0.7637
jok,z4m,0.6575
jok,~~boyszzarddd~~ardboysss🇦🇱🪩,0.7507
jok,່,0.7616
jok,✧-ta_kepkat,0.7121
jok,❤️💛💚,0.7658
jok,𝑦𝑦𝑦𝑦,0.7637
jok,𝔅𝔩𝔲𝔢𝔢𝔅𝔬𝔬𝔰𝔱 💨💫,0.6874
jok,"𝖂𝖍𝖔'𝕾,𝕭𝖗𝖆𝖓රධ",0.6748
jok,𝗕𝗠𝗞𝗚,0.7616
jok,𝘁𝗿ē𝗻𝗱à𝗻𝘇𝘅,0.7616
jok,👻,0.8664
jok,💫,0.6785
jok,🔥theeam3ll⚡,0.7218
joller🇦🇱,king persija,0.6614
joller🇦🇱,na.,0.7034
joller🇦🇱,naufabyktsr,0.7141
joller🇦🇱,ngọc,0.6766
joller🇦🇱,noellnr🍒,0.664
joller🇦🇱,nyong,1.0
joller🇦🇱,n⭐👽,0.7036
joller🇦🇱,p1n,0.7111
joller🇦🇱,panglima boncoz,0.6935
joller🇦🇱,parell✈️💤,1.0
joller🇦🇱,pikaars?,0.6784
joller🇦🇱,proo,1.0
joller🇦🇱,rass.,1.0
joller🇦🇱,rehan.aj,0.6581
joller🇦🇱,ristiana08,0.7401
joller🇦🇱,rmdn,0.6521
joller🇦🇱,sestu,0.7616
joller🇦🇱,sucilestaripp_08,0.7099
joller🇦🇱,syakila pbg,0.7616
joller🇦🇱,syaqella,0.7401
joller🇦🇱,tll,0.712
joller🇦🇱,wong gringsing,0.7616
joller🇦🇱,y🅰️hya?,0.7361
joller🇦🇱,ziee_1901,0.6669
joller🇦🇱,~~boyszzarddd~~ardboysss🇦🇱🪩,0.7141
joller🇦🇱,່,1.0
joller🇦🇱,✧-ta_kepkat,0.8176
joller🇦🇱,❤️💛💚,0.918
joller🇦🇱,ꦲꦼꦤ꧀ꦝꦺꦴꦱ꧀,0.6822
joller🇦🇱,𝑦𝑦𝑦𝑦,0.7361
joller🇦🇱,𝔅𝔩𝔲𝔢𝔢𝔅𝔬𝔬𝔰𝔱 💨💫,0.8671
joller🇦🇱,"𝖂𝖍𝖔'𝕾,𝕭𝖗𝖆𝖓රධ",0.6749
joller🇦🇱,𝗕𝗠𝗞𝗚,1.0
joller🇦🇱,𝘁𝗿ē𝗻𝗱à𝗻𝘇𝘅,1.0
joller🇦🇱,💫,0.6605
joller🇦🇱,🔥theeam3ll⚡,0.8173
joviinantaaaa,jun santuy,0.6939
joviinantaaaa,"kaa,a",0.7428
joviinantaaaa,keee keee,0.7223
joviinantaaaa,l3o m,0.7165
joviinantaaaa,lah iya,0.7252
joviinantaaaa,m. rizqi_,0.8989
joviinantaaaa,martati,0.7282
joviinantaaaa,masjack3195,0.8856
joviinantaaaa,naufabyktsr,0.6828
joviinantaaaa,ndre4you,0.7208
joviinantaaaa,nuuuuu,0.6737
joviinantaaaa,pak haji,0.7001
joviinantaaaa,panglima boncoz,0.7349
joviinantaaaa,patirrrv2🖤,0.7002
joviinantaaaa,princess 💅,0.7181
joviinantaaaa,r4ndsyh,0.7886
joviinantaaaa,reendstore,0.7194
joviinantaaaa,rizzstecu✌️,0.7546
joviinantaaaa,rzl,0.7538
joviinantaaaa,sapa bae,0.7689
joviinantaaaa,sara ariska,0.7303
joviinantaaaa,sayaangaenii❤️‍🔥,0.9005
joviinantaaaa,scc winoww,0.6572
joviinantaaaa,scc.,0.7609
joviinantaaaa,septiana,0.767
joviinantaaaa,sopo》,0.6672
joviinantaaaa,tinnyee,0.6633
joviinantaaaa,username12375,0.6547
joviinantaaaa,userr4532552,0.7004
joviinantaaaa,uuppio,0.7452
joviinantaaaa,weird zeze🇩🇪,0.6622
joviinantaaaa,zrill💥,0.6608
joviinantaaaa,~~boyszzarddd~~ardboysss🇦🇱🪩,0.6828
joviinantaaaa,▪️,0.6902
joviinantaaaa,♥,0.6787
joviinantaaaa,𝙾𝚛𝚢𝚣𝚊 𝚂𝚊𝚝𝚒𝚟𝚊 🌾,0.8935
joviinantaaaa,👻hsb👻,0.7133
joviinantaaaa,👾,0.6737
joviinantaaaa,🧋,0.7146
jun santuy,"kaa,a",0.6946
jun santuy,keee keee,0.7634
jun santuy,kelzy24,0.6989
jun santuy,kiking,0.7147
jun santuy,kuwi4526,0.6568
jun santuy,l3o m,0.8132
jun santuy,l4ngz_strong,0.6835
jun santuy,lah iya,0.7137
jun santuy,lele_byakar@gmail.comm,0.6518
jun santuy,m. rizqi_,0.7135
jun santuy,martati,0.6608
jun santuy,masjack3195,0.6949
jun santuy,mawar hitam 🌹🗡️,0.667
jun santuy,mbahnya nafisha dan sava,0.7388
jun santuy,mbuhsapa🤥,0.7172
jun santuy,mengomentari postingan anda,0.7342
jun santuy,muhamad rian,0.6914
jun santuy,mynnn,0.7609
jun santuy,naufabyktsr,0.7483
jun santuy,nick!!!,0.8316
jun santuy,nobody,0.6686
jun santuy,nur fadil,0.6905
jun santuy,nuuuuu,0.7559
jun santuy,pak haji,0.6717
jun santuy,pak haji sara,0.7474
jun santuy,panggil vans✌️,0.705
jun santuy,panglima boncoz,0.6614
jun santuy,pecey yeye,0.6835
jun santuy,pip2nd🧿,0.6684
jun santuy,princess 💅,0.6696
jun santuy,r4ndsyh,0.6721
jun santuy,ranji💤,0.6843
jun santuy,reendstore,0.668
jun santuy,reval soso,0.6603
jun santuy,rizzstecu✌️,0.6878
jun santuy,rzl,0.6793
jun santuy,rℹ️k🅾️🅾️🅾️,0.6602
jun santuy,sabiantiwulariata,0.669
jun santuy,sapa bae,0.7098
jun santuy,sayaangaenii❤️‍🔥,0.7031
jun santuy,scc.,0.6829
jun santuy,secccfldsuuu21,0.705
jun santuy,septiana,0.6656
jun santuy,sopo》,0.8547
jun santuy,the last good man,0.6893
jun santuy,tinnyee,0.702
jun santuy,username12375,0.7052
jun santuy,uuppio,0.7
jun santuy,xlx🇮🇲,0.7062
jun santuy,yaraaayaaaa,0.6975
jun santuy,yogaaa21,0.6948
jun santuy,zain,0.6827
jun santuy,zaka.ya,0.6544
jun santuy,zannn,0.6923
jun santuy,zazamm,0.6508
jun santuy,zrill💥,0.8233
jun santuy,~~boyszzarddd~~ardboysss🇦🇱🪩,0.7483
jun santuy,▪️,0.731
jun santuy,♥,0.6655
jun santuy,𝓝𝓪𝔂𝓵𝓪_𝓓.𝓐,0.6592
jun santuy,𝕳𝕬𝕴𝕶𝕬𝕷 𝖁1,0.7078
jun santuy,𝘿𝙚𝙣,0.6906
jun santuy,𝙾𝚛𝚢𝚣𝚊 𝚂𝚊𝚝𝚒𝚟𝚊 🌾,0.717
jun santuy,🐦,0.7548
jun santuy,👻hsb👻,0.8664
jun santuy,👾,0.7559
jun santuy,🧋,0.7411
juprianto anto,kd urng ya,0.8055
juprianto anto,kembali datang,0.7804
juprianto anto,kenzo.s.m.z,0.7107
juprianto anto,lakmen,0.6829
juprianto anto,luthfyyy,1.0
juprianto anto,mas_drun,1.0
juprianto anto,n4uf@l 4j4,0.6723
juprianto anto,nanangmungils1,0.8055
juprianto anto,nipzzz,0.7101
juprianto anto,panzskbd,0.8055
juprianto anto,pikaars?,0.681
juprianto anto,pitawidiono,0.7697
juprianto anto,r 4 5 ya,0.7866
juprianto anto,r.a sbg team,0.7145
juprianto anto,rezx2nd,0.7107
juprianto anto,riff,0.7107
juprianto anto,sannzxkce,0.6506
juprianto anto,scorpio🦂,0.7107
juprianto anto,seli🌸,0.8043
juprianto anto,sinfloww,1.0
juprianto anto,sopo iki?,0.6912
juprianto anto,tri yulianti,0.8055
juprianto anto,veri ramandani18,1.0
juprianto anto,wien,0.8043
juprianto anto,wisnu krishna,0.7068
juprianto anto,ye,0.6586
juprianto anto,yuliazaa,0.7331
juprianto anto,น้ำอุ่น กัญญาภัทร เต๊กอ๋อต้ง,0.7331
juprianto anto,⚽,0.8043
juprianto anto,⠀ ⠀ ⠀ ⠀ ⠀᠌,0.8055
juprianto anto,レザ,0.7607
juprianto anto,𝕱_v2,0.6945
juprianto anto,🌵dnd's_mom🌵,0.7323
just friend🙂,k  for  kami'el,0.7479
just friend🙂,kib3nk_ta,0.7302
just friend🙂,kojek,0.731
just friend🙂,kruxill🎃,0.6689
just friend🙂,l4nkk,0.6828
just friend🙂,lele_byakar@gmail.comm,0.6685
just friend🙂,lihgal18,0.6673
just friend🙂,mhrullam,0.7682
just friend🙂,mmmmm,0.7484
just friend🙂,mommy bibiel,0.7309
just friend🙂,muhammadchilung,0.8985
just friend🙂,nabati,0.7251
just friend🙂,nadhiff👾,0.6994
just friend🙂,narti,0.6949
just friend🙂,neyymar kee jakarta,0.8352
just friend🙂,nnaann🔫,0.6958
just friend🙂,nobody,0.6797
just friend🙂,notzstrongboyss,0.7134
just friend🙂,oz_,0.703
just friend🙂,p4tooookkkk,0.746
just friend🙂,pangeran k,0.6541
just friend🙂,pisangambon,0.6814
just friend🙂,praditailhm_,0.6564
just friend🙂,put,0.6737
just friend🙂,qila012,0.6881
just friend🙂,rahmat kartolo,0.6907
just friend🙂,rpk1,0.6561
just friend🙂,satria 🙌,0.7774
just friend🙂,scc winoww,0.6654
just friend🙂,secccfldsuuu21,0.6776
just friend🙂,sendiiisen©📍,0.7603
just friend🙂,single era,0.7149
just friend🙂,tangrajinngaji,0.6884
just friend🙂,theeryoou,0.7088
just friend🙂,tika kartika,0.6752
just friend🙂,tofik.putra17,0.7995
just friend🙂,user13463#457344,0.7422
just friend🙂,va 17hd,0.7235
just friend🙂,van pablo,0.727
just friend🙂,viann,0.71
just friend🙂,wo,0.6733
just friend🙂,wong elek,0.6969
just friend🙂,wongwonganmumet,0.6613
just friend🙂,ws🪩,0.7796
just friend🙂,wzrd,0.6792
just friend🙂,yanuar,0.6998
just friend🙂,yogaaa21,0.6828
just friend🙂,z4kk🇦🇱🇦🇱,0.782
just friend🙂,zaka.ya,0.7078
just friend🙂,zeniperr,0.6619
just friend🙂,zrill🇦🇱🇦🇱,0.7303
just friend🙂,˚ ༘ 🦕𖦹⋆｡˚,0.7056
just friend🙂,المجتهد,0.6502
just friend🙂,فەیزال,0.8368
just friend🙂,เςคภ,0.6761
just friend🙂,™.yunz ★ 447.¥,0.8669
just friend🙂,⋇⋆✦chelsea ♛┈⛧♡,0.6596
just friend🙂,️dika_sajah,0.6872
just friend🙂,￴,0.7997
just friend🙂,￴￴,0.6603
just friend🙂,𝕳𝕬𝕴𝕶𝕬𝕷 𝖁1,0.6543
just friend🙂,𝕶𝖞𝖓𝖟𝖟,0.7354
just friend🙂,𝘿𝙚𝙣,0.6529
just friend🙂,𝙋𝙍𝙄𝙉𝘾𝙀 15,0.7494
just friend🙂,𝙡𝙚𝙣𝙜,0.7514
just friend🙂,🔴⚪,0.7017
just friend🙂,🕊,0.7364
just friend🙂,🤴🏽,0.6626
juvvv,kin_💫,0.6748
juvvv,kkpann!,0.6606
juvvv,kuwi4526,0.6783
juvvv,lah?kenapa?,0.6583
juvvv,mama alzak,0.6713
juvvv,mas_dawet,0.6659
juvvv,mengomentari postingan anda,0.7069
juvvv,nino,0.6599
juvvv,nuuuuu,0.6596
juvvv,padil,0.6716
juvvv,pak haji sara,0.7128
juvvv,pangeran k,0.6544
juvvv,pip2nd🧿,0.73
juvvv,piscesmod,0.6576
juvvv,put,0.6773
juvvv,qila012,0.6681
juvvv,raffiii162,0.6523
juvvv,regialparij,0.6747
juvvv,rempeyek_500🌊,0.6754
juvvv,rfky,0.6921
juvvv,rℹ️k🅾️🅾️🅾️,0.6504
juvvv,satyaa ✦,0.6788
juvvv,set? iy syng,0.6518
juvvv,si kucing,0.7115
juvvv,sn0w,0.7061
juvvv,stecu💤,0.7039
juvvv,talasku99,0.6634
juvvv,taxi barang purwokerto,0.6745
juvvv,teteh_jawa,0.6702
juvvv,user7098643456,0.6847
juvvv,wh0,0.6722
juvvv,wongwonganmumet,0.6641
juvvv,yyy,0.6787
juvvv,y💥💯                😛,0.6779
juvvv,zaall,0.6574
juvvv,zain,0.663
juvvv,zazamm,0.6837
juvvv,zrill💥,0.6677
juvvv,ɴᴀᴛ,0.7178
juvvv,★,0.6715
juvvv,⛓️,0.6765
juvvv,️dika_sajah,0.6643
juvvv,𝕳𝕬𝕴𝕶𝕬𝕷 𝖁1,0.6543
juvvv,𝘿𝙚𝙣,0.6578
juvvv,👻hsb👻,0.6562
juvvv,👾,0.6596
juvvv,💋,0.6582
juvvv,🕊,0.6522
k        i       a      n    u,mas eng69,0.6746
k        i       a      n    u,sbkecu,0.6913
k        i       a      n    u,slowhand,0.7123
k        i       a      n    u,z4m,0.6901
k        i       a      n    u,كيفان,0.6542
k  for  kami'el,kib3nk_ta,0.6538
k  for  kami'el,kojek,0.7273
k  for  kami'el,laris manis store,0.6971
k  for  kami'el,muhammadchilung,0.7394
k  for  kami'el,nabati,0.8202
k  for  kami'el,narti,0.6718
k  for  kami'el,neyymar kee jakarta,0.7144
k  for  kami'el,nnaann🔫,0.6544
k  for  kami'el,notzstrongboyss,0.7769
k  for  kami'el,s u m m e r .,0.6644
k  for  kami'el,satria 🙌,0.6833
k  for  kami'el,sendiiisen©📍,0.6703
k  for  kami'el,tofik.putra17,0.6577
k  for  kami'el,ws🪩,0.6851
k  for  kami'el,z4kk🇦🇱🇦🇱,0.7346
k  for  kami'el,zrill🇦🇱🇦🇱,0.6819
k  for  kami'el,المجتهد,0.6742
k  for  kami'el,فەیزال,0.7911
k  for  kami'el,เςคภ,0.6882
k  for  kami'el,™.yunz ★ 447.¥,0.6709
k  for  kami'el,￴,0.7701
k  for  kami'el,🤴🏽,0.7596
"kaa,a",kaji,0.7037
"kaa,a",keee keee,0.7233
"kaa,a",kelzy24,0.6539
"kaa,a",kiking,0.727
"kaa,a",kruxill🎃,0.6955
"kaa,a",kuwi4526,0.6773
"kaa,a",l3o m,0.6981
"kaa,a",l4ngz_strong,0.679
"kaa,a",lah iya,0.7896
"kaa,a",lele_byakar@gmail.comm,0.7235
"kaa,a",m. rizqi_,0.6604
"kaa,a",martati,0.6779
"kaa,a",masjack3195,0.7495
"kaa,a",mawar hitam 🌹🗡️,0.7157
"kaa,a",mawarr,0.7102
"kaa,a",mengomentari postingan anda,0.6718
"kaa,a",mka. kka,0.7609
"kaa,a",muhamad rian,0.6846
"kaa,a",mykids,0.7017
"kaa,a",ndre4you,0.6751
"kaa,a",nobody,0.737
"kaa,a",nuuuuu,0.7089
"kaa,a",ol²²oy,0.678
"kaa,a",p4tooookkkk,0.6663
"kaa,a",pak haji,0.7553
"kaa,a",pak haji sara,0.6868
"kaa,a",patirrrv2🖤,0.6953
"kaa,a",pecey yeye,0.679
"kaa,a",pip2nd🧿,0.651
"kaa,a",princess 💅,0.7849
"kaa,a",r4ndsyh,0.669
"kaa,a",rahmat kartolo,0.6625
"kaa,a",reendstore,0.6534
"kaa,a",rizzstecu✌️,0.7571
"kaa,a",rzl,0.8142
"kaa,a",rℹ️k🅾️🅾️🅾️,0.6922
"kaa,a",samshl_22,0.6959
"kaa,a",sapa bae,0.8019
"kaa,a",sara ariska,0.6863
"kaa,a",satria 🙌,0.7044
"kaa,a",sayaangaenii❤️‍🔥,0.7662
"kaa,a",scc winoww,0.719
"kaa,a",scc.,0.7883
"kaa,a",secccfldsuuu21,0.733
"kaa,a",septiana,0.7422
"kaa,a",sopo》,0.6629
"kaa,a",tinnyee,0.7475
"kaa,a",username12375,0.6823
"kaa,a",uuppio,0.7004
"kaa,a",vanooo,0.6777
"kaa,a",viann,0.6667
"kaa,a",yaraaayaaaa,0.7283
"kaa,a",yogaaa21,0.7239
"kaa,a",zaka.ya,0.7149
"kaa,a",zannn,0.6798
"kaa,a",zazamm,0.7248
"kaa,a",zrill💥,0.6641
"kaa,a",˚ ༘ 🦕𖦹⋆｡˚,0.6696
"kaa,a",☝️👌👌cc,0.7013
"kaa,a",♥,0.7602
"kaa,a",𝑱𝒖𝒍𝒊𝒂𝒏𝒏𝒏,0.6795
"kaa,a",𝓝𝓪𝔂𝓵𝓪_𝓓.𝓐,0.7614
"kaa,a",𝕳𝕬𝕴𝕶𝕬𝕷 𝖁1,0.7426
"kaa,a",𝘿𝙚𝙣,0.7056
"kaa,a",𝙾𝚛𝚢𝚣𝚊 𝚂𝚊𝚝𝚒𝚟𝚊 🌾,0.7857
"kaa,a",🏴󠁧󠁢󠁥󠁮󠁧󠁿🏴󠁧󠁢󠁥󠁮󠁧󠁿,0.6599
"kaa,a",🐦,0.7109
"kaa,a",👻hsb👻,0.6954
"kaa,a",👾,0.7089
"kaa,a",💩.,0.6871
"kaa,a",🕊,0.654
"kaa,a",🧋,0.7631
kaji,kang bahar,0.7664
kaji,kiking,0.6526
kaji,kruxill🎃,0.8353
kaji,l4ngz_strong,0.6712
kaji,l4nkk,0.7273
kaji,lah iya,0.7675
kaji,lele_byakar@gmail.comm,0.838
kaji,lihgal18,0.8331
kaji,mawar hitam 🌹🗡️,0.8796
kaji,mawarr,0.7371
kaji,mengomentari postingan anda,0.6656
kaji,mhrullam,0.6641
kaji,mka. kka,0.656
kaji,mykids,0.6651
kaji,nadhiff👾,0.7803
kaji,ndre4you,0.7127
kaji,nggaaa,0.6822
kaji,nino,0.6522
kaji,nobody,0.717
kaji,ol²²oy,0.9062
kaji,p4tooookkkk,0.6697
kaji,pak haji,0.6737
kaji,patirrrv2🖤,0.7115
kaji,pecey yeye,0.6712
kaji,praditailhm_,0.7936
kaji,princess 💅,0.7261
kaji,qila012,0.733
kaji,rahmat kartolo,0.7085
kaji,rio,0.7109
kaji,rizzstecu✌️,0.7232
kaji,rzl,0.7075
kaji,rℹ️k🅾️🅾️🅾️,0.8288
kaji,safi,0.6582
kaji,samshl_22,0.693
kaji,sapa bae,0.6792
kaji,sara ariska,0.7001
kaji,satria 🙌,0.7487
kaji,scc winoww,0.8221
kaji,scc.,0.8193
kaji,secccfldsuuu21,0.6978
kaji,sendiiisen©📍,0.6937
kaji,septiana,0.7211
kaji,sopo》,0.7046
kaji,tangrajinngaji,0.7274
kaji,tinnyee,0.8804
kaji,tofik.putra17,0.713
kaji,upin🐼,0.6639
kaji,user13463#457344,0.674
kaji,username12375,0.8454
kaji,uuppio,0.713
kaji,va 17hd,0.7553
kaji,vanooo,0.6578
kaji,viann,0.7958
kaji,wong elek,0.7121
kaji,yaraaayaaaa,0.681
kaji,yogaaa21,0.8539
kaji,yyy,0.7661
kaji,zaka.ya,0.7282
kaji,zazamm,0.8666
kaji,zrill🇦🇱🇦🇱,0.6707
kaji,zrill💥,0.7237
kaji,˚ ༘ 🦕𖦹⋆｡˚,0.708
kaji,ಠ_ರೃ,0.6739
kaji,☝️👌👌cc,0.9345
kaji,♥,0.7478
kaji,✌️,0.745
kaji,マᥱž𝚊,0.6743
kaji,𝑱𝒖𝒍𝒊𝒂𝒏𝒏𝒏,0.8257
kaji,𝓝𝓪𝔂𝓵𝓪_𝓓.𝓐,0.7064
kaji,𝕳𝕬𝕴𝕶𝕬𝕷 𝖁1,0.6942
kaji,𝘼𝙇𝙃𝘼𝙆𝙄𝙈𝙕,0.6554
kaji,𝘿𝙚𝙣,0.813
kaji,𝙡𝙚𝙣𝙜,0.6903
kaji,𝙾𝚛𝚢𝚣𝚊 𝚂𝚊𝚝𝚒𝚟𝚊 🌾,0.6595
kaji,🏴󠁧󠁢󠁥󠁮󠁧󠁿🏴󠁧󠁢󠁥󠁮󠁧󠁿,0.847
kaji,🐦,0.8275
kaji,🔴⚪,0.6779
kaji,🕊,0.7492
kaji,🧋,0.7132
kall,kizy🇦🇱,0.6943
kall,mamaz ap,0.7223
kall,maswilll,0.7817
kall,maypen🍉,0.722
kall,mrco,0.65
kall,n,0.6733
kall,nar setecu🌀💤🌊,0.6546
kall,nayor,0.6741
kall,ndaru,0.683
kall,nha_nha88,0.7794
kall,putz!!,0.6619
kall,r e t z,0.7528
kall,ramadani🌀,0.6913
kall,rian(rivan fian),0.7177
kall,rimzsukaessedoublechange🤤,0.7839
kall,ririss,0.7052
kall,saitama.botak6,0.7816
kall,sandhi686,0.7026
kall,se'pull_maxwill,0.8393
kall,spilloutfittrendy,0.8158
kall,sri66790,0.7204
kall,tem - tem★★★,0.7667
kall,tole bf official316,0.7649
kall,ultrambuttttt,0.7642
kall,wirr tzy,0.6625
kall,wong kene bae,0.7241
kall,"wong""plosok",0.7589
kall,ynnnz,0.6812
kall,zouheir.yaz_ze,0.6623
kall,zye hehe,0.6752
kall,| ig : @aseprmadanni,0.6946
kall,ɓøɓ mārlɛƴ!!⛓️,0.6822
kall,˚꩜｡⋆˚࿔ 𝔂𝓪𝔂𝓪 𝜗𝜚˚⋆🧸ྀི,0.6601
kall,ℒ𝓊𝓬𝓴𝔂,0.6678
kall,⭐zka,0.7985
kall,𝐫𝐢𝐝𝐨𝐨🕊️,0.661
kall,𝕬𝖟𝖐𝖆 𝖋𝖔𝖗 𝖞𝖔𝖚,0.7078
kall,𝘾𝙖𝙡𝙤𝙣 𝙃𝘼𝙅𝙄,0.7249
kall,𝙖𝙩𝙨𝙨,0.6693
kall,𝙢𝙖𝙖𝙖𝙖𝙖𝙖𝙨𝙨𝙨𝙠𝙖𝙣𝙣𝙣,0.6904
kall,🆘,0.6554
kang bahar,kelzy24,0.6627
kang bahar,kian santang,0.6632
kang bahar,kin_💫,0.6758
kang bahar,kruxill🎃,0.7933
kang bahar,l4nkk,0.7637
kang bahar,lah iya,0.6764
kang bahar,lele_byakar@gmail.comm,0.7773
kang bahar,lihgal18,0.7633
kang bahar,mas_dawet,0.7354
kang bahar,mawar hitam 🌹🗡️,0.7951
kang bahar,mawarr,0.8658
kang bahar,mhrullam,0.7006
kang bahar,muhammadchilung,0.6708
kang bahar,nadhiff👾,0.7189
kang bahar,narzz🌊🌊,0.6952
kang bahar,ndre4you,0.8273
kang bahar,nggaaa,0.6738
kang bahar,nino,0.6673
kang bahar,nobody,0.696
kang bahar,nur fadil,0.7645
kang bahar,ol²²oy,0.8336
kang bahar,oz_,0.7355
kang bahar,p4tooookkkk,0.6558
kang bahar,padil,0.6637
kang bahar,pak haji sara,0.69
kang bahar,patirrrv2🖤,0.6918
kang bahar,pisangambon,0.6717
kang bahar,piscesmod,0.6583
kang bahar,praditailhm_,0.8614
kang bahar,princess 💅,0.82
kang bahar,qila012,0.7982
kang bahar,raf,0.6862
kang bahar,raffiii162,0.6509
kang bahar,rafyy😹,0.762
kang bahar,rahmat kartolo,0.6519
kang bahar,regialparij,0.6827
kang bahar,rempeyek_500🌊,0.6888
kang bahar,rfky,0.6625
kang bahar,rijakipp,0.6766
kang bahar,rzl,0.8048
kang bahar,rℹ️k🅾️🅾️🅾️,0.775
kang bahar,safi,0.7243
kang bahar,samshl_22,0.7586
kang bahar,sara ariska,0.888
kang bahar,satria 🙌,0.7189
kang bahar,sayaangaenii❤️‍🔥,0.671
kang bahar,scc winoww,0.7689
kang bahar,scc.,0.6954
kang bahar,secccfldsuuu21,0.7034
kang bahar,sendiiisen©📍,0.7295
kang bahar,septiana,0.7312
kang bahar,si kucing,0.7324
kang bahar,sri wahyuningsih,0.6948
kang bahar,syaf__👾👾,0.7161
kang bahar,talasku99,0.663
kang bahar,tam,0.6855
kang bahar,tangrajinngaji,0.7025
kang bahar,tinnyee,0.7734
kang bahar,tofik.putra17,0.7373
kang bahar,trisis,0.6619
kang bahar,u,0.6565
kang bahar,upin🐼,0.6999
kang bahar,user13463#457344,0.6887
kang bahar,uuppio,0.6747
kang bahar,va 17hd,0.8291
kang bahar,van pablo,0.6506
kang bahar,vanooo,0.6877
kang bahar,viann,0.8577
kang bahar,vittss..,0.6641
kang bahar,wong elek,0.6965
kang bahar,ws🪩,0.6813
kang bahar,wzrd,0.7001
kang bahar,xspeedx,0.6614
kang bahar,yanuar,0.6593
kang bahar,yogaaa21,0.7655
kang bahar,yyy,0.8309
kang bahar,y💥💯                😛,0.6564
kang bahar,zaka.ya,0.7594
kang bahar,zazamm,0.8342
kang bahar,zppcx,0.6669
kang bahar,˚ ༘ 🦕𖦹⋆｡˚,0.7225
kang bahar,ᴘɪᴋᴀғʀɪᴇᴅᴄʜɪᴄᴋᴇɴ,0.723
kang bahar,⋇⋆✦chelsea ♛┈⛧♡,0.6925
kang bahar,★,0.6887
kang bahar,☝️👌👌cc,0.825
kang bahar,⛓️,0.6724
kang bahar,✌️,0.8591
kang bahar,￴￴,0.6546
kang bahar,𝑱𝒖𝒍𝒊𝒂𝒏𝒏𝒏,0.7203
kang bahar,𝓝𝓪𝔂𝓵𝓪_𝓓.𝓐,0.665
kang bahar,𝕳𝕬𝕴𝕶𝕬𝕷 𝖁1,0.7361
kang bahar,𝖇𝖎𝖎𝖑𝖆,0.7228
kang bahar,𝘼𝙇𝙃𝘼𝙆𝙄𝙈𝙕,0.6974
kang bahar,𝘿𝙚𝙣,0.6862
kang bahar,𝙋𝙍𝙄𝙉𝘾𝙀 15,0.6601
kang bahar,𝙡𝙚𝙣𝙜,0.7635
kang bahar,𝙾𝚛𝚢𝚣𝚊 𝚂𝚊𝚝𝚒𝚟𝚊 🌾,0.6589
kang bahar,🏴󠁧󠁢󠁥󠁮󠁧󠁿🏴󠁧󠁢󠁥󠁮󠁧󠁿,0.7113
kang bahar,🐣,0.6659
kang bahar,🐦,0.651
kang bahar,💩.,0.6581
kang bahar,🕊,0.8079
kangkasur,ndra_may,0.7868
kangkasur,nurul hidayanti 🐗,0.7747
kangkasur,otong,0.8449
kangkasur,ssuuu,0.7262
kasnudtone,kdrt57gnk,0.6861
kasnudtone,kh,0.7141
kasnudtone,na.,0.6933
kasnudtone,noellnr🍒,0.7034
kasnudtone,nyong ibaim,0.8785
kasnudtone,p1n,0.681
kasnudtone,rndkatsny,0.6677
kasnudtone,s. g. t.,0.6974
kasnudtone,sucilestaripp_08,0.7116
kasnudtone,vannn opet,0.6765
kasnudtone,vinza,0.6873
kasnudtone,wdyt_,0.7287
kasnudtone,you're okay reszz,0.7172
kasnudtone,y🅰️hya?,0.6772
kasnudtone,𝐀𝐋𝐄𝐗𝐀𝐍𝐃𝐑𝐈𝐀,0.7689
kasnudtone,𝑛𝑜𝑒𝑟𝑒𝑎𝑙_𝑎𝑧🍃,0.666
kasnudtone,𝑦𝑦𝑦𝑦,0.6772
kasnudtone,"𝖂𝖍𝖔'𝕾,𝕭𝖗𝖆𝖓රධ",0.6822
kasnudtone,🫧,0.6668
kd urng ya,kembali datang,0.7337
kd urng ya,kenzo.s.m.z,0.8452
kd urng ya,lakmen,0.6693
kd urng ya,lianaa,0.6525
kd urng ya,luthfyyy,0.8055
kd urng ya,mahendri,0.7803
kd urng ya,mas_drun,0.8055
kd urng ya,n4uf@l 4j4,0.862
kd urng ya,nanangmungils1,1.0
kd urng ya,nipzzz,0.8229
kd urng ya,ovl,0.7056
kd urng ya,p4n_🤷‍♂️🤷‍♂️,0.7231
kd urng ya,pangeran kodok,0.6549
kd urng ya,panzskbd,1.0
kd urng ya,pasarrumah.id,0.6918
kd urng ya,pikaars?,0.654
kd urng ya,r 4 5 ya,0.696
kd urng ya,rezx2nd,0.8452
kd urng ya,riff,0.8452
kd urng ya,risky⛔️🆘️,0.7074
kd urng ya,sannzxkce,0.6825
kd urng ya,scorpio🦂,0.8452
kd urng ya,seli🌸,0.6656
kd urng ya,sinfloww,0.8055
kd urng ya,tokoserbada12,0.7623
kd urng ya,tri yulianti,1.0
kd urng ya,vann 🌳,0.6713
kd urng ya,veri ramandani18,0.8055
kd urng ya,wawud,0.6503
kd urng ya,wien,0.6656
kd urng ya,ye,0.8283
kd urng ya,yuliazaa,0.6588
kd urng ya,zaza,0.6641
kd urng ya,น้ำอุ่น กัญญาภัทร เต๊กอ๋อต้ง,0.6588
kd urng ya,⚽,0.6656
kd urng ya,⠀ ⠀ ⠀ ⠀ ⠀᠌,1.0
kd urng ya,レザ,0.6953
kd urng ya,𝕱_v2,0.6794
kd urng ya,🌵dnd's_mom🌵,0.7373
kd urng ya,🐚🫧🪩,0.6505
kd urng ya,🕸,0.675
kdrt57gnk,rehan.aj,0.6597
kdrt57gnk,sabiantiwulariata,0.7166
kdrt57gnk,vannn opet,0.688
kdrt57gnk,wdyt_,0.6817
kdrt57gnk,weird zeze🇩🇪,0.6672
kdrt57gnk,you're okay reszz,0.7039
kdrt57gnk,zainvick_,0.7078
keee keee,kelzy24,0.846
keee keee,kiking,0.7003
keee keee,kuwi4526,0.6632
keee keee,l3o m,0.6756
keee keee,l4ngz_strong,0.7994
keee keee,lah iya,0.7495
keee keee,lele_byakar@gmail.comm,0.6581
keee keee,m. rizqi_,0.7676
keee keee,mama alzak,0.7258
keee keee,martati,0.6856
keee keee,masjack3195,0.7294
keee keee,mawar hitam 🌹🗡️,0.6528
keee keee,mawarr,0.6539
keee keee,mbahnya nafisha dan sava,0.6668
keee keee,mengomentari postingan anda,0.6782
keee keee,muhamad rian,0.6847
keee keee,mykids,0.7303
keee keee,mynnn,0.6941
keee keee,ndre4you,0.6771
keee keee,nobody,0.6618
keee keee,nuuuuu,0.7135
keee keee,pak haji,0.6804
keee keee,pak haji sara,0.667
keee keee,panglima boncoz,0.6831
keee keee,patirrrv2🖤,0.7399
keee keee,patrick bateman,0.7622
keee keee,pecey yeye,0.7994
keee keee,pip2nd🧿,0.7061
keee keee,princess 💅,0.7318
keee keee,putra barepjr,0.6893
keee keee,putz!!,0.6527
keee keee,r4ndsyh,0.6928
keee keee,rahmat kartolo,0.6526
keee keee,reendstore,0.7613
keee keee,rizzstecu✌️,0.6768
keee keee,rzl,0.7556
keee keee,sabiantiwulariata,0.6979
keee keee,samshl_22,0.7604
keee keee,sapa bae,0.7666
keee keee,sara ariska,0.716
keee keee,satria 🙌,0.663
keee keee,sayaangaenii❤️‍🔥,0.7523
keee keee,scc.,0.7385
keee keee,secccfldsuuu21,0.743
keee keee,septiana,0.7234
keee keee,sn0w,0.6754
keee keee,sopo》,0.6876
keee keee,taxi barang purwokerto,0.6862
keee keee,the last good man,0.7887
keee keee,tinnyee,0.7362
keee keee,tole bf official316,0.6746
keee keee,username12375,0.6628
keee keee,userr4532552,0.7151
keee keee,uuppio,0.909
keee keee,van pablo,0.6587
keee keee,viann,0.6549
keee keee,xlx🇮🇲,0.6753
keee keee,yaraaayaaaa,0.785
keee keee,yogaaa21,0.6915
keee keee,yyy,0.6918
keee keee,zain,0.7013
keee keee,zannn,0.6666
keee keee,zazamm,0.6917
keee keee,zrill💥,0.6789
keee keee,àlwàysdip,0.6574
keee keee,♥,0.6558
keee keee,𝓝𝓪𝔂𝓵𝓪_𝓓.𝓐,0.6852
keee keee,𝕳𝕬𝕴𝕶𝕬𝕷 𝖁1,0.781
keee keee,𝘿𝙚𝙣,0.6956
keee keee,𝙾𝚛𝚢𝚣𝚊 𝚂𝚊𝚝𝚒𝚟𝚊 🌾,0.7518
keee keee,🆘,0.6654
keee keee,🐦,0.7023
keee keee,👻hsb👻,0.6949
keee keee,👾,0.7135
keee keee,🧋,0.7392
kelzy24,kin_💫,0.7051
kelzy24,kruxill🎃,0.6686
kelzy24,kuwi4526,0.6988
kelzy24,l4ngz_strong,0.7402
kelzy24,lah iya,0.7259
kelzy24,lah?kenapa?,0.6894
kelzy24,lele_byakar@gmail.comm,0.6885
kelzy24,m. rizqi_,0.6567
kelzy24,mama alzak,0.7395
kelzy24,mas_dawet,0.6625
kelzy24,mawar hitam 🌹🗡️,0.6846
kelzy24,mawarr,0.6748
kelzy24,mbahnya nafisha dan sava,0.6608
kelzy24,mengomentari postingan anda,0.7196
kelzy24,mykids,0.6549
kelzy24,ndre4you,0.7556
kelzy24,nggaaa,0.7024
kelzy24,nino,0.6512
kelzy24,nobody,0.7058
kelzy24,nur fadil,0.6658
kelzy24,nuuuu,0.676
kelzy24,nuuuuu,0.6958
kelzy24,ol²²oy,0.6716
kelzy24,pak haji sara,0.6539
kelzy24,patirrrv2🖤,0.744
kelzy24,patrick bateman,0.7639
kelzy24,pecey yeye,0.7402
kelzy24,pip2nd🧿,0.6845
kelzy24,princess 💅,0.6996
kelzy24,put,0.6507
kelzy24,putra barepjr,0.6539
kelzy24,qila012,0.6603
kelzy24,rahmanpru,0.6859
kelzy24,reendstore,0.6588
kelzy24,rzl,0.6944
kelzy24,rℹ️k🅾️🅾️🅾️,0.6915
kelzy24,samshl_22,0.7569
kelzy24,sapa bae,0.666
kelzy24,sara ariska,0.726
kelzy24,satria 🙌,0.6919
kelzy24,satyaa ✦,0.658
kelzy24,sayaangaenii❤️‍🔥,0.651
kelzy24,scc winoww,0.6561
kelzy24,scc.,0.7135
kelzy24,secccfldsuuu21,0.6958
kelzy24,septiana,0.7067
kelzy24,si kucing,0.6934
kelzy24,sn0w,0.7218
kelzy24,sopo》,0.7179
kelzy24,stecu💤,0.6503
kelzy24,syaf__👾👾,0.7446
kelzy24,talasku99,0.6629
kelzy24,taxi barang purwokerto,0.6542
kelzy24,teteh_jawa,0.7052
kelzy24,the last good man,0.8651
kelzy24,upin🐼,0.6737
kelzy24,userr4532552,0.7126
kelzy24,uuppio,0.8337
kelzy24,viann,0.6628
kelzy24,wzrd,0.6555
kelzy24,yogaaa21,0.6513
kelzy24,yogszz⚡,0.7181
kelzy24,yyy,0.7339
kelzy24,zaall,0.6615
kelzy24,zain,0.7205
kelzy24,zaka.ya,0.6547
kelzy24,zannn,0.6709
kelzy24,zazamm,0.6927
kelzy24,zppcx,0.6953
kelzy24,zrill💥,0.6987
kelzy24,®️e💤🅰️ sur,0.6521
kelzy24,àlwàysdip,0.6954
kelzy24,ᴘɪᴋᴀғʀɪᴇᴅᴄʜɪᴄᴋᴇɴ,0.657
kelzy24,☝️👌👌cc,0.6999
kelzy24,♥,0.6528
kelzy24,𝕳𝕬𝕴𝕶𝕬𝕷 𝖁1,0.689
kelzy24,𝘿𝙚𝙣,0.652
kelzy24,𝙾𝚛𝚢𝚣𝚊 𝚂𝚊𝚝𝚒𝚟𝚊 🌾,0.7562
kelzy24,👾,0.6958
kelzy24,💋,0.676
kelzy24,🕊,0.6874
kelzy24,🧋,0.6706
kembali datang,kenzo.s.m.z,0.7261
kembali datang,lakmen,0.6625
kembali datang,luthfyyy,0.7804
kembali datang,mas_drun,0.7804
kembali datang,nanangmungils1,0.7337
kembali datang,nipzzz,0.6778
kembali datang,ovl,0.6839
kembali datang,p!n,0.6677
kembali datang,panzskbd,0.7337
kembali datang,paqihh,0.7239
kembali datang,pikaars?,0.6892
kembali datang,pitawidiono,0.7443
kembali datang,r.a sbg team,0.7285
kembali datang,rezx2nd,0.7261
kembali datang,riff,0.7261
kembali datang,sannzxkce,0.7659
kembali datang,scorpio🦂,0.7261
kembali datang,sinfloww,0.7804
kembali datang,tri yulianti,0.7337
kembali datang,veri ramandani18,0.7804
kembali datang,wisnu krishna,0.7223
kembali datang,yuliazaa,0.7409
kembali datang,น้ำอุ่น กัญญาภัทร เต๊กอ๋อต้ง,0.7409
kembali datang,⠀ ⠀ ⠀ ⠀ ⠀᠌,0.7337
kembali datang,𝕱_v2,0.8571
kembali datang,🌵dnd's_mom🌵,0.7015
kembali datang,🐚🫧🪩,0.7071
kenzo.s.m.z,lakmen,0.6874
kenzo.s.m.z,luthfyyy,0.7107
kenzo.s.m.z,mahendri,0.6602
kenzo.s.m.z,mas_drun,0.7107
kenzo.s.m.z,n4uf@l 4j4,0.72
kenzo.s.m.z,nanangmungils1,0.8452
kenzo.s.m.z,nipzzz,0.7549
kenzo.s.m.z,nycxstore,0.6549
kenzo.s.m.z,ovl,0.7528
kenzo.s.m.z,panzskbd,0.8452
kenzo.s.m.z,pikaars?,0.6747
kenzo.s.m.z,rezx2nd,1.0
kenzo.s.m.z,riff,1.0
kenzo.s.m.z,sannzxkce,0.6708
kenzo.s.m.z,satriaaa,0.7639
kenzo.s.m.z,scorpio🦂,1.0
kenzo.s.m.z,sinfloww,0.7107
kenzo.s.m.z,tri yulianti,0.8452
kenzo.s.m.z,vann 🌳,0.7717
kenzo.s.m.z,veri ramandani18,0.7107
kenzo.s.m.z,ye,0.6851
kenzo.s.m.z,⠀ ⠀ ⠀ ⠀ ⠀᠌,0.8452
kenzo.s.m.z,🄱🄰🅈🅄🄸🄽🄳🄰🄷🄾🄵🄵🅂🄴🅃,0.7271
kenzo.s.m.z,🌵dnd's_mom🌵,0.6685
kenzo.s.m.z,🐚🫧🪩,0.6677
kevin,kian santang,0.7192
kevin,"kicau mania""😷✌",0.6684
kevin,mrco,0.6563
kevin,muhamad rian,0.6677
kevin,n,0.7136
kevin,nar setecu🌀💤🌊,0.7918
kevin,nayor,0.6596
kevin,nitalifa,0.8382
kevin,nuuuu,0.6574
kevin,pak haji,0.6577
kevin,pak haji sara,0.6667
kevin,pip2nd🧿,0.6936
kevin,piscesmod,0.6673
kevin,raihan,0.6761
kevin,rfky,0.6531
kevin,sabiantiwulariata,0.7341
kevin,secccfldsuuu21,0.6913
kevin,set? iy syng,0.6981
kevin,si kucing,0.6512
kevin,sn0w,0.6893
kevin,superman,0.7222
kevin,taxi barang purwokerto,0.6687
kevin,teteh_jawa,0.6614
kevin,ujangkedu,0.6815
kevin,yhahaha,0.6629
kevin,zain,0.6975
kevin,zainvick_,0.6546
kevin,àlwàysdip,0.6502
kevin,𝐉𝐨𝐫𝐝𝐲𝐲,0.6573
kevin,𝕳𝕬𝕴𝕶𝕬𝕷 𝖁1,0.6681
kevin,💋,0.6733
kh,na.,0.7156
kh,noellnr🍒,0.7603
kh,nyong ibaim,0.7107
kh,p1n,0.741
kh,pangerankodok77,0.7261
kh,panggil vans✌️,0.6561
kh,rndkatsny,0.6934
kh,s. g. t.,0.7609
kh,tll,0.722
kh,vinza,0.6987
kh,wdyt_,0.6781
kh,yafzz•𝙯𝙤𝙡𝙙𝙮𝙠🔰💤,0.7261
kh,y🅰️hya?,0.7064
kh,𝐀𝐋𝐄𝐗𝐀𝐍𝐃𝐑𝐈𝐀,0.657
kh,𝑦𝑦𝑦𝑦,0.7064
kh,𝕄 𝕒 𝕤  𝕋𝕒𝕜𝕪𝕦𝕟,0.8058
kh,"𝖂𝖍𝖔'𝕾,𝕭𝖗𝖆𝖓රධ",0.681
kh,💫,0.6619
khaa : akun business 🪐 💵,kizy🇦🇱,0.6544
khaa : akun business 🪐 💵,kmu gpp zaa?,0.8054
khaa : akun business 🪐 💵,maa....,0.8649
khaa : akun business 🪐 💵,mamaz ap,0.7585
khaa : akun business 🪐 💵,maswilll,0.7807
khaa : akun business 🪐 💵,nafz?yakena😹🤓🤭😋,0.6788
khaa : akun business 🪐 💵,namaku atha,0.7286
khaa : akun business 🪐 💵,nha_nha88,0.7811
khaa : akun business 🪐 💵,r e t z,0.6608
khaa : akun business 🪐 💵,rian(rivan fian),0.8533
khaa : akun business 🪐 💵,ririss,0.6746
khaa : akun business 🪐 💵,spilloutfittrendy,0.7273
khaa : akun business 🪐 💵,"wong""plosok",0.7101
khaa : akun business 🪐 💵,xy_don🚀,0.8271
khaa : akun business 🪐 💵,yoo🅰️jahh,0.678
khaa : akun business 🪐 💵,zexx'777,0.7773
khaa : akun business 🪐 💵,zouheir.yaz_ze,0.6987
khaa : akun business 🪐 💵,zye hehe,0.8335
khaa : akun business 🪐 💵,ɓøɓ mārlɛƴ!!⛓️,0.7293
khaa : akun business 🪐 💵,⭐zka,0.6853
khaa : akun business 🪐 💵,𝕬𝖟𝖐𝖆 𝖋𝖔𝖗 𝖞𝖔𝖚,0.7621
khaa : akun business 🪐 💵,𝘾𝙖𝙡𝙤𝙣 𝙃𝘼𝙅𝙄,0.6578
khaa : akun business 🪐 💵,𝙎𝘽𝙎 001_𝙨𝙠𝙖𝙮 𝙮𝙚𝙡𝙤𝙬,0.733
khaa : akun business 🪐 💵,𝙔𝙊𝙂𝙂𝘼𝘼⭐💦,0.6836
kharb_02,satriaaa,0.7305
khhafijah firda,kian santang,0.6573
khhafijah firda,momon,0.6871
khhafijah firda,👀,0.6768
kian santang,kojek,0.6817
kian santang,l4nkk,0.6688
kian santang,leo,0.6598
kian santang,masayu,0.6599
kian santang,mmmmm,0.6715
kian santang,mvinta,0.6824
kian santang,nar setecu🌀💤🌊,0.7388
kian santang,nitalifa,0.6812
kian santang,nur fadil,0.67
kian santang,padil,0.7935
kian santang,pak haji sara,0.6725
kian santang,pangeran k,0.6867
kian santang,pip2nd🧿,0.702
kian santang,pisangambon,0.6926
kian santang,praditailhm_,0.6558
kian santang,put,0.7016
kian santang,qila012,0.6657
kian santang,rempeyek_500🌊,0.6503
kian santang,rfky,0.6806
kian santang,rijakipp,0.689
kian santang,sabiantiwulariata,0.6675
kian santang,sara ariska,0.6851
kian santang,satria 🙌,0.6632
kian santang,secccfldsuuu21,0.6543
kian santang,set? iy syng,0.6928
kian santang,si kucing,0.716
kian santang,superman,0.7531
kian santang,tangrajinngaji,0.6593
kian santang,viann,0.6923
kian santang,wzrd,0.7745
kian santang,yanuar,0.7544
kian santang,yhahaha,0.7236
kian santang,y💥💯                😛,0.6833
kian santang,z4kk🇦🇱🇦🇱,0.6706
kian santang,zainvick_,0.6751
kian santang,zaka.ya,0.7221
kian santang,zppcx,0.7198
kian santang,เςคภ,0.6701
kian santang,⋇⋆✦chelsea ♛┈⛧♡,0.6802
kian santang,★,0.7247
kian santang,윙고🇲🇨🇰🇷,0.6544
kian santang,️dika_sajah,0.6805
kian santang,𝕳𝕬𝕴𝕶𝕬𝕷 𝖁1,0.6806
kian santang,💋,0.7005
kian santang,🕊,0.7055
kib3nk_ta,kojek,0.6919
kib3nk_ta,kruxill🎃,0.6818
kib3nk_ta,l4nkk,0.6766
kib3nk_ta,lele_byakar@gmail.comm,0.6619
kib3nk_ta,lihgal18,0.7165
kib3nk_ta,mas eng69,0.6533
kib3nk_ta,mhrullam,0.7442
kib3nk_ta,mmmmm,0.694
kib3nk_ta,mommy bibiel,0.7576
kib3nk_ta,muhammadchilung,0.7672
kib3nk_ta,naa_,0.6715
kib3nk_ta,nadhiff👾,0.7257
kib3nk_ta,narti,0.6752
kib3nk_ta,narzz🌊🌊,0.688
kib3nk_ta,neyymar kee jakarta,0.7184
kib3nk_ta,nnaann🔫,0.6846
kib3nk_ta,ol²²oy,0.6708
kib3nk_ta,oz_,0.7041
kib3nk_ta,p4tooookkkk,0.6607
kib3nk_ta,pisangambon,0.6975
kib3nk_ta,praditailhm_,0.677
kib3nk_ta,put,0.6509
kib3nk_ta,qila012,0.6981
kib3nk_ta,r,0.7112
kib3nk_ta,rpk1,0.6963
kib3nk_ta,rℹ️k🅾️🅾️🅾️,0.695
kib3nk_ta,sabitulyz,0.661
kib3nk_ta,satria 🙌,0.7115
kib3nk_ta,sendiiisen©📍,0.7645
kib3nk_ta,srylee,0.6556
kib3nk_ta,syaf__👾👾,0.7092
kib3nk_ta,talasku99,0.6938
kib3nk_ta,tam,0.7147
kib3nk_ta,tangrajinngaji,0.6802
kib3nk_ta,theeryoou,0.6559
kib3nk_ta,tofik.putra17,0.7478
kib3nk_ta,user13463#457344,0.701
kib3nk_ta,user7098643456,0.6634
kib3nk_ta,va 17hd,0.7142
kib3nk_ta,viann,0.6913
kib3nk_ta,vittss..,0.7042
kib3nk_ta,wiindoc,0.7013
kib3nk_ta,wo,0.68
kib3nk_ta,ws🪩,0.7947
kib3nk_ta,wzrd,0.6622
kib3nk_ta,yanuar,0.6549
kib3nk_ta,yesakiw,0.6724
kib3nk_ta,yyy,0.6734
kib3nk_ta,z4kk🇦🇱🇦🇱,0.6895
kib3nk_ta,zeniperr,0.6504
kib3nk_ta,zrill🇦🇱🇦🇱,0.7156
kib3nk_ta,ɴᴀᴛ,0.6599
kib3nk_ta,˚ ༘ 🦕𖦹⋆｡˚,0.7023
kib3nk_ta,فەیزال,0.7388
kib3nk_ta,™.yunz ★ 447.¥,0.6562
kib3nk_ta,⋇⋆✦chelsea ♛┈⛧♡,0.74
kib3nk_ta,★,0.6711
kib3nk_ta,ザキ・アルディアンシア,0.6546
kib3nk_ta,윙고🇲🇨🇰🇷,0.7036
kib3nk_ta,️dika_sajah,0.6825
kib3nk_ta,￴,0.7232
kib3nk_ta,￴￴,0.7026
kib3nk_ta,𝐫𝐢𝐝𝐨𝐨🕊️,0.6501
kib3nk_ta,𝕶𝖞𝖓𝖟𝖟,0.7207
kib3nk_ta,𝙋𝙍𝙄𝙉𝘾𝙀 15,0.752
kib3nk_ta,𝙖𝙩𝙨𝙨,0.6621
kib3nk_ta,𝙡𝙚𝙣𝙜,0.7872
kib3nk_ta,🔴⚪,0.6706
kib3nk_ta,🕊,0.7337
"kicau mania""😷✌",kojek,0.6671
"kicau mania""😷✌",leo,0.7492
"kicau mania""😷✌",masayu,0.6504
"kicau mania""😷✌",mhrullam,0.664
"kicau mania""😷✌",mmmmm,0.6785
"kicau mania""😷✌",mommy bibiel,0.6845
"kicau mania""😷✌",muhammadchilung,0.655
"kicau mania""😷✌",mvinta,0.6803
"kicau mania""😷✌",nar setecu🌀💤🌊,0.7075
"kicau mania""😷✌",oz_,0.6758
"kicau mania""😷✌",padil,0.6995
"kicau mania""😷✌",pangeran k,0.6977
"kicau mania""😷✌",pip2nd🧿,0.6948
"kicau mania""😷✌",pisangambon,0.6915
"kicau mania""😷✌",put,0.6972
"kicau mania""😷✌",r,0.7002
"kicau mania""😷✌",rafyy😹,0.6624
"kicau mania""😷✌",rempeyek_500🌊,0.6736
"kicau mania""😷✌",rfky,0.6832
"kicau mania""😷✌",rijakipp,0.7155
"kicau mania""😷✌",rstu💤,0.6866
"kicau mania""😷✌",satria 🙌,0.654
"kicau mania""😷✌",satyaa ✦,0.691
"kicau mania""😷✌",si kucing,0.7153
"kicau mania""😷✌",sn0w,0.678
"kicau mania""😷✌",superman,0.7004
"kicau mania""😷✌",syaf__👾👾,0.6966
"kicau mania""😷✌",talasku99,0.6709
"kicau mania""😷✌",tam,0.7091
"kicau mania""😷✌",teteh_jawa,0.6566
"kicau mania""😷✌",tofik.putra17,0.6772
"kicau mania""😷✌",vittss..,0.6936
"kicau mania""😷✌",vnn$fomo,0.6502
"kicau mania""😷✌",wiindoc,0.6692
"kicau mania""😷✌",ws🪩,0.7284
"kicau mania""😷✌",y💥💯                😛,0.6815
"kicau mania""😷✌",z4kk🇦🇱🇦🇱,0.7242
"kicau mania""😷✌",zaall,0.6807
"kicau mania""😷✌",zain,0.7292
"kicau mania""😷✌",zarr★,0.6716
"kicau mania""😷✌",⋇⋆✦chelsea ♛┈⛧♡,0.7344
"kicau mania""😷✌",★,0.6943
"kicau mania""😷✌",✧saged🌊,0.7065
"kicau mania""😷✌",ザキ・アルディアンシア,0.6869
"kicau mania""😷✌",윙고🇲🇨🇰🇷,0.6575
"kicau mania""😷✌",️dika_sajah,0.6843
"kicau mania""😷✌",￴,0.6583
"kicau mania""😷✌",𝕳𝕬𝕴𝕶𝕬𝕷 𝖁1,0.6596
"kicau mania""😷✌",𝙋𝙍𝙄𝙉𝘾𝙀 15,0.67
"kicau mania""😷✌",𝙖𝙩𝙨𝙨,0.6782
"kicau mania""😷✌",𝙡𝙚𝙣𝙜,0.703
"kicau mania""😷✌",𝙧𝙖𝙙𝙚𝙣𝙣𝙠𝙪𝙘𝙞𝙩𝙩🌊,0.6796
"kicau mania""😷✌",💋,0.6949
kii,kin_💫,0.6984
kii,mas_dawet,0.702
kii,mengomentari postingan anda,0.6842
kii,nansya ahsh,0.6793
kii,nobody,0.6647
kii,nuuuu,0.8132
kii,padil,0.7022
kii,pip2nd🧿,0.6631
kii,pisangambon,0.6691
kii,piscesmod,0.6785
kii,raffiii162,0.6936
kii,regialparij,0.6635
kii,rempeyek_500🌊,0.673
kii,rfky,0.653
kii,ryy_,0.7973
kii,safi,0.6741
kii,satyaa ✦,0.7047
kii,si kucing,0.6736
kii,stecu💤,0.7191
kii,syaf__👾👾,0.6523
kii,user7098643456,0.667
kii,vnn$fomo,0.6758
kii,wh0,0.6571
kii,z4kk🇦🇱🇦🇱,0.6654
kii,zaall,0.6932
kii,zain,0.6953
kii,zeniperr,0.6742
kii,ɴᴀᴛ,0.6636
kii,ᴘɪᴋᴀғʀɪᴇᴅᴄʜɪᴄᴋᴇɴ,0.719
kii,⛓️,0.6564
kii,𝙖𝙩𝙨𝙨,0.6585
kiking,l4ngz_strong,0.6811
kiking,lah iya,0.7848
kiking,lele_byakar@gmail.comm,0.6654
kiking,m. rizqi_,0.6762
kiking,masjack3195,0.6715
kiking,mawar hitam 🌹🗡️,0.6617
kiking,muhamad rian,0.7254
kiking,mulyati,0.66
kiking,naufabyktsr,0.6914
kiking,nobody,0.6776
kiking,nuuuuu,0.6866
kiking,n⭐👽,0.678
kiking,oftaxl,0.665
kiking,opangpar,0.6596
kiking,p4tooookkkk,0.6515
kiking,pak haji,0.7551
kiking,panggil vans✌️,0.7367
kiking,panglima boncoz,0.6907
kiking,pdpputragemilang!,0.6602
kiking,pecey yeye,0.6811
kiking,putz!!,0.6725
kiking,r4ndsyh,0.6744
kiking,raa 👧🏻,0.6611
kiking,rahmat kartolo,0.6852
kiking,railfans ngapak🅥,0.6559
kiking,reendstore,0.6834
kiking,rezz_brew,0.6526
kiking,rizzstecu✌️,0.791
kiking,sabiantiwulariata,0.6902
kiking,sapa bae,0.7065
kiking,satria 🙌,0.6759
kiking,sayaangaenii❤️‍🔥,0.6612
kiking,scc.,0.7186
kiking,secccfldsuuu21,0.689
kiking,septiana,0.6873
kiking,tinnyee,0.7261
kiking,username12375,0.7612
kiking,wdyt_,0.6524
kiking,xlx🇮🇲,0.7335
kiking,yaraaayaaaa,0.7325
kiking,yogaaa21,0.7336
kiking,zain,0.6797
kiking,zaka.ya,0.6553
kiking,zannn,0.6975
kiking,zazamm,0.6517
kiking,ziee_1901,0.6612
kiking,~~boyszzarddd~~ardboysss🇦🇱🪩,0.6914
kiking,تسلق,0.726
kiking,ಠ_ರೃ,0.6861
kiking,▪️,0.6827
kiking,♥,0.7621
kiking,𓏵,0.6885
kiking,𝑱𝒖𝒍𝒊𝒂𝒏𝒏𝒏,0.6515
kiking,𝓝𝓪𝔂𝓵𝓪_𝓓.𝓐,0.7853
kiking,𝕳𝕬𝕴𝕶𝕬𝕷 𝖁1,0.6924
kiking,"𝖂𝖍𝖔'𝕾,𝕭𝖗𝖆𝖓රධ",0.6529
kiking,𝖗𝖎𝖟𝖝𝖈𝖔🇦🇱,0.6585
kiking,𝘿𝙚𝙣,0.724
kiking,𝙾𝚛𝚢𝚣𝚊 𝚂𝚊𝚝𝚒𝚟𝚊 🌾,0.6529
kiking,🐦,0.7722
kiking,👻hsb👻,0.6557
kiking,👾,0.6866
kiking,🧋,0.7018
kiking,🫧,0.6606
kin_💫,kruxill🎃,0.651
kin_💫,lah?kenapa?,0.7156
kin_💫,lele_byakar@gmail.comm,0.6913
kin_💫,mama alzak,0.6656
kin_💫,mas_dawet,0.6853
kin_💫,mengomentari postingan anda,0.6665
kin_💫,mhrullam,0.6823
kin_💫,mommy bibiel,0.6522
kin_💫,muhammadchilung,0.6732
kin_💫,mykids,0.6569
kin_💫,naa_,0.6622
kin_💫,nnaann🔫,0.6577
kin_💫,nobody,0.6844
kin_💫,nur fadil,0.6835
kin_💫,nuuuu,0.7118
kin_💫,ol²²oy,0.6798
kin_💫,oz_,0.7075
kin_💫,p4tooookkkk,0.6777
kin_💫,patrick bateman,0.6593
kin_💫,pip2nd🧿,0.6736
kin_💫,pisangambon,0.6846
kin_💫,piscesmod,0.7572
kin_💫,praditailhm_,0.7049
kin_💫,princess 💅,0.6731
kin_💫,put,0.6748
kin_💫,putra barepjr,0.6887
kin_💫,qila012,0.6842
kin_💫,raffiii162,0.685
kin_💫,rafyy😹,0.6692
kin_💫,regialparij,0.6959
kin_💫,rempeyek_500🌊,0.697
kin_💫,rfky,0.7282
kin_💫,ryy_,0.683
kin_💫,rℹ️k🅾️🅾️🅾️,0.7154
kin_💫,safi,0.7129
kin_💫,samshl_22,0.6622
kin_💫,satria 🙌,0.6951
kin_💫,satyaa ✦,0.6892
kin_💫,scc winoww,0.6951
kin_💫,scc.,0.6602
kin_💫,secccfldsuuu21,0.7293
kin_💫,sendiiisen©📍,0.6695
kin_💫,si kucing,0.7207
kin_💫,sn0w,0.7166
kin_💫,stecu💤,0.7348
kin_💫,syaf__👾👾,0.7567
kin_💫,talasku99,0.6681
kin_💫,tam,0.7122
kin_💫,taxi barang purwokerto,0.727
kin_💫,teteh_jawa,0.6977
kin_💫,the last good man,0.6555
kin_💫,theeryoou,0.662
kin_💫,tofik.putra17,0.7094
kin_💫,user13463#457344,0.6639
kin_💫,user7098643456,0.7337
kin_💫,uuppio,0.6706
kin_💫,va 17hd,0.6887
kin_💫,van pablo,0.6542
kin_💫,viann,0.6947
kin_💫,vittss..,0.6814
kin_💫,wiindoc,0.654
kin_💫,ws🪩,0.7331
kin_💫,yogaaa21,0.6575
kin_💫,yyy,0.7891
kin_💫,y💥💯                😛,0.6653
kin_💫,z4kk🇦🇱🇦🇱,0.664
kin_💫,zaall,0.6978
kin_💫,zain,0.6552
kin_💫,zazamm,0.7001
kin_💫,zeniperr,0.7198
kin_💫,ɴᴀᴛ,0.7123
kin_💫,˚ ༘ 🦕𖦹⋆｡˚,0.7192
kin_💫,⋇⋆✦chelsea ♛┈⛧♡,0.6712
kin_💫,☝️👌👌cc,0.6545
kin_💫,⛓️,0.6738
kin_💫,✌️,0.6512
kin_💫,マᥱž𝚊,0.6602
kin_💫,윙고🇲🇨🇰🇷,0.6525
kin_💫,️dika_sajah,0.7062
kin_💫,￴ ￴ ￴  ￴ ￴ ￴ ￴ ￴,0.6716
kin_💫,𝐫𝐢𝐝𝐨𝐨🕊️,0.6868
kin_💫,𝕳𝕬𝕴𝕶𝕬𝕷 𝖁1,0.7018
kin_💫,𝕶𝖞𝖓𝖟𝖟,0.6605
kin_💫,𝙋𝙍𝙄𝙉𝘾𝙀 15,0.6626
kin_💫,𝙡𝙚𝙣𝙜,0.7444
kin_💫,𝙧𝙖𝙙𝙚𝙣𝙣𝙠𝙪𝙘𝙞𝙩𝙩🌊,0.7046
kin_💫,💋,0.6968
kin_💫,🕊,0.7091
king persija,na.,0.6934
king persija,nyong,0.6614
king persija,p1n,0.696
king persija,pangerankodok77,0.6655
king persija,parell✈️💤,0.6614
king persija,pikaars?,0.6627
king persija,proo,0.6614
king persija,rass.,0.6614
king persija,sestu,0.6774
king persija,sucilestaripp_08,0.6732
king persija,syakila pbg,0.6774
king persija,tll,0.6952
king persija,wdyt_,0.6716
king persija,wong gringsing,0.6774
king persija,yafzz•𝙯𝙤𝙡𝙙𝙮𝙠🔰💤,0.6655
king persija,y🅰️hya?,0.7334
king persija,z4m,0.6594
king persija,تسلق,0.6856
king persija,່,0.6614
king persija,✧-ta_kepkat,0.6719
king persija,❤️💛💚,0.6524
king persija,𝑦𝑦𝑦𝑦,0.7334
king persija,"𝖂𝖍𝖔'𝕾,𝕭𝖗𝖆𝖓රධ",0.6848
king persija,𝗕𝗠𝗞𝗚,0.6614
king persija,𝘁𝗿ē𝗻𝗱à𝗻𝘇𝘅,0.6614
king persija,💫,0.6975
king persija,🔥theeam3ll⚡,0.6675
kitekle_,lekngasu,0.6939
kitekle_,nuuuu,0.6553
kitekle_,pisangambon,0.6616
kitekle_,rimzsukaessedoublechange🤤,0.6816
kitekle_,rpk1,0.6713
kitekle_,selialls,0.6656
kitekle_,sn0w,0.6661
kitekle_,vinss,0.6849
kitekle_,ɴᴀᴛ,0.6541
kizy🇦🇱,mamaz ap,0.8173
kizy🇦🇱,maswilll,0.6997
kizy🇦🇱,maypen🍉,0.6616
kizy🇦🇱,mrco,0.684
kizy🇦🇱,ndaru,0.6527
kizy🇦🇱,nha_nha88,0.708
kizy🇦🇱,r e t z,0.6629
kizy🇦🇱,rian(rivan fian),0.7039
kizy🇦🇱,ririss,0.6516
kizy🇦🇱,saitama.botak6,0.6947
kizy🇦🇱,sandhi686,0.7021
kizy🇦🇱,se'pull_maxwill,0.6732
kizy🇦🇱,spilloutfittrendy,0.7183
kizy🇦🇱,tem - tem★★★,0.6904
kizy🇦🇱,tole bf official316,0.7117
kizy🇦🇱,ultrambuttttt,0.6721
kizy🇦🇱,"wong""plosok",0.7419
kizy🇦🇱,xy_don🚀,0.7201
kizy🇦🇱,zye hehe,0.6864
kizy🇦🇱,˚꩜｡⋆˚࿔ 𝔂𝓪𝔂𝓪 𝜗𝜚˚⋆🧸ྀི,0.7258
kizy🇦🇱,⭐zka,0.6769
kizy🇦🇱,𝕬𝖟𝖐𝖆 𝖋𝖔𝖗 𝖞𝖔𝖚,0.6922
kizy🇦🇱,𝘾𝙖𝙡𝙤𝙣 𝙃𝘼𝙅𝙄,0.6963
kkpann!,kojek,0.6713
kkpann!,leo,0.7174
kkpann!,losemyself,0.7259
kkpann!,masayu,0.8392
kkpann!,nar setecu🌀💤🌊,0.6608
kkpann!,narti,0.6627
kkpann!,nnaann🔫,0.6857
kkpann!,orensport,0.6718
kkpann!,p4tooookkkk,0.6975
kkpann!,padil,0.7189
kkpann!,pangeran k,0.7038
kkpann!,pdpputragemilang!,0.6637
kkpann!,pip2nd🧿,0.6933
kkpann!,pisangambon,0.6629
kkpann!,put,0.7081
kkpann!,rahmat kartolo,0.7332
kkpann!,railfans ngapak🅥,0.7777
kkpann!,rempeyek_500🌊,0.6992
kkpann!,rfky,0.6812
kkpann!,rijakipp,0.7055
kkpann!,rivann.ahah,0.7183
kkpann!,rpk1,0.6593
kkpann!,s u m m e r .,0.6674
kkpann!,sabiantiwulariata,0.6844
kkpann!,sbkecu,0.6609
kkpann!,set? iy syng,0.6521
kkpann!,si kucing,0.6796
kkpann!,single era,0.6652
kkpann!,sleep the saunt,0.8419
kkpann!,stecu💤,0.6566
kkpann!,tika kartika,0.655
kkpann!,user1233833380586,0.6872
kkpann!,user7098643456,0.6873
kkpann!,vnn$fomo,0.6959
kkpann!,wong elek,0.6832
kkpann!,wongwonganmumet,0.7491
kkpann!,y💥💯                😛,0.7686
kkpann!,z4kk🇦🇱🇦🇱,0.6853
kkpann!,zain,0.7156
kkpann!,ziee_1901,0.6733
kkpann!,zrill🇦🇱🇦🇱,0.6985
kkpann!,เςคภ,0.6562
kkpann!,່ ‍ a,0.6684
kkpann!,꧁epep꧂,0.7559
kkpann!,️dika_sajah,0.6985
kkpann!,￴,0.7172
kkpann!,𝙧𝙖𝙙𝙚𝙣𝙣𝙠𝙪𝙘𝙞𝙩𝙩🌊,0.6554
kkpann!,💋,0.6985
kkpann!,😡,0.6855
kmu gpp zaa?,maa....,0.7584
kmu gpp zaa?,mamaz ap,0.7057
kmu gpp zaa?,nha_nha88,0.7384
kmu gpp zaa?,rian(rivan fian),0.7367
kmu gpp zaa?,spilloutfittrendy,0.6967
kmu gpp zaa?,"wong""plosok",0.676
kmu gpp zaa?,xy_don🚀,0.7549
kmu gpp zaa?,zexx'777,0.6628
kmu gpp zaa?,zye hehe,0.801
kmu gpp zaa?,𝕬𝖟𝖐𝖆 𝖋𝖔𝖗 𝖞𝖔𝖚,0.7453
kmu gpp zaa?,𝘾𝙖𝙡𝙤𝙣 𝙃𝘼𝙅𝙄,0.6586
kmu gpp zaa?,𝙎𝘽𝙎 001_𝙨𝙠𝙖𝙮 𝙮𝙚𝙡𝙤𝙬,0.7381
kojek,l4nkk,0.6808
kojek,laris manis store,0.7164
kojek,lihgal18,0.6583
kojek,mallbelajarbaik,0.6616
kojek,mas eng69,0.6726
kojek,masayu,0.6894
kojek,mhrullam,0.7439
kojek,mmmmm,0.7548
kojek,mommy bibiel,0.7209
kojek,muhammadchilung,0.7597
kojek,naa_,0.6517
kojek,nabati,0.6844
kojek,nadhiff👾,0.69
kojek,nar setecu🌀💤🌊,0.7035
kojek,narti,0.7205
kojek,neyymar kee jakarta,0.7596
kojek,nnaann🔫,0.6706
kojek,notzstrongboyss,0.6964
kojek,orensport,0.6958
kojek,p4tooookkkk,0.7017
kojek,padil,0.6732
kojek,pangeran k,0.6959
kojek,pdpputragemilang!,0.6621
kojek,pisangambon,0.7478
kojek,put,0.7438
kojek,r,0.6692
kojek,rahmat kartolo,0.6623
kojek,rijakipp,0.659
kojek,rimzsukaessedoublechange🤤,0.6685
kojek,rmdn,0.6537
kojek,rndra,0.6551
kojek,rpk1,0.7823
kojek,s u m m e r .,0.776
kojek,satria 🙌,0.7444
kojek,sendiiisen©📍,0.7333
kojek,single era,0.7439
kojek,sleep the saunt,0.6873
kojek,suyato jowo,0.7004
kojek,tangrajinngaji,0.6964
kojek,tika kartika,0.7293
kojek,tofik.putra17,0.7157
kojek,topexx11,0.7
kojek,ujangkedu,0.6685
kojek,user13463#457344,0.6675
kojek,van pablo,0.7056
kojek,vittss..,0.6704
kojek,wo,0.6634
kojek,wong elek,0.6809
kojek,wongwonganmumet,0.6956
kojek,ws🪩,0.717
kojek,wzrd,0.7263
kojek,yanuar,0.7601
kojek,yesakiw,0.6903
kojek,y💥💯                😛,0.6642
kojek,z4kk🇦🇱🇦🇱,0.7908
kojek,zrill🇦🇱🇦🇱,0.745
kojek,المجتهد,0.7434
kojek,فەیزال,0.7572
kojek,เςคภ,0.8406
kojek,່ ‍ a,0.7276
kojek,™.yunz ★ 447.¥,0.6834
kojek,⋇⋆✦chelsea ♛┈⛧♡,0.6575
kojek,ザキ・アルディアンシア,0.6884
kojek,윙고🇲🇨🇰🇷,0.6755
kojek,️dika_sajah,0.7298
kojek,￴,0.7687
kojek,￴￴,0.7192
kojek,𝐫𝐢𝐝𝐨𝐨🕊️,0.6619
kojek,𝕶𝖞𝖓𝖟𝖟,0.6641
kojek,𝙋𝙍𝙄𝙉𝘾𝙀 15,0.692
kojek,𝙖𝙩𝙨𝙨,0.7556
kojek,𝙡𝙚𝙣𝙜,0.6927
kojek,💋,0.6716
kojek,🔴⚪,0.7299
kojek,🕊,0.6531
kojek,😡,0.6658
kojek,🤴🏽,0.7107
kojek,🪫,0.69
kriss,lakmen,0.72
kriss,mbuull🫀,1.0
kriss,r.a sbg team,0.7732
kruxill🎃,l4nkk,0.6963
kruxill🎃,lah iya,0.8068
kruxill🎃,lah?kenapa?,0.6778
kruxill🎃,lele_byakar@gmail.comm,0.8838
kruxill🎃,lihgal18,0.8255
kruxill🎃,mawar hitam 🌹🗡️,0.9547
kruxill🎃,mawarr,0.7372
kruxill🎃,mengomentari postingan anda,0.6996
kruxill🎃,mhrullam,0.7765
kruxill🎃,mka. kka,0.6897
kruxill🎃,muhammadchilung,0.7621
kruxill🎃,nadhiff👾,0.8159
kruxill🎃,narti,0.7075
kruxill🎃,narzz🌊🌊,0.6795
kruxill🎃,ndre4you,0.755
kruxill🎃,nggaaa,0.6711
kruxill🎃,nino,0.6893
kruxill🎃,nnaann🔫,0.7128
kruxill🎃,nobody,0.8069
kruxill🎃,ol²²oy,0.8977
kruxill🎃,oz_,0.6733
kruxill🎃,p4tooookkkk,0.7053
kruxill🎃,pak haji,0.6695
kruxill🎃,patirrrv2🖤,0.6562
kruxill🎃,pisangambon,0.6932
kruxill🎃,praditailhm_,0.7763
kruxill🎃,princess 💅,0.715
kruxill🎃,put,0.7012
kruxill🎃,qila012,0.7863
kruxill🎃,rahmanpru,0.6853
kruxill🎃,rahmat kartolo,0.7086
kruxill🎃,rempeyek_500🌊,0.6787
kruxill🎃,rio,0.7412
kruxill🎃,rivann.ahah,0.6526
kruxill🎃,rizzstecu✌️,0.7186
kruxill🎃,ryy_,0.6747
kruxill🎃,rzl,0.6892
kruxill🎃,rℹ️k🅾️🅾️🅾️,0.8954
kruxill🎃,s u m m e r .,0.6617
kruxill🎃,safi,0.7395
kruxill🎃,sara ariska,0.7115
kruxill🎃,satria 🙌,0.8294
kruxill🎃,scc winoww,0.8206
kruxill🎃,scc.,0.727
kruxill🎃,secccfldsuuu21,0.7556
kruxill🎃,sendiiisen©📍,0.7614
kruxill🎃,septiana,0.7236
kruxill🎃,si kucing,0.6612
kruxill🎃,sopo》,0.7505
kruxill🎃,stecu💤,0.6902
kruxill🎃,syaf__👾👾,0.7256
kruxill🎃,talasku99,0.6745
kruxill🎃,tam,0.7104
kruxill🎃,tangrajinngaji,0.7153
kruxill🎃,teteh_jawa,0.662
kruxill🎃,the last good man,0.706
kruxill🎃,theeryoou,0.7041
kruxill🎃,tinnyee,0.8711
kruxill🎃,tofik.putra17,0.82
kruxill🎃,upin🐼,0.734
kruxill🎃,user13463#457344,0.719
kruxill🎃,user7098643456,0.6739
kruxill🎃,username12375,0.8163
kruxill🎃,va 17hd,0.7868
kruxill🎃,van pablo,0.6795
kruxill🎃,vanooo,0.6905
kruxill🎃,viann,0.7984
kruxill🎃,vittss..,0.6769
kruxill🎃,vnn$fomo,0.6679
kruxill🎃,wong elek,0.732
kruxill🎃,wongwonganmumet,0.6545
kruxill🎃,ws🪩,0.7291
kruxill🎃,wzrd,0.6745
kruxill🎃,yanuar,0.6853
kruxill🎃,yaraaayaaaa,0.6846
kruxill🎃,yogaaa21,0.8793
kruxill🎃,yyy,0.7768
kruxill🎃,z4kk🇦🇱🇦🇱,0.6972
kruxill🎃,zaall,0.6796
kruxill🎃,zain,0.6841
kruxill🎃,zaka.ya,0.7831
kruxill🎃,zannn,0.7027
kruxill🎃,zazamm,0.7991
kruxill🎃,zeniperr,0.6514
kruxill🎃,zppcx,0.699
kruxill🎃,zrill🇦🇱🇦🇱,0.7627
kruxill🎃,zrill💥,0.7256
kruxill🎃,ɴᴀᴛ,0.7189
kruxill🎃,˚ ༘ 🦕𖦹⋆｡˚,0.7635
kruxill🎃,فەیزال,0.7185
kruxill🎃,ᴘɪᴋᴀғʀɪᴇᴅᴄʜɪᴄᴋᴇɴ,0.7212
kruxill🎃,☝️👌👌cc,0.9181
kruxill🎃,♥,0.8198
kruxill🎃,✌️,0.7212
kruxill🎃,マᥱž𝚊,0.7228
kruxill🎃,꧁epep꧂,0.6533
kruxill🎃,️dika_sajah,0.6656
kruxill🎃,￴￴,0.6971
kruxill🎃,𝑱𝒖𝒍𝒊𝒂𝒏𝒏𝒏,0.8143
kruxill🎃,𝓝𝓪𝔂𝓵𝓪_𝓓.𝓐,0.691
kruxill🎃,𝕳𝕬𝕴𝕶𝕬𝕷 𝖁1,0.7333
kruxill🎃,𝕶𝖞𝖓𝖟𝖟,0.6957
kruxill🎃,𝘼𝙇𝙃𝘼𝙆𝙄𝙈𝙕,0.6583
kruxill🎃,𝘿𝙚𝙣,0.801
kruxill🎃,𝙋𝙍𝙄𝙉𝘾𝙀 15,0.669
kruxill🎃,𝙡𝙚𝙣𝙜,0.7738
kruxill🎃,𝙾𝚛𝚢𝚣𝚊 𝚂𝚊𝚝𝚒𝚟𝚊 🌾,0.7069
kruxill🎃,🏴󠁧󠁢󠁥󠁮󠁧󠁿🏴󠁧󠁢󠁥󠁮󠁧󠁿,0.7976
kruxill🎃,🐦,0.8164
kruxill🎃,🔴⚪,0.6993
kruxill🎃,🕊,0.8092
kruxill🎃,🧋,0.6779
kuwi4526,l3o m,0.658
kuwi4526,lah iya,0.7235
kuwi4526,lele_byakar@gmail.comm,0.6655
kuwi4526,mawar hitam 🌹🗡️,0.6541
kuwi4526,mengomentari postingan anda,0.7246
kuwi4526,mykids,0.6613
kuwi4526,mynnn,0.6612
kuwi4526,ndre4you,0.6899
kuwi4526,nobody,0.7074
kuwi4526,nuuuuu,0.7335
kuwi4526,n⭐👽,0.7402
kuwi4526,pak haji sara,0.691
kuwi4526,pip2nd🧿,0.6632
kuwi4526,piscesmod,0.6687
kuwi4526,r4ndsyh,0.7305
kuwi4526,raa 👧🏻,0.6771
kuwi4526,reendstore,0.6525
kuwi4526,rehan.aj,0.6572
kuwi4526,rofikkk !!,0.8056
kuwi4526,rzl,0.658
kuwi4526,sapa bae,0.6547
kuwi4526,sara ariska,0.6571
kuwi4526,satria 🙌,0.6723
kuwi4526,satyaa ✦,0.6616
kuwi4526,scc.,0.7006
kuwi4526,secccfldsuuu21,0.6508
kuwi4526,septiana,0.6722
kuwi4526,sopo》,0.6661
kuwi4526,stecu💤,0.6553
kuwi4526,taxi barang purwokerto,0.6574
kuwi4526,uuppio,0.6593
kuwi4526,vinss,0.6645
kuwi4526,zain,0.7069
kuwi4526,zazamm,0.6915
kuwi4526,zrill💥,0.6693
kuwi4526,àlwàysdip,0.8621
kuwi4526,ɴᴀᴛ,0.6867
kuwi4526,♥,0.6718
kuwi4526,❤️🐦‍⬛bralingxbonek🐊💚,0.6541
kuwi4526,マᥱž𝚊,0.6638
kuwi4526,￴ ￴ ￴  ￴ ￴ ￴ ￴ ￴,0.6598
kuwi4526,￴￴,0.6922
kuwi4526,𝓝𝓪𝔂𝓵𝓪_𝓓.𝓐,0.6665
kuwi4526,𝖗𝖎𝖟𝖝𝖈𝖔🇦🇱,0.6693
kuwi4526,𝘉𝘐 𝔟𝔢𝔫𝔠𝔦 𝔠𝔦𝔫𝔱𝔞~,0.6849
kuwi4526,𝘼𝙇𝙃𝘼𝙆𝙄𝙈𝙕,0.6714
kuwi4526,𝘽𝙚𝙣𝙣𝙣!,0.6611
kuwi4526,𝘿𝙚𝙣,0.704
kuwi4526,𝙾𝚛𝚢𝚣𝚊 𝚂𝚊𝚝𝚒𝚟𝚊 🌾,0.7262
kuwi4526,🐦,0.6802
kuwi4526,👻hsb👻,0.6531
kuwi4526,👾,0.7335
kuwi4526,💩.,0.6981
kuwi4526,🕸️,0.6689
kuwi4526,🧋,0.6537
kyy,nuuuu,0.6512
kyy,😡,0.6728
l3o m,lah iya,0.6993
l3o m,m. rizqi_,0.6788
l3o m,martati,0.6819
l3o m,masjack3195,0.7096
l3o m,mbahnya nafisha dan sava,0.6922
l3o m,mengomentari postingan anda,0.7415
l3o m,mynnn,0.6812
l3o m,naufabyktsr,0.7402
l3o m,nick!!!,0.6977
l3o m,nobody,0.6752
l3o m,nuuuuu,0.7593
l3o m,pak haji sara,0.7993
l3o m,princess 💅,0.6703
l3o m,r4ndsyh,0.6746
l3o m,rzl,0.6876
l3o m,sapa bae,0.6667
l3o m,sayaangaenii❤️‍🔥,0.7033
l3o m,scc.,0.6922
l3o m,secccfldsuuu21,0.6651
l3o m,septiana,0.6575
l3o m,sopo》,0.7668
l3o m,tinnyee,0.6735
l3o m,uuppio,0.6912
l3o m,wh0,0.6803
l3o m,xlx🇮🇲,0.6538
l3o m,yaraaayaaaa,0.6579
l3o m,zaka.ya,0.6657
l3o m,zannn,0.6717
l3o m,zrill💥,0.8223
l3o m,~~boyszzarddd~~ardboysss🇦🇱🪩,0.7402
l3o m,▪️,0.7761
l3o m,𝕳𝕬𝕴𝕶𝕬𝕷 𝖁1,0.6835
l3o m,𝙾𝚛𝚢𝚣𝚊 𝚂𝚊𝚝𝚒𝚟𝚊 🌾,0.7269
l3o m,🐦,0.6609
l3o m,👻hsb👻,0.9062
l3o m,👾,0.7593
l3o m,🧋,0.6959
l4ngz_strong,lah iya,0.7091
l4ngz_strong,m. rizqi_,0.6548
l4ngz_strong,mama alzak,0.7304
l4ngz_strong,masjack3195,0.6588
l4ngz_strong,mawarr,0.6639
l4ngz_strong,mynnn,0.6867
l4ngz_strong,nggaaa,0.7996
l4ngz_strong,nuuuuu,0.6544
l4ngz_strong,panglima boncoz,0.664
l4ngz_strong,patirrrv2🖤,0.8801
l4ngz_strong,patrick bateman,0.7683
l4ngz_strong,pecey yeye,1.0
l4ngz_strong,princess 💅,0.7074
l4ngz_strong,r4ndsyh,0.6569
l4ngz_strong,rahmat kartolo,0.695
l4ngz_strong,rizzstecu✌️,0.6696
l4ngz_strong,rzl,0.7324
l4ngz_strong,samshl_22,0.8836
l4ngz_strong,sapa bae,0.7868
l4ngz_strong,scc.,0.7454
l4ngz_strong,septiana,0.6554
l4ngz_strong,the last good man,0.6675
l4ngz_strong,tinnyee,0.6679
l4ngz_strong,username12375,0.6957
l4ngz_strong,uuppio,0.7757
l4ngz_strong,yaraaayaaaa,0.6806
l4ngz_strong,yogszz⚡,0.6505
l4ngz_strong,yyy,0.6603
l4ngz_strong,zazamm,0.672
l4ngz_strong,zrill💥,0.6616
l4ngz_strong,𝕳𝕬𝕴𝕶𝕬𝕷 𝖁1,0.6512
l4ngz_strong,𝘿𝙚𝙣,0.6963
l4ngz_strong,🐦,0.7269
l4ngz_strong,👻hsb👻,0.6631
l4ngz_strong,👾,0.6544
l4ngz_strong,🧋,0.7538
l4nkk,laris manis store,0.6603
l4nkk,lele_byakar@gmail.comm,0.705
l4nkk,lihgal18,0.8772
l4nkk,mawar hitam 🌹🗡️,0.6817
l4nkk,mawarr,0.6644
l4nkk,mhrullam,0.7722
l4nkk,mmmmm,0.757
l4nkk,muhammadchilung,0.739
l4nkk,naa_,0.6527
l4nkk,nadhiff👾,0.8393
l4nkk,narti,0.7488
l4nkk,narzz🌊🌊,0.7528
l4nkk,neyymar kee jakarta,0.7931
l4nkk,nobody,0.6643
l4nkk,ol²²oy,0.7456
l4nkk,oz_,0.7713
l4nkk,p4tooookkkk,0.7392
l4nkk,padil,0.6937
l4nkk,pak haji sara,0.6509
l4nkk,pisangambon,0.7208
l4nkk,praditailhm_,0.8754
l4nkk,princess 💅,0.6806
l4nkk,put,0.7269
l4nkk,qila012,0.7626
l4nkk,raf,0.7021
l4nkk,rahmat kartolo,0.72
l4nkk,rijakipp,0.6958
l4nkk,rzl,0.671
l4nkk,rℹ️k🅾️🅾️🅾️,0.7108
l4nkk,s u m m e r .,0.6849
l4nkk,samshl_22,0.6622
l4nkk,sara ariska,0.668
l4nkk,satria 🙌,0.7286
l4nkk,scc winoww,0.7182
l4nkk,scc.,0.6693
l4nkk,sendiiisen©📍,0.7751
l4nkk,si kucing,0.685
l4nkk,srylee,0.6716
l4nkk,suyato jowo,0.7993
l4nkk,tam,0.6848
l4nkk,tangrajinngaji,0.8717
l4nkk,tinnyee,0.6814
l4nkk,tofik.putra17,0.7799
l4nkk,user13463#457344,0.7657
l4nkk,va 17hd,0.8011
l4nkk,van pablo,0.7077
l4nkk,vanooo,0.6921
l4nkk,viann,0.8904
l4nkk,vittss..,0.6524
l4nkk,wo,0.7649
l4nkk,wong elek,0.7671
l4nkk,wongwonganmumet,0.665
l4nkk,ws🪩,0.6946
l4nkk,wzrd,0.7839
l4nkk,yanuar,0.7558
l4nkk,yogaaa21,0.6827
l4nkk,yyy,0.7155
l4nkk,y💥💯                😛,0.6984
l4nkk,zaka.ya,0.7374
l4nkk,zarr★,0.6986
l4nkk,zazamm,0.8109
l4nkk,zrill🇦🇱🇦🇱,0.7468
l4nkk,˚ ༘ 🦕𖦹⋆｡˚,0.7077
l4nkk,المجتهد,0.6507
l4nkk,فەیزال,0.6769
l4nkk,⋇⋆✦chelsea ♛┈⛧♡,0.7159
l4nkk,★,0.6651
l4nkk,☝️👌👌cc,0.7318
l4nkk,✌️,0.7434
l4nkk,ザキ・アルディアンシア,0.6858
l4nkk,윙고🇲🇨🇰🇷,0.7149
l4nkk,️dika_sajah,0.6866
l4nkk,￴,0.6956
l4nkk,￴￴,0.7665
l4nkk,𝑱𝒖𝒍𝒊𝒂𝒏𝒏𝒏,0.725
l4nkk,𝕳𝕬𝕴𝕶𝕬𝕷 𝖁1,0.6638
l4nkk,𝕶𝖞𝖓𝖟𝖟,0.7038
l4nkk,𝘼𝙇𝙃𝘼𝙆𝙄𝙈𝙕,0.7587
l4nkk,𝘿𝙚𝙣,0.7055
l4nkk,𝙋𝙍𝙄𝙉𝘾𝙀 15,0.6939
l4nkk,𝙡𝙚𝙣𝙜,0.7274
l4nkk,🎮,0.7976
l4nkk,🏴󠁧󠁢󠁥󠁮󠁧󠁿🏴󠁧󠁢󠁥󠁮󠁧󠁿,0.6546
l4nkk,🐦,0.651
l4nkk,🔴⚪,0.7982
l4nkk,🕊,0.7938
lah iya,lah?kenapa?,0.6713
lah iya,lele_byakar@gmail.comm,0.7959
lah iya,lihgal18,0.705
lah iya,m. rizqi_,0.7472
lah iya,martati,0.7245
lah iya,masjack3195,0.6849
lah iya,masrianto manalu,0.6679
lah iya,mawar hitam 🌹🗡️,0.8492
lah iya,mawarr,0.7084
lah iya,mbahnya nafisha dan sava,0.6821
lah iya,mengomentari postingan anda,0.7149
lah iya,mhrullam,0.6844
lah iya,mka. kka,0.7507
lah iya,muhamad rian,0.7459
lah iya,muhammadchilung,0.7031
lah iya,mykids,0.7039
lah iya,nadhiff👾,0.7111
lah iya,ndre4you,0.7338
lah iya,nino,0.6671
lah iya,nobody,0.8118
lah iya,nuuuu,0.6621
lah iya,nuuuuu,0.7719
lah iya,ol²²oy,0.7695
lah iya,p4tooookkkk,0.7102
lah iya,pak haji,0.8044
lah iya,pak haji sara,0.6689
lah iya,patirrrv2🖤,0.6963
lah iya,patrick bateman,0.7093
lah iya,pecey yeye,0.7091
lah iya,pip2nd🧿,0.7363
lah iya,piscesmod,0.6678
lah iya,praditailhm_,0.6894
lah iya,princess 💅,0.759
lah iya,put,0.6537
lah iya,qila012,0.6809
lah iya,r4ndsyh,0.7337
lah iya,raa 👧🏻,0.6715
lah iya,rahmanpru,0.6734
lah iya,rahmat kartolo,0.7699
lah iya,reendstore,0.6815
lah iya,rio,0.6853
lah iya,rivann.ahah,0.6791
lah iya,rizzstecu✌️,0.8453
lah iya,rzl,0.763
lah iya,rℹ️k🅾️🅾️🅾️,0.7872
lah iya,safi,0.6556
lah iya,samshl_22,0.6847
lah iya,sapa bae,0.7437
lah iya,sara ariska,0.7095
lah iya,satria 🙌,0.8562
lah iya,sayaangaenii❤️‍🔥,0.7149
lah iya,scc winoww,0.756
lah iya,scc.,0.8421
lah iya,secccfldsuuu21,0.793
lah iya,septiana,0.7406
lah iya,si kucing,0.6524
lah iya,sopo》,0.7799
lah iya,stecu💤,0.7014
lah iya,syaf__👾👾,0.6814
lah iya,tam,0.6914
lah iya,taxi barang purwokerto,0.6736
lah iya,the last good man,0.7585
lah iya,theeryoou,0.6692
lah iya,tinnyee,0.8181
lah iya,tofik.putra17,0.7451
lah iya,trisis,0.6526
lah iya,username12375,0.7717
lah iya,uuppio,0.7341
lah iya,van pablo,0.6656
lah iya,vannn opet,0.6602
lah iya,vanooo,0.6562
lah iya,viann,0.7094
lah iya,vinss,0.723
lah iya,vnn$fomo,0.7207
lah iya,wdyt_,0.6633
lah iya,weird zeze🇩🇪,0.6961
lah iya,wong elek,0.6539
lah iya,ws🪩,0.671
lah iya,wzrd,0.6545
lah iya,xlx🇮🇲,0.6721
lah iya,yaraaayaaaa,0.7848
lah iya,yogaaa21,0.8083
lah iya,yyy,0.669
lah iya,z4kk🇦🇱🇦🇱,0.6975
lah iya,zaall,0.6984
lah iya,zain,0.7829
lah iya,zaka.ya,0.7778
lah iya,zannn,0.797
lah iya,zazamm,0.7433
lah iya,zppcx,0.7002
lah iya,zrill🇦🇱🇦🇱,0.7075
lah iya,zrill💥,0.7548
lah iya,àlwàysdip,0.745
lah iya,ɴᴀᴛ,0.6604
lah iya,˚ ༘ 🦕𖦹⋆｡˚,0.7015
lah iya,تسلق,0.6675
lah iya,فەیزال,0.666
lah iya,ᴘɪᴋᴀғʀɪᴇᴅᴄʜɪᴄᴋᴇɴ,0.6895
lah iya,▪️,0.6523
lah iya,☝️👌👌cc,0.8106
lah iya,♥,0.8987
lah iya,マᥱž𝚊,0.6972
lah iya,𝐫𝐢𝐝𝐨𝐨🕊️,0.6503
lah iya,𝑱𝒖𝒍𝒊𝒂𝒏𝒏𝒏,0.713
lah iya,𝓝𝓪𝔂𝓵𝓪_𝓓.𝓐,0.7948
lah iya,𝕳𝕬𝕴𝕶𝕬𝕷 𝖁1,0.7966
lah iya,𝘉𝘐 𝔟𝔢𝔫𝔠𝔦 𝔠𝔦𝔫𝔱𝔞~,0.6757
lah iya,𝘿𝙚𝙣,0.7639
lah iya,𝙡𝙚𝙣𝙜,0.6809
lah iya,𝙾𝚛𝚢𝚣𝚊 𝚂𝚊𝚝𝚒𝚟𝚊 🌾,0.7969
lah iya,🏴󠁧󠁢󠁥󠁮󠁧󠁿🏴󠁧󠁢󠁥󠁮󠁧󠁿,0.7261
lah iya,🐦,0.7952
lah iya,👻hsb👻,0.6809
lah iya,👾,0.7719
lah iya,💋,0.7068
lah iya,🕊,0.7196
lah iya,🧋,0.7853
lah?kenapa?,lele_byakar@gmail.comm,0.7317
lah?kenapa?,lihgal18,0.6653
lah?kenapa?,mawar hitam 🌹🗡️,0.7186
lah?kenapa?,mbahnya nafisha dan sava,0.6643
lah?kenapa?,mhrullam,0.6799
lah?kenapa?,mka. kka,0.6757
lah?kenapa?,mommy bibiel,0.7328
lah?kenapa?,muhammadchilung,0.7006
lah?kenapa?,mvinta,0.6838
lah?kenapa?,naa_,0.6623
lah?kenapa?,nadhiff👾,0.6777
lah?kenapa?,nino,0.6833
lah?kenapa?,nnaann🔫,0.7168
lah?kenapa?,nobody,0.7244
lah?kenapa?,nuuuu,0.7022
lah?kenapa?,ol²²oy,0.6784
lah?kenapa?,pisangambon,0.6624
lah?kenapa?,piscesmod,0.7354
lah?kenapa?,put,0.7876
lah?kenapa?,qila012,0.6787
lah?kenapa?,raffiii162,0.6705
lah?kenapa?,rahmanpru,0.6821
lah?kenapa?,regialparij,0.6641
lah?kenapa?,rfky,0.6846
lah?kenapa?,rℹ️k🅾️🅾️🅾️,0.7906
lah?kenapa?,sabitulyz,0.6626
lah?kenapa?,safi,0.6744
lah?kenapa?,satria 🙌,0.7624
lah?kenapa?,satyaa ✦,0.7024
lah?kenapa?,scc winoww,0.7238
lah?kenapa?,secccfldsuuu21,0.6987
lah?kenapa?,sendiiisen©📍,0.7456
lah?kenapa?,set? iy syng,0.7431
lah?kenapa?,si kucing,0.6745
lah?kenapa?,stecu💤,0.7838
lah?kenapa?,syaf__👾👾,0.6927
lah?kenapa?,talasku99,0.7126
lah?kenapa?,tam,0.6852
lah?kenapa?,taxi barang purwokerto,0.7233
lah?kenapa?,teteh_jawa,0.7808
lah?kenapa?,the last good man,0.6802
lah?kenapa?,theeryoou,0.706
lah?kenapa?,tofik.putra17,0.6901
lah?kenapa?,user13463#457344,0.6771
lah?kenapa?,user7098643456,0.7163
lah?kenapa?,userr4532552,0.6556
lah?kenapa?,va 17hd,0.6643
lah?kenapa?,van pablo,0.6647
lah?kenapa?,vanooo,0.6671
lah?kenapa?,varkon🚀🚀,0.7292
lah?kenapa?,vittss..,0.7177
lah?kenapa?,wongwonganmumet,0.7067
lah?kenapa?,ws🪩,0.7014
lah?kenapa?,wtf.prilz,0.6556
lah?kenapa?,wzrd,0.6911
lah?kenapa?,yogaaa21,0.6648
lah?kenapa?,yyy,0.6652
lah?kenapa?,z4kk🇦🇱🇦🇱,0.7426
lah?kenapa?,zaall,0.7353
lah?kenapa?,zain,0.6842
lah?kenapa?,zannn,0.653
lah?kenapa?,zeniperr,0.7952
lah?kenapa?,zrill🇦🇱🇦🇱,0.656
lah?kenapa?,àlwàysdip,0.681
lah?kenapa?,ɓøɓ mārlɛƴ!!⛓️,0.6541
lah?kenapa?,ɴᴀᴛ,0.769
lah?kenapa?,˚ ༘ 🦕𖦹⋆｡˚,0.7269
lah?kenapa?,فەیزال,0.6629
lah?kenapa?,☝️👌👌cc,0.691
lah?kenapa?,マᥱž𝚊,0.7105
lah?kenapa?,윙고🇲🇨🇰🇷,0.7107
lah?kenapa?,️dika_sajah,0.7697
lah?kenapa?,￴ ￴ ￴  ￴ ￴ ￴ ￴ ￴,0.7263
lah?kenapa?,￴￴,0.6838
lah?kenapa?,𝐫𝐢𝐝𝐨𝐨🕊️,0.6858
lah?kenapa?,𝕳𝕬𝕴𝕶𝕬𝕷 𝖁1,0.6821
lah?kenapa?,𝙋𝙍𝙄𝙉𝘾𝙀 15,0.6892
lah?kenapa?,𝙡𝙚𝙣𝙜,0.7663
lah?kenapa?,𝙧𝙖𝙙𝙚𝙣𝙣𝙠𝙪𝙘𝙞𝙩𝙩🌊,0.7303
lah?kenapa?,🐣,0.6705
lah?kenapa?,💋,0.8065
lah?kenapa?,🕊,0.7472
lah?kenapa?,😡,0.6729
lakmen,luthfyyy,0.6829
lakmen,mas_drun,0.6829
lakmen,mbuull🫀,0.72
lakmen,nanangmungils1,0.6693
lakmen,nipzzz,0.65
lakmen,panzskbd,0.6693
lakmen,paqihh,0.6512
lakmen,pikaars?,0.6917
lakmen,pitawidiono,0.6902
lakmen,r.a sbg team,0.7969
lakmen,rezx2nd,0.6874
lakmen,riff,0.6874
lakmen,scorpio🦂,0.6874
lakmen,sinfloww,0.6829
lakmen,tri yulianti,0.6693
lakmen,veri ramandani18,0.6829
lakmen,wisnu krishna,0.6913
lakmen,yuliazaa,0.6885
lakmen,น้ำอุ่น กัญญาภัทร เต๊กอ๋อต้ง,0.6885
lakmen,⠀ ⠀ ⠀ ⠀ ⠀᠌,0.6693
lakmen,レザ,0.6531
lakmen,🐚🫧🪩,0.6766
langzz,p4n_🤷‍♂️🤷‍♂️,0.6599
langzz,r,0.6647
langzz,risky⛔️🆘️,0.7294
langzz,rstu💤,0.6577
langzz,tokoserbada12,0.7855
langzz,vanzzz,0.6544
langzz,wawud,0.8093
langzz,ye,0.6642
langzz,🕸,0.8122
langzz,😂,0.664
langzz,🥷,0.7422
langzz,🪽,0.6671
laris manis store,mhrullam,0.6742
laris manis store,narti,0.7115
laris manis store,notzstrongboyss,0.752
laris manis store,orensport,0.6646
laris manis store,ovii ..,0.7931
laris manis store,rio,0.6593
laris manis store,rpk1,0.6678
laris manis store,s u m m e r .,0.7435
laris manis store,suyato jowo,0.7451
laris manis store,tangrajinngaji,0.6563
laris manis store,tika kartika,0.7202
laris manis store,tofik.putra17,0.672
laris manis store,topexx11,0.8013
laris manis store,wong elek,0.6655
laris manis store,yanuar,0.7194
laris manis store,zrill🇦🇱🇦🇱,0.6594
laris manis store,المجتهد,0.6555
laris manis store,เςคภ,0.6824
laris manis store,￴,0.6769
laris manis store,🔴⚪,0.7095
laris manis store,🤴🏽,0.7236
lekngasu,luhur budi permana,0.738
lekngasu,mnopqrst,0.7388
lekngasu,mulyati,0.8021
lekngasu,rara,0.86
lekngasu,rndra,0.713
lekngasu,selialls,0.6683
lekngasu,vinss,0.7023
lekngasu,wdyt_,0.7708
lekngasu,weird zeze🇩🇪,0.6732
lekngasu,yonipujihermanto71,0.681
lekngasu,ಠ_ರೃ,0.6531
lekngasu,เςคภ,0.6537
lekngasu,꧁epep꧂,0.6712
lekngasu,𓏵,0.7449
lele_byakar@gmail.comm,lihgal18,0.807
lele_byakar@gmail.comm,masrianto manalu,0.6738
lele_byakar@gmail.comm,mawar hitam 🌹🗡️,0.9155
lele_byakar@gmail.comm,mawarr,0.7171
lele_byakar@gmail.comm,mbahnya nafisha dan sava,0.7118
lele_byakar@gmail.comm,mengomentari postingan anda,0.691
lele_byakar@gmail.comm,mhrullam,0.7487
lele_byakar@gmail.comm,mka. kka,0.7199
lele_byakar@gmail.comm,muhamad rian,0.6766
lele_byakar@gmail.comm,muhammadchilung,0.7486
lele_byakar@gmail.comm,mykids,0.6598
lele_byakar@gmail.comm,nadhiff👾,0.7982
lele_byakar@gmail.comm,narti,0.6806
lele_byakar@gmail.comm,narzz🌊🌊,0.7022
lele_byakar@gmail.comm,ndre4you,0.7266
lele_byakar@gmail.comm,nino,0.6857
lele_byakar@gmail.comm,nnaann🔫,0.7396
lele_byakar@gmail.comm,nobody,0.7869
lele_byakar@gmail.comm,nur fadil,0.6712
lele_byakar@gmail.comm,nuuuu,0.656
lele_byakar@gmail.comm,ol²²oy,0.8825
lele_byakar@gmail.comm,oz_,0.6738
lele_byakar@gmail.comm,p4tooookkkk,0.7449
lele_byakar@gmail.comm,pak haji,0.7465
lele_byakar@gmail.comm,pak haji sara,0.6622
lele_byakar@gmail.comm,patirrrv2🖤,0.6663
lele_byakar@gmail.comm,pisangambon,0.681
lele_byakar@gmail.comm,piscesmod,0.6698
lele_byakar@gmail.comm,praditailhm_,0.7867
lele_byakar@gmail.comm,princess 💅,0.7235
lele_byakar@gmail.comm,put,0.7027
lele_byakar@gmail.comm,qila012,0.8255
lele_byakar@gmail.comm,raa 👧🏻,0.6637
lele_byakar@gmail.comm,raf,0.6592
lele_byakar@gmail.comm,raffiii162,0.6587
lele_byakar@gmail.comm,rafyy😹,0.6598
lele_byakar@gmail.comm,rahmanpru,0.7341
lele_byakar@gmail.comm,rahmat kartolo,0.7173
lele_byakar@gmail.comm,rempeyek_500🌊,0.6641
lele_byakar@gmail.comm,rio,0.672
lele_byakar@gmail.comm,rizzstecu✌️,0.7155
lele_byakar@gmail.comm,rzl,0.6955
lele_byakar@gmail.comm,rℹ️k🅾️🅾️🅾️,0.8891
lele_byakar@gmail.comm,safi,0.7893
lele_byakar@gmail.comm,samshl_22,0.6502
lele_byakar@gmail.comm,sara ariska,0.704
lele_byakar@gmail.comm,satria 🙌,0.8191
lele_byakar@gmail.comm,scc winoww,0.8651
lele_byakar@gmail.comm,scc.,0.7441
lele_byakar@gmail.comm,secccfldsuuu21,0.7779
lele_byakar@gmail.comm,sendiiisen©📍,0.8102
lele_byakar@gmail.comm,septiana,0.7113
lele_byakar@gmail.comm,set? iy syng,0.6719
lele_byakar@gmail.comm,si kucing,0.6618
lele_byakar@gmail.comm,sopo》,0.7159
lele_byakar@gmail.comm,stecu💤,0.7502
lele_byakar@gmail.comm,syaf__👾👾,0.7109
lele_byakar@gmail.comm,talasku99,0.6504
lele_byakar@gmail.comm,tam,0.699
lele_byakar@gmail.comm,tangrajinngaji,0.7445
lele_byakar@gmail.comm,taxi barang purwokerto,0.6717
lele_byakar@gmail.comm,teteh_jawa,0.7216
lele_byakar@gmail.comm,the last good man,0.6978
lele_byakar@gmail.comm,theeryoou,0.7682
lele_byakar@gmail.comm,tinnyee,0.8761
lele_byakar@gmail.comm,tofik.putra17,0.7951
lele_byakar@gmail.comm,trisis,0.6587
lele_byakar@gmail.comm,upin🐼,0.7293
lele_byakar@gmail.comm,user13463#457344,0.7858
lele_byakar@gmail.comm,user7098643456,0.6772
lele_byakar@gmail.comm,username12375,0.8013
lele_byakar@gmail.comm,uuppio,0.6502
lele_byakar@gmail.comm,va 17hd,0.7812
lele_byakar@gmail.comm,van pablo,0.6896
lele_byakar@gmail.comm,vanooo,0.6987
lele_byakar@gmail.comm,varkon🚀🚀,0.6896
lele_byakar@gmail.comm,viann,0.7895
lele_byakar@gmail.comm,vittss..,0.6955
lele_byakar@gmail.comm,wong elek,0.7651
lele_byakar@gmail.comm,wongwonganmumet,0.6525
lele_byakar@gmail.comm,ws🪩,0.7476
lele_byakar@gmail.comm,wzrd,0.6913
lele_byakar@gmail.comm,yanuar,0.7167
lele_byakar@gmail.comm,yaraaayaaaa,0.7153
lele_byakar@gmail.comm,yogaaa21,0.8847
lele_byakar@gmail.comm,yyy,0.7663
lele_byakar@gmail.comm,z4kk🇦🇱🇦🇱,0.6852
lele_byakar@gmail.comm,zaall,0.6661
lele_byakar@gmail.comm,zain,0.7365
lele_byakar@gmail.comm,zaka.ya,0.792
lele_byakar@gmail.comm,zannn,0.7181
lele_byakar@gmail.comm,zazamm,0.8483
lele_byakar@gmail.comm,zeniperr,0.6667
lele_byakar@gmail.comm,zppcx,0.6771
lele_byakar@gmail.comm,zrill🇦🇱🇦🇱,0.7439
lele_byakar@gmail.comm,zrill💥,0.6911
lele_byakar@gmail.comm,àlwàysdip,0.68
lele_byakar@gmail.comm,ɴᴀᴛ,0.7202
lele_byakar@gmail.comm,˚ ༘ 🦕𖦹⋆｡˚,0.8098
lele_byakar@gmail.comm,فەیزال,0.6913
lele_byakar@gmail.comm,☝️👌👌cc,0.8836
lele_byakar@gmail.comm,♥,0.7727
lele_byakar@gmail.comm,✌️,0.7171
lele_byakar@gmail.comm,マᥱž𝚊,0.7529
lele_byakar@gmail.comm,윙고🇲🇨🇰🇷,0.6568
lele_byakar@gmail.comm,️dika_sajah,0.6944
lele_byakar@gmail.comm,￴ ￴ ￴  ￴ ￴ ￴ ￴ ￴,0.7131
lele_byakar@gmail.comm,￴￴,0.6896
lele_byakar@gmail.comm,𝐫𝐢𝐝𝐨𝐨🕊️,0.6601
lele_byakar@gmail.comm,𝑱𝒖𝒍𝒊𝒂𝒏𝒏𝒏,0.8338
lele_byakar@gmail.comm,𝓝𝓪𝔂𝓵𝓪_𝓓.𝓐,0.7369
lele_byakar@gmail.comm,𝕳𝕬𝕴𝕶𝕬𝕷 𝖁1,0.7557
lele_byakar@gmail.comm,𝕶𝖞𝖓𝖟𝖟,0.7086
lele_byakar@gmail.comm,𝘼𝙇𝙃𝘼𝙆𝙄𝙈𝙕,0.6756
lele_byakar@gmail.comm,𝘿𝙚𝙣,0.842
lele_byakar@gmail.comm,𝙋𝙍𝙄𝙉𝘾𝙀 15,0.7342
lele_byakar@gmail.comm,𝙡𝙚𝙣𝙜,0.8001
lele_byakar@gmail.comm,𝙾𝚛𝚢𝚣𝚊 𝚂𝚊𝚝𝚒𝚟𝚊 🌾,0.6758
lele_byakar@gmail.comm,🏴󠁧󠁢󠁥󠁮󠁧󠁿🏴󠁧󠁢󠁥󠁮󠁧󠁿,0.8501
lele_byakar@gmail.comm,🐣,0.683
lele_byakar@gmail.comm,🐦,0.818
lele_byakar@gmail.comm,💋,0.6732
lele_byakar@gmail.comm,💩.,0.7296
lele_byakar@gmail.comm,🔴⚪,0.717
lele_byakar@gmail.comm,🕊,0.8411
lele_byakar@gmail.comm,🧋,0.6899
leo,masayu,0.6645
leo,mmmmm,0.7153
leo,mvinta,0.6859
leo,padil,0.7103
leo,pip2nd🧿,0.6864
leo,put,0.6752
leo,rfky,0.6829
leo,rijakipp,0.7198
leo,si kucing,0.6644
leo,single era,0.652
leo,wzrd,0.6621
leo,y💥💯                😛,0.7476
leo,zarr★,0.6632
leo,⋇⋆✦chelsea ♛┈⛧♡,0.7289
leo,★,0.6976
lianaa,nanangmungils1,0.6525
lianaa,nipzzz,0.6589
lianaa,panzskbd,0.6525
lianaa,r 4 5 ya,0.6952
lianaa,tri yulianti,0.6525
lianaa,vann 🌳,0.6505
lianaa,⠀ ⠀ ⠀ ⠀ ⠀᠌,0.6525
lihgal18,mawar hitam 🌹🗡️,0.8151
lihgal18,mawarr,0.7072
lihgal18,mengomentari postingan anda,0.6543
lihgal18,mhrullam,0.7935
lihgal18,mmmmm,0.6633
lihgal18,mommy bibiel,0.6761
lihgal18,muhammadchilung,0.7774
lihgal18,mykids,0.6548
lihgal18,naa_,0.6533
lihgal18,nadhiff👾,0.9552
lihgal18,narti,0.7453
lihgal18,narzz🌊🌊,0.7458
lihgal18,ndre4you,0.7142
lihgal18,neyymar kee jakarta,0.6898
lihgal18,nggaaa,0.7251
lihgal18,nnaann🔫,0.6738
lihgal18,nobody,0.7459
lihgal18,ol²²oy,0.8749
lihgal18,oz_,0.7313
lihgal18,p4tooookkkk,0.6948
lihgal18,patirrrv2🖤,0.6668
lihgal18,pisangambon,0.7111
lihgal18,praditailhm_,0.8648
lihgal18,princess 💅,0.7004
lihgal18,put,0.7173
lihgal18,qila012,0.782
lihgal18,raf,0.6659
lihgal18,rahmat kartolo,0.7235
lihgal18,rzl,0.6671
lihgal18,rℹ️k🅾️🅾️🅾️,0.8548
lihgal18,s u m m e r .,0.6874
lihgal18,safi,0.6656
lihgal18,samshl_22,0.6723
lihgal18,sara ariska,0.6786
lihgal18,satria 🙌,0.8152
lihgal18,scc winoww,0.8052
lihgal18,scc.,0.7504
lihgal18,secccfldsuuu21,0.6601
lihgal18,sendiiisen©📍,0.8219
lihgal18,septiana,0.674
lihgal18,si kucing,0.6505
lihgal18,srylee,0.6614
lihgal18,stecu💤,0.6794
lihgal18,suyato jowo,0.7706
lihgal18,syaf__👾👾,0.7218
lihgal18,tam,0.7621
lihgal18,tangrajinngaji,0.8511
lihgal18,theeryoou,0.6802
lihgal18,tinnyee,0.7417
lihgal18,tofik.putra17,0.834
lihgal18,trisis,0.6534
lihgal18,upin🐼,0.6692
lihgal18,user13463#457344,0.7738
lihgal18,user7098643456,0.6555
lihgal18,username12375,0.6897
lihgal18,va 17hd,0.7998
lihgal18,van pablo,0.6908
lihgal18,vanooo,0.6937
lihgal18,viann,0.8925
lihgal18,vittss..,0.6977
lihgal18,wo,0.7111
lihgal18,wong elek,0.7683
lihgal18,ws🪩,0.7503
lihgal18,wzrd,0.7181
lihgal18,yanuar,0.7174
lihgal18,yogaaa21,0.7751
lihgal18,yyy,0.7591
lihgal18,z4kk🇦🇱🇦🇱,0.6774
lihgal18,zaall,0.6749
lihgal18,zaka.ya,0.7366
lihgal18,zazamm,0.8499
lihgal18,zeniperr,0.6782
lihgal18,zrill🇦🇱🇦🇱,0.772
lihgal18,zrill💥,0.6521
lihgal18,ɴᴀᴛ,0.695
lihgal18,˚ ༘ 🦕𖦹⋆｡˚,0.7518
lihgal18,فەیزال,0.7377
lihgal18,⋇⋆✦chelsea ♛┈⛧♡,0.6701
lihgal18,☝️👌👌cc,0.874
lihgal18,♥,0.6559
lihgal18,✌️,0.7914
lihgal18,ザキ・アルディアンシア,0.6737
lihgal18,マᥱž𝚊,0.7208
lihgal18,윙고🇲🇨🇰🇷,0.6929
lihgal18,️dika_sajah,0.6817
lihgal18,￴,0.6794
lihgal18,￴ ￴ ￴  ￴ ￴ ￴ ￴ ￴,0.6847
lihgal18,￴￴,0.7797
lihgal18,𝐫𝐢𝐝𝐨𝐨🕊️,0.6515
lihgal18,𝑱𝒖𝒍𝒊𝒂𝒏𝒏𝒏,0.7948
lihgal18,𝕳𝕬𝕴𝕶𝕬𝕷 𝖁1,0.6886
lihgal18,𝕶𝖞𝖓𝖟𝖟,0.7468
lihgal18,𝘼𝙇𝙃𝘼𝙆𝙄𝙈𝙕,0.7557
lihgal18,𝘿𝙚𝙣,0.7935
lihgal18,𝙋𝙍𝙄𝙉𝘾𝙀 15,0.7217
lihgal18,𝙡𝙚𝙣𝙜,0.791
lihgal18,🎮,0.7551
lihgal18,🏴󠁧󠁢󠁥󠁮󠁧󠁿🏴󠁧󠁢󠁥󠁮󠁧󠁿,0.7434
lihgal18,🐦,0.7478
lihgal18,🔴⚪,0.7705
lihgal18,🕊,0.831
lizanzzstore,ꦲꦼꦤ꧀ꦝꦺꦴꦱ꧀,0.658
losemyself,mazz ar31,0.6548
losemyself,pangeran k,0.7045
losemyself,railfans ngapak🅥,0.691
losemyself,sabiantiwulariata,0.6778
losemyself,vnn$fomo,0.6905
losemyself,zain,0.7052
losemyself,ziee_1901,0.6996
losemyself,꧁epep꧂,0.7272
luhur budi permana,mnopqrst,0.6567
luhur budi permana,rara,0.6851
luthfyyy,mas_drun,1.0
luthfyyy,n4uf@l 4j4,0.6723
luthfyyy,nanangmungils1,0.8055
luthfyyy,nipzzz,0.7101
luthfyyy,panzskbd,0.8055
luthfyyy,pikaars?,0.681
luthfyyy,pitawidiono,0.7697
luthfyyy,r 4 5 ya,0.7866
luthfyyy,r.a sbg team,0.7145
luthfyyy,rezx2nd,0.7107
luthfyyy,riff,0.7107
luthfyyy,sannzxkce,0.6506
luthfyyy,scorpio🦂,0.7107
luthfyyy,seli🌸,0.8043
luthfyyy,sinfloww,1.0
luthfyyy,sopo iki?,0.6912
luthfyyy,tri yulianti,0.8055
luthfyyy,veri ramandani18,1.0
luthfyyy,wien,0.8043
luthfyyy,wisnu krishna,0.7068
luthfyyy,ye,0.6586
luthfyyy,yuliazaa,0.7331
luthfyyy,น้ำอุ่น กัญญาภัทร เต๊กอ๋อต้ง,0.7331
luthfyyy,⚽,0.8043
luthfyyy,⠀ ⠀ ⠀ ⠀ ⠀᠌,0.8055
luthfyyy,レザ,0.7607
luthfyyy,𝕱_v2,0.6945
luthfyyy,🌵dnd's_mom🌵,0.7323
m. rizqi_,martati,0.7261
m. rizqi_,masjack3195,0.7796
m. rizqi_,mbuhsapa🤥,0.6564
m. rizqi_,muhamad rian,0.6518
m. rizqi_,naufabyktsr,0.6815
m. rizqi_,ndre4you,0.6636
m. rizqi_,nick!!!,0.6584
m. rizqi_,nuuuuu,0.6975
m. rizqi_,pak haji,0.7075
m. rizqi_,panglima boncoz,0.7534
m. rizqi_,pecey yeye,0.6548
m. rizqi_,princess 💅,0.6733
m. rizqi_,r4ndsyh,0.7979
m. rizqi_,ranji💤,0.7098
m. rizqi_,reendstore,0.8252
m. rizqi_,rizzstecu✌️,0.7947
m. rizqi_,rzl,0.7106
m. rizqi_,sapa bae,0.7378
m. rizqi_,sara ariska,0.6898
m. rizqi_,sayaangaenii❤️‍🔥,0.8151
m. rizqi_,scc.,0.7512
m. rizqi_,septiana,0.7016
m. rizqi_,sopo》,0.6888
m. rizqi_,the last good man,0.6977
m. rizqi_,tinnyee,0.6542
m. rizqi_,username12375,0.6626
m. rizqi_,userr4532552,0.7093
m. rizqi_,uuppio,0.7643
m. rizqi_,weird zeze🇩🇪,0.705
m. rizqi_,xlx🇮🇲,0.6767
m. rizqi_,yaraaayaaaa,0.6599
m. rizqi_,zrill💥,0.6635
m. rizqi_,~~boyszzarddd~~ardboysss🇦🇱🪩,0.6815
m. rizqi_,▪️,0.658
m. rizqi_,♥,0.7035
m. rizqi_,ꦲꦼꦤ꧀ꦝꦺꦴꦱ꧀,0.6853
m. rizqi_,𝓝𝓪𝔂𝓵𝓪_𝓓.𝓐,0.6639
m. rizqi_,𝘉𝘐 𝔟𝔢𝔫𝔠𝔦 𝔠𝔦𝔫𝔱𝔞~,0.6694
m. rizqi_,𝙾𝚛𝚢𝚣𝚊 𝚂𝚊𝚝𝚒𝚟𝚊 🌾,0.8133
m. rizqi_,👻hsb👻,0.6889
m. rizqi_,👾,0.6975
m. rizqi_,🧋,0.7485
m6uladi.,mas boy,0.6629
m6uladi.,maulll suka suka,0.7002
m6uladi.,nopallanakbaik,0.7339
m6uladi.,osdaglog14,0.6574
m6uladi.,puji_kodrat,0.6526
m6uladi.,rezz_brew,0.6516
m6uladi.,someone,0.7406
m6uladi.,tole bf official316,0.6778
m6uladi.,wongurip,0.723
m6uladi.,˚꩜｡⋆˚࿔ 𝔂𝓪𝔂𝓪 𝜗𝜚˚⋆🧸ྀི,0.6544
m6uladi.,🚀🚀cool_tg🇮🇩⚽🎉,0.7114
maa....,mamaz ap,0.7327
maa....,maswilll,0.7391
maa....,nafz?yakena😹🤓🤭😋,0.6643
maa....,namaku atha,0.7059
maa....,nha_nha88,0.7714
maa....,rian(rivan fian),0.7786
maa....,ririss,0.6591
maa....,spilloutfittrendy,0.6676
maa....,xy_don🚀,0.7737
maa....,zexx'777,0.7672
maa....,zye hehe,0.7983
maa....,ɓøɓ mārlɛƴ!!⛓️,0.7006
maa....,𝕬𝖟𝖐𝖆 𝖋𝖔𝖗 𝖞𝖔𝖚,0.7812
maa....,𝙎𝘽𝙎 001_𝙨𝙠𝙖𝙮 𝙮𝙚𝙡𝙤𝙬,0.7639
maa....,𝙔𝙊𝙂𝙂𝘼𝘼⭐💦,0.6782
mahendri,n4uf@l 4j4,0.766
mahendri,nanangmungils1,0.7803
mahendri,nipzzz,0.6943
mahendri,p!n,0.6512
mahendri,p4n_🤷‍♂️🤷‍♂️,0.6807
mahendri,panzskbd,0.7803
mahendri,rezx2nd,0.6602
mahendri,riff,0.6602
mahendri,scorpio🦂,0.6602
mahendri,tri yulianti,0.7803
mahendri,ye,0.7309
mahendri,zaza,0.6966
mahendri,⠀ ⠀ ⠀ ⠀ ⠀᠌,0.7803
mallbelajarbaik,r,0.7246
mallbelajarbaik,sabitulyz,0.6663
mallbelajarbaik,ujangkedu,0.6561
mallbelajarbaik,wiwut,0.6565
mallbelajarbaik,xybca_fad,0.6714
mallbelajarbaik,เςคภ,0.658
mama alzak,mas_dawet,0.6982
mama alzak,mawarr,0.6696
mama alzak,padil,0.6605
mama alzak,patirrrv2🖤,0.7331
mama alzak,patrick bateman,0.851
mama alzak,pecey yeye,0.7304
mama alzak,pip2nd🧿,0.7491
mama alzak,princess 💅,0.6911
mama alzak,regialparij,0.706
mama alzak,rempeyek_500🌊,0.6673
mama alzak,rfky,0.6518
mama alzak,rzl,0.6759
mama alzak,samshl_22,0.8171
mama alzak,si kucing,0.7325
mama alzak,sn0w,0.7181
mama alzak,sri wahyuningsih,0.6866
mama alzak,the last good man,0.697
mama alzak,uuppio,0.7457
mama alzak,yogszz⚡,0.8036
mama alzak,yyy,0.7769
mama alzak,zain,0.6756
mama alzak,ᴘɪᴋᴀғʀɪᴇᴅᴄʜɪᴄᴋᴇɴ,0.6899
mamaz ap,maswilll,0.7875
mamaz ap,maypen🍉,0.6656
mamaz ap,mrco,0.7094
mamaz ap,nafz?yakena😹🤓🤭😋,0.6565
mamaz ap,namaku atha,0.708
mamaz ap,nayor,0.746
mamaz ap,ndaru,0.6998
mamaz ap,nha_nha88,0.8103
mamaz ap,r e t z,0.7558
mamaz ap,ramadani🌀,0.7443
mamaz ap,rian(rivan fian),0.7893
mamaz ap,rimzsukaessedoublechange🤤,0.6775
mamaz ap,ririss,0.7142
mamaz ap,saitama.botak6,0.7564
mamaz ap,sandhi686,0.7486
mamaz ap,se'pull_maxwill,0.7252
mamaz ap,spilloutfittrendy,0.7879
mamaz ap,sri66790,0.698
mamaz ap,tem - tem★★★,0.719
mamaz ap,tole bf official316,0.6999
mamaz ap,ultrambuttttt,0.6787
mamaz ap,wong kene bae,0.6632
mamaz ap,"wong""plosok",0.7729
mamaz ap,xy_don🚀,0.8216
mamaz ap,yoo🅰️jahh,0.6619
mamaz ap,zexx'777,0.7191
mamaz ap,zye hehe,0.8201
mamaz ap,ɓøɓ mārlɛƴ!!⛓️,0.7002
mamaz ap,˚꩜｡⋆˚࿔ 𝔂𝓪𝔂𝓪 𝜗𝜚˚⋆🧸ྀི,0.7437
mamaz ap,⭐zka,0.8058
mamaz ap,𝕬𝖟𝖐𝖆 𝖋𝖔𝖗 𝖞𝖔𝖚,0.8061
mamaz ap,𝘾𝙖𝙡𝙤𝙣 𝙃𝘼𝙅𝙄,0.7442
mamaz ap,𝙎𝘽𝙎 001_𝙨𝙠𝙖𝙮 𝙮𝙚𝙡𝙤𝙬,0.7548
mamaz ap,𝙢𝙖𝙖𝙖𝙖𝙖𝙖𝙨𝙨𝙨𝙠𝙖𝙣𝙣𝙣,0.6618
martati,masjack3195,0.7164
martati,muhamad rian,0.6861
martati,nobody,0.6682
martati,nuuuuu,0.6587
martati,pak haji,0.65
martati,patrick bateman,0.6804
martati,pip2nd🧿,0.663
martati,princess 💅,0.7048
martati,r4ndsyh,0.6989
martati,reendstore,0.6712
martati,rzl,0.7019
martati,sapa bae,0.6939
martati,sara ariska,0.6604
martati,sayaangaenii❤️‍🔥,0.7198
martati,scc.,0.6925
martati,secccfldsuuu21,0.6532
martati,the last good man,0.6676
martati,userr4532552,0.6546
martati,uuppio,0.6716
martati,yaraaayaaaa,0.6548
martati,zain,0.6962
martati,zaka.ya,0.6587
martati,zannn,0.6817
martati,àlwàysdip,0.6569
martati,𝙾𝚛𝚢𝚣𝚊 𝚂𝚊𝚝𝚒𝚟𝚊 🌾,0.7326
martati,👾,0.6587
martati,🧋,0.7235
mas eng69,mhrullam,0.6588
mas eng69,putz!!,0.7237
mas eng69,s u m m e r .,0.6744
mas eng69,sbkecu,0.6666
mas eng69,yanuar,0.656
mas eng69,zrill🇦🇱🇦🇱,0.6526
mas eng69,เςคภ,0.661
mas eng69,𝑱𝒖𝒍𝒊𝒂𝒏𝒏𝒏,0.6574
mas_dawet,mawarr,0.7329
mas_dawet,mengomentari postingan anda,0.693
mas_dawet,ndre4you,0.7073
mas_dawet,nino,0.6722
mas_dawet,nuuuu,0.7336
mas_dawet,oz_,0.6586
mas_dawet,padil,0.6609
mas_dawet,pak haji sara,0.6728
mas_dawet,patrick bateman,0.6939
mas_dawet,pip2nd🧿,0.7059
mas_dawet,pisangambon,0.6794
mas_dawet,piscesmod,0.701
mas_dawet,praditailhm_,0.6856
mas_dawet,princess 💅,0.6657
mas_dawet,raffiii162,0.7595
mas_dawet,rafyy😹,0.7267
mas_dawet,regialparij,0.7204
mas_dawet,rempeyek_500🌊,0.6636
mas_dawet,rfky,0.67
mas_dawet,ryy_,0.7828
mas_dawet,safi,0.6845
mas_dawet,sara ariska,0.7407
mas_dawet,satyaa ✦,0.6821
mas_dawet,si kucing,0.7426
mas_dawet,sn0w,0.7022
mas_dawet,sri wahyuningsih,0.7041
mas_dawet,stecu💤,0.6708
mas_dawet,syaf__👾👾,0.6672
mas_dawet,talasku99,0.6523
mas_dawet,tam,0.6883
mas_dawet,taxi barang purwokerto,0.6729
mas_dawet,upin🐼,0.6538
mas_dawet,user7098643456,0.6626
mas_dawet,va 17hd,0.6618
mas_dawet,viann,0.6802
mas_dawet,vittss..,0.6907
mas_dawet,wiindoc,0.6563
mas_dawet,ws🪩,0.658
mas_dawet,xspeedx,0.6694
mas_dawet,yogszz⚡,0.6729
mas_dawet,yyy,0.732
mas_dawet,y💥💯                😛,0.6612
mas_dawet,zaall,0.6612
mas_dawet,zain,0.6732
mas_dawet,zazamm,0.7012
mas_dawet,zppcx,0.654
mas_dawet,ɴᴀᴛ,0.6809
mas_dawet,ᴘɪᴋᴀғʀɪᴇᴅᴄʜɪᴄᴋᴇɴ,0.7683
mas_dawet,★,0.7233
mas_dawet,⛓️,0.7617
mas_dawet,✌️,0.6909
mas_dawet,𝖇𝖎𝖎𝖑𝖆,0.6908
mas_dawet,𝘼𝙇𝙃𝘼𝙆𝙄𝙈𝙕,0.6543
mas_dawet,𝙡𝙚𝙣𝙜,0.666
mas_dawet,🕊,0.6517
mas_drun,n4uf@l 4j4,0.6723
mas_drun,nanangmungils1,0.8055
mas_drun,nipzzz,0.7101
mas_drun,panzskbd,0.8055
mas_drun,pikaars?,0.681
mas_drun,pitawidiono,0.7697
mas_drun,r 4 5 ya,0.7866
mas_drun,r.a sbg team,0.7145
mas_drun,rezx2nd,0.7107
mas_drun,riff,0.7107
mas_drun,sannzxkce,0.6506
mas_drun,scorpio🦂,0.7107
mas_drun,seli🌸,0.8043
mas_drun,sinfloww,1.0
mas_drun,sopo iki?,0.6912
mas_drun,tri yulianti,0.8055
mas_drun,veri ramandani18,1.0
mas_drun,wien,0.8043
mas_drun,wisnu krishna,0.7068
mas_drun,ye,0.6586
mas_drun,yuliazaa,0.7331
mas_drun,น้ำอุ่น กัญญาภัทร เต๊กอ๋อต้ง,0.7331
mas_drun,⚽,0.8043
mas_drun,⠀ ⠀ ⠀ ⠀ ⠀᠌,0.8055
mas_drun,レザ,0.7607
mas_drun,𝕱_v2,0.6945
mas_drun,🌵dnd's_mom🌵,0.7323
masarrrr,rian(rivan fian),0.6987
masarrrr,zye hehe,0.6608
masayu,mhrullam,0.6567
masayu,mmmmm,0.6711
masayu,nar setecu🌀💤🌊,0.6523
masayu,narti,0.6739
masayu,narzz🌊🌊,0.6665
masayu,nnaann🔫,0.7057
masayu,orensport,0.6864
masayu,p4tooookkkk,0.7223
masayu,padil,0.7434
masayu,pip2nd🧿,0.7178
masayu,pisangambon,0.6962
masayu,put,0.7371
masayu,rahmat kartolo,0.7321
masayu,railfans ngapak🅥,0.7088
masayu,rempeyek_500🌊,0.7204
masayu,rfky,0.6725
masayu,rijakipp,0.754
masayu,rivann.ahah,0.7055
masayu,rpk1,0.7231
masayu,s u m m e r .,0.679
masayu,satria 🙌,0.6609
masayu,satyaa ✦,0.6658
masayu,si kucing,0.7293
masayu,single era,0.6545
masayu,sleep the saunt,0.8713
masayu,stecu💤,0.6759
masayu,suyato jowo,0.6751
masayu,tangrajinngaji,0.6509
masayu,tika kartika,0.7158
masayu,tofik.putra17,0.664
masayu,topexx11,0.6609
masayu,user1233833380586,0.7073
masayu,user7098643456,0.6736
masayu,vnn$fomo,0.684
masayu,wo,0.6541
masayu,wong elek,0.7289
masayu,wongwonganmumet,0.7493
masayu,wzrd,0.6924
masayu,yanuar,0.6529
masayu,yyy,0.6503
masayu,y💥💯                😛,0.7026
masayu,z4kk🇦🇱🇦🇱,0.7227
masayu,zaall,0.6667
masayu,zain,0.703
masayu,zaka.ya,0.6886
masayu,ziee_1901,0.67
masayu,zrill🇦🇱🇦🇱,0.7365
masayu,เςคภ,0.6591
masayu,່ ‍ a,0.6655
masayu,꧁epep꧂,0.7131
masayu,️dika_sajah,0.7113
masayu,￴,0.7838
masayu,𝙖𝙩𝙨𝙨,0.6728
masayu,𝙧𝙖𝙙𝙚𝙣𝙣𝙠𝙪𝙘𝙞𝙩𝙩🌊,0.6783
masayu,💋,0.728
masayu,🕊,0.6571
masayu,😡,0.6785
masjack3195,naufabyktsr,0.6994
masjack3195,ndre4you,0.7029
masjack3195,nuuuuu,0.6536
masjack3195,panglima boncoz,0.7932
masjack3195,pecey yeye,0.6588
masjack3195,princess 💅,0.6858
masjack3195,r4ndsyh,0.723
masjack3195,reendstore,0.7595
masjack3195,rzl,0.7236
masjack3195,sapa bae,0.792
masjack3195,sara ariska,0.7
masjack3195,sayaangaenii❤️‍🔥,0.8777
masjack3195,scc.,0.6744
masjack3195,septiana,0.7863
masjack3195,uuppio,0.741
masjack3195,~~boyszzarddd~~ardboysss🇦🇱🪩,0.6994
masjack3195,▪️,0.6948
masjack3195,𝙾𝚛𝚢𝚣𝚊 𝚂𝚊𝚝𝚒𝚟𝚊 🌾,0.875
masjack3195,🐦,0.6569
masjack3195,👻hsb👻,0.6976
masjack3195,👾,0.6536
masjack3195,🧋,0.7189
masrianto manalu,mawar hitam 🌹🗡️,0.7097
masrianto manalu,nino,0.6566
masrianto manalu,rahmanpru,0.817
masrianto manalu,rℹ️k🅾️🅾️🅾️,0.6608
masrianto manalu,sopo》,0.6719
masrianto manalu,tinnyee,0.6816
masrianto manalu,u,0.6853
masrianto manalu,upin🐼,0.793
masrianto manalu,varkon🚀🚀,0.7908
masrianto manalu,wzrd,0.718
masrianto manalu,zrill💥,0.6507
masrianto manalu,☝️👌👌cc,0.6677
masrianto manalu,♥,0.6662
masrianto manalu,🏴󠁧󠁢󠁥󠁮󠁧󠁿🏴󠁧󠁢󠁥󠁮󠁧󠁿,0.6918
masrianto manalu,🕊,0.6541
maswilll,nafz?yakena😹🤓🤭😋,0.6826
maswilll,namaku atha,0.7205
maswilll,nayor,0.6765
maswilll,ndaru,0.6977
maswilll,nha_nha88,0.7853
maswilll,r e t z,0.7205
maswilll,rian(rivan fian),0.8192
maswilll,rimzsukaessedoublechange🤤,0.7851
maswilll,ririss,0.7121
maswilll,saitama.botak6,0.7004
maswilll,se'pull_maxwill,0.7181
maswilll,spilloutfittrendy,0.7515
maswilll,sri66790,0.6806
maswilll,tole bf official316,0.6593
maswilll,ultrambuttttt,0.6623
maswilll,van pablo,0.6682
maswilll,"wong""plosok",0.7075
maswilll,xy_don🚀,0.7617
maswilll,zexx'777,0.7743
maswilll,zouheir.yaz_ze,0.7262
maswilll,zye hehe,0.7507
maswilll,| ig : @aseprmadanni,0.6803
maswilll,ɓøɓ mārlɛƴ!!⛓️,0.8037
maswilll,˚꩜｡⋆˚࿔ 𝔂𝓪𝔂𝓪 𝜗𝜚˚⋆🧸ྀི,0.6623
maswilll,⭐zka,0.7439
maswilll,윙고🇲🇨🇰🇷,0.6641
maswilll,𝐫𝐢𝐝𝐨𝐨🕊️,0.6948
maswilll,𝕬𝖟𝖐𝖆 𝖋𝖔𝖗 𝖞𝖔𝖚,0.7411
maswilll,𝘾𝙖𝙡𝙤𝙣 𝙃𝘼𝙅𝙄,0.7241
maswilll,𝙔𝙊𝙂𝙂𝘼𝘼⭐💦,0.6872
maulll suka suka,n,0.6632
maulll suka suka,osdaglog14,0.684
maulll suka suka,reendstore,0.6778
maulll suka suka,rehan.aj,0.6646
maulll suka suka,rezz_brew,0.6546
maulll suka suka,ristiani14,0.6802
maulll suka suka,rndkatsny,0.6526
maulll suka suka,saitama.botak6,0.6675
maulll suka suka,tole bf official316,0.6974
maulll suka suka,vannn opet,0.684
maulll suka suka,˚꩜｡⋆˚࿔ 𝔂𝓪𝔂𝓪 𝜗𝜚˚⋆🧸ྀི,0.6535
maulll suka suka,"𝖂𝖍𝖔'𝕾,𝕭𝖗𝖆𝖓රධ",0.6507
maulll suka suka,𝖗𝖎𝖟𝖝𝖈𝖔🇦🇱,0.6525
maulll suka suka,🫧,0.7008
mawar hitam 🌹🗡️,mawarr,0.7395
mawar hitam 🌹🗡️,mbahnya nafisha dan sava,0.6997
mawar hitam 🌹🗡️,mengomentari postingan anda,0.7113
mawar hitam 🌹🗡️,mhrullam,0.7513
mawar hitam 🌹🗡️,mka. kka,0.7139
mawar hitam 🌹🗡️,muhamad rian,0.6663
mawar hitam 🌹🗡️,muhammadchilung,0.7439
mawar hitam 🌹🗡️,nadhiff👾,0.7956
mawar hitam 🌹🗡️,narti,0.6803
mawar hitam 🌹🗡️,narzz🌊🌊,0.6811
mawar hitam 🌹🗡️,ndre4you,0.7558
mawar hitam 🌹🗡️,nggaaa,0.6622
mawar hitam 🌹🗡️,nino,0.7219
mawar hitam 🌹🗡️,nnaann🔫,0.7046
mawar hitam 🌹🗡️,nobody,0.8032
mawar hitam 🌹🗡️,nur fadil,0.6614
mawar hitam 🌹🗡️,nuuuuu,0.6718
mawar hitam 🌹🗡️,ol²²oy,0.9153
mawar hitam 🌹🗡️,p4tooookkkk,0.6987
mawar hitam 🌹🗡️,pak haji,0.7047
mawar hitam 🌹🗡️,patirrrv2🖤,0.6682
mawar hitam 🌹🗡️,pip2nd🧿,0.6573
mawar hitam 🌹🗡️,pisangambon,0.6603
mawar hitam 🌹🗡️,praditailhm_,0.789
mawar hitam 🌹🗡️,princess 💅,0.7329
mawar hitam 🌹🗡️,put,0.7129
mawar hitam 🌹🗡️,qila012,0.7874
mawar hitam 🌹🗡️,rahmanpru,0.7382
mawar hitam 🌹🗡️,rahmat kartolo,0.7213
mawar hitam 🌹🗡️,rempeyek_500🌊,0.6733
mawar hitam 🌹🗡️,rio,0.7839
mawar hitam 🌹🗡️,rivann.ahah,0.6593
mawar hitam 🌹🗡️,rizzstecu✌️,0.7787
mawar hitam 🌹🗡️,ryy_,0.664
mawar hitam 🌹🗡️,rzl,0.7008
mawar hitam 🌹🗡️,rℹ️k🅾️🅾️🅾️,0.9149
mawar hitam 🌹🗡️,safi,0.7356
mawar hitam 🌹🗡️,sara ariska,0.7123
mawar hitam 🌹🗡️,satria 🙌,0.8539
mawar hitam 🌹🗡️,scc winoww,0.8514
mawar hitam 🌹🗡️,scc.,0.7545
mawar hitam 🌹🗡️,secccfldsuuu21,0.7629
mawar hitam 🌹🗡️,sendiiisen©📍,0.778
mawar hitam 🌹🗡️,septiana,0.718
mawar hitam 🌹🗡️,si kucing,0.6626
mawar hitam 🌹🗡️,sopo》,0.8009
mawar hitam 🌹🗡️,stecu💤,0.7153
mawar hitam 🌹🗡️,syaf__👾👾,0.7194
mawar hitam 🌹🗡️,talasku99,0.6804
mawar hitam 🌹🗡️,tam,0.7025
mawar hitam 🌹🗡️,tangrajinngaji,0.7218
mawar hitam 🌹🗡️,teteh_jawa,0.6903
mawar hitam 🌹🗡️,the last good man,0.7357
mawar hitam 🌹🗡️,theeryoou,0.7092
mawar hitam 🌹🗡️,tinnyee,0.921
mawar hitam 🌹🗡️,tofik.putra17,0.8037
mawar hitam 🌹🗡️,trisis,0.6618
mawar hitam 🌹🗡️,u,0.6712
mawar hitam 🌹🗡️,upin🐼,0.738
mawar hitam 🌹🗡️,user13463#457344,0.7221
mawar hitam 🌹🗡️,user7098643456,0.6738
mawar hitam 🌹🗡️,username12375,0.8587
mawar hitam 🌹🗡️,va 17hd,0.7618
mawar hitam 🌹🗡️,van pablo,0.6551
mawar hitam 🌹🗡️,vanooo,0.6979
mawar hitam 🌹🗡️,varkon🚀🚀,0.6865
mawar hitam 🌹🗡️,viann,0.7826
mawar hitam 🌹🗡️,vittss..,0.6903
mawar hitam 🌹🗡️,vnn$fomo,0.6842
mawar hitam 🌹🗡️,wong elek,0.746
mawar hitam 🌹🗡️,wongwonganmumet,0.6711
mawar hitam 🌹🗡️,ws🪩,0.7128
mawar hitam 🌹🗡️,wzrd,0.6962
mawar hitam 🌹🗡️,yanuar,0.6808
mawar hitam 🌹🗡️,yaraaayaaaa,0.6979
mawar hitam 🌹🗡️,yogaaa21,0.9094
mawar hitam 🌹🗡️,yyy,0.777
mawar hitam 🌹🗡️,z4kk🇦🇱🇦🇱,0.6975
mawar hitam 🌹🗡️,zaall,0.68
mawar hitam 🌹🗡️,zain,0.7024
mawar hitam 🌹🗡️,zaka.ya,0.8048
mawar hitam 🌹🗡️,zannn,0.7449
mawar hitam 🌹🗡️,zazamm,0.8049
mawar hitam 🌹🗡️,zppcx,0.7309
mawar hitam 🌹🗡️,zrill🇦🇱🇦🇱,0.7572
mawar hitam 🌹🗡️,zrill💥,0.7681
mawar hitam 🌹🗡️,ɴᴀᴛ,0.7261
mawar hitam 🌹🗡️,˚ ༘ 🦕𖦹⋆｡˚,0.7697
mawar hitam 🌹🗡️,فەیزال,0.7062
mawar hitam 🌹🗡️,ಠ_ರೃ,0.6562
mawar hitam 🌹🗡️,ᴘɪᴋᴀғʀɪᴇᴅᴄʜɪᴄᴋᴇɴ,0.7114
mawar hitam 🌹🗡️,☝️👌👌cc,0.9513
mawar hitam 🌹🗡️,♥,0.8716
mawar hitam 🌹🗡️,✌️,0.7042
mawar hitam 🌹🗡️,マᥱž𝚊,0.7356
mawar hitam 🌹🗡️,️dika_sajah,0.6712
mawar hitam 🌹🗡️,￴￴,0.6795
mawar hitam 🌹🗡️,𝑱𝒖𝒍𝒊𝒂𝒏𝒏𝒏,0.8309
mawar hitam 🌹🗡️,𝓝𝓪𝔂𝓵𝓪_𝓓.𝓐,0.7187
mawar hitam 🌹🗡️,𝕳𝕬𝕴𝕶𝕬𝕷 𝖁1,0.7487
mawar hitam 🌹🗡️,𝕶𝖞𝖓𝖟𝖟,0.6649
mawar hitam 🌹🗡️,𝘿𝙚𝙣,0.8106
mawar hitam 🌹🗡️,𝙋𝙍𝙄𝙉𝘾𝙀 15,0.6658
mawar hitam 🌹🗡️,𝙡𝙚𝙣𝙜,0.7841
mawar hitam 🌹🗡️,𝙾𝚛𝚢𝚣𝚊 𝚂𝚊𝚝𝚒𝚟𝚊 🌾,0.7263
mawar hitam 🌹🗡️,🏴󠁧󠁢󠁥󠁮󠁧󠁿🏴󠁧󠁢󠁥󠁮󠁧󠁿,0.8565
mawar hitam 🌹🗡️,🐦,0.8298
mawar hitam 🌹🗡️,👾,0.6718
mawar hitam 🌹🗡️,💋,0.6735
mawar hitam 🌹🗡️,🔴⚪,0.6701
mawar hitam 🌹🗡️,🕊,0.824
mawar hitam 🌹🗡️,🧋,0.7073
mawarr,mengomentari postingan anda,0.6532
mawarr,mhrullam,0.6536
mawarr,mka. kka,0.6769
mawarr,nadhiff👾,0.6704
mawarr,ndre4you,0.8446
mawarr,nggaaa,0.7153
mawarr,nino,0.6768
mawarr,nobody,0.6909
mawarr,nur fadil,0.6706
mawarr,ol²²oy,0.7798
mawarr,patirrrv2🖤,0.7611
mawarr,patrick bateman,0.6879
mawarr,pecey yeye,0.6639
mawarr,pisangambon,0.6501
mawarr,piscesmod,0.6602
mawarr,praditailhm_,0.7789
mawarr,princess 💅,0.8694
mawarr,qila012,0.6916
mawarr,raffiii162,0.6637
mawarr,rafyy😹,0.7136
mawarr,rahmat kartolo,0.6616
mawarr,regialparij,0.6631
mawarr,rzl,0.8334
mawarr,rℹ️k🅾️🅾️🅾️,0.7364
mawarr,safi,0.6595
mawarr,samshl_22,0.7932
mawarr,sapa bae,0.7403
mawarr,sara ariska,0.8552
mawarr,sari 86,0.683
mawarr,satria 🙌,0.682
mawarr,scc winoww,0.7167
mawarr,scc.,0.7186
mawarr,secccfldsuuu21,0.7023
mawarr,septiana,0.7701
mawarr,si kucing,0.6857
mawarr,sri wahyuningsih,0.7298
mawarr,syaf__👾👾,0.6656
mawarr,the last good man,0.661
mawarr,tinnyee,0.7212
mawarr,tofik.putra17,0.6831
mawarr,trisis,0.7025
mawarr,upin🐼,0.6741
mawarr,uuppio,0.6807
mawarr,va 17hd,0.7251
mawarr,vanooo,0.6716
mawarr,viann,0.7777
mawarr,xspeedx,0.7242
mawarr,yogaaa21,0.733
mawarr,yogszz⚡,0.6516
mawarr,yyy,0.7465
mawarr,zaka.ya,0.7228
mawarr,zazamm,0.763
mawarr,˚ ༘ 🦕𖦹⋆｡˚,0.7019
mawarr,ᴘɪᴋᴀғʀɪᴇᴅᴄʜɪᴄᴋᴇɴ,0.7517
mawarr,★,0.6555
mawarr,☝️👌👌cc,0.7899
mawarr,⛓️,0.6873
mawarr,✌️,0.8353
mawarr,𝑱𝒖𝒍𝒊𝒂𝒏𝒏𝒏,0.6825
mawarr,𝕳𝕬𝕴𝕶𝕬𝕷 𝖁1,0.7126
mawarr,𝖇𝖎𝖎𝖑𝖆,0.8278
mawarr,𝘼𝙇𝙃𝘼𝙆𝙄𝙈𝙕,0.6813
mawarr,𝘿𝙚𝙣,0.6529
mawarr,𝙡𝙚𝙣𝙜,0.6782
mawarr,𝙾𝚛𝚢𝚣𝚊 𝚂𝚊𝚝𝚒𝚟𝚊 🌾,0.6688
mawarr,🏴󠁧󠁢󠁥󠁮󠁧󠁿🏴󠁧󠁢󠁥󠁮󠁧󠁿,0.6603
mawarr,💩.,0.6722
mawarr,🕊,0.7246
mawarr,🧋,0.7291
maypen🍉,ndaru,0.669
maypen🍉,nha_nha88,0.6924
maypen🍉,r e t z,0.7433
maypen🍉,sam🍎🍎,0.6602
maypen🍉,sandhi686,0.7165
maypen🍉,se'pull_maxwill,0.7554
maypen🍉,spilloutfittrendy,0.7448
maypen🍉,tem - tem★★★,0.7162
maypen🍉,tole bf official316,0.6583
maypen🍉,ultrambuttttt,0.715
maypen🍉,wirr tzy,0.6777
maypen🍉,wong kene bae,0.6863
maypen🍉,"wong""plosok",0.6844
maypen🍉,˚꩜｡⋆˚࿔ 𝔂𝓪𝔂𝓪 𝜗𝜚˚⋆🧸ྀི,0.7017
maypen🍉,›私hánzxyz‹★,0.6745
maypen🍉,ℒ𝓊𝓬𝓴𝔂,0.6899
maypen🍉,⭐zka,0.7134
maypen🍉,𝙢𝙖𝙖𝙖𝙖𝙖𝙖𝙨𝙨𝙨𝙠𝙖𝙣𝙣𝙣,0.6743
maypen🍉,🕊️,0.6789
mazz ar31,oftaxl,0.6577
mazz ar31,pdpputragemilang!,0.652
mazz ar31,rezz_brew,0.6599
mazz ar31,zain,0.6929
mazz ar31,ziee_1901,0.6866
mazz ar31,꧁epep꧂,0.6633
mbahnya nafisha dan sava,mengomentari postingan anda,0.6574
mbahnya nafisha dan sava,muhamad rian,0.7769
mbahnya nafisha dan sava,nobody,0.6548
mbahnya nafisha dan sava,nur fadil,0.743
mbahnya nafisha dan sava,pak haji sara,0.6842
mbahnya nafisha dan sava,princess 💅,0.6797
mbahnya nafisha dan sava,rahmanpru,0.6557
mbahnya nafisha dan sava,reval soso,0.6557
mbahnya nafisha dan sava,rℹ️k🅾️🅾️🅾️,0.7213
mbahnya nafisha dan sava,satria 🙌,0.686
mbahnya nafisha dan sava,scc winoww,0.7213
mbahnya nafisha dan sava,secccfldsuuu21,0.7314
mbahnya nafisha dan sava,sopo》,0.7855
mbahnya nafisha dan sava,teteh_jawa,0.6755
mbahnya nafisha dan sava,the last good man,0.7046
mbahnya nafisha dan sava,tinnyee,0.7171
mbahnya nafisha dan sava,uuppio,0.6558
mbahnya nafisha dan sava,xlx🇮🇲,0.7375
mbahnya nafisha dan sava,yogaaa21,0.7388
mbahnya nafisha dan sava,zain,0.6565
mbahnya nafisha dan sava,zannn,0.7938
mbahnya nafisha dan sava,zrill💥,0.7705
mbahnya nafisha dan sava,☝️👌👌cc,0.6566
mbahnya nafisha dan sava,𝕳𝕬𝕴𝕶𝕬𝕷 𝖁1,0.7519
mbahnya nafisha dan sava,𝙡𝙚𝙣𝙜,0.6546
mbahnya nafisha dan sava,🏴󠁧󠁢󠁥󠁮󠁧󠁿🏴󠁧󠁢󠁥󠁮󠁧󠁿,0.6506
mbahnya nafisha dan sava,👻hsb👻,0.7067
mbahnya nafisha dan sava,🕊,0.68
mbahnya nafisha dan sava,🧋,0.6803
mbuhsapa🤥,momon,0.6757
mbuhsapa🤥,muhamad rian,0.6513
mbuhsapa🤥,na.,0.6973
mbuhsapa🤥,naufabyktsr,0.6586
mbuhsapa🤥,nick!!!,0.7327
mbuhsapa🤥,ranji💤,0.8767
mbuhsapa🤥,reval soso,0.7946
mbuhsapa🤥,rio,0.6696
mbuhsapa🤥,rizzstecu✌️,0.6636
mbuhsapa🤥,say,0.6704
mbuhsapa🤥,sayaangaenii❤️‍🔥,0.6515
mbuhsapa🤥,sestu,0.7926
mbuhsapa🤥,sopo》,0.7562
mbuhsapa🤥,syakila pbg,0.7926
mbuhsapa🤥,username12375,0.6595
mbuhsapa🤥,wong gringsing,0.7926
mbuhsapa🤥,xlx🇮🇲,0.742
mbuhsapa🤥,zrill💥,0.7236
mbuhsapa🤥,~~boyszzarddd~~ardboysss🇦🇱🪩,0.6586
mbuhsapa🤥,👻,0.8364
mbuull🫀,r.a sbg team,0.7732
mei meido x kakure meme,mohammadriski077,0.7286
mei meido x kakure meme,n4uf@l 4j4,0.6989
mei meido x kakure meme,nipzzz,0.6929
mei meido x kakure meme,nycxstore,0.687
mei meido x kakure meme,p,0.7261
mei meido x kakure meme,rstu💤,0.7312
mei meido x kakure meme,sannzxkce,0.6687
mei meido x kakure meme,vann 🌳,0.6609
mei meido x kakure meme,wiwut,0.6844
mei meido x kakure meme,ye,0.6981
mei meido x kakure meme,zaza,0.7572
mei meido x kakure meme,🄱🄰🅈🅄🄸🄽🄳🄰🄷🄾🄵🄵🅂🄴🅃,0.6909
mei meido x kakure meme,💥,0.6565
mei meido x kakure meme,🕸,0.6757
mejikuhibinendy🌱,rndkatsny,0.6614
mejikuhibinendy🌱,vinza,0.666
mejikuhibinendy🌱,ziee_1901,0.66
mejikuhibinendy🌱,𓏵,0.6816
mengomentari postingan anda,mykids,0.6824
mengomentari postingan anda,mynnn,0.8847
mengomentari postingan anda,nadhiff👾,0.6528
mengomentari postingan anda,ndre4you,0.6816
mengomentari postingan anda,nino,0.6527
mengomentari postingan anda,nobody,0.7669
mengomentari postingan anda,nur fadil,0.6872
mengomentari postingan anda,nuuuu,0.6576
mengomentari postingan anda,nuuuuu,0.7852
mengomentari postingan anda,ol²²oy,0.6846
mengomentari postingan anda,pak haji sara,0.7707
mengomentari postingan anda,patirrrv2🖤,0.6664
mengomentari postingan anda,patrick bateman,0.655
mengomentari postingan anda,pip2nd🧿,0.6586
mengomentari postingan anda,piscesmod,0.6773
mengomentari postingan anda,praditailhm_,0.6834
mengomentari postingan anda,princess 💅,0.6858
mengomentari postingan anda,put,0.6535
mengomentari postingan anda,qila012,0.6701
mengomentari postingan anda,r4ndsyh,0.6516
mengomentari postingan anda,raf,0.6673
mengomentari postingan anda,raffiii162,0.6537
mengomentari postingan anda,regialparij,0.6562
mengomentari postingan anda,rzl,0.6812
mengomentari postingan anda,rℹ️k🅾️🅾️🅾️,0.7262
mengomentari postingan anda,samshl_22,0.6657
mengomentari postingan anda,sara ariska,0.665
mengomentari postingan anda,satria 🙌,0.6899
mengomentari postingan anda,satyaa ✦,0.6895
mengomentari postingan anda,scc winoww,0.6646
mengomentari postingan anda,scc.,0.7284
mengomentari postingan anda,secccfldsuuu21,0.6862
mengomentari postingan anda,si kucing,0.6749
mengomentari postingan anda,sn0w,0.6586
mengomentari postingan anda,sopo》,0.7948
mengomentari postingan anda,stecu💤,0.6852
mengomentari postingan anda,syaf__👾👾,0.6899
mengomentari postingan anda,tam,0.6663
mengomentari postingan anda,teteh_jawa,0.667
mengomentari postingan anda,tinnyee,0.6771
mengomentari postingan anda,tofik.putra17,0.6929
mengomentari postingan anda,upin🐼,0.6557
mengomentari postingan anda,user7098643456,0.6557
mengomentari postingan anda,uuppio,0.6822
mengomentari postingan anda,viann,0.68
mengomentari postingan anda,wh0,0.6937
mengomentari postingan anda,yogaaa21,0.6732
mengomentari postingan anda,yyy,0.6808
mengomentari postingan anda,zaall,0.6839
mengomentari postingan anda,zain,0.6878
mengomentari postingan anda,zaka.ya,0.6741
mengomentari postingan anda,zannn,0.6567
mengomentari postingan anda,zazamm,0.7202
mengomentari postingan anda,zrill💥,0.8506
mengomentari postingan anda,àlwàysdip,0.6911
mengomentari postingan anda,ɴᴀᴛ,0.6685
mengomentari postingan anda,˚ ༘ 🦕𖦹⋆｡˚,0.6615
mengomentari postingan anda,▪️,0.6508
mengomentari postingan anda,☝️👌👌cc,0.7028
mengomentari postingan anda,⛓️,0.7082
mengomentari postingan anda,￴ ￴ ￴  ￴ ￴ ￴ ￴ ￴,0.6571
mengomentari postingan anda,𝕳𝕬𝕴𝕶𝕬𝕷 𝖁1,0.6858
mengomentari postingan anda,𝘿𝙚𝙣,0.709
mengomentari postingan anda,𝙡𝙚𝙣𝙜,0.684
mengomentari postingan anda,𝙾𝚛𝚢𝚣𝚊 𝚂𝚊𝚝𝚒𝚟𝚊 🌾,0.6806
mengomentari postingan anda,👻hsb👻,0.7439
mengomentari postingan anda,👾,0.7852
mengomentari postingan anda,🕊,0.6992
mhrullam,mmmmm,0.7378
mhrullam,mommy bibiel,0.7188
mhrullam,muhammadchilung,0.8326
mhrullam,naa_,0.695
mhrullam,nadhiff👾,0.7914
mhrullam,nar setecu🌀💤🌊,0.6542
mhrullam,narti,0.7762
mhrullam,narzz🌊🌊,0.7468
mhrullam,neyymar kee jakarta,0.7433
mhrullam,nnaann🔫,0.705
mhrullam,nobody,0.767
mhrullam,ol²²oy,0.7614
mhrullam,oz_,0.7933
mhrullam,p4tooookkkk,0.8227
mhrullam,padil,0.6687
mhrullam,pangeran k,0.6633
mhrullam,pisangambon,0.7503
mhrullam,piscesmod,0.6644
mhrullam,praditailhm_,0.8018
mhrullam,put,0.7493
mhrullam,qila012,0.7611
mhrullam,raf,0.6504
mhrullam,rafyy😹,0.6641
mhrullam,rahmat kartolo,0.7807
mhrullam,rempeyek_500🌊,0.6574
mhrullam,rfky,0.659
mhrullam,rijakipp,0.7144
mhrullam,rpk1,0.6995
mhrullam,rℹ️k🅾️🅾️🅾️,0.7664
mhrullam,s u m m e r .,0.7088
mhrullam,safi,0.6669
mhrullam,satria 🙌,0.8174
mhrullam,scc winoww,0.6963
mhrullam,secccfldsuuu21,0.7278
mhrullam,sendiiisen©📍,0.8153
mhrullam,si kucing,0.695
mhrullam,single era,0.6516
mhrullam,srylee,0.6712
mhrullam,stecu💤,0.6619
mhrullam,suyato jowo,0.7381
mhrullam,syaf__👾👾,0.7209
mhrullam,talasku99,0.6959
mhrullam,tam,0.7512
mhrullam,tangrajinngaji,0.7605
mhrullam,teteh_jawa,0.6653
mhrullam,theeryoou,0.7138
mhrullam,tika kartika,0.7095
mhrullam,tinnyee,0.6953
mhrullam,tofik.putra17,0.8917
mhrullam,upin🐼,0.6566
mhrullam,user13463#457344,0.7812
mhrullam,user7098643456,0.682
mhrullam,va 17hd,0.7563
mhrullam,van pablo,0.7175
mhrullam,vanooo,0.7129
mhrullam,viann,0.7884
mhrullam,vittss..,0.749
mhrullam,wo,0.7683
mhrullam,wong elek,0.7685
mhrullam,wongwonganmumet,0.7383
mhrullam,ws🪩,0.8233
mhrullam,wzrd,0.7442
mhrullam,yanuar,0.7344
mhrullam,yesakiw,0.6591
mhrullam,yogaaa21,0.7348
mhrullam,yyy,0.6919
mhrullam,y💥💯                😛,0.7509
mhrullam,z4kk🇦🇱🇦🇱,0.746
mhrullam,zaall,0.6805
mhrullam,zaka.ya,0.8044
mhrullam,zazamm,0.7135
mhrullam,zeniperr,0.6947
mhrullam,zppcx,0.652
mhrullam,zrill🇦🇱🇦🇱,0.8289
mhrullam,ɴᴀᴛ,0.7292
mhrullam,˚ ༘ 🦕𖦹⋆｡˚,0.7758
mhrullam,فەیزال,0.7656
mhrullam,เςคภ,0.6789
mhrullam,່ ‍ a,0.7092
mhrullam,⋇⋆✦chelsea ♛┈⛧♡,0.743
mhrullam,★,0.6942
mhrullam,☝️👌👌cc,0.7329
mhrullam,✌️,0.6772
mhrullam,✧saged🌊,0.6502
mhrullam,ザキ・アルディアンシア,0.7079
mhrullam,マᥱž𝚊,0.668
mhrullam,윙고🇲🇨🇰🇷,0.6755
mhrullam,️dika_sajah,0.7558
mhrullam,￴,0.7228
mhrullam,￴ ￴ ￴  ￴ ￴ ￴ ￴ ￴,0.6779
mhrullam,￴￴,0.7542
mhrullam,𝐫𝐢𝐝𝐨𝐨🕊️,0.6762
mhrullam,𝑱𝒖𝒍𝒊𝒂𝒏𝒏𝒏,0.7301
mhrullam,𝕳𝕬𝕴𝕶𝕬𝕷 𝖁1,0.7248
mhrullam,𝕶𝖞𝖓𝖟𝖟,0.7442
mhrullam,𝘼𝙇𝙃𝘼𝙆𝙄𝙈𝙕,0.7405
mhrullam,𝘿𝙚𝙣,0.7052
mhrullam,𝙋𝙍𝙄𝙉𝘾𝙀 15,0.7708
mhrullam,𝙖𝙩𝙨𝙨,0.758
mhrullam,𝙡𝙚𝙣𝙜,0.8043
mhrullam,𝙧𝙖𝙙𝙚𝙣𝙣𝙠𝙪𝙘𝙞𝙩𝙩🌊,0.677
mhrullam,🏴󠁧󠁢󠁥󠁮󠁧󠁿🏴󠁧󠁢󠁥󠁮󠁧󠁿,0.6607
mhrullam,🐦,0.6548
mhrullam,🔴⚪,0.7273
mhrullam,🕊,0.7985
mka. kka,muhamad rian,0.6951
mka. kka,muhammadchilung,0.7144
mka. kka,nobody,0.709
mka. kka,nuuuuu,0.6666
mka. kka,p4tooookkkk,0.7019
mka. kka,pak haji,0.7406
mka. kka,pak haji sara,0.6682
mka. kka,pip2nd🧿,0.6507
mka. kka,piscesmod,0.6771
mka. kka,praditailhm_,0.6595
mka. kka,princess 💅,0.6832
mka. kka,qila012,0.6987
mka. kka,rfky,0.6674
mka. kka,rizzstecu✌️,0.6985
mka. kka,rzl,0.6659
mka. kka,rℹ️k🅾️🅾️🅾️,0.7293
mka. kka,satria 🙌,0.7852
mka. kka,scc winoww,0.7168
mka. kka,scc.,0.7146
mka. kka,secccfldsuuu21,0.8046
mka. kka,set? iy syng,0.7008
mka. kka,stecu💤,0.6812
mka. kka,taxi barang purwokerto,0.6916
mka. kka,theeryoou,0.7348
mka. kka,tinnyee,0.7306
mka. kka,tofik.putra17,0.6926
mka. kka,user13463#457344,0.6856
mka. kka,username12375,0.6565
mka. kka,va 17hd,0.7153
mka. kka,viann,0.7007
mka. kka,yaraaayaaaa,0.7437
mka. kka,yogaaa21,0.7326
mka. kka,z4kk🇦🇱🇦🇱,0.6822
mka. kka,zain,0.6614
mka. kka,zaka.ya,0.6895
mka. kka,zannn,0.6905
mka. kka,zazamm,0.7046
mka. kka,àlwàysdip,0.6693
mka. kka,˚ ༘ 🦕𖦹⋆｡˚,0.7797
mka. kka,فەیزال,0.6643
mka. kka,☝️👌👌cc,0.6812
mka. kka,♥,0.681
mka. kka,￴ ￴ ￴  ￴ ￴ ￴ ￴ ￴,0.6682
mka. kka,𝓝𝓪𝔂𝓵𝓪_𝓓.𝓐,0.7001
mka. kka,𝕳𝕬𝕴𝕶𝕬𝕷 𝖁1,0.7751
mka. kka,𝘿𝙚𝙣,0.7003
mka. kka,𝙡𝙚𝙣𝙜,0.6651
mka. kka,🏴󠁧󠁢󠁥󠁮󠁧󠁿🏴󠁧󠁢󠁥󠁮󠁧󠁿,0.6597
mka. kka,🐦,0.7378
mka. kka,👾,0.6666
mka. kka,💋,0.6957
mka. kka,🕊,0.7031
mka. kka,🧋,0.7004
mmmmm,mommy bibiel,0.7565
mmmmm,muhammadchilung,0.7358
mmmmm,naa_,0.7222
mmmmm,nadhiff👾,0.6873
mmmmm,nar setecu🌀💤🌊,0.6778
mmmmm,narti,0.6801
mmmmm,narzz🌊🌊,0.6613
mmmmm,neyymar kee jakarta,0.8561
mmmmm,oz_,0.7542
mmmmm,p4tooookkkk,0.7194
mmmmm,padil,0.7107
mmmmm,pangeran k,0.6504
mmmmm,pisangambon,0.7124
mmmmm,praditailhm_,0.6914
mmmmm,put,0.7131
mmmmm,qila012,0.688
mmmmm,r,0.6589
mmmmm,rahmat kartolo,0.6628
mmmmm,rfky,0.65
mmmmm,rijakipp,0.6542
mmmmm,rpk1,0.6865
mmmmm,satria 🙌,0.7344
mmmmm,sendiiisen©📍,0.7393
mmmmm,single era,0.8337
mmmmm,tam,0.7112
mmmmm,tangrajinngaji,0.7265
mmmmm,taxi barang purwokerto,0.6585
mmmmm,tofik.putra17,0.7405
mmmmm,user13463#457344,0.6892
mmmmm,va 17hd,0.6756
mmmmm,van pablo,0.6733
mmmmm,viann,0.7343
mmmmm,wo,0.7043
mmmmm,wong elek,0.6529
mmmmm,ws🪩,0.7745
mmmmm,wzrd,0.7433
mmmmm,yanuar,0.7268
mmmmm,yesakiw,0.672
mmmmm,y💥💯                😛,0.6966
mmmmm,z4kk🇦🇱🇦🇱,0.7178
mmmmm,zaka.ya,0.6564
mmmmm,zarr★,0.7525
mmmmm,zrill🇦🇱🇦🇱,0.6971
mmmmm,˚ ༘ 🦕𖦹⋆｡˚,0.6715
mmmmm,المجتهد,0.6795
mmmmm,فەیزال,0.7171
mmmmm,เςคภ,0.6875
mmmmm,™.yunz ★ 447.¥,0.6761
mmmmm,⋇⋆✦chelsea ♛┈⛧♡,0.7599
mmmmm,★,0.7191
mmmmm,✧saged🌊,0.6647
mmmmm,ザキ・アルディアンシア,0.7141
mmmmm,윙고🇲🇨🇰🇷,0.7394
mmmmm,️dika_sajah,0.7055
mmmmm,￴,0.7534
mmmmm,￴￴,0.7173
mmmmm,𝕶𝖞𝖓𝖟𝖟,0.7148
mmmmm,𝘼𝙇𝙃𝘼𝙆𝙄𝙈𝙕,0.6846
mmmmm,𝙋𝙍𝙄𝙉𝘾𝙀 15,0.7634
mmmmm,𝙖𝙩𝙨𝙨,0.6829
mmmmm,𝙡𝙚𝙣𝙜,0.7469
mmmmm,𝙧𝙖𝙙𝙚𝙣𝙣𝙠𝙪𝙘𝙞𝙩𝙩🌊,0.6878
mmmmm,💋,0.6535
mmmmm,🔴⚪,0.685
mmmmm,🕊,0.7124
mnopqrst,mulyati,0.6824
mnopqrst,mynnn,0.6674
mnopqrst,r4ndsyh,0.6614
mnopqrst,railfans ngapak🅥,0.6666
mnopqrst,rara,0.7606
mnopqrst,rndra,0.6533
mnopqrst,selialls,0.8637
mnopqrst,snow jelly,0.6516
mnopqrst,username12375,0.6799
mnopqrst,vinss,0.6559
mnopqrst,wdyt_,0.7193
mnopqrst,weird zeze🇩🇪,0.761
mnopqrst,zainvick_,0.7467
mnopqrst,꧁epep꧂,0.6548
mnopqrst,𓏵,0.8468
mnopqrst,𝘿𝙚𝙣,0.711
mnopqrst,🐦,0.66
mohammadriski077,nycxstore,0.713
mohammadriski077,p,0.6685
mohammadriski077,pangeran kodok,0.6695
mohammadriski077,r 4 5 ya,0.6989
mohammadriski077,rstu💤,0.6684
mohammadriski077,sannzxkce,0.7212
mohammadriski077,sopo iki?,0.6512
mohammadriski077,wiwut,0.7329
mohammadriski077,ye,0.6651
mohammadriski077,zaza,0.7097
mohammadriski077,🕸,0.6558
mohammadriski077,😂,0.6674
mommy bibiel,muhammadchilung,0.7706
mommy bibiel,mvinta,0.6546
mommy bibiel,naa_,0.7292
mommy bibiel,nadhiff👾,0.7143
mommy bibiel,narzz🌊🌊,0.678
mommy bibiel,neyymar kee jakarta,0.7381
mommy bibiel,nnaann🔫,0.6922
mommy bibiel,oz_,0.6884
mommy bibiel,p4tooookkkk,0.6505
mommy bibiel,pangeran k,0.6635
mommy bibiel,pisangambon,0.7099
mommy bibiel,praditailhm_,0.655
mommy bibiel,put,0.7337
mommy bibiel,qila012,0.7168
mommy bibiel,r,0.6765
mommy bibiel,rfky,0.669
mommy bibiel,rijakipp,0.6596
mommy bibiel,rpk1,0.6635
mommy bibiel,rℹ️k🅾️🅾️🅾️,0.6608
mommy bibiel,sabitulyz,0.737
mommy bibiel,safi,0.6622
mommy bibiel,satria 🙌,0.7338
mommy bibiel,sendiiisen©📍,0.7887
mommy bibiel,set? iy syng,0.6833
mommy bibiel,single era,0.7357
mommy bibiel,stecu💤,0.7095
mommy bibiel,syaf__👾👾,0.7375
mommy bibiel,szxnoe,0.6583
mommy bibiel,talasku99,0.7631
mommy bibiel,tam,0.7243
mommy bibiel,tangrajinngaji,0.6985
mommy bibiel,teteh_jawa,0.6817
mommy bibiel,theeryoou,0.7009
mommy bibiel,tofik.putra17,0.7455
mommy bibiel,user13463#457344,0.7165
mommy bibiel,user7098643456,0.6981
mommy bibiel,va 17hd,0.6817
mommy bibiel,van pablo,0.6503
mommy bibiel,viann,0.6747
mommy bibiel,vittss..,0.7164
mommy bibiel,wiindoc,0.7341
mommy bibiel,wong elek,0.6578
mommy bibiel,wongwonganmumet,0.6781
mommy bibiel,ws🪩,0.795
mommy bibiel,wtf.prilz,0.6918
mommy bibiel,wzrd,0.7127
mommy bibiel,yanuar,0.6754
mommy bibiel,yesakiw,0.7151
mommy bibiel,z4kk🇦🇱🇦🇱,0.7778
mommy bibiel,zarr★,0.6699
mommy bibiel,zeniperr,0.7183
mommy bibiel,zrill🇦🇱🇦🇱,0.6885
mommy bibiel,ɴᴀᴛ,0.6943
mommy bibiel,˚ ༘ 🦕𖦹⋆｡˚,0.7277
mommy bibiel,فەیزال,0.7629
mommy bibiel,™.yunz ★ 447.¥,0.7442
mommy bibiel,⋇⋆✦chelsea ♛┈⛧♡,0.7552
mommy bibiel,★,0.6802
mommy bibiel,✧saged🌊,0.6912
mommy bibiel,ザキ・アルディアンシア,0.6775
mommy bibiel,윙고🇲🇨🇰🇷,0.7299
mommy bibiel,️dika_sajah,0.7371
mommy bibiel,￴,0.7772
mommy bibiel,￴ ￴ ￴  ￴ ￴ ￴ ￴ ￴,0.7427
mommy bibiel,￴￴,0.7449
mommy bibiel,𝕶𝖞𝖓𝖟𝖟,0.7015
mommy bibiel,𝙋𝙍𝙄𝙉𝘾𝙀 15,0.7937
mommy bibiel,𝙖𝙩𝙨𝙨,0.7055
mommy bibiel,𝙡𝙚𝙣𝙜,0.8063
mommy bibiel,𝙧𝙖𝙙𝙚𝙣𝙣𝙠𝙪𝙘𝙞𝙩𝙩🌊,0.7127
mommy bibiel,💋,0.7329
mommy bibiel,🕊,0.7452
momon,na.,0.672
momon,xlx🇮🇲,0.6588
momon,👀,0.8353
mrco,mswti_,0.6951
mrco,n,0.6793
mrco,nayor,0.7028
mrco,nha_nha88,0.6531
mrco,osdaglog14,0.655
mrco,saitama.botak6,0.7106
mrco,spilloutfittrendy,0.6908
mrco,sri66790,0.6534
mrco,ujangkedu,0.6807
mrco,wiwut,0.6581
mrco,"wong""plosok",0.6727
mrco,˚꩜｡⋆˚࿔ 𝔂𝓪𝔂𝓪 𝜗𝜚˚⋆🧸ྀི,0.6644
mrco,𝕬𝖟𝖐𝖆 𝖋𝖔𝖗 𝖞𝖔𝖚,0.68
mrco,🀄penjahatmu🀄,0.6688
mrco,🆘,0.6734
mswti_,nayor,0.6511
mswti_,patrick bateman,0.6577
mswti_,ujangkedu,0.6792
mswti_,xybca_fad,0.6957
mswti_,🆘,0.6559
mswti_,💥,0.6583
muhamad rian,nitalifa,0.6522
muhamad rian,nobody,0.6552
muhamad rian,nuuuuu,0.8031
muhamad rian,osdaglog14,0.6713
muhamad rian,pak haji,0.7004
muhamad rian,pak haji sara,0.6868
muhamad rian,panggil vans✌️,0.7348
muhamad rian,pip2nd🧿,0.7305
muhamad rian,princess 💅,0.7086
muhamad rian,putz!!,0.6552
muhamad rian,ristiani14,0.6965
muhamad rian,rizzstecu✌️,0.6855
muhamad rian,rzl,0.6721
muhamad rian,sabiantiwulariata,0.7162
muhamad rian,satria 🙌,0.6759
muhamad rian,say,0.6805
muhamad rian,sayaangaenii❤️‍🔥,0.7014
muhamad rian,scc winoww,0.6757
muhamad rian,scc.,0.6573
muhamad rian,secccfldsuuu21,0.6999
muhamad rian,sopo》,0.6885
muhamad rian,the last good man,0.7245
muhamad rian,tinnyee,0.6888
muhamad rian,uuppio,0.6504
muhamad rian,vannn opet,0.6534
muhamad rian,vinss,0.6703
muhamad rian,x4ngee🕊️,0.6674
muhamad rian,xlx🇮🇲,0.8007
muhamad rian,yaraaayaaaa,0.6838
muhamad rian,yogaaa21,0.7348
muhamad rian,zain,0.736
muhamad rian,zannn,0.9314
muhamad rian,zrill💥,0.6575
muhamad rian,♥,0.7026
muhamad rian,𝓝𝓪𝔂𝓵𝓪_𝓓.𝓐,0.6859
muhamad rian,𝕳𝕬𝕴𝕶𝕬𝕷 𝖁1,0.7208
muhamad rian,𝙾𝚛𝚢𝚣𝚊 𝚂𝚊𝚝𝚒𝚟𝚊 🌾,0.6922
muhamad rian,🐦,0.6682
muhamad rian,👾,0.8031
muhamad rian,🧋,0.6991
muhammadchilung,naa_,0.651
muhammadchilung,nabati,0.6877
muhammadchilung,nadhiff👾,0.8038
muhammadchilung,narti,0.7412
muhammadchilung,narzz🌊🌊,0.6736
muhammadchilung,neyymar kee jakarta,0.8246
muhammadchilung,nnaann🔫,0.7329
muhammadchilung,nobody,0.7712
muhammadchilung,notzstrongboyss,0.6829
muhammadchilung,ol²²oy,0.7177
muhammadchilung,oz_,0.7248
muhammadchilung,p4tooookkkk,0.7714
muhammadchilung,pak haji,0.6528
muhammadchilung,pangeran k,0.6719
muhammadchilung,pisangambon,0.724
muhammadchilung,piscesmod,0.6529
muhammadchilung,praditailhm_,0.7534
muhammadchilung,put,0.7693
muhammadchilung,qila012,0.7536
muhammadchilung,rahmat kartolo,0.7134
muhammadchilung,rempeyek_500🌊,0.6622
muhammadchilung,rfky,0.683
muhammadchilung,rijakipp,0.666
muhammadchilung,rpk1,0.688
muhammadchilung,rℹ️k🅾️🅾️🅾️,0.7849
muhammadchilung,s u m m e r .,0.6692
muhammadchilung,satria 🙌,0.8916
muhammadchilung,scc winoww,0.7189
muhammadchilung,scc.,0.667
muhammadchilung,secccfldsuuu21,0.7799
muhammadchilung,sendiiisen©📍,0.8413
muhammadchilung,si kucing,0.6535
muhammadchilung,single era,0.6971
muhammadchilung,stecu💤,0.6858
muhammadchilung,suyato jowo,0.667
muhammadchilung,syaf__👾👾,0.7549
muhammadchilung,talasku99,0.6522
muhammadchilung,tam,0.742
muhammadchilung,tangrajinngaji,0.7721
muhammadchilung,theeryoou,0.7674
muhammadchilung,tinnyee,0.6691
muhammadchilung,tofik.putra17,0.859
muhammadchilung,user13463#457344,0.795
muhammadchilung,user7098643456,0.7079
muhammadchilung,va 17hd,0.7553
muhammadchilung,van pablo,0.7653
muhammadchilung,vanooo,0.6952
muhammadchilung,viann,0.7918
muhammadchilung,vittss..,0.6992
muhammadchilung,wo,0.6778
muhammadchilung,wong elek,0.7453
muhammadchilung,wongwonganmumet,0.7227
muhammadchilung,ws🪩,0.8383
muhammadchilung,wzrd,0.7569
muhammadchilung,yanuar,0.7149
muhammadchilung,yaraaayaaaa,0.653
muhammadchilung,yesakiw,0.6705
muhammadchilung,yogaaa21,0.7122
muhammadchilung,yyy,0.6552
muhammadchilung,y💥💯                😛,0.6535
muhammadchilung,z4kk🇦🇱🇦🇱,0.8285
muhammadchilung,zaall,0.6622
muhammadchilung,zaka.ya,0.7555
muhammadchilung,zazamm,0.6915
muhammadchilung,zeniperr,0.7395
muhammadchilung,zrill🇦🇱🇦🇱,0.8172
muhammadchilung,ɴᴀᴛ,0.707
muhammadchilung,˚ ༘ 🦕𖦹⋆｡˚,0.7992
muhammadchilung,فەیزال,0.9085
muhammadchilung,เςคภ,0.6897
muhammadchilung,™.yunz ★ 447.¥,0.8255
muhammadchilung,⋇⋆✦chelsea ♛┈⛧♡,0.7015
muhammadchilung,☝️👌👌cc,0.7287
muhammadchilung,✧saged🌊,0.658
muhammadchilung,ザキ・アルディアンシア,0.6885
muhammadchilung,マᥱž𝚊,0.6686
muhammadchilung,윙고🇲🇨🇰🇷,0.707
muhammadchilung,️dika_sajah,0.7724
muhammadchilung,￴,0.8144
muhammadchilung,￴ ￴ ￴  ￴ ￴ ￴ ￴ ￴,0.6995
muhammadchilung,￴￴,0.7428
muhammadchilung,𝐫𝐢𝐝𝐨𝐨🕊️,0.6859
muhammadchilung,𝑱𝒖𝒍𝒊𝒂𝒏𝒏𝒏,0.6663
muhammadchilung,𝕳𝕬𝕴𝕶𝕬𝕷 𝖁1,0.7499
muhammadchilung,𝕶𝖞𝖓𝖟𝖟,0.7393
muhammadchilung,𝘼𝙇𝙃𝘼𝙆𝙄𝙈𝙕,0.6558
muhammadchilung,𝘿𝙚𝙣,0.694
muhammadchilung,𝙋𝙍𝙄𝙉𝘾𝙀 15,0.8066
muhammadchilung,𝙖𝙩𝙨𝙨,0.6598
muhammadchilung,𝙡𝙚𝙣𝙜,0.8413
muhammadchilung,𝙧𝙖𝙙𝙚𝙣𝙣𝙠𝙪𝙘𝙞𝙩𝙩🌊,0.6604
muhammadchilung,🐦,0.6587
muhammadchilung,💋,0.7201
muhammadchilung,🔴⚪,0.7501
muhammadchilung,🕊,0.8192
muhammadchilung,😡,0.6581
mulyati,pdpputragemilang!,0.6556
mulyati,railfans ngapak🅥,0.6532
mulyati,rara,0.8355
mulyati,wdyt_,0.7015
mulyati,weird zeze🇩🇪,0.6599
mulyati,yonipujihermanto71,0.6733
mulyati,ziee_1901,0.6614
mulyati,𓏵,0.7205
mvinta,naa_,0.6812
mvinta,narzz🌊🌊,0.6559
mvinta,nur fadil,0.6742
mvinta,padil,0.6906
mvinta,pip2nd🧿,0.6795
mvinta,pisangambon,0.6603
mvinta,praditailhm_,0.6741
mvinta,put,0.7792
mvinta,regialparij,0.6857
mvinta,rempeyek_500🌊,0.6718
mvinta,rfky,0.6921
mvinta,rijakipp,0.7579
mvinta,satria 🙌,0.6638
mvinta,satyaa ✦,0.6652
mvinta,si kucing,0.7351
mvinta,syaf__👾👾,0.6694
mvinta,talasku99,0.6872
mvinta,tam,0.691
mvinta,teteh_jawa,0.6754
mvinta,tofik.putra17,0.6518
mvinta,user7098643456,0.6551
mvinta,viann,0.6594
mvinta,vittss..,0.7096
mvinta,wiindoc,0.6758
mvinta,wongwonganmumet,0.7409
mvinta,ws🪩,0.6974
mvinta,wzrd,0.7623
mvinta,yanuar,0.6554
mvinta,y💥💯                😛,0.7615
mvinta,z4kk🇦🇱🇦🇱,0.6581
mvinta,zaall,0.7083
mvinta,zeniperr,0.684
mvinta,⋇⋆✦chelsea ♛┈⛧♡,0.7153
mvinta,★,0.734
mvinta,윙고🇲🇨🇰🇷,0.6975
mvinta,️dika_sajah,0.7504
mvinta,𝕳𝕬𝕴𝕶𝕬𝕷 𝖁1,0.6678
mvinta,𝙡𝙚𝙣𝙜,0.7145
mvinta,𝙧𝙖𝙙𝙚𝙣𝙣𝙠𝙪𝙘𝙞𝙩𝙩🌊,0.7109
mvinta,💋,0.7327
mvinta,🕊,0.7079
mykids,nadhiff👾,0.6683
mykids,nobody,0.6966
mykids,p4tooookkkk,0.6544
mykids,pak haji,0.6996
mykids,patirrrv2🖤,0.6624
mykids,princess 💅,0.6728
mykids,putra barepjr,0.6812
mykids,rzl,0.6775
mykids,rℹ️k🅾️🅾️🅾️,0.661
mykids,samshl_22,0.6599
mykids,satria 🙌,0.652
mykids,scc.,0.7713
mykids,secccfldsuuu21,0.7277
mykids,septiana,0.6506
mykids,stecu💤,0.6681
mykids,tam,0.6791
mykids,taxi barang purwokerto,0.6927
mykids,tinnyee,0.6663
mykids,uuppio,0.7331
mykids,van pablo,0.669
mykids,viann,0.6715
mykids,yaraaayaaaa,0.7998
mykids,zazamm,0.7233
mykids,àlwàysdip,0.6958
mykids,˚ ༘ 🦕𖦹⋆｡˚,0.6718
mykids,✌️,0.6832
mykids,￴ ￴ ￴  ￴ ￴ ￴ ￴ ￴,0.6699
mykids,𝐫𝐢𝐝𝐨𝐨🕊️,0.6641
mykids,𝓝𝓪𝔂𝓵𝓪_𝓓.𝓐,0.6564
mykids,𝕳𝕬𝕴𝕶𝕬𝕷 𝖁1,0.7398
mykids,𝘼𝙇𝙃𝘼𝙆𝙄𝙈𝙕,0.7069
mykids,𝘿𝙚𝙣,0.674
mykids,🐦,0.6506
mykids,💩.,0.6537
mynnn,naufabyktsr,0.744
mynnn,nick!!!,0.6885
mynnn,nuuuuu,0.7477
mynnn,pak haji sara,0.691
mynnn,panggil vans✌️,0.7046
mynnn,pecey yeye,0.6867
mynnn,r4ndsyh,0.696
mynnn,sapa bae,0.6573
mynnn,scc.,0.689
mynnn,selialls,0.6598
mynnn,sopo》,0.6987
mynnn,username12375,0.6506
mynnn,uuppio,0.6583
mynnn,wh0,0.7155
mynnn,zazamm,0.6538
mynnn,zrill💥,0.7385
mynnn,~~boyszzarddd~~ardboysss🇦🇱🪩,0.744
mynnn,▪️,0.7247
mynnn,𝓝𝓪𝔂𝓵𝓪_𝓓.𝓐,0.651
mynnn,𝘿𝙚𝙣,0.7094
mynnn,🐦,0.6702
mynnn,👻hsb👻,0.7347
mynnn,👾,0.7477
n,nar setecu🌀💤🌊,0.6635
n,nitalifa,0.6859
n,nuuuu,0.6536
n,nuuuuu,0.653
n,osdaglog14,0.6837
n,rehan.aj,0.6724
n,saitama.botak6,0.6801
n,sri66790,0.6659
n,superman,0.6638
n,tole bf official316,0.6579
n,vinss,0.6886
n,wong kene bae,0.6558
n,x4ngee🕊️,0.6696
n,𝐉𝐨𝐫𝐝𝐲𝐲,0.6706
n,🆘,0.692
n,👾,0.653
n3,patrick bateman,0.6721
n3,sazz,0.7024
n3,𝐫𝐢𝐝𝐨𝐨🕊️,0.6658
n4uf@l 4j4,nanangmungils1,0.862
n4uf@l 4j4,nipzzz,0.7797
n4uf@l 4j4,p4n_🤷‍♂️🤷‍♂️,0.7076
n4uf@l 4j4,pangeran kodok,0.6545
n4uf@l 4j4,panzskbd,0.862
n4uf@l 4j4,r 4 5 ya,0.6837
n4uf@l 4j4,rezx2nd,0.72
n4uf@l 4j4,riff,0.72
n4uf@l 4j4,risky⛔️🆘️,0.6639
n4uf@l 4j4,sannzxkce,0.6524
n4uf@l 4j4,scorpio🦂,0.72
n4uf@l 4j4,sinfloww,0.6723
n4uf@l 4j4,tri yulianti,0.862
n4uf@l 4j4,vann 🌳,0.7022
n4uf@l 4j4,veri ramandani18,0.6723
n4uf@l 4j4,warung knalpot racing,0.7161
n4uf@l 4j4,ye,0.8509
n4uf@l 4j4,zaza,0.6969
n4uf@l 4j4,⠀ ⠀ ⠀ ⠀ ⠀᠌,0.862
n4uf@l 4j4,レザ,0.7065
n4uf@l 4j4,🄱🄰🅈🅄🄸🄽🄳🄰🄷🄾🄵🄵🅂🄴🅃,0.6947
n4uf@l 4j4,🕸,0.6595
na.,naufabyktsr,0.663
na.,noellnr🍒,0.7657
na.,nyong,0.7034
na.,nyong ibaim,0.7069
na.,p1n,0.7757
na.,pangerankodok77,0.7319
na.,panggil vans✌️,0.6883
na.,panglima boncoz,0.6793
na.,parell✈️💤,0.7034
na.,pdpputragemilang!,0.6771
na.,pikaars?,0.6713
na.,proo,0.7034
na.,ranji💤,0.6617
na.,rass.,0.7034
na.,rehan.aj,0.6961
na.,ristiana08,0.6503
na.,rizzstecu✌️,0.6601
na.,s. g. t.,0.7277
na.,sabiantiwulariata,0.6877
na.,sayaangaenii❤️‍🔥,0.6664
na.,sestu,0.6899
na.,sucilestaripp_08,0.7065
na.,syakila pbg,0.6899
na.,syaqella,0.6503
na.,tll,0.7578
na.,vannn opet,0.6585
na.,vinza,0.7129
na.,wdyt_,0.7475
na.,wong gringsing,0.6899
na.,xlx🇮🇲,0.6935
na.,yafzz•𝙯𝙤𝙡𝙙𝙮𝙠🔰💤,0.7319
na.,y🅰️hya?,0.7716
na.,ziee_1901,0.6592
na.,~~boyszzarddd~~ardboysss🇦🇱🪩,0.663
na.,່,0.7034
na.,❤️💛💚,0.6799
na.,ꦲꦼꦤ꧀ꦝꦺꦴꦱ꧀,0.7267
na.,𓏵,0.6836
na.,𝐀𝐋𝐄𝐗𝐀𝐍𝐃𝐑𝐈𝐀,0.7133
na.,𝑦𝑦𝑦𝑦,0.7716
na.,𝕄 𝕒 𝕤  𝕋𝕒𝕜𝕪𝕦𝕟,0.6522
na.,"𝖂𝖍𝖔'𝕾,𝕭𝖗𝖆𝖓රධ",0.7334
na.,𝗕𝗠𝗞𝗚,0.7034
na.,𝘁𝗿ē𝗻𝗱à𝗻𝘇𝘅,0.7034
na.,👻,0.665
na.,💫,0.6659
na.,🔥theeam3ll⚡,0.6697
na.,🫧,0.6556
naa_,nadhiff👾,0.6556
naa_,narzz🌊🌊,0.6607
naa_,oz_,0.6741
naa_,padil,0.6966
naa_,pisangambon,0.7161
naa_,piscesmod,0.6781
naa_,praditailhm_,0.6621
naa_,put,0.7292
naa_,qila012,0.6626
naa_,rpk1,0.6672
naa_,sabitulyz,0.6673
naa_,satria 🙌,0.6601
naa_,satyaa ✦,0.6678
naa_,sendiiisen©📍,0.6747
naa_,single era,0.6683
naa_,syaf__👾👾,0.7173
naa_,talasku99,0.7105
naa_,tam,0.7113
naa_,taxi barang purwokerto,0.69
naa_,tofik.putra17,0.6963
naa_,user7098643456,0.6921
naa_,vittss..,0.717
naa_,wiindoc,0.6675
naa_,wongwonganmumet,0.6607
naa_,ws🪩,0.7114
naa_,wzrd,0.7207
naa_,yesakiw,0.6937
naa_,z4kk🇦🇱🇦🇱,0.6642
naa_,zaall,0.6538
naa_,zarr★,0.6776
naa_,zeniperr,0.7024
naa_,zrill🇦🇱🇦🇱,0.6648
naa_,ɴᴀᴛ,0.6712
naa_,⋇⋆✦chelsea ♛┈⛧♡,0.7388
naa_,★,0.6932
naa_,ザキ・アルディアンシア,0.6946
naa_,윙고🇲🇨🇰🇷,0.7276
naa_,️dika_sajah,0.7174
naa_,￴,0.6511
naa_,￴￴,0.6679
naa_,𝕶𝖞𝖓𝖟𝖟,0.6565
naa_,𝙋𝙍𝙄𝙉𝘾𝙀 15,0.6842
naa_,𝙖𝙩𝙨𝙨,0.6708
naa_,𝙡𝙚𝙣𝙜,0.7254
naa_,𝙧𝙖𝙙𝙚𝙣𝙣𝙠𝙪𝙘𝙞𝙩𝙩🌊,0.6781
naa_,🕊,0.6841
nabati,neyymar kee jakarta,0.6809
nabati,notzstrongboyss,0.7854
nabati,pdpputragemilang!,0.7199
nabati,single era,0.6868
nabati,sleep the saunt,0.6572
nabati,z4kk🇦🇱🇦🇱,0.7313
nabati,المجتهد,0.6534
nabati,فەیزال,0.7252
nabati,เςคภ,0.684
nabati,™.yunz ★ 447.¥,0.6965
nabati,￴,0.7783
nabati,🤴🏽,0.7006
nabati,🪫,0.6896
nabi sulaiman,narti,0.6616
nabi sulaiman,s u m m e r .,0.6907
nabi sulaiman,tika kartika,0.6963
nabi sulaiman,yanuar,0.6726
nabi sulaiman,່ ‍ a,0.6983
nabi sulaiman,𝙖𝙩𝙨𝙨,0.6922
nadhiff👾,narti,0.7543
nadhiff👾,narzz🌊🌊,0.7327
nadhiff👾,ndre4you,0.6867
nadhiff👾,neyymar kee jakarta,0.7054
nadhiff👾,nggaaa,0.6886
nadhiff👾,nnaann🔫,0.683
nadhiff👾,nobody,0.7632
nadhiff👾,ol²²oy,0.8168
nadhiff👾,oz_,0.737
nadhiff👾,p4tooookkkk,0.7073
nadhiff👾,pisangambon,0.713
nadhiff👾,praditailhm_,0.8283
nadhiff👾,princess 💅,0.6746
nadhiff👾,put,0.7313
nadhiff👾,qila012,0.7872
nadhiff👾,rahmat kartolo,0.7209
nadhiff👾,rempeyek_500🌊,0.6544
nadhiff👾,rpk1,0.6548
nadhiff👾,rℹ️k🅾️🅾️🅾️,0.8447
nadhiff👾,s u m m e r .,0.6892
nadhiff👾,safi,0.6652
nadhiff👾,satria 🙌,0.8327
nadhiff👾,scc winoww,0.7895
nadhiff👾,scc.,0.7261
nadhiff👾,secccfldsuuu21,0.6724
nadhiff👾,sendiiisen©📍,0.8192
nadhiff👾,srylee,0.6583
nadhiff👾,stecu💤,0.6787
nadhiff👾,suyato jowo,0.7387
nadhiff👾,syaf__👾👾,0.7294
nadhiff👾,talasku99,0.6563
nadhiff👾,tam,0.7796
nadhiff👾,tangrajinngaji,0.8548
nadhiff👾,theeryoou,0.7045
nadhiff👾,tinnyee,0.7295
nadhiff👾,tofik.putra17,0.8458
nadhiff👾,upin🐼,0.6647
nadhiff👾,user13463#457344,0.7925
nadhiff👾,user7098643456,0.6753
nadhiff👾,username12375,0.674
nadhiff👾,va 17hd,0.7707
nadhiff👾,van pablo,0.7075
nadhiff👾,vanooo,0.6837
nadhiff👾,viann,0.875
nadhiff👾,vittss..,0.6844
nadhiff👾,wo,0.6858
nadhiff👾,wong elek,0.7557
nadhiff👾,ws🪩,0.7732
nadhiff👾,wzrd,0.7398
nadhiff👾,yanuar,0.7267
nadhiff👾,yogaaa21,0.7557
nadhiff👾,yyy,0.7225
nadhiff👾,z4kk🇦🇱🇦🇱,0.6965
nadhiff👾,zaall,0.684
nadhiff👾,zaka.ya,0.7351
nadhiff👾,zazamm,0.8085
nadhiff👾,zeniperr,0.6982
nadhiff👾,zrill🇦🇱🇦🇱,0.7824
nadhiff👾,àlwàysdip,0.6565
nadhiff👾,ɴᴀᴛ,0.7049
nadhiff👾,˚ ༘ 🦕𖦹⋆｡˚,0.7644
nadhiff👾,فەیزال,0.7774
nadhiff👾,⋇⋆✦chelsea ♛┈⛧♡,0.683
nadhiff👾,☝️👌👌cc,0.8238
nadhiff👾,♥,0.6544
nadhiff👾,✌️,0.7409
nadhiff👾,ザキ・アルディアンシア,0.6716
nadhiff👾,マᥱž𝚊,0.7137
nadhiff👾,윙고🇲🇨🇰🇷,0.7173
nadhiff👾,️dika_sajah,0.7038
nadhiff👾,￴,0.6991
nadhiff👾,￴ ￴ ￴  ￴ ￴ ￴ ￴ ￴,0.6914
nadhiff👾,￴￴,0.8015
nadhiff👾,𝐫𝐢𝐝𝐨𝐨🕊️,0.6898
nadhiff👾,𝑱𝒖𝒍𝒊𝒂𝒏𝒏𝒏,0.763
nadhiff👾,𝕳𝕬𝕴𝕶𝕬𝕷 𝖁1,0.7062
nadhiff👾,𝕶𝖞𝖓𝖟𝖟,0.7763
nadhiff👾,𝘼𝙇𝙃𝘼𝙆𝙄𝙈𝙕,0.7308
nadhiff👾,𝘿𝙚𝙣,0.7985
nadhiff👾,𝙋𝙍𝙄𝙉𝘾𝙀 15,0.7447
nadhiff👾,𝙖𝙩𝙨𝙨,0.6581
nadhiff👾,𝙡𝙚𝙣𝙜,0.7913
nadhiff👾,🎮,0.707
nadhiff👾,🏴󠁧󠁢󠁥󠁮󠁧󠁿🏴󠁧󠁢󠁥󠁮󠁧󠁿,0.7157
nadhiff👾,🐦,0.7574
nadhiff👾,🔴⚪,0.7766
nadhiff👾,🕊,0.8381
nafz?yakena😹🤓🤭😋,nha_nha88,0.6658
nafz?yakena😹🤓🤭😋,p!n,0.6519
nafz?yakena😹🤓🤭😋,rian(rivan fian),0.6673
nafz?yakena😹🤓🤭😋,wiwut,0.7225
nafz?yakena😹🤓🤭😋,yoo🅰️jahh,0.731
nafz?yakena😹🤓🤭😋,zexx'777,0.7399
nafz?yakena😹🤓🤭😋,zye hehe,0.6555
nafz?yakena😹🤓🤭😋,ɓøɓ mārlɛƴ!!⛓️,0.6939
nafz?yakena😹🤓🤭😋,𝙔𝙊𝙂𝙂𝘼𝘼⭐💦,0.6828
nafz?yakena😹🤓🤭😋,🎀sheila||suka ngonten🎀,0.6598
namaku atha,nha_nha88,0.7723
namaku atha,rian(rivan fian),0.7591
namaku atha,rimzsukaessedoublechange🤤,0.6594
namaku atha,ririss,0.7034
namaku atha,spilloutfittrendy,0.7269
namaku atha,tem - tem★★★,0.6607
namaku atha,"wong""plosok",0.7274
namaku atha,xy_don🚀,0.7337
namaku atha,xybca_fad,0.6539
namaku atha,ynnnz,0.6554
namaku atha,yoo🅰️jahh,0.6625
namaku atha,zexx'777,0.7345
namaku atha,zouheir.yaz_ze,0.6734
namaku atha,zye hehe,0.7487
namaku atha,ɓøɓ mārlɛƴ!!⛓️,0.6516
namaku atha,𝕬𝖟𝖐𝖆 𝖋𝖔𝖗 𝖞𝖔𝖚,0.7591
namaku atha,𝙔𝙊𝙂𝙂𝘼𝘼⭐💦,0.6715
nanangmungils1,nipzzz,0.8229
nanangmungils1,ovl,0.7056
nanangmungils1,p4n_🤷‍♂️🤷‍♂️,0.7231
nanangmungils1,pangeran kodok,0.6549
nanangmungils1,panzskbd,1.0
nanangmungils1,pasarrumah.id,0.6918
nanangmungils1,pikaars?,0.654
nanangmungils1,r 4 5 ya,0.696
nanangmungils1,rezx2nd,0.8452
nanangmungils1,riff,0.8452
nanangmungils1,risky⛔️🆘️,0.7074
nanangmungils1,sannzxkce,0.6825
nanangmungils1,scorpio🦂,0.8452
nanangmungils1,seli🌸,0.6656
nanangmungils1,sinfloww,0.8055
nanangmungils1,tokoserbada12,0.7623
nanangmungils1,tri yulianti,1.0
nanangmungils1,vann 🌳,0.6713
nanangmungils1,veri ramandani18,0.8055
nanangmungils1,wawud,0.6503
nanangmungils1,wien,0.6656
nanangmungils1,ye,0.8283
nanangmungils1,yuliazaa,0.6588
nanangmungils1,zaza,0.6641
nanangmungils1,น้ำอุ่น กัญญาภัทร เต๊กอ๋อต้ง,0.6588
nanangmungils1,⚽,0.6656
nanangmungils1,⠀ ⠀ ⠀ ⠀ ⠀᠌,1.0
nanangmungils1,レザ,0.6953
nanangmungils1,𝕱_v2,0.6794
nanangmungils1,🌵dnd's_mom🌵,0.7373
nanangmungils1,🐚🫧🪩,0.6505
nanangmungils1,🕸,0.675
nandaa,raa 👧🏻,0.6595
nandaa,ɴᴀᴛ,0.6751
nandaa,マᥱž𝚊,0.6564
nandaa,￴ ￴ ￴  ￴ ￴ ￴ ￴ ￴,0.6664
nandaa,￴￴,0.6789
nandaa,𝐫𝐢𝐝𝐨𝐨🕊️,0.6999
nandaa,𝙋𝙍𝙄𝙉𝘾𝙀 15,0.6653
nandaa,💩.,0.6556
nansya ahsh,nuuuu,0.6979
nansya ahsh,om_jabir,0.6553
nansya ahsh,pak haji,0.656
nansya ahsh,r e t z,0.6542
nansya ahsh,r4ndsyh,0.6543
nansya ahsh,ramadani🌀,0.6624
nansya ahsh,ryy_,0.6804
nansya ahsh,selialls,0.651
nansya ahsh,v,0.6827
nansya ahsh,vinss,0.6678
nansya ahsh,weird zeze🇩🇪,0.7688
nansya ahsh,wongwonganmumet,0.6574
nansya ahsh,ɓøɓ mārlɛƴ!!⛓️,0.6605
nansya ahsh,𝘉𝘐 𝔟𝔢𝔫𝔠𝔦 𝔠𝔦𝔫𝔱𝔞~,0.6942
nansya ahsh,💋,0.6779
nar setecu🌀💤🌊,nitalifa,0.7497
nar setecu🌀💤🌊,nuuuu,0.6566
nar setecu🌀💤🌊,oz_,0.6918
nar setecu🌀💤🌊,p4tooookkkk,0.7176
nar setecu🌀💤🌊,padil,0.7977
nar setecu🌀💤🌊,pangeran k,0.7355
nar setecu🌀💤🌊,persiaa,0.6694
nar setecu🌀💤🌊,pisangambon,0.7535
nar setecu🌀💤🌊,put,0.6733
nar setecu🌀💤🌊,putz!!,0.6611
nar setecu🌀💤🌊,raf,0.658
nar setecu🌀💤🌊,rahmat kartolo,0.658
nar setecu🌀💤🌊,rimzsukaessedoublechange🤤,0.6654
nar setecu🌀💤🌊,rpk1,0.6709
nar setecu🌀💤🌊,s u m m e r .,0.6564
nar setecu🌀💤🌊,sabiantiwulariata,0.7015
nar setecu🌀💤🌊,secccfldsuuu21,0.6929
nar setecu🌀💤🌊,set? iy syng,0.651
nar setecu🌀💤🌊,si kucing,0.6887
nar setecu🌀💤🌊,single era,0.6541
nar setecu🌀💤🌊,sn0w,0.6701
nar setecu🌀💤🌊,superman,0.7455
nar setecu🌀💤🌊,taxi barang purwokerto,0.6847
nar setecu🌀💤🌊,tofik.putra17,0.6744
nar setecu🌀💤🌊,ujangkedu,0.6986
nar setecu🌀💤🌊,wzrd,0.6805
nar setecu🌀💤🌊,yanuar,0.7509
nar setecu🌀💤🌊,yhahaha,0.6839
nar setecu🌀💤🌊,y💥💯                😛,0.6908
nar setecu🌀💤🌊,zaka.ya,0.7001
nar setecu🌀💤🌊,˚ ༘ 🦕𖦹⋆｡˚,0.6502
nar setecu🌀💤🌊,เςคภ,0.6956
nar setecu🌀💤🌊,⋇⋆✦chelsea ♛┈⛧♡,0.6983
nar setecu🌀💤🌊,★,0.6655
nar setecu🌀💤🌊,️dika_sajah,0.6962
nar setecu🌀💤🌊,￴ ￴ ￴  ￴ ￴ ￴ ￴ ￴,0.6522
nar setecu🌀💤🌊,𝕳𝕬𝕴𝕶𝕬𝕷 𝖁1,0.6871
nar setecu🌀💤🌊,𝘼𝙇𝙃𝘼𝙆𝙄𝙈𝙕,0.718
nar setecu🌀💤🌊,𝙖𝙩𝙨𝙨,0.7035
nar setecu🌀💤🌊,𝙧𝙖𝙙𝙚𝙣𝙣𝙠𝙪𝙘𝙞𝙩𝙩🌊,0.7073
nar setecu🌀💤🌊,🀄penjahatmu🀄,0.6614
nar setecu🌀💤🌊,🆘,0.6571
nar setecu🌀💤🌊,🕊,0.6644
narti,narzz🌊🌊,0.6751
narti,neyymar kee jakarta,0.7173
narti,nobody,0.6563
narti,notzstrongboyss,0.6738
narti,ol²²oy,0.6604
narti,oz_,0.6736
narti,p4tooookkkk,0.7574
narti,pisangambon,0.665
narti,praditailhm_,0.7116
narti,qila012,0.7049
narti,rahmat kartolo,0.7502
narti,rijakipp,0.662
narti,rpk1,0.6518
narti,rℹ️k🅾️🅾️🅾️,0.6965
narti,s u m m e r .,0.7236
narti,satria 🙌,0.7246
narti,sendiiisen©📍,0.7227
narti,sleep the saunt,0.6631
narti,suyato jowo,0.8038
narti,tam,0.6576
narti,tangrajinngaji,0.7437
narti,tika kartika,0.696
narti,tinnyee,0.6762
narti,tofik.putra17,0.7549
narti,user13463#457344,0.736
narti,va 17hd,0.6924
narti,viann,0.7457
narti,vittss..,0.6628
narti,wo,0.7453
narti,wong elek,0.8042
narti,wongwonganmumet,0.6641
narti,ws🪩,0.7011
narti,wzrd,0.6696
narti,yanuar,0.7166
narti,yogaaa21,0.6776
narti,y💥💯                😛,0.6915
narti,z4kk🇦🇱🇦🇱,0.6611
narti,zaka.ya,0.6969
narti,zazamm,0.6599
narti,zrill🇦🇱🇦🇱,0.7675
narti,˚ ༘ 🦕𖦹⋆｡˚,0.7527
narti,المجتهد,0.6775
narti,فەیزال,0.7118
narti,เςคภ,0.6633
narti,☝️👌👌cc,0.6627
narti,￴,0.7124
narti,￴￴,0.6877
narti,𝑱𝒖𝒍𝒊𝒂𝒏𝒏𝒏,0.7385
narti,𝕶𝖞𝖓𝖟𝖟,0.6899
narti,𝘿𝙚𝙣,0.692
narti,𝙋𝙍𝙄𝙉𝘾𝙀 15,0.6543
narti,𝙖𝙩𝙨𝙨,0.6962
narti,𝙡𝙚𝙣𝙜,0.6974
narti,🎮,0.6561
narti,🐦,0.715
narti,🔴⚪,0.8036
narti,🕊,0.7388
narzz🌊🌊,nobody,0.6629
narzz🌊🌊,ol²²oy,0.6923
narzz🌊🌊,oz_,0.7404
narzz🌊🌊,p4tooookkkk,0.6959
narzz🌊🌊,pisangambon,0.6599
narzz🌊🌊,praditailhm_,0.7916
narzz🌊🌊,put,0.6815
narzz🌊🌊,qila012,0.7574
narzz🌊🌊,raf,0.7159
narzz🌊🌊,rafyy😹,0.6818
narzz🌊🌊,rahmat kartolo,0.6988
narzz🌊🌊,rempeyek_500🌊,0.6545
narzz🌊🌊,rijakipp,0.6793
narzz🌊🌊,rℹ️k🅾️🅾️🅾️,0.71
narzz🌊🌊,safi,0.7057
narzz🌊🌊,satria 🙌,0.6947
narzz🌊🌊,satyaa ✦,0.6623
narzz🌊🌊,scc winoww,0.7253
narzz🌊🌊,scc.,0.6638
narzz🌊🌊,sendiiisen©📍,0.7007
narzz🌊🌊,si kucing,0.68
narzz🌊🌊,srylee,0.6617
narzz🌊🌊,stecu💤,0.7226
narzz🌊🌊,suyato jowo,0.6827
narzz🌊🌊,talasku99,0.6867
narzz🌊🌊,tam,0.7341
narzz🌊🌊,tangrajinngaji,0.785
narzz🌊🌊,tinnyee,0.6684
narzz🌊🌊,tofik.putra17,0.7431
narzz🌊🌊,user13463#457344,0.6868
narzz🌊🌊,user7098643456,0.7414
narzz🌊🌊,va 17hd,0.7021
narzz🌊🌊,vanooo,0.6691
narzz🌊🌊,viann,0.7369
narzz🌊🌊,vittss..,0.7178
narzz🌊🌊,wo,0.7256
narzz🌊🌊,wong elek,0.7244
narzz🌊🌊,wongwonganmumet,0.7476
narzz🌊🌊,ws🪩,0.7228
narzz🌊🌊,wzrd,0.6692
narzz🌊🌊,yesakiw,0.6579
narzz🌊🌊,yyy,0.7002
narzz🌊🌊,y💥💯                😛,0.6753
narzz🌊🌊,zaall,0.6626
narzz🌊🌊,zaka.ya,0.753
narzz🌊🌊,zarr★,0.694
narzz🌊🌊,zazamm,0.7274
narzz🌊🌊,zeniperr,0.662
narzz🌊🌊,zrill🇦🇱🇦🇱,0.7227
narzz🌊🌊,ɴᴀᴛ,0.6755
narzz🌊🌊,˚ ༘ 🦕𖦹⋆｡˚,0.7243
narzz🌊🌊,⋇⋆✦chelsea ♛┈⛧♡,0.7569
narzz🌊🌊,★,0.6666
narzz🌊🌊,☝️👌👌cc,0.671
narzz🌊🌊,ザキ・アルディアンシア,0.6504
narzz🌊🌊,윙고🇲🇨🇰🇷,0.7623
narzz🌊🌊,️dika_sajah,0.6858
narzz🌊🌊,￴ ￴ ￴  ￴ ￴ ￴ ￴ ￴,0.7089
narzz🌊🌊,￴￴,0.7435
narzz🌊🌊,𝑱𝒖𝒍𝒊𝒂𝒏𝒏𝒏,0.7003
narzz🌊🌊,𝕳𝕬𝕴𝕶𝕬𝕷 𝖁1,0.656
narzz🌊🌊,𝕶𝖞𝖓𝖟𝖟,0.6523
narzz🌊🌊,𝘼𝙇𝙃𝘼𝙆𝙄𝙈𝙕,0.6748
narzz🌊🌊,𝘿𝙚𝙣,0.6991
narzz🌊🌊,𝙋𝙍𝙄𝙉𝘾𝙀 15,0.6983
narzz🌊🌊,𝙡𝙚𝙣𝙜,0.7477
narzz🌊🌊,𝙧𝙖𝙙𝙚𝙣𝙣𝙠𝙪𝙘𝙞𝙩𝙩🌊,0.6553
narzz🌊🌊,🐣,0.7499
narzz🌊🌊,🔴⚪,0.6517
narzz🌊🌊,🕊,0.8045
naufabyktsr,nick!!!,0.7825
naufabyktsr,nuuuuu,0.7203
naufabyktsr,nyong,0.7141
naufabyktsr,n⭐👽,0.6971
naufabyktsr,pak haji sara,0.6668
naufabyktsr,panggil vans✌️,0.7925
naufabyktsr,panglima boncoz,0.7687
naufabyktsr,parell✈️💤,0.7141
naufabyktsr,proo,0.7141
naufabyktsr,r4ndsyh,0.6835
naufabyktsr,ranji💤,0.7038
naufabyktsr,rass.,0.7141
naufabyktsr,rizzstecu✌️,0.6869
naufabyktsr,sapa bae,0.6757
naufabyktsr,say,0.657
naufabyktsr,sayaangaenii❤️‍🔥,0.6539
naufabyktsr,sestu,0.7507
naufabyktsr,sopo》,0.6996
naufabyktsr,syakila pbg,0.7507
naufabyktsr,username12375,0.7217
naufabyktsr,wong gringsing,0.7507
naufabyktsr,xlx🇮🇲,0.6693
naufabyktsr,y🅰️hya?,0.6721
naufabyktsr,ziee_1901,0.706
naufabyktsr,zrill💥,0.7056
naufabyktsr,~~boyszzarddd~~ardboysss🇦🇱🪩,1.0
naufabyktsr,່,0.7141
naufabyktsr,▪️,0.9219
naufabyktsr,♥,0.6559
naufabyktsr,❤️💛💚,0.6984
naufabyktsr,ꦲꦼꦤ꧀ꦝꦺꦴꦱ꧀,0.6689
naufabyktsr,𓏵,0.6828
naufabyktsr,𝑦𝑦𝑦𝑦,0.6721
naufabyktsr,𝔅𝔩𝔲𝔢𝔢𝔅𝔬𝔬𝔰𝔱 💨💫,0.658
naufabyktsr,"𝖂𝖍𝖔'𝕾,𝕭𝖗𝖆𝖓රධ",0.661
naufabyktsr,𝗕𝗠𝗞𝗚,0.7141
naufabyktsr,𝘁𝗿ē𝗻𝗱à𝗻𝘇𝘅,0.7141
naufabyktsr,𝙾𝚛𝚢𝚣𝚊 𝚂𝚊𝚝𝚒𝚟𝚊 🌾,0.6659
naufabyktsr,🐦,0.6975
naufabyktsr,👻,0.679
naufabyktsr,👻hsb👻,0.7403
naufabyktsr,👾,0.7203
nayor,nuuuu,0.6548
nayor,putra barepjr,0.6946
nayor,ririss,0.6809
nayor,saitama.botak6,0.7012
nayor,tole bf official316,0.6763
nayor,userr4532552,0.7234
nayor,v,0.666
nayor,ɓøɓ mārlɛƴ!!⛓️,0.6901
nayor,𝐉𝐨𝐫𝐝𝐲𝐲,0.6688
nayor,𝕬𝖟𝖐𝖆 𝖋𝖔𝖗 𝖞𝖔𝖚,0.7195
nayor,𝘉𝘐 𝔟𝔢𝔫𝔠𝔦 𝔠𝔦𝔫𝔱𝔞~,0.653
nayor,🆘,0.6583
nayor,🕸️,0.6709
nayzz🚀,nycxstore,0.665
nayzz🚀,oceanblue,0.7005
nayzz🚀,satriaaa,0.6974
nayzz🚀,seli🌸,0.7005
nayzz🚀,shenaseviana,0.7411
nayzz🚀,tokoserbada12,0.7063
nayzz🚀,vanzzz,0.6589
nayzz🚀,wien,0.7005
nayzz🚀,⚽,0.7005
nayzz🚀,🕸,0.6703
nayzz🚀,😂,0.6638
nayzz🚀,🥷,0.6536
ndaru,nha_nha88,0.7362
ndaru,puji_kodrat,0.6595
ndaru,r e t z,0.7245
ndaru,rian(rivan fian),0.6645
ndaru,saitama.botak6,0.6572
ndaru,spilloutfittrendy,0.7113
ndaru,sri66790,0.6555
ndaru,tole bf official316,0.6799
ndaru,wong kene bae,0.6646
ndaru,"wong""plosok",0.7265
ndaru,xy_don🚀,0.6731
ndaru,yoo🅰️jahh,0.6584
ndaru,zexx'777,0.6638
ndaru,zouheir.yaz_ze,0.6577
ndaru,zye hehe,0.6727
ndaru,˚꩜｡⋆˚࿔ 𝔂𝓪𝔂𝓪 𝜗𝜚˚⋆🧸ྀི,0.7238
ndaru,⭐zka,0.6803
ndaru,𝕬𝖟𝖐𝖆 𝖋𝖔𝖗 𝖞𝖔𝖚,0.6762
ndaru,𝘾𝙖𝙡𝙤𝙣 𝙃𝘼𝙅𝙄,0.7046
ndra_may,nurul hidayanti 🐗,0.8156
ndra_may,otong,0.7101
ndra_may,shenaseviana,0.7233
ndra_may,ssuuu,0.8403
ndre4you,nggaaa,0.6652
ndre4you,nino,0.6767
ndre4you,nobody,0.7375
ndre4you,nuuuu,0.7105
ndre4you,ol²²oy,0.7777
ndre4you,patirrrv2🖤,0.6803
ndre4you,patrick bateman,0.6587
ndre4you,penjahat mu,0.678
ndre4you,pisangambon,0.6944
ndre4you,praditailhm_,0.69
ndre4you,princess 💅,0.7662
ndre4you,put,0.66
ndre4you,raffiii162,0.6934
ndre4you,rafyy😹,0.6965
ndre4you,rahmanpru,0.6668
ndre4you,rzl,0.7694
ndre4you,rℹ️k🅾️🅾️🅾️,0.7401
ndre4you,samshl_22,0.6745
ndre4you,sapa bae,0.7263
ndre4you,sara ariska,0.9472
ndre4you,sari 86,0.6644
ndre4you,satria 🙌,0.7004
ndre4you,sayaangaenii❤️‍🔥,0.7032
ndre4you,scc winoww,0.7188
ndre4you,scc.,0.707
ndre4you,secccfldsuuu21,0.667
ndre4you,septiana,0.8841
ndre4you,sopo》,0.7042
ndre4you,syaf__👾👾,0.6788
ndre4you,the last good man,0.748
ndre4you,tinnyee,0.6929
ndre4you,tofik.putra17,0.6893
ndre4you,trisis,0.7023
ndre4you,userr4532552,0.7016
ndre4you,uuppio,0.7258
ndre4you,va 17hd,0.6707
ndre4you,van pablo,0.6814
ndre4you,viann,0.7062
ndre4you,xspeedx,0.751
ndre4you,yogaaa21,0.7057
ndre4you,yogszz⚡,0.65
ndre4you,yyy,0.686
ndre4you,zaka.ya,0.7127
ndre4you,zannn,0.6569
ndre4you,zazamm,0.7208
ndre4you,zppcx,0.6849
ndre4you,zrill💥,0.6915
ndre4you,àlwàysdip,0.6579
ndre4you,ᴘɪᴋᴀғʀɪᴇᴅᴄʜɪᴄᴋᴇɴ,0.7854
ndre4you,☝️👌👌cc,0.7857
ndre4you,♥,0.6617
ndre4you,⛓️,0.7116
ndre4you,✌️,0.8183
ndre4you,𝑱𝒖𝒍𝒊𝒂𝒏𝒏𝒏,0.6522
ndre4you,𝕳𝕬𝕴𝕶𝕬𝕷 𝖁1,0.6689
ndre4you,𝖇𝖎𝖎𝖑𝖆,0.7412
ndre4you,𝘼𝙇𝙃𝘼𝙆𝙄𝙈𝙕,0.6825
ndre4you,𝙡𝙚𝙣𝙜,0.6603
ndre4you,𝙾𝚛𝚢𝚣𝚊 𝚂𝚊𝚝𝚒𝚟𝚊 🌾,0.846
ndre4you,🏴󠁧󠁢󠁥󠁮󠁧󠁿🏴󠁧󠁢󠁥󠁮󠁧󠁿,0.6641
ndre4you,🕊,0.6975
ndre4you,🧋,0.6694
neyymar kee jakarta,nnaann🔫,0.6627
neyymar kee jakarta,notzstrongboyss,0.7173
neyymar kee jakarta,oz_,0.6922
neyymar kee jakarta,p4tooookkkk,0.7046
neyymar kee jakarta,pisangambon,0.6536
neyymar kee jakarta,praditailhm_,0.6888
neyymar kee jakarta,put,0.6825
neyymar kee jakarta,qila012,0.6967
neyymar kee jakarta,rijakipp,0.6766
neyymar kee jakarta,satria 🙌,0.7096
neyymar kee jakarta,sendiiisen©📍,0.7678
neyymar kee jakarta,single era,0.7527
neyymar kee jakarta,suyato jowo,0.7054
neyymar kee jakarta,tangrajinngaji,0.769
neyymar kee jakarta,tofik.putra17,0.7227
neyymar kee jakarta,user13463#457344,0.7135
neyymar kee jakarta,va 17hd,0.6869
neyymar kee jakarta,van pablo,0.661
neyymar kee jakarta,viann,0.721
neyymar kee jakarta,wo,0.7241
neyymar kee jakarta,wong elek,0.706
neyymar kee jakarta,ws🪩,0.7417
neyymar kee jakarta,wzrd,0.7264
neyymar kee jakarta,yanuar,0.6986
neyymar kee jakarta,z4kk🇦🇱🇦🇱,0.7138
neyymar kee jakarta,zarr★,0.6755
neyymar kee jakarta,zrill🇦🇱🇦🇱,0.7148
neyymar kee jakarta,˚ ༘ 🦕𖦹⋆｡˚,0.6735
neyymar kee jakarta,المجتهد,0.7364
neyymar kee jakarta,فەیزال,0.7723
neyymar kee jakarta,เςคภ,0.6713
neyymar kee jakarta,™.yunz ★ 447.¥,0.7453
neyymar kee jakarta,⋇⋆✦chelsea ♛┈⛧♡,0.6969
neyymar kee jakarta,ザキ・アルディアンシア,0.687
neyymar kee jakarta,윙고🇲🇨🇰🇷,0.6952
neyymar kee jakarta,️dika_sajah,0.6895
neyymar kee jakarta,￴,0.833
neyymar kee jakarta,￴￴,0.7082
neyymar kee jakarta,𝕶𝖞𝖓𝖟𝖟,0.695
neyymar kee jakarta,𝙋𝙍𝙄𝙉𝘾𝙀 15,0.7614
neyymar kee jakarta,𝙡𝙚𝙣𝙜,0.7266
neyymar kee jakarta,🎮,0.7059
neyymar kee jakarta,🔴⚪,0.7444
neyymar kee jakarta,🕊,0.7093
nggaaa,nobody,0.6568
nggaaa,ol²²oy,0.7236
nggaaa,patirrrv2🖤,0.8745
nggaaa,patrick bateman,0.6823
nggaaa,pecey yeye,0.7996
nggaaa,praditailhm_,0.6778
nggaaa,princess 💅,0.7141
nggaaa,rzl,0.6919
nggaaa,rℹ️k🅾️🅾️🅾️,0.6745
nggaaa,samshl_22,0.8711
nggaaa,sapa bae,0.6595
nggaaa,scc.,0.6796
nggaaa,syaf__👾👾,0.6856
nggaaa,trisis,0.676
nggaaa,uuppio,0.6771
nggaaa,viann,0.6674
nggaaa,yogszz⚡,0.6586
nggaaa,yyy,0.7165
nggaaa,zazamm,0.6831
nggaaa,☝️👌👌cc,0.7299
nggaaa,✌️,0.685
nggaaa,𝑱𝒖𝒍𝒊𝒂𝒏𝒏𝒏,0.655
nggaaa,🅰️★,0.7034
ngọc,nyong,0.6766
ngọc,parell✈️💤,0.6766
ngọc,pikaars?,0.6675
ngọc,proo,0.6766
ngọc,rass.,0.6766
ngọc,ristiana08,0.7109
ngọc,syaqella,0.7109
ngọc,zi yan,0.7528
ngọc,່,0.6766
ngọc,✧-ta_kepkat,0.6886
ngọc,❤️💛💚,0.6588
ngọc,𝗕𝗠𝗞𝗚,0.6766
ngọc,𝘁𝗿ē𝗻𝗱à𝗻𝘇𝘅,0.6766
ngọc,🔥theeam3ll⚡,0.7144
nha_nha88,r e t z,0.7977
nha_nha88,r2kyy🐬,0.6687
nha_nha88,ramadani🌀,0.7089
nha_nha88,rian(rivan fian),0.8203
nha_nha88,rimzsukaessedoublechange🤤,0.7122
nha_nha88,ririss,0.7803
nha_nha88,saitama.botak6,0.8097
nha_nha88,sandhi686,0.7214
nha_nha88,se'pull_maxwill,0.7547
nha_nha88,spilloutfittrendy,0.8447
nha_nha88,sri66790,0.6991
nha_nha88,tem - tem★★★,0.781
nha_nha88,tole bf official316,0.7268
nha_nha88,ultrambuttttt,0.7033
nha_nha88,wong kene bae,0.7567
nha_nha88,"wong""plosok",0.8499
nha_nha88,xy_don🚀,0.8364
nha_nha88,ynnnz,0.7623
nha_nha88,yoo🅰️jahh,0.7105
nha_nha88,zexx'777,0.7861
nha_nha88,zouheir.yaz_ze,0.6989
nha_nha88,zye hehe,0.799
nha_nha88,| ig : @aseprmadanni,0.7707
nha_nha88,ɓøɓ mārlɛƴ!!⛓️,0.6757
nha_nha88,˚꩜｡⋆˚࿔ 𝔂𝓪𝔂𝓪 𝜗𝜚˚⋆🧸ྀི,0.7345
nha_nha88,⭐zka,0.7247
nha_nha88,𝕬𝖟𝖐𝖆 𝖋𝖔𝖗 𝖞𝖔𝖚,0.7909
nha_nha88,𝘾𝙖𝙡𝙤𝙣 𝙃𝘼𝙅𝙄,0.7498
nha_nha88,𝙎𝘽𝙎 001_𝙨𝙠𝙖𝙮 𝙮𝙚𝙡𝙤𝙬,0.7201
nha_nha88,𝙔𝙊𝙂𝙂𝘼𝘼⭐💦,0.6947
nha_nha88,𝙢𝙖𝙖𝙖𝙖𝙖𝙖𝙨𝙨𝙨𝙠𝙖𝙣𝙣𝙣,0.7413
nha_nha88,💥,0.6917
nick!!!,panggil vans✌️,0.6507
nick!!!,panglima boncoz,0.7049
nick!!!,ranji💤,0.7491
nick!!!,reval soso,0.7266
nick!!!,sestu,0.7467
nick!!!,sopo》,0.8343
nick!!!,syakila pbg,0.7467
nick!!!,username12375,0.6932
nick!!!,wong gringsing,0.7467
nick!!!,xlx🇮🇲,0.6587
nick!!!,zrill💥,0.8019
nick!!!,~~boyszzarddd~~ardboysss🇦🇱🪩,0.7825
nick!!!,▪️,0.7473
nick!!!,🐦,0.6822
nick!!!,👻,0.7102
nick!!!,👻hsb👻,0.7877
nick!!!,🧋,0.6824
ninn.,sam🍎🍎,0.7704
ninn.,sandhi686,0.7005
ninn.,🕊️,0.7044
nino,nobody,0.6704
nino,nur fadil,0.6553
nino,okk tty 92,0.7365
nino,ol²²oy,0.7091
nino,pip2nd🧿,0.6672
nino,princess 💅,0.6566
nino,put,0.66
nino,rahmanpru,0.68
nino,regialparij,0.6988
nino,ryy_,0.6818
nino,rℹ️k🅾️🅾️🅾️,0.7176
nino,safi,0.6952
nino,sara ariska,0.6533
nino,satyaa ✦,0.6705
nino,scc winoww,0.6778
nino,si kucing,0.6908
nino,sopo》,0.6777
nino,stecu💤,0.7359
nino,talasku99,0.6805
nino,teteh_jawa,0.729
nino,tinnyee,0.6771
nino,ufa,0.7919
nino,upin🐼,0.6666
nino,user7098643456,0.6514
nino,userr4532552,0.6672
nino,varkon🚀🚀,0.6805
nino,wongwonganmumet,0.6772
nino,yogaaa21,0.6746
nino,yyy,0.7011
nino,zaall,0.696
nino,zain,0.68
nino,zaka.ya,0.6845
nino,zazamm,0.6652
nino,zrill💥,0.6646
nino,ɴᴀᴛ,0.7385
nino,ᴘɪᴋᴀғʀɪᴇᴅᴄʜɪᴄᴋᴇɴ,0.6825
nino,☝️👌👌cc,0.7074
nino,🏴󠁧󠁢󠁥󠁮󠁧󠁿🏴󠁧󠁢󠁥󠁮󠁧󠁿,0.654
nino,💋,0.6715
nino,🕊,0.6671
nipzzz,ovl,0.6967
nipzzz,p4n_🤷‍♂️🤷‍♂️,0.6764
nipzzz,panzskbd,0.8229
nipzzz,r 4 5 ya,0.67
nipzzz,rezx2nd,0.7549
nipzzz,riff,0.7549
nipzzz,risky⛔️🆘️,0.6799
nipzzz,sannzxkce,0.6953
nipzzz,scorpio🦂,0.7549
nipzzz,sinfloww,0.7101
nipzzz,tokoserbada12,0.671
nipzzz,tri yulianti,0.8229
nipzzz,vann 🌳,0.7038
nipzzz,veri ramandani18,0.7101
nipzzz,wwww,0.6656
nipzzz,ye,0.7596
nipzzz,⠀ ⠀ ⠀ ⠀ ⠀᠌,0.8229
nipzzz,レザ,0.6586
nipzzz,🐚🫧🪩,0.7881
nipzzz,🕸,0.6639
nitalifa,nuuuuu,0.6642
nitalifa,pangeran k,0.6576
nitalifa,pip2nd🧿,0.7069
nitalifa,sabiantiwulariata,0.749
nitalifa,secccfldsuuu21,0.6587
nitalifa,sn0w,0.6659
nitalifa,superman,0.7599
nitalifa,yhahaha,0.6879
nitalifa,zain,0.6713
nitalifa,zainvick_,0.7061
nitalifa,𓆈🌊,0.6611
nitalifa,👾,0.6642
nnaann🔫,nobody,0.6999
nnaann🔫,ojann v2,0.6748
nnaann🔫,ol²²oy,0.6919
nnaann🔫,p4tooookkkk,0.6804
nnaann🔫,padil,0.6584
nnaann🔫,pisangambon,0.7079
nnaann🔫,praditailhm_,0.6781
nnaann🔫,put,0.763
nnaann🔫,qila012,0.7636
nnaann🔫,rempeyek_500🌊,0.8381
nnaann🔫,rfky,0.7115
nnaann🔫,rijakipp,0.7009
nnaann🔫,rivann.ahah,0.6751
nnaann🔫,rpk1,0.6659
nnaann🔫,rℹ️k🅾️🅾️🅾️,0.7134
nnaann🔫,safi,0.6706
nnaann🔫,satria 🙌,0.7332
nnaann🔫,satyaa ✦,0.6554
nnaann🔫,sbkecu,0.6632
nnaann🔫,scc winoww,0.6558
nnaann🔫,sendiiisen©📍,0.7125
nnaann🔫,set? iy syng,0.7572
nnaann🔫,si kucing,0.6814
nnaann🔫,sleep the saunt,0.6929
nnaann🔫,stecu💤,0.7029
nnaann🔫,syaf__👾👾,0.6717
nnaann🔫,talasku99,0.6648
nnaann🔫,tam,0.6619
nnaann🔫,teteh_jawa,0.6921
nnaann🔫,theeryoou,0.6849
nnaann🔫,tofik.putra17,0.755
nnaann🔫,user1233833380586,0.8036
nnaann🔫,user13463#457344,0.6844
nnaann🔫,user7098643456,0.8166
nnaann🔫,va 17hd,0.6982
nnaann🔫,van pablo,0.6541
nnaann🔫,viann,0.6887
nnaann🔫,vittss..,0.6631
nnaann🔫,vnn$fomo,0.6776
nnaann🔫,wiindoc,0.6651
nnaann🔫,wong elek,0.682
nnaann🔫,wongwonganmumet,0.6766
nnaann🔫,ws🪩,0.7633
nnaann🔫,wzrd,0.6836
nnaann🔫,yogaaa21,0.6567
nnaann🔫,yyy,0.6766
nnaann🔫,y💥💯                😛,0.6619
nnaann🔫,z4kk🇦🇱🇦🇱,0.7792
nnaann🔫,zaall,0.6754
nnaann🔫,zain,0.7114
nnaann🔫,zaka.ya,0.6757
nnaann🔫,zeniperr,0.7169
nnaann🔫,zrill🇦🇱🇦🇱,0.7231
nnaann🔫,ɴᴀᴛ,0.7255
nnaann🔫,˚ ༘ 🦕𖦹⋆｡˚,0.7247
nnaann🔫,فەیزال,0.7257
nnaann🔫,เςคภ,0.651
nnaann🔫,™.yunz ★ 447.¥,0.7018
nnaann🔫,⋇⋆✦chelsea ♛┈⛧♡,0.6609
nnaann🔫,☝️👌👌cc,0.6807
nnaann🔫,✧saged🌊,0.7464
nnaann🔫,꧁epep꧂,0.6863
nnaann🔫,윙고🇲🇨🇰🇷,0.6623
nnaann🔫,️dika_sajah,0.7848
nnaann🔫,￴,0.8205
nnaann🔫,￴ ￴ ￴  ￴ ￴ ￴ ￴ ￴,0.6683
nnaann🔫,￴￴,0.6507
nnaann🔫,𝙋𝙍𝙄𝙉𝘾𝙀 15,0.7351
nnaann🔫,𝙡𝙚𝙣𝙜,0.7644
nnaann🔫,𝙧𝙖𝙙𝙚𝙣𝙣𝙠𝙪𝙘𝙞𝙩𝙩🌊,0.6624
nnaann🔫,💋,0.7351
nnaann🔫,🕊,0.7412
nobody,nuuuu,0.6848
nobody,nuuuuu,0.7222
nobody,ol²²oy,0.7951
nobody,oz_,0.7068
nobody,p4tooookkkk,0.7384
nobody,padil,0.6542
nobody,pak haji,0.7134
nobody,pak haji sara,0.6851
nobody,pangeran k,0.6725
nobody,patirrrv2🖤,0.6911
nobody,patrick bateman,0.6511
nobody,pip2nd🧿,0.6595
nobody,pisangambon,0.7103
nobody,piscesmod,0.6921
nobody,praditailhm_,0.7216
nobody,princess 💅,0.7165
nobody,put,0.7529
nobody,qila012,0.724
nobody,rahmanpru,0.6575
nobody,rahmat kartolo,0.7048
nobody,rempeyek_500🌊,0.67
nobody,rfky,0.665
nobody,rizzstecu✌️,0.6972
nobody,ryy_,0.662
nobody,rzl,0.699
nobody,rℹ️k🅾️🅾️🅾️,0.802
nobody,safi,0.6911
nobody,samshl_22,0.6655
nobody,sapa bae,0.6554
nobody,sara ariska,0.6999
nobody,satria 🙌,0.8307
nobody,satyaa ✦,0.6842
nobody,scc winoww,0.7586
nobody,scc.,0.7787
nobody,secccfldsuuu21,0.7775
nobody,sendiiisen©📍,0.7039
nobody,septiana,0.6931
nobody,set? iy syng,0.6528
nobody,si kucing,0.6981
nobody,sopo》,0.7448
nobody,stecu💤,0.7308
nobody,syaf__👾👾,0.7321
nobody,talasku99,0.6553
nobody,tam,0.7204
nobody,tangrajinngaji,0.68
nobody,taxi barang purwokerto,0.671
nobody,teteh_jawa,0.6825
nobody,the last good man,0.684
nobody,theeryoou,0.733
nobody,tinnyee,0.7382
nobody,tofik.putra17,0.829
nobody,upin🐼,0.6617
nobody,user13463#457344,0.6942
nobody,user7098643456,0.7071
nobody,username12375,0.664
nobody,uuppio,0.6524
nobody,va 17hd,0.7237
nobody,van pablo,0.7357
nobody,vanooo,0.7369
nobody,viann,0.7361
nobody,vnn$fomo,0.7001
nobody,wong elek,0.6749
nobody,wongwonganmumet,0.7021
nobody,ws🪩,0.7268
nobody,wzrd,0.7203
nobody,yaraaayaaaa,0.6983
nobody,yhahaha,0.7429
nobody,yogaaa21,0.7521
nobody,yyy,0.6864
nobody,z4kk🇦🇱🇦🇱,0.7326
nobody,zaall,0.7547
nobody,zain,0.7342
nobody,zaka.ya,0.7805
nobody,zannn,0.7275
nobody,zazamm,0.7496
nobody,zeniperr,0.6931
nobody,zppcx,0.6776
nobody,zrill🇦🇱🇦🇱,0.756
nobody,zrill💥,0.7486
nobody,àlwàysdip,0.7232
nobody,ɴᴀᴛ,0.722
nobody,˚ ༘ 🦕𖦹⋆｡˚,0.7499
nobody,فەیزال,0.7308
nobody,ᴘɪᴋᴀғʀɪᴇᴅᴄʜɪᴄᴋᴇɴ,0.6695
nobody,⋇⋆✦chelsea ♛┈⛧♡,0.6659
nobody,☝️👌👌cc,0.7823
nobody,♥,0.7584
nobody,✌️,0.6729
nobody,マᥱž𝚊,0.7105
nobody,윙고🇲🇨🇰🇷,0.6725
nobody,️dika_sajah,0.7287
nobody,￴ ￴ ￴  ￴ ￴ ￴ ￴ ￴,0.6858
nobody,￴￴,0.7123
nobody,𝐫𝐢𝐝𝐨𝐨🕊️,0.6961
nobody,𝑱𝒖𝒍𝒊𝒂𝒏𝒏𝒏,0.7289
nobody,𝓝𝓪𝔂𝓵𝓪_𝓓.𝓐,0.6954
nobody,𝕳𝕬𝕴𝕶𝕬𝕷 𝖁1,0.7557
nobody,𝘼𝙇𝙃𝘼𝙆𝙄𝙈𝙕,0.6788
nobody,𝘿𝙚𝙣,0.7305
nobody,𝙋𝙍𝙄𝙉𝘾𝙀 15,0.7
nobody,𝙡𝙚𝙣𝙜,0.7308
nobody,𝙾𝚛𝚢𝚣𝚊 𝚂𝚊𝚝𝚒𝚟𝚊 🌾,0.7408
nobody,🏴󠁧󠁢󠁥󠁮󠁧󠁿🏴󠁧󠁢󠁥󠁮󠁧󠁿,0.6705
nobody,🐦,0.7201
nobody,👻hsb👻,0.6621
nobody,👾,0.7222
nobody,💋,0.6954
nobody,💩.,0.6655
nobody,🕊,0.7692
nobody,🧋,0.6661
noellnr🍒,nyong,0.664
noellnr🍒,nyong ibaim,0.7182
noellnr🍒,p1n,0.7749
noellnr🍒,pangerankodok77,0.7444
noellnr🍒,parell✈️💤,0.664
noellnr🍒,proo,0.664
noellnr🍒,puji_kodrat,0.6589
noellnr🍒,rass.,0.664
noellnr🍒,rio,0.6696
noellnr🍒,s. g. t.,0.7746
noellnr🍒,sestu,0.704
noellnr🍒,slowhand,0.723
noellnr🍒,sucilestaripp_08,0.6684
noellnr🍒,syakila pbg,0.704
noellnr🍒,tll,0.7779
noellnr🍒,username12375,0.6638
noellnr🍒,vinza,0.6745
noellnr🍒,wdyt_,0.7154
noellnr🍒,wong gringsing,0.704
noellnr🍒,yafzz•𝙯𝙤𝙡𝙙𝙮𝙠🔰💤,0.7444
noellnr🍒,y🅰️hya?,0.7408
noellnr🍒,z4m,0.7385
noellnr🍒,ಠ_ರೃ,0.6942
noellnr🍒,່,0.664
noellnr🍒,❤️💛💚,0.6605
noellnr🍒,𓏵,0.6568
noellnr🍒,𝐀𝐋𝐄𝐗𝐀𝐍𝐃𝐑𝐈𝐀,0.6528
noellnr🍒,𝑦𝑦𝑦𝑦,0.7408
noellnr🍒,𝕄 𝕒 𝕤  𝕋𝕒𝕜𝕪𝕦𝕟,0.7434
noellnr🍒,"𝖂𝖍𝖔'𝕾,𝕭𝖗𝖆𝖓රධ",0.6613
noellnr🍒,𝗕𝗠𝗞𝗚,0.664
noellnr🍒,𝘁𝗿ē𝗻𝗱à𝗻𝘇𝘅,0.664
noellnr🍒,💫,0.673
noellnr🍒,🔥theeam3ll⚡,0.6683
nopallanakbaik,rezz_brew,0.6648
nopallanakbaik,someone,0.6788
notzstrongboyss,ovii ..,0.6527
notzstrongboyss,pdpputragemilang!,0.6664
notzstrongboyss,single era,0.6799
notzstrongboyss,suyato jowo,0.6649
notzstrongboyss,user13463#457344,0.6529
notzstrongboyss,yahrisss,0.748
notzstrongboyss,z4kk🇦🇱🇦🇱,0.699
notzstrongboyss,المجتهد,0.7098
notzstrongboyss,فەیزال,0.703
notzstrongboyss,เςคภ,0.6898
notzstrongboyss,￴,0.7582
notzstrongboyss,🔴⚪,0.6945
notzstrongboyss,🤴🏽,0.7135
nur fadil,pak haji sara,0.732
nur fadil,piscesmod,0.6657
nur fadil,praditailhm_,0.726
nur fadil,princess 💅,0.7272
nur fadil,qila012,0.6981
nur fadil,raf,0.6772
nur fadil,rafyy😹,0.661
nur fadil,rahmanpru,0.6509
nur fadil,regialparij,0.6957
nur fadil,rfky,0.6527
nur fadil,rzl,0.6881
nur fadil,rℹ️k🅾️🅾️🅾️,0.6942
nur fadil,sara ariska,0.6994
nur fadil,satria 🙌,0.6593
nur fadil,scc winoww,0.6714
nur fadil,secccfldsuuu21,0.7015
nur fadil,sendiiisen©📍,0.661
nur fadil,si kucing,0.717
nur fadil,sopo》,0.7218
nur fadil,syaf__👾👾,0.689
nur fadil,teteh_jawa,0.694
nur fadil,upin🐼,0.6628
nur fadil,va 17hd,0.6724
nur fadil,vanooo,0.6569
nur fadil,varkon🚀🚀,0.6721
nur fadil,viann,0.7055
nur fadil,wzrd,0.7017
nur fadil,yyy,0.6895
nur fadil,zaka.ya,0.6985
nur fadil,zazamm,0.684
nur fadil,zppcx,0.6526
nur fadil,zrill💥,0.7017
nur fadil,˚ ༘ 🦕𖦹⋆｡˚,0.6612
nur fadil,★,0.655
nur fadil,𝕳𝕬𝕴𝕶𝕬𝕷 𝖁1,0.7272
nur fadil,𝙡𝙚𝙣𝙜,0.7057
nur fadil,👻hsb👻,0.6519
nur fadil,🕊,0.7452
nurul hidayanti 🐗,otong,0.763
nurul hidayanti 🐗,ssuuu,0.8344
nuuuu,nuuuuu,0.6562
nuuuu,opetporeperr,0.6696
nuuuu,pangeran k,0.6525
nuuuu,patrick bateman,0.6661
nuuuu,pisangambon,0.6975
nuuuu,piscesmod,0.717
nuuuu,putra barepjr,0.6881
nuuuu,r e t z,0.6797
nuuuu,raffiii162,0.8225
nuuuu,rafyy😹,0.6943
nuuuu,rizky030313,0.6545
nuuuu,ryy_,0.7987
nuuuu,rℹ️k🅾️🅾️🅾️,0.654
nuuuu,safi,0.7463
nuuuu,saitama.botak6,0.6914
nuuuu,sara ariska,0.6813
nuuuu,satyaa ✦,0.6945
nuuuu,secccfldsuuu21,0.6643
nuuuu,set? iy syng,0.6633
nuuuu,sn0w,0.7252
nuuuu,stecu💤,0.7191
nuuuu,talasku99,0.6551
nuuuu,taxi barang purwokerto,0.6862
nuuuu,teteh_jawa,0.6976
nuuuu,the last good man,0.689
nuuuu,theeryoou,0.6524
nuuuu,tito cans,0.6568
nuuuu,tofik.putra17,0.6523
nuuuu,userr4532552,0.6671
nuuuu,van pablo,0.664
nuuuu,vinss,0.6511
nuuuu,vittss..,0.6753
nuuuu,wiindoc,0.6572
nuuuu,xspeedx,0.6667
nuuuu,xxtipoo🀄⚡,0.7053
nuuuu,z4kk🇦🇱🇦🇱,0.6668
nuuuu,zaall,0.6753
nuuuu,zain,0.6953
nuuuu,| ig : @aseprmadanni,0.6758
nuuuu,àlwàysdip,0.6809
nuuuu,ɴᴀᴛ,0.701
nuuuu,˚ ༘ 🦕𖦹⋆｡˚,0.6506
nuuuu,ᴘɪᴋᴀғʀɪᴇᴅᴄʜɪᴄᴋᴇɴ,0.6952
nuuuu,⛓️,0.7487
nuuuu,✌️,0.6616
nuuuu,️dika_sajah,0.6568
nuuuu,￴ ￴ ￴  ￴ ￴ ￴ ￴ ￴,0.6551
nuuuu,𝖇𝖎𝖎𝖑𝖆,0.6604
nuuuu,𝘼𝙇𝙃𝘼𝙆𝙄𝙈𝙕,0.6565
nuuuu,𝙖𝙩𝙨𝙨,0.7125
nuuuu,𝙡𝙚𝙣𝙜,0.6621
nuuuu,𝙧𝙖𝙙𝙚𝙣𝙣𝙠𝙪𝙘𝙞𝙩𝙩🌊,0.6663
nuuuu,🆘,0.7069
nuuuu,👾,0.6562
nuuuu,💋,0.6527
nuuuu,💥,0.6538
nuuuuu,osdaglog14,0.6828
nuuuuu,pak haji,0.7045
nuuuuu,pak haji sara,0.7485
nuuuuu,pangeran k,0.6504
nuuuuu,panggil vans✌️,0.8347
nuuuuu,pecey yeye,0.6544
nuuuuu,pip2nd🧿,0.7285
nuuuuu,r4ndsyh,0.7172
nuuuuu,reendstore,0.6902
nuuuuu,rehan.aj,0.6825
nuuuuu,ristiani14,0.6564
nuuuuu,rizzstecu✌️,0.6978
nuuuuu,rzl,0.6558
nuuuuu,sabiantiwulariata,0.6922
nuuuuu,satria 🙌,0.673
nuuuuu,say,0.6725
nuuuuu,sayaangaenii❤️‍🔥,0.6803
nuuuuu,scc.,0.7049
nuuuuu,secccfldsuuu21,0.7009
nuuuuu,sopo》,0.7604
nuuuuu,superman,0.6545
nuuuuu,the last good man,0.7162
nuuuuu,tinnyee,0.673
nuuuuu,uuppio,0.676
nuuuuu,vannn opet,0.725
nuuuuu,vinss,0.7473
nuuuuu,vnn$fomo,0.6791
nuuuuu,wdyt_,0.668
nuuuuu,weird zeze🇩🇪,0.6846
nuuuuu,x4ngee🕊️,0.6584
nuuuuu,xlx🇮🇲,0.7167
nuuuuu,yaraaayaaaa,0.7045
nuuuuu,yogaaa21,0.6564
nuuuuu,zain,0.7717
nuuuuu,zannn,0.8444
nuuuuu,zrill💥,0.7796
nuuuuu,~~boyszzarddd~~ardboysss🇦🇱🪩,0.7203
nuuuuu,àlwàysdip,0.7242
nuuuuu,▪️,0.7174
nuuuuu,♥,0.7207
nuuuuu,𝓝𝓪𝔂𝓵𝓪_𝓓.𝓐,0.6623
nuuuuu,𝕳𝕬𝕴𝕶𝕬𝕷 𝖁1,0.6939
nuuuuu,𝙾𝚛𝚢𝚣𝚊 𝚂𝚊𝚝𝚒𝚟𝚊 🌾,0.7725
nuuuuu,🐦,0.687
nuuuuu,👻hsb👻,0.7451
nuuuuu,👾,1.0
nuuuuu,🧋,0.6708
nycxstore,rezx2nd,0.6549
nycxstore,riff,0.6549
nycxstore,scorpio🦂,0.6549
nycxstore,zaza,0.6667
nycxstore,🄱🄰🅈🅄🄸🄽🄳🄰🄷🄾🄵🄵🅂🄴🅃,0.6714
nycxstore,🕸,0.6517
nyong,n⭐👽,0.7036
nyong,p1n,0.7111
nyong,panglima boncoz,0.6935
nyong,parell✈️💤,1.0
nyong,pikaars?,0.6784
nyong,proo,1.0
nyong,rass.,1.0
nyong,rehan.aj,0.6581
nyong,ristiana08,0.7401
nyong,rmdn,0.6521
nyong,sestu,0.7616
nyong,sucilestaripp_08,0.7099
nyong,syakila pbg,0.7616
nyong,syaqella,0.7401
nyong,tll,0.712
nyong,wong gringsing,0.7616
nyong,y🅰️hya?,0.7361
nyong,ziee_1901,0.6669
nyong,~~boyszzarddd~~ardboysss🇦🇱🪩,0.7141
nyong,່,1.0
nyong,✧-ta_kepkat,0.8176
nyong,❤️💛💚,0.918
nyong,ꦲꦼꦤ꧀ꦝꦺꦴꦱ꧀,0.6822
nyong,𝑦𝑦𝑦𝑦,0.7361
nyong,𝔅𝔩𝔲𝔢𝔢𝔅𝔬𝔬𝔰𝔱 💨💫,0.8671
nyong,"𝖂𝖍𝖔'𝕾,𝕭𝖗𝖆𝖓රධ",0.6749
nyong,𝗕𝗠𝗞𝗚,1.0
nyong,𝘁𝗿ē𝗻𝗱à𝗻𝘇𝘅,1.0
nyong,💫,0.6605
nyong,🔥theeam3ll⚡,0.8173
nyong ibaim,official store🛒🛍️,0.6585
nyong ibaim,opangpar,0.6645
nyong ibaim,p1n,0.678
nyong ibaim,pangerankodok77,0.7079
nyong ibaim,puji_kodrat,0.6574
nyong ibaim,s. g. t.,0.7183
nyong ibaim,tll,0.6681
nyong ibaim,vinza,0.6616
nyong ibaim,wdyt_,0.7071
nyong ibaim,x4ngee🕊️,0.6509
nyong ibaim,yafzz•𝙯𝙤𝙡𝙙𝙮𝙠🔰💤,0.7079
nyong ibaim,you're okay reszz,0.6937
nyong ibaim,y🅰️hya?,0.6606
nyong ibaim,𝐀𝐋𝐄𝐗𝐀𝐍𝐃𝐑𝐈𝐀,0.7089
nyong ibaim,𝑦𝑦𝑦𝑦,0.6606
nyong ibaim,𝕄 𝕒 𝕤  𝕋𝕒𝕜𝕪𝕦𝕟,0.6513
nyong ibaim,"𝖂𝖍𝖔'𝕾,𝕭𝖗𝖆𝖓රධ",0.6723
nyong ibaim,💫,0.6614
nyong ibaim,🫧,0.6661
náátzy.,rivann.ahah,0.6848
n⭐👽,panggil vans✌️,0.6662
n⭐👽,panglima boncoz,0.7064
n⭐👽,parell✈️💤,0.7036
n⭐👽,proo,0.7036
n⭐👽,r4ndsyh,0.7281
n⭐👽,rass.,0.7036
n⭐👽,reendstore,0.6638
n⭐👽,rehan.aj,0.6691
n⭐👽,rezz_brew,0.7061
n⭐👽,rofikkk !!,0.8206
n⭐👽,ziee_1901,0.6664
n⭐👽,~~boyszzarddd~~ardboysss🇦🇱🪩,0.6971
n⭐👽,àlwàysdip,0.8424
n⭐👽,່,0.7036
n⭐👽,▪️,0.6842
n⭐👽,𝔅𝔩𝔲𝔢𝔢𝔅𝔬𝔬𝔰𝔱 💨💫,0.7049
n⭐👽,𝗕𝗠𝗞𝗚,0.7036
n⭐👽,𝘁𝗿ē𝗻𝗱à𝗻𝘇𝘅,0.7036
n⭐👽,𝘉𝘐 𝔟𝔢𝔫𝔠𝔦 𝔠𝔦𝔫𝔱𝔞~,0.8002
n⭐👽,🐦,0.6551
n⭐👽,🕸️,0.6662
oceanblue,tokoserbada12,0.6704
oceanblue,😂,0.7203
official store🛒🛍️,opangpar,0.7566
official store🛒🛍️,sam🍎🍎,0.6655
official store🛒🛍️,ғɪᴋʀɪ🐦‍🔥,0.665
official store🛒🛍️,𝙢𝙖𝙖𝙖𝙖𝙖𝙖𝙨𝙨𝙨𝙠𝙖𝙣𝙣𝙣,0.658
oftaxl,putz!!,0.6569
oftaxl,raa 👧🏻,0.6508
oftaxl,raihan,0.658
oftaxl,sazz,0.6689
oftaxl,zain,0.6836
oftaxl,àlwàysdip,0.6626
oftaxl,𝘉𝘐 𝔟𝔢𝔫𝔠𝔦 𝔠𝔦𝔫𝔱𝔞~,0.6737
okk tty 92,upin🐼,0.6564
okk tty 92,yyy,0.6589
okk tty 92,®️e💤🅰️ sur,0.6654
okk tty 92,ɴᴀᴛ,0.6672
ol²²oy,oz_,0.6764
ol²²oy,p4tooookkkk,0.6827
ol²²oy,pak haji,0.652
ol²²oy,patirrrv2🖤,0.6999
ol²²oy,pisangambon,0.7036
ol²²oy,praditailhm_,0.8293
ol²²oy,princess 💅,0.7462
ol²²oy,put,0.6801
ol²²oy,qila012,0.7621
ol²²oy,rafyy😹,0.6568
ol²²oy,rahmanpru,0.6809
ol²²oy,rahmat kartolo,0.6814
ol²²oy,rempeyek_500🌊,0.6632
ol²²oy,rio,0.7121
ol²²oy,rizzstecu✌️,0.657
ol²²oy,ryy_,0.6779
ol²²oy,rzl,0.7017
ol²²oy,rℹ️k🅾️🅾️🅾️,0.8866
ol²²oy,safi,0.7575
ol²²oy,samshl_22,0.6918
ol²²oy,sara ariska,0.7368
ol²²oy,satria 🙌,0.7803
ol²²oy,scc winoww,0.8495
ol²²oy,scc.,0.7708
ol²²oy,secccfldsuuu21,0.7173
ol²²oy,sendiiisen©📍,0.7806
ol²²oy,septiana,0.7217
ol²²oy,si kucing,0.6645
ol²²oy,sopo》,0.7101
ol²²oy,stecu💤,0.7007
ol²²oy,suyato jowo,0.6546
ol²²oy,syaf__👾👾,0.7334
ol²²oy,talasku99,0.6576
ol²²oy,tam,0.6922
ol²²oy,tangrajinngaji,0.7452
ol²²oy,teteh_jawa,0.6545
ol²²oy,the last good man,0.6763
ol²²oy,theeryoou,0.6839
ol²²oy,tinnyee,0.8332
ol²²oy,tofik.putra17,0.8107
ol²²oy,trisis,0.6933
ol²²oy,upin🐼,0.7085
ol²²oy,user13463#457344,0.7156
ol²²oy,user7098643456,0.6571
ol²²oy,username12375,0.7613
ol²²oy,uuppio,0.6647
ol²²oy,va 17hd,0.8286
ol²²oy,van pablo,0.6818
ol²²oy,vanooo,0.7161
ol²²oy,viann,0.823
ol²²oy,vittss..,0.7002
ol²²oy,wo,0.6775
ol²²oy,wong elek,0.739
ol²²oy,ws🪩,0.7073
ol²²oy,wzrd,0.6547
ol²²oy,yanuar,0.689
ol²²oy,yaraaayaaaa,0.6568
ol²²oy,yogaaa21,0.8516
ol²²oy,yyy,0.8175
ol²²oy,z4kk🇦🇱🇦🇱,0.6564
ol²²oy,zaall,0.6744
ol²²oy,zaka.ya,0.7561
ol²²oy,zannn,0.6523
ol²²oy,zazamm,0.8596
ol²²oy,zppcx,0.6876
ol²²oy,zrill🇦🇱🇦🇱,0.7235
ol²²oy,zrill💥,0.6989
ol²²oy,ɴᴀᴛ,0.7159
ol²²oy,˚ ༘ 🦕𖦹⋆｡˚,0.747
ol²²oy,فەیزال,0.6679
ol²²oy,ᴘɪᴋᴀғʀɪᴇᴅᴄʜɪᴄᴋᴇɴ,0.7199
ol²²oy,☝️👌👌cc,0.9697
ol²²oy,♥,0.7338
ol²²oy,⛓️,0.6621
ol²²oy,✌️,0.8041
ol²²oy,マᥱž𝚊,0.7559
ol²²oy,️dika_sajah,0.6541
ol²²oy,￴￴,0.6981
ol²²oy,𝑱𝒖𝒍𝒊𝒂𝒏𝒏𝒏,0.8372
ol²²oy,𝓝𝓪𝔂𝓵𝓪_𝓓.𝓐,0.6611
ol²²oy,𝕳𝕬𝕴𝕶𝕬𝕷 𝖁1,0.7105
ol²²oy,𝕶𝖞𝖓𝖟𝖟,0.6967
ol²²oy,𝖇𝖎𝖎𝖑𝖆,0.6867
ol²²oy,𝘼𝙇𝙃𝘼𝙆𝙄𝙈𝙕,0.7258
ol²²oy,𝘿𝙚𝙣,0.767
ol²²oy,𝙋𝙍𝙄𝙉𝘾𝙀 15,0.6601
ol²²oy,𝙡𝙚𝙣𝙜,0.7822
ol²²oy,𝙾𝚛𝚢𝚣𝚊 𝚂𝚊𝚝𝚒𝚟𝚊 🌾,0.6795
ol²²oy,🏴󠁧󠁢󠁥󠁮󠁧󠁿🏴󠁧󠁢󠁥󠁮󠁧󠁿,0.7923
ol²²oy,🐦,0.7522
ol²²oy,💩.,0.6544
ol²²oy,🔴⚪,0.6909
ol²²oy,🕊,0.8015
ol²²oy,🧋,0.6519
om_jabir,tgrysfff,0.797
om_jabir,user7098643456,0.6504
om_jabir,v,0.6526
opangpar,osdaglog14,0.7015
opangpar,panggil vans✌️,0.6591
opangpar,pdpputragemilang!,0.6813
opangpar,puji_kodrat,0.6956
opangpar,sam🍎🍎,0.7008
opangpar,sandhi686,0.7155
opangpar,se'pull_maxwill,0.6561
opangpar,wdyt_,0.6653
opangpar,xlx🇮🇲,0.7287
opangpar,ғɪᴋʀɪ🐦‍🔥,0.7632
opangpar,›私hánzxyz‹★,0.661
opangpar,ℒ𝓊𝓬𝓴𝔂,0.7545
opangpar,"𝖂𝖍𝖔'𝕾,𝕭𝖗𝖆𝖓රධ",0.6539
opangpar,𝙢𝙖𝙖𝙖𝙖𝙖𝙖𝙨𝙨𝙨𝙠𝙖𝙣𝙣𝙣,0.6884
opangpar,🕊️,0.66
opetporeperr,piscesmod,0.7074
opetporeperr,taxi barang purwokerto,0.6538
orensport,padil,0.683
orensport,pdpputragemilang!,0.7032
orensport,pisangambon,0.7125
orensport,railfans ngapak🅥,0.6917
orensport,rmdn,0.7196
orensport,rpk1,0.7168
orensport,s u m m e r .,0.7571
orensport,sleep the saunt,0.659
orensport,tika kartika,0.6791
orensport,เςคภ,0.6961
orensport,່ ‍ a,0.6574
orensport,ᴘɪᴋᴀғʀɪᴇᴅᴄʜɪᴄᴋᴇɴ,0.6546
orensport,꧁epep꧂,0.6736
orensport,🇦🇱,0.6594
orensport,🪫,0.7351
osdaglog14,panggil vans✌️,0.6537
osdaglog14,puji_kodrat,0.677
osdaglog14,rehan.aj,0.8067
osdaglog14,ristiani14,0.7376
osdaglog14,sabiantiwulariata,0.6523
osdaglog14,saitama.botak6,0.6643
osdaglog14,sandhi686,0.7641
osdaglog14,sri66790,0.6525
osdaglog14,tole bf official316,0.7291
osdaglog14,vannn opet,0.6694
osdaglog14,vinss,0.7088
osdaglog14,wdyt_,0.7285
osdaglog14,wongurip,0.6856
osdaglog14,x4ngee🕊️,0.6918
osdaglog14,zain,0.6764
osdaglog14,zannn,0.6929
osdaglog14,ғɪᴋʀɪ🐦‍🔥,0.6563
osdaglog14,ℒ𝓊𝓬𝓴𝔂,0.7629
osdaglog14,🆘,0.7532
osdaglog14,👾,0.6828
osdaglog14,🫧,0.7015
osle,ovii ..,0.663
otong,ssuuu,0.6586
ovii ..,rio,0.6613
ovii ..,topexx11,0.7194
ovl,panzskbd,0.7056
ovl,rezx2nd,0.7528
ovl,riff,0.7528
ovl,scorpio🦂,0.7528
ovl,tri yulianti,0.7056
ovl,⠀ ⠀ ⠀ ⠀ ⠀᠌,0.7056
oz_,p4tooookkkk,0.7554
oz_,padil,0.7316
oz_,pak haji sara,0.674
oz_,pangeran k,0.6596
oz_,pisangambon,0.7072
oz_,piscesmod,0.6541
oz_,praditailhm_,0.7834
oz_,princess 💅,0.6578
oz_,put,0.6638
oz_,qila012,0.7868
oz_,raf,0.7177
oz_,rafyy😹,0.6886
oz_,rahmat kartolo,0.7033
oz_,rempeyek_500🌊,0.721
oz_,rfky,0.6897
oz_,rijakipp,0.6679
oz_,rℹ️k🅾️🅾️🅾️,0.6542
oz_,safi,0.6792
oz_,satria 🙌,0.7298
oz_,secccfldsuuu21,0.6501
oz_,sendiiisen©📍,0.7221
oz_,si kucing,0.7126
oz_,single era,0.666
oz_,stecu💤,0.653
oz_,superman,0.6685
oz_,syaf__👾👾,0.7064
oz_,tam,0.7602
oz_,tangrajinngaji,0.7154
oz_,taxi barang purwokerto,0.6502
oz_,theeryoou,0.6786
oz_,tinnyee,0.6511
oz_,tofik.putra17,0.8704
oz_,user13463#457344,0.7487
oz_,user7098643456,0.6809
oz_,va 17hd,0.7827
oz_,van pablo,0.6704
oz_,viann,0.8163
oz_,wiindoc,0.6945
oz_,wo,0.674
oz_,wong elek,0.655
oz_,ws🪩,0.7869
oz_,wzrd,0.7206
oz_,yanuar,0.6903
oz_,yogaaa21,0.6505
oz_,yyy,0.7306
oz_,y💥💯                😛,0.7057
oz_,z4kk🇦🇱🇦🇱,0.6618
oz_,zaka.ya,0.7303
oz_,zarr★,0.694
oz_,zazamm,0.7522
oz_,zeniperr,0.6619
oz_,zrill🇦🇱🇦🇱,0.6825
oz_,˚ ༘ 🦕𖦹⋆｡˚,0.7425
oz_,فەیزال,0.677
oz_,⋇⋆✦chelsea ♛┈⛧♡,0.8094
oz_,★,0.7455
oz_,✌️,0.6618
oz_,ザキ・アルディアンシア,0.6913
oz_,윙고🇲🇨🇰🇷,0.6586
oz_,️dika_sajah,0.6684
oz_,￴,0.6688
oz_,￴ ￴ ￴  ￴ ￴ ￴ ￴ ￴,0.6901
oz_,￴￴,0.6709
oz_,𝑱𝒖𝒍𝒊𝒂𝒏𝒏𝒏,0.6506
oz_,𝓝𝓪𝔂𝓵𝓪_𝓓.𝓐,0.7016
oz_,𝕳𝕬𝕴𝕶𝕬𝕷 𝖁1,0.7045
oz_,𝕶𝖞𝖓𝖟𝖟,0.747
oz_,𝘼𝙇𝙃𝘼𝙆𝙄𝙈𝙕,0.733
oz_,𝘿𝙚𝙣,0.7005
oz_,𝙋𝙍𝙄𝙉𝘾𝙀 15,0.7512
oz_,𝙖𝙩𝙨𝙨,0.6518
oz_,𝙡𝙚𝙣𝙜,0.7602
oz_,𝙧𝙖𝙙𝙚𝙣𝙣𝙠𝙪𝙘𝙞𝙩𝙩🌊,0.6561
oz_,🔴⚪,0.6708
oz_,🕊,0.7743
p,penjahat mu,0.6526
p,rstu💤,0.7302
p,sari 86,0.7046
p,ye,0.7179
p,zaza,0.7253
p,💥,0.6828
p!n,sannzxkce,0.6911
p!n,yoo🅰️jahh,0.7133
p!n,zaza,0.6603
p!n,レザ,0.7026
p!n,𝕱_v2,0.719
p1n,pangerankodok77,0.7336
p1n,parell✈️💤,0.7111
p1n,pikaars?,0.657
p1n,proo,0.7111
p1n,rass.,0.7111
p1n,s. g. t.,0.7309
p1n,sestu,0.7503
p1n,sucilestaripp_08,0.7266
p1n,syakila pbg,0.7503
p1n,tll,0.7648
p1n,vinza,0.6866
p1n,wdyt_,0.702
p1n,wong gringsing,0.7503
p1n,yafzz•𝙯𝙤𝙡𝙙𝙮𝙠🔰💤,0.7336
p1n,y🅰️hya?,0.8156
p1n,່,0.7111
p1n,✧-ta_kepkat,0.7099
p1n,❤️💛💚,0.7056
p1n,𝑦𝑦𝑦𝑦,0.8156
p1n,"𝖂𝖍𝖔'𝕾,𝕭𝖗𝖆𝖓රධ",0.6868
p1n,𝗕𝗠𝗞𝗚,0.7111
p1n,𝘁𝗿ē𝗻𝗱à𝗻𝘇𝘅,0.7111
p1n,👻,0.6586
p1n,💫,0.6681
p1n,🔥theeam3ll⚡,0.7326
p4n_🤷‍♂️🤷‍♂️,panzskbd,0.7231
p4n_🤷‍♂️🤷‍♂️,tri yulianti,0.7231
p4n_🤷‍♂️🤷‍♂️,ye,0.7466
p4n_🤷‍♂️🤷‍♂️,zaza,0.679
p4n_🤷‍♂️🤷‍♂️,⠀ ⠀ ⠀ ⠀ ⠀᠌,0.7231
p4n_🤷‍♂️🤷‍♂️,🕸,0.6936
p4tooookkkk,padil,0.6867
p4tooookkkk,pak haji,0.7066
p4tooookkkk,pak haji sara,0.6618
p4tooookkkk,pangeran k,0.6735
p4tooookkkk,pisangambon,0.7225
p4tooookkkk,piscesmod,0.6533
p4tooookkkk,praditailhm_,0.7348
p4tooookkkk,put,0.6899
p4tooookkkk,putz!!,0.6521
p4tooookkkk,qila012,0.7555
p4tooookkkk,rahmat kartolo,0.8275
p4tooookkkk,rempeyek_500🌊,0.6867
p4tooookkkk,rfky,0.676
p4tooookkkk,rijakipp,0.731
p4tooookkkk,rivann.ahah,0.6704
p4tooookkkk,rizzstecu✌️,0.6625
p4tooookkkk,rpk1,0.6607
p4tooookkkk,rzl,0.6509
p4tooookkkk,rℹ️k🅾️🅾️🅾️,0.7103
p4tooookkkk,s u m m e r .,0.6568
p4tooookkkk,safi,0.6868
p4tooookkkk,satria 🙌,0.7808
p4tooookkkk,scc winoww,0.7024
p4tooookkkk,scc.,0.6884
p4tooookkkk,secccfldsuuu21,0.7825
p4tooookkkk,sendiiisen©📍,0.7157
p4tooookkkk,set? iy syng,0.6598
p4tooookkkk,si kucing,0.6776
p4tooookkkk,sleep the saunt,0.7117
p4tooookkkk,stecu💤,0.6931
p4tooookkkk,suyato jowo,0.6722
p4tooookkkk,tam,0.6937
p4tooookkkk,tangrajinngaji,0.7196
p4tooookkkk,taxi barang purwokerto,0.7101
p4tooookkkk,theeryoou,0.6842
p4tooookkkk,tika kartika,0.6973
p4tooookkkk,tinnyee,0.7456
p4tooookkkk,tofik.putra17,0.8059
p4tooookkkk,user13463#457344,0.7513
p4tooookkkk,user7098643456,0.6744
p4tooookkkk,va 17hd,0.7393
p4tooookkkk,van pablo,0.7663
p4tooookkkk,vanooo,0.7172
p4tooookkkk,viann,0.7516
p4tooookkkk,wo,0.7749
p4tooookkkk,wong elek,0.7859
p4tooookkkk,wongwonganmumet,0.7075
p4tooookkkk,ws🪩,0.7404
p4tooookkkk,wzrd,0.7167
p4tooookkkk,yanuar,0.7296
p4tooookkkk,yaraaayaaaa,0.7132
p4tooookkkk,yogaaa21,0.7317
p4tooookkkk,yyy,0.6719
p4tooookkkk,y💥💯                😛,0.7365
p4tooookkkk,z4kk🇦🇱🇦🇱,0.6915
p4tooookkkk,zaka.ya,0.8114
p4tooookkkk,zazamm,0.7253
p4tooookkkk,zeniperr,0.6518
p4tooookkkk,zrill🇦🇱🇦🇱,0.8334
p4tooookkkk,ɴᴀᴛ,0.6532
p4tooookkkk,˚ ༘ 🦕𖦹⋆｡˚,0.7699
p4tooookkkk,فەیزال,0.7073
p4tooookkkk,เςคภ,0.6742
p4tooookkkk,່ ‍ a,0.6529
p4tooookkkk,™.yunz ★ 447.¥,0.6613
p4tooookkkk,⋇⋆✦chelsea ♛┈⛧♡,0.7026
p4tooookkkk,★,0.6697
p4tooookkkk,☝️👌👌cc,0.6695
p4tooookkkk,ザキ・アルディアンシア,0.6541
p4tooookkkk,윙고🇲🇨🇰🇷,0.66
p4tooookkkk,️dika_sajah,0.7283
p4tooookkkk,￴,0.7027
p4tooookkkk,￴ ￴ ￴  ￴ ￴ ￴ ￴ ￴,0.7048
p4tooookkkk,￴￴,0.6884
p4tooookkkk,𝐫𝐢𝐝𝐨𝐨🕊️,0.6888
p4tooookkkk,𝑱𝒖𝒍𝒊𝒂𝒏𝒏𝒏,0.7127
p4tooookkkk,𝓝𝓪𝔂𝓵𝓪_𝓓.𝓐,0.7148
p4tooookkkk,𝕳𝕬𝕴𝕶𝕬𝕷 𝖁1,0.7807
p4tooookkkk,𝕶𝖞𝖓𝖟𝖟,0.6976
p4tooookkkk,𝘼𝙇𝙃𝘼𝙆𝙄𝙈𝙕,0.7118
p4tooookkkk,𝘿𝙚𝙣,0.7296
p4tooookkkk,𝙋𝙍𝙄𝙉𝘾𝙀 15,0.7429
p4tooookkkk,𝙖𝙩𝙨𝙨,0.6844
p4tooookkkk,𝙡𝙚𝙣𝙜,0.7317
p4tooookkkk,𝙧𝙖𝙙𝙚𝙣𝙣𝙠𝙪𝙘𝙞𝙩𝙩🌊,0.7466
p4tooookkkk,🏴󠁧󠁢󠁥󠁮󠁧󠁿🏴󠁧󠁢󠁥󠁮󠁧󠁿,0.6673
p4tooookkkk,🐦,0.687
p4tooookkkk,💋,0.6722
p4tooookkkk,🔴⚪,0.7195
p4tooookkkk,🕊,0.7639
padil,pangeran k,0.734
padil,pip2nd🧿,0.742
padil,pisangambon,0.8164
padil,praditailhm_,0.6867
padil,put,0.7749
padil,qila012,0.6536
padil,raf,0.6538
padil,rahmat kartolo,0.6827
padil,railfans ngapak🅥,0.6753
padil,rempeyek_500🌊,0.7694
padil,rfky,0.7435
padil,rijakipp,0.7394
padil,rpk1,0.7455
padil,s u m m e r .,0.6817
padil,sabiantiwulariata,0.7009
padil,samshl_22,0.6503
padil,sara ariska,0.6599
padil,satria 🙌,0.6604
padil,satyaa ✦,0.6651
padil,set? iy syng,0.6611
padil,si kucing,0.7926
padil,single era,0.716
padil,sleep the saunt,0.6813
padil,sri wahyuningsih,0.6752
padil,stecu💤,0.652
padil,superman,0.7348
padil,tika kartika,0.6526
padil,tofik.putra17,0.7117
padil,user1233833380586,0.7038
padil,user7098643456,0.6619
padil,va 17hd,0.6604
padil,van pablo,0.6613
padil,viann,0.7168
padil,vnn$fomo,0.6892
padil,wongwonganmumet,0.7222
padil,wzrd,0.7736
padil,yanuar,0.7233
padil,yesakiw,0.6806
padil,yhahaha,0.7143
padil,yyy,0.6927
padil,y💥💯                😛,0.7774
padil,z4kk🇦🇱🇦🇱,0.7367
padil,zaall,0.6736
padil,zain,0.6839
padil,zainvick_,0.6664
padil,zaka.ya,0.7286
padil,zarr★,0.666
padil,zeniperr,0.6664
padil,zppcx,0.6632
padil,เςคภ,0.6723
padil,່ ‍ a,0.6763
padil,ᴘɪᴋᴀғʀɪᴇᴅᴄʜɪᴄᴋᴇɴ,0.6695
padil,™.yunz ★ 447.¥,0.6704
padil,⋇⋆✦chelsea ♛┈⛧♡,0.7335
padil,★,0.7509
padil,️dika_sajah,0.7362
padil,￴,0.6819
padil,𝘼𝙇𝙃𝘼𝙆𝙄𝙈𝙕,0.6784
padil,𝙖𝙩𝙨𝙨,0.6704
padil,𝙡𝙚𝙣𝙜,0.6837
padil,𝙧𝙖𝙙𝙚𝙣𝙣𝙠𝙪𝙘𝙞𝙩𝙩🌊,0.6826
padil,💋,0.6766
padil,🕊,0.7077
pak haji,pak haji sara,0.674
pak haji,patirrrv2🖤,0.6738
pak haji,piscesmod,0.661
pak haji,princess 💅,0.6888
pak haji,qila012,0.664
pak haji,r4ndsyh,0.7138
pak haji,rahmat kartolo,0.682
pak haji,rizzstecu✌️,0.829
pak haji,rzl,0.6818
pak haji,rℹ️k🅾️🅾️🅾️,0.6939
pak haji,saitama.botak6,0.6928
pak haji,sapa bae,0.6607
pak haji,satria 🙌,0.7467
pak haji,scc winoww,0.7535
pak haji,scc.,0.8066
pak haji,secccfldsuuu21,0.782
pak haji,sri66790,0.6554
pak haji,stecu💤,0.662
pak haji,taxi barang purwokerto,0.663
pak haji,tinnyee,0.7339
pak haji,tofik.putra17,0.6683
pak haji,username12375,0.6937
pak haji,van pablo,0.6874
pak haji,weird zeze🇩🇪,0.6695
pak haji,yaraaayaaaa,0.7601
pak haji,yogaaa21,0.7277
pak haji,zain,0.6941
pak haji,zaka.ya,0.7209
pak haji,zannn,0.6954
pak haji,zazamm,0.7051
pak haji,àlwàysdip,0.6947
pak haji,˚ ༘ 🦕𖦹⋆｡˚,0.6812
pak haji,☝️👌👌cc,0.6645
pak haji,♥,0.7443
pak haji,マᥱž𝚊,0.6551
pak haji,𝐫𝐢𝐝𝐨𝐨🕊️,0.6856
pak haji,𝑱𝒖𝒍𝒊𝒂𝒏𝒏𝒏,0.6834
pak haji,𝓝𝓪𝔂𝓵𝓪_𝓓.𝓐,0.7753
pak haji,𝕳𝕬𝕴𝕶𝕬𝕷 𝖁1,0.7682
pak haji,𝘉𝘐 𝔟𝔢𝔫𝔠𝔦 𝔠𝔦𝔫𝔱𝔞~,0.7168
pak haji,𝘿𝙚𝙣,0.7341
pak haji,𝙾𝚛𝚢𝚣𝚊 𝚂𝚊𝚝𝚒𝚟𝚊 🌾,0.6595
pak haji,🐣,0.6532
pak haji,🐦,0.743
pak haji,👾,0.7045
pak haji,💋,0.6821
pak haji,🕊,0.7148
pak haji,🧋,0.7017
pak haji sara,pip2nd🧿,0.7314
pak haji sara,piscesmod,0.686
pak haji sara,praditailhm_,0.7221
pak haji sara,princess 💅,0.7404
pak haji sara,qila012,0.7336
pak haji sara,r4ndsyh,0.667
pak haji sara,raf,0.687
pak haji sara,regialparij,0.6628
pak haji sara,rfky,0.666
pak haji sara,rzl,0.7447
pak haji sara,rℹ️k🅾️🅾️🅾️,0.6551
pak haji sara,samshl_22,0.6853
pak haji sara,sara ariska,0.6909
pak haji sara,satria 🙌,0.6865
pak haji sara,sayaangaenii❤️‍🔥,0.6967
pak haji sara,scc winoww,0.6745
pak haji sara,scc.,0.7182
pak haji sara,secccfldsuuu21,0.6947
pak haji sara,si kucing,0.701
pak haji sara,sn0w,0.6661
pak haji sara,sopo》,0.7022
pak haji sara,stecu💤,0.6599
pak haji sara,taxi barang purwokerto,0.6863
pak haji sara,tinnyee,0.6642
pak haji sara,tofik.putra17,0.6688
pak haji sara,uuppio,0.6711
pak haji sara,va 17hd,0.6544
pak haji sara,viann,0.7374
pak haji sara,wzrd,0.7043
pak haji sara,yaraaayaaaa,0.6751
pak haji sara,yogaaa21,0.6558
pak haji sara,yyy,0.6543
pak haji sara,zain,0.6531
pak haji sara,zaka.ya,0.6894
pak haji sara,zazamm,0.7532
pak haji sara,zrill💥,0.7476
pak haji sara,~~boyszzarddd~~ardboysss🇦🇱🪩,0.6668
pak haji sara,àlwàysdip,0.6775
pak haji sara,˚ ༘ 🦕𖦹⋆｡˚,0.6686
pak haji sara,▪️,0.7108
pak haji sara,𝓝𝓪𝔂𝓵𝓪_𝓓.𝓐,0.7004
pak haji sara,𝕳𝕬𝕴𝕶𝕬𝕷 𝖁1,0.7437
pak haji sara,𝘿𝙚𝙣,0.6942
pak haji sara,𝙾𝚛𝚢𝚣𝚊 𝚂𝚊𝚝𝚒𝚟𝚊 🌾,0.6647
pak haji sara,🐦,0.6532
pak haji sara,👻hsb👻,0.7661
pak haji sara,👾,0.7485
pak haji sara,💋,0.6853
pak haji sara,🕊,0.7288
pak haji sara,🧋,0.6504
pangeran k,pdpputragemilang!,0.6809
pangeran k,pip2nd🧿,0.6589
pangeran k,pisangambon,0.7072
pangeran k,put,0.7031
pangeran k,railfans ngapak🅥,0.7652
pangeran k,rfky,0.6831
pangeran k,s u m m e r .,0.6629
pangeran k,sabiantiwulariata,0.7283
pangeran k,satria 🙌,0.6765
pangeran k,set? iy syng,0.6695
pangeran k,si kucing,0.6651
pangeran k,single era,0.7242
pangeran k,stecu💤,0.661
pangeran k,superman,0.7506
pangeran k,taxi barang purwokerto,0.691
pangeran k,tofik.putra17,0.6875
pangeran k,user13463#457344,0.6766
pangeran k,vnn$fomo,0.7433
pangeran k,wongwonganmumet,0.6931
pangeran k,ws🪩,0.6876
pangeran k,yanuar,0.6855
pangeran k,yhahaha,0.7268
pangeran k,y💥💯                😛,0.6937
pangeran k,z4kk🇦🇱🇦🇱,0.7463
pangeran k,zaall,0.6512
pangeran k,zain,0.7177
pangeran k,zaka.ya,0.6813
pangeran k,˚ ༘ 🦕𖦹⋆｡˚,0.6512
pangeran k,เςคภ,0.7131
pangeran k,່ ‍ a,0.6705
pangeran k,™.yunz ★ 447.¥,0.6851
pangeran k,⋇⋆✦chelsea ♛┈⛧♡,0.6566
pangeran k,️dika_sajah,0.6964
pangeran k,𝙋𝙍𝙄𝙉𝘾𝙀 15,0.6613
pangeran k,𝙖𝙩𝙨𝙨,0.6754
pangeran k,𝙡𝙚𝙣𝙜,0.6721
pangeran k,𝙧𝙖𝙙𝙚𝙣𝙣𝙠𝙪𝙘𝙞𝙩𝙩🌊,0.6844
pangeran k,👾,0.6504
pangeran k,💋,0.6716
pangeran kodok,panzskbd,0.6549
pangeran kodok,sannzxkce,0.6758
pangeran kodok,tri yulianti,0.6549
pangeran kodok,ye,0.7095
pangeran kodok,⠀ ⠀ ⠀ ⠀ ⠀᠌,0.6549
pangerankodok77,s. g. t.,0.7979
pangerankodok77,tll,0.7411
pangerankodok77,yafzz•𝙯𝙤𝙡𝙙𝙮𝙠🔰💤,1.0
pangerankodok77,y🅰️hya?,0.7317
pangerankodok77,𝑦𝑦𝑦𝑦,0.7317
panggil vans✌️,panglima boncoz,0.6731
panggil vans✌️,puji_kodrat,0.6634
panggil vans✌️,sabiantiwulariata,0.6695
panggil vans✌️,vinza,0.7072
panggil vans✌️,wdyt_,0.6653
panggil vans✌️,xlx🇮🇲,0.7116
panggil vans✌️,zannn,0.682
panggil vans✌️,ziee_1901,0.6822
panggil vans✌️,~~boyszzarddd~~ardboysss🇦🇱🪩,0.7925
panggil vans✌️,ಠ_ರೃ,0.66
panggil vans✌️,▪️,0.7216
panggil vans✌️,𓏵,0.7047
panggil vans✌️,"𝖂𝖍𝖔'𝕾,𝕭𝖗𝖆𝖓රධ",0.6759
panggil vans✌️,🐦,0.6542
panggil vans✌️,👻hsb👻,0.6598
panggil vans✌️,👾,0.8347
panggil vans✌️,🫧,0.6664
panglima boncoz,parell✈️💤,0.6935
panglima boncoz,pecey yeye,0.664
panglima boncoz,proo,0.6935
panglima boncoz,r4ndsyh,0.6861
panglima boncoz,rass.,0.6935
panglima boncoz,reendstore,0.7116
panglima boncoz,sapa bae,0.7154
panglima boncoz,sayaangaenii❤️‍🔥,0.7356
panglima boncoz,scc.,0.6601
panglima boncoz,septiana,0.6618
panglima boncoz,sestu,0.6806
panglima boncoz,syakila pbg,0.6806
panglima boncoz,username12375,0.6884
panglima boncoz,uuppio,0.7372
panglima boncoz,wong gringsing,0.6806
panglima boncoz,ziee_1901,0.6624
panglima boncoz,~~boyszzarddd~~ardboysss🇦🇱🪩,0.7687
panglima boncoz,່,0.6935
panglima boncoz,▪️,0.7031
panglima boncoz,𓏵,0.6602
panglima boncoz,"𝖂𝖍𝖔'𝕾,𝕭𝖗𝖆𝖓රධ",0.7348
panglima boncoz,𝗕𝗠𝗞𝗚,0.6935
panglima boncoz,𝘁𝗿ē𝗻𝗱à𝗻𝘇𝘅,0.6935
panglima boncoz,𝙾𝚛𝚢𝚣𝚊 𝚂𝚊𝚝𝚒𝚟𝚊 🌾,0.723
panglima boncoz,🐦,0.6615
panglima boncoz,🧋,0.6656
panzskbd,pasarrumah.id,0.6918
panzskbd,pikaars?,0.654
panzskbd,r 4 5 ya,0.696
panzskbd,rezx2nd,0.8452
panzskbd,riff,0.8452
panzskbd,risky⛔️🆘️,0.7074
panzskbd,sannzxkce,0.6825
panzskbd,scorpio🦂,0.8452
panzskbd,seli🌸,0.6656
panzskbd,sinfloww,0.8055
panzskbd,tokoserbada12,0.7623
panzskbd,tri yulianti,1.0
panzskbd,vann 🌳,0.6713
panzskbd,veri ramandani18,0.8055
panzskbd,wawud,0.6503
panzskbd,wien,0.6656
panzskbd,ye,0.8283
panzskbd,yuliazaa,0.6588
panzskbd,zaza,0.6641
panzskbd,น้ำอุ่น กัญญาภัทร เต๊กอ๋อต้ง,0.6588
panzskbd,⚽,0.6656
panzskbd,⠀ ⠀ ⠀ ⠀ ⠀᠌,1.0
panzskbd,レザ,0.6953
panzskbd,𝕱_v2,0.6794
panzskbd,🌵dnd's_mom🌵,0.7373
panzskbd,🐚🫧🪩,0.6505
panzskbd,🕸,0.675
paqihh,pitawidiono,0.6508
paqihh,r.a sbg team,0.6893
paqihh,wisnu krishna,0.6682
paqihh,yuliazaa,0.6567
paqihh,น้ำอุ่น กัญญาภัทร เต๊กอ๋อต้ง,0.6567
paqihh,𝕱_v2,0.6746
parell✈️💤,pikaars?,0.6784
parell✈️💤,proo,1.0
parell✈️💤,rass.,1.0
parell✈️💤,rehan.aj,0.6581
parell✈️💤,ristiana08,0.7401
parell✈️💤,rmdn,0.6521
parell✈️💤,sestu,0.7616
parell✈️💤,sucilestaripp_08,0.7099
parell✈️💤,syakila pbg,0.7616
parell✈️💤,syaqella,0.7401
parell✈️💤,tll,0.712
parell✈️💤,wong gringsing,0.7616
parell✈️💤,y🅰️hya?,0.7361
parell✈️💤,ziee_1901,0.6669
parell✈️💤,~~boyszzarddd~~ardboysss🇦🇱🪩,0.7141
parell✈️💤,່,1.0
parell✈️💤,✧-ta_kepkat,0.8176
parell✈️💤,❤️💛💚,0.918
parell✈️💤,ꦲꦼꦤ꧀ꦝꦺꦴꦱ꧀,0.6822
parell✈️💤,𝑦𝑦𝑦𝑦,0.7361
parell✈️💤,𝔅𝔩𝔲𝔢𝔢𝔅𝔬𝔬𝔰𝔱 💨💫,0.8671
parell✈️💤,"𝖂𝖍𝖔'𝕾,𝕭𝖗𝖆𝖓රධ",0.6749
parell✈️💤,𝗕𝗠𝗞𝗚,1.0
parell✈️💤,𝘁𝗿ē𝗻𝗱à𝗻𝘇𝘅,1.0
parell✈️💤,💫,0.6605
parell✈️💤,🔥theeam3ll⚡,0.8173
pasarrumah.id,tri yulianti,0.6918
pasarrumah.id,ye,0.6799
pasarrumah.id,⠀ ⠀ ⠀ ⠀ ⠀᠌,0.6918
patirrrv2🖤,patrick bateman,0.732
patirrrv2🖤,pecey yeye,0.8801
patirrrv2🖤,praditailhm_,0.7162
patirrrv2🖤,princess 💅,0.7894
patirrrv2🖤,rahmat kartolo,0.6528
patirrrv2🖤,rizzstecu✌️,0.6624
patirrrv2🖤,rzl,0.7831
patirrrv2🖤,rℹ️k🅾️🅾️🅾️,0.6814
patirrrv2🖤,samshl_22,0.9424
patirrrv2🖤,sapa bae,0.7407
patirrrv2🖤,sara ariska,0.6868
patirrrv2🖤,scc winoww,0.7109
patirrrv2🖤,scc.,0.8095
patirrrv2🖤,secccfldsuuu21,0.6748
patirrrv2🖤,septiana,0.6609
patirrrv2🖤,sn0w,0.6584
patirrrv2🖤,syaf__👾👾,0.662
patirrrv2🖤,tangrajinngaji,0.652
patirrrv2🖤,the last good man,0.6628
patirrrv2🖤,tinnyee,0.6704
patirrrv2🖤,user7098643456,0.6577
patirrrv2🖤,userr4532552,0.6613
patirrrv2🖤,uuppio,0.7613
patirrrv2🖤,vanooo,0.6742
patirrrv2🖤,viann,0.7066
patirrrv2🖤,yogszz⚡,0.6836
patirrrv2🖤,yyy,0.7464
patirrrv2🖤,zaka.ya,0.6559
patirrrv2🖤,zazamm,0.7277
patirrrv2🖤,zrill💥,0.6606
patirrrv2🖤,☝️👌👌cc,0.715
patirrrv2🖤,✌️,0.6563
patirrrv2🖤,𝑱𝒖𝒍𝒊𝒂𝒏𝒏𝒏,0.6922
patirrrv2🖤,𝕳𝕬𝕴𝕶𝕬𝕷 𝖁1,0.689
patirrrv2🖤,𝘿𝙚𝙣,0.6647
patirrrv2🖤,𝙾𝚛𝚢𝚣𝚊 𝚂𝚊𝚝𝚒𝚟𝚊 🌾,0.673
patirrrv2🖤,🐦,0.6505
patirrrv2🖤,🕊,0.7124
patirrrv2🖤,🧋,0.716
patrick bateman,pecey yeye,0.7683
patrick bateman,penjahat mu,0.6761
patrick bateman,pip2nd🧿,0.6924
patrick bateman,pisangambon,0.6649
patrick bateman,princess 💅,0.7012
patrick bateman,putra barepjr,0.708
patrick bateman,reendstore,0.6707
patrick bateman,regialparij,0.6528
patrick bateman,rivann.ahah,0.6579
patrick bateman,ryy_,0.6718
patrick bateman,rzl,0.6757
patrick bateman,samshl_22,0.7714
patrick bateman,sara ariska,0.6574
patrick bateman,satyaa ✦,0.6558
patrick bateman,scc.,0.6643
patrick bateman,si kucing,0.6639
patrick bateman,sn0w,0.7294
patrick bateman,sri wahyuningsih,0.6512
patrick bateman,syaf__👾👾,0.6632
patrick bateman,the last good man,0.7505
patrick bateman,tole bf official316,0.6733
patrick bateman,trisis,0.6795
patrick bateman,uuppio,0.7442
patrick bateman,xspeedx,0.6757
patrick bateman,yogszz⚡,0.8331
patrick bateman,yyy,0.7255
patrick bateman,zain,0.772
patrick bateman,ᴘɪᴋᴀғʀɪᴇᴅᴄʜɪᴄᴋᴇɴ,0.7154
patrick bateman,⛓️,0.6709
patrick bateman,𝖇𝖎𝖎𝖑𝖆,0.697
patrick bateman,🆘,0.699
patrick bateman,💥,0.7029
patrick bateman,🧋,0.675
pdpputragemilang!,railfans ngapak🅥,0.774
pdpputragemilang!,rmdn,0.736
pdpputragemilang!,sabiantiwulariata,0.678
pdpputragemilang!,sleep the saunt,0.6502
pdpputragemilang!,superman,0.6624
pdpputragemilang!,user1233833380586,0.6514
pdpputragemilang!,vnn$fomo,0.6838
pdpputragemilang!,wdyt_,0.691
pdpputragemilang!,wirr tzy,0.6529
pdpputragemilang!,xlx🇮🇲,0.6837
pdpputragemilang!,z4kk🇦🇱🇦🇱,0.7274
pdpputragemilang!,z4m,0.6577
pdpputragemilang!,zain,0.6756
pdpputragemilang!,ziee_1901,0.7619
pdpputragemilang!,ಠ_ರೃ,0.6559
pdpputragemilang!,เςคภ,0.6877
pdpputragemilang!,꧁epep꧂,0.673
pdpputragemilang!,𓏵,0.6635
pdpputragemilang!,"𝖂𝖍𝖔'𝕾,𝕭𝖗𝖆𝖓රධ",0.6623
pdpputragemilang!,🐦,0.6508
pdpputragemilang!,💫,0.6544
pdpputragemilang!,🪫,0.6969
peace ☮︎,tito🤠,0.6575
peace ☮︎,👾🤖🤖,0.6572
pecey yeye,princess 💅,0.7074
pecey yeye,r4ndsyh,0.6569
pecey yeye,rahmat kartolo,0.695
pecey yeye,rizzstecu✌️,0.6696
pecey yeye,rzl,0.7324
pecey yeye,samshl_22,0.8836
pecey yeye,sapa bae,0.7868
pecey yeye,scc.,0.7454
pecey yeye,septiana,0.6554
pecey yeye,the last good man,0.6675
pecey yeye,tinnyee,0.6679
pecey yeye,username12375,0.6957
pecey yeye,uuppio,0.7757
pecey yeye,yaraaayaaaa,0.6806
pecey yeye,yogszz⚡,0.6505
pecey yeye,yyy,0.6603
pecey yeye,zazamm,0.672
pecey yeye,zrill💥,0.6616
pecey yeye,𝕳𝕬𝕴𝕶𝕬𝕷 𝖁1,0.6512
pecey yeye,𝘿𝙚𝙣,0.6963
pecey yeye,🐦,0.7269
pecey yeye,👻hsb👻,0.6631
pecey yeye,👾,0.6544
pecey yeye,🧋,0.7538
penjahat mu,pisangambon,0.6559
penjahat mu,rafyy😹,0.6515
penjahat mu,sari 86,0.664
penjahat mu,trisis,0.6797
penjahat mu,xspeedx,0.7002
penjahat mu,yogszz⚡,0.7246
penjahat mu,ᴘɪᴋᴀғʀɪᴇᴅᴄʜɪᴄᴋᴇɴ,0.7444
penjahat mu,⛓️,0.6885
penjahat mu,𝖇𝖎𝖎𝖑𝖆,0.7225
persiaa,pisangambon,0.714
persiaa,rafyy😹,0.7048
persiaa,srylee,0.6628
persiaa,xspeedx,0.6645
persiaa,yanuar,0.7106
persiaa,⋇⋆✦chelsea ♛┈⛧♡,0.6552
persiaa,𝘼𝙇𝙃𝘼𝙆𝙄𝙈𝙕,0.7017
persiaa,🀄penjahatmu🀄,0.6729
pikaars?,pitawidiono,0.7652
pikaars?,proo,0.6784
pikaars?,r.a sbg team,0.8243
pikaars?,rass.,0.6784
pikaars?,rezx2nd,0.6747
pikaars?,riff,0.6747
pikaars?,ristiana08,0.716
pikaars?,scorpio🦂,0.6747
pikaars?,sestu,0.6601
pikaars?,sinfloww,0.681
pikaars?,syakila pbg,0.6601
pikaars?,syaqella,0.716
pikaars?,tll,0.6836
pikaars?,tri yulianti,0.654
pikaars?,veri ramandani18,0.681
pikaars?,wisnu krishna,0.8378
pikaars?,wong gringsing,0.6601
pikaars?,yuliazaa,0.8303
pikaars?,y🅰️hya?,0.6778
pikaars?,น้ำอุ่น กัญญาภัทร เต๊กอ๋อต้ง,0.8303
pikaars?,່,0.6784
pikaars?,✧-ta_kepkat,0.6529
pikaars?,❤️💛💚,0.684
pikaars?,⠀ ⠀ ⠀ ⠀ ⠀᠌,0.654
pikaars?,𝑦𝑦𝑦𝑦,0.6778
pikaars?,𝗕𝗠𝗞𝗚,0.6784
pikaars?,𝘁𝗿ē𝗻𝗱à𝗻𝘇𝘅,0.6784
pikaars?,🌵dnd's_mom🌵,0.8813
pikaars?,💫,0.6578
pikaars?,🔥theeam3ll⚡,0.6713
pip2nd🧿,piscesmod,0.6998
pip2nd🧿,princess 💅,0.7069
pip2nd🧿,put,0.679
pip2nd🧿,qila012,0.6628
pip2nd🧿,r4ndsyh,0.6952
pip2nd🧿,railfans ngapak🅥,0.6534
pip2nd🧿,regialparij,0.6658
pip2nd🧿,rempeyek_500🌊,0.7836
pip2nd🧿,rfky,0.7956
pip2nd🧿,rijakipp,0.6913
pip2nd🧿,rizzstecu✌️,0.6722
pip2nd🧿,rzl,0.7058
pip2nd🧿,sabiantiwulariata,0.7876
pip2nd🧿,safi,0.651
pip2nd🧿,samshl_22,0.6673
pip2nd🧿,sara ariska,0.6736
pip2nd🧿,satria 🙌,0.6825
pip2nd🧿,satyaa ✦,0.7281
pip2nd🧿,sayaangaenii❤️‍🔥,0.7237
pip2nd🧿,scc.,0.6688
pip2nd🧿,secccfldsuuu21,0.684
pip2nd🧿,selialls,0.7
pip2nd🧿,set? iy syng,0.6672
pip2nd🧿,si kucing,0.8226
pip2nd🧿,sn0w,0.7001
pip2nd🧿,sopo》,0.6609
pip2nd🧿,stecu💤,0.7373
pip2nd🧿,superman,0.7358
pip2nd🧿,taxi barang purwokerto,0.6892
pip2nd🧿,teteh_jawa,0.6547
pip2nd🧿,the last good man,0.6897
pip2nd🧿,tinnyee,0.6857
pip2nd🧿,user1233833380586,0.6923
pip2nd🧿,user7098643456,0.6656
pip2nd🧿,uuppio,0.6942
pip2nd🧿,viann,0.6755
pip2nd🧿,vinss,0.7538
pip2nd🧿,vnn$fomo,0.7183
pip2nd🧿,weird zeze🇩🇪,0.7357
pip2nd🧿,wongwonganmumet,0.668
pip2nd🧿,wzrd,0.6844
pip2nd🧿,xlx🇮🇲,0.6659
pip2nd🧿,yhahaha,0.6548
pip2nd🧿,yogaaa21,0.6572
pip2nd🧿,yyy,0.689
pip2nd🧿,y💥💯                😛,0.7407
pip2nd🧿,z4kk🇦🇱🇦🇱,0.6783
pip2nd🧿,zaall,0.7217
pip2nd🧿,zain,0.8802
pip2nd🧿,zainvick_,0.68
pip2nd🧿,zaka.ya,0.6772
pip2nd🧿,zannn,0.6777
pip2nd🧿,zazamm,0.6783
pip2nd🧿,ziee_1901,0.7415
pip2nd🧿,zppcx,0.6526
pip2nd🧿,àlwàysdip,0.6665
pip2nd🧿,ᴘɪᴋᴀғʀɪᴇᴅᴄʜɪᴄᴋᴇɴ,0.6863
pip2nd🧿,★,0.6947
pip2nd🧿,♥,0.6679
pip2nd🧿,꧁epep꧂,0.6544
pip2nd🧿,𓆈🌊,0.6622
pip2nd🧿,𝓝𝓪𝔂𝓵𝓪_𝓓.𝓐,0.7448
pip2nd🧿,𝕳𝕬𝕴𝕶𝕬𝕷 𝖁1,0.6974
pip2nd🧿,𝙾𝚛𝚢𝚣𝚊 𝚂𝚊𝚝𝚒𝚟𝚊 🌾,0.6661
pip2nd🧿,👾,0.7285
pip2nd🧿,💋,0.7957
pip2nd🧿,🕊,0.6516
pisangambon,piscesmod,0.6579
pisangambon,praditailhm_,0.6835
pisangambon,put,0.792
pisangambon,raffiii162,0.7018
pisangambon,rafyy😹,0.7305
pisangambon,rahmat kartolo,0.6803
pisangambon,rempeyek_500🌊,0.7123
pisangambon,rfky,0.666
pisangambon,rijakipp,0.6949
pisangambon,rimzsukaessedoublechange🤤,0.6593
pisangambon,rivann.ahah,0.6844
pisangambon,rpk1,0.8039
pisangambon,ryy_,0.6763
pisangambon,rℹ️k🅾️🅾️🅾️,0.6928
pisangambon,s u m m e r .,0.7973
pisangambon,sabitulyz,0.6534
pisangambon,safi,0.711
pisangambon,sara ariska,0.6744
pisangambon,satria 🙌,0.7222
pisangambon,satyaa ✦,0.68
pisangambon,secccfldsuuu21,0.6585
pisangambon,sendiiisen©📍,0.703
pisangambon,septiana,0.7022
pisangambon,si kucing,0.7511
pisangambon,single era,0.7172
pisangambon,srylee,0.6878
pisangambon,stecu💤,0.6839
pisangambon,superman,0.6796
pisangambon,syaf__👾👾,0.7129
pisangambon,talasku99,0.679
pisangambon,tam,0.7038
pisangambon,tangrajinngaji,0.6938
pisangambon,taxi barang purwokerto,0.6584
pisangambon,teteh_jawa,0.659
pisangambon,tika kartika,0.6877
pisangambon,tofik.putra17,0.7741
pisangambon,ujangkedu,0.6642
pisangambon,upin🐼,0.6512
pisangambon,user13463#457344,0.6949
pisangambon,user7098643456,0.6916
pisangambon,va 17hd,0.6943
pisangambon,van pablo,0.7667
pisangambon,viann,0.7289
pisangambon,vittss..,0.7419
pisangambon,vnn$fomo,0.6659
pisangambon,wiindoc,0.6666
pisangambon,wo,0.6595
pisangambon,wong elek,0.6725
pisangambon,wongwonganmumet,0.7141
pisangambon,ws🪩,0.7518
pisangambon,wzrd,0.7398
pisangambon,yanuar,0.7904
pisangambon,yesakiw,0.7315
pisangambon,yhahaha,0.667
pisangambon,yyy,0.717
pisangambon,y💥💯                😛,0.6973
pisangambon,z4kk🇦🇱🇦🇱,0.761
pisangambon,zaall,0.7238
pisangambon,zain,0.6829
pisangambon,zaka.ya,0.7143
pisangambon,zarr★,0.6759
pisangambon,zazamm,0.6656
pisangambon,zeniperr,0.6998
pisangambon,zppcx,0.7135
pisangambon,zrill🇦🇱🇦🇱,0.7032
pisangambon,ɴᴀᴛ,0.7292
pisangambon,˚ ༘ 🦕𖦹⋆｡˚,0.695
pisangambon,المجتهد,0.651
pisangambon,فەیزال,0.679
pisangambon,เςคภ,0.7555
pisangambon,່ ‍ a,0.6659
pisangambon,ᴘɪᴋᴀғʀɪᴇᴅᴄʜɪᴄᴋᴇɴ,0.7592
pisangambon,™.yunz ★ 447.¥,0.6836
pisangambon,⋇⋆✦chelsea ♛┈⛧♡,0.7138
pisangambon,★,0.7133
pisangambon,☝️👌👌cc,0.6689
pisangambon,⛓️,0.7048
pisangambon,✌️,0.6874
pisangambon,ザキ・アルディアンシア,0.7163
pisangambon,윙고🇲🇨🇰🇷,0.7119
pisangambon,️dika_sajah,0.7995
pisangambon,￴,0.7052
pisangambon,￴ ￴ ￴  ￴ ￴ ￴ ￴ ￴,0.6601
pisangambon,￴￴,0.7221
pisangambon,𝐫𝐢𝐝𝐨𝐨🕊️,0.6956
pisangambon,𝕳𝕬𝕴𝕶𝕬𝕷 𝖁1,0.657
pisangambon,𝕶𝖞𝖓𝖟𝖟,0.6686
pisangambon,𝘼𝙇𝙃𝘼𝙆𝙄𝙈𝙕,0.7957
pisangambon,𝙋𝙍𝙄𝙉𝘾𝙀 15,0.6751
pisangambon,𝙖𝙩𝙨𝙨,0.744
pisangambon,𝙡𝙚𝙣𝙜,0.7543
pisangambon,𝙧𝙖𝙙𝙚𝙣𝙣𝙠𝙪𝙘𝙞𝙩𝙩🌊,0.6933
pisangambon,💋,0.6629
pisangambon,🔴⚪,0.6891
pisangambon,🕊,0.7505
piscesmod,praditailhm_,0.7003
piscesmod,princess 💅,0.6744
piscesmod,put,0.6681
piscesmod,qila012,0.6775
piscesmod,raffiii162,0.7226
piscesmod,rafyy😹,0.6891
piscesmod,rahmanpru,0.6563
piscesmod,regialparij,0.6576
piscesmod,rfky,0.6876
piscesmod,ryy_,0.6692
piscesmod,rℹ️k🅾️🅾️🅾️,0.71
piscesmod,safi,0.6673
piscesmod,satria 🙌,0.703
piscesmod,satyaa ✦,0.7272
piscesmod,scc winoww,0.6609
piscesmod,scc.,0.6576
piscesmod,secccfldsuuu21,0.7393
piscesmod,set? iy syng,0.666
piscesmod,si kucing,0.7133
piscesmod,sn0w,0.6706
piscesmod,stecu💤,0.7329
piscesmod,tam,0.6898
piscesmod,taxi barang purwokerto,0.7322
piscesmod,teteh_jawa,0.6783
piscesmod,tofik.putra17,0.6741
piscesmod,upin🐼,0.6573
piscesmod,user7098643456,0.6824
piscesmod,va 17hd,0.6739
piscesmod,varkon🚀🚀,0.68
piscesmod,viann,0.6889
piscesmod,vittss..,0.6709
piscesmod,wiindoc,0.6515
piscesmod,ws🪩,0.6781
piscesmod,wzrd,0.7028
piscesmod,yyy,0.666
piscesmod,y💥💯                😛,0.6698
piscesmod,z4kk🇦🇱🇦🇱,0.6765
piscesmod,zaall,0.7158
piscesmod,zain,0.6792
piscesmod,zaka.ya,0.6674
piscesmod,zazamm,0.687
piscesmod,zeniperr,0.6647
piscesmod,zppcx,0.6673
piscesmod,àlwàysdip,0.7413
piscesmod,ɴᴀᴛ,0.6946
piscesmod,˚ ༘ 🦕𖦹⋆｡˚,0.7059
piscesmod,★,0.659
piscesmod,⛓️,0.6527
piscesmod,マᥱž𝚊,0.6688
piscesmod,️dika_sajah,0.6702
piscesmod,￴ ￴ ￴  ￴ ￴ ￴ ￴ ￴,0.7549
piscesmod,𝕳𝕬𝕴𝕶𝕬𝕷 𝖁1,0.72
piscesmod,𝙋𝙍𝙄𝙉𝘾𝙀 15,0.657
piscesmod,𝙖𝙩𝙨𝙨,0.6707
piscesmod,𝙡𝙚𝙣𝙜,0.6899
piscesmod,𝙧𝙖𝙙𝙚𝙣𝙣𝙠𝙪𝙘𝙞𝙩𝙩🌊,0.6626
piscesmod,💋,0.7018
piscesmod,💩.,0.6827
piscesmod,🕊,0.7021
pitawidiono,r.a sbg team,0.7983
pitawidiono,sinfloww,0.7697
pitawidiono,veri ramandani18,0.7697
pitawidiono,wisnu krishna,0.8129
pitawidiono,yuliazaa,0.7665
pitawidiono,น้ำอุ่น กัญญาภัทร เต๊กอ๋อต้ง,0.7665
pitawidiono,🌵dnd's_mom🌵,0.7578
pojok childs,ɴᴀᴛ,0.6561
praditailhm_,princess 💅,0.7948
praditailhm_,put,0.7162
praditailhm_,qila012,0.8599
praditailhm_,raf,0.7024
praditailhm_,rafyy😹,0.6955
praditailhm_,rahmanpru,0.6529
praditailhm_,rahmat kartolo,0.7492
praditailhm_,regialparij,0.6929
praditailhm_,rempeyek_500🌊,0.7193
praditailhm_,rfky,0.6796
praditailhm_,rijakipp,0.718
praditailhm_,rzl,0.7679
praditailhm_,rℹ️k🅾️🅾️🅾️,0.8057
praditailhm_,safi,0.6809
praditailhm_,samshl_22,0.7606
praditailhm_,sara ariska,0.7395
praditailhm_,satria 🙌,0.7888
praditailhm_,scc winoww,0.8035
praditailhm_,scc.,0.7697
praditailhm_,secccfldsuuu21,0.7291
praditailhm_,sendiiisen©📍,0.8012
praditailhm_,si kucing,0.7368
praditailhm_,srylee,0.659
praditailhm_,stecu💤,0.6841
praditailhm_,suyato jowo,0.7019
praditailhm_,syaf__👾👾,0.7255
praditailhm_,talasku99,0.6666
praditailhm_,tam,0.7626
praditailhm_,tangrajinngaji,0.813
praditailhm_,teteh_jawa,0.6506
praditailhm_,theeryoou,0.6643
praditailhm_,tinnyee,0.7696
praditailhm_,tofik.putra17,0.8134
praditailhm_,upin🐼,0.7034
praditailhm_,user13463#457344,0.7684
praditailhm_,user7098643456,0.7092
praditailhm_,username12375,0.6514
praditailhm_,uuppio,0.6638
praditailhm_,va 17hd,0.8475
praditailhm_,van pablo,0.6879
praditailhm_,vanooo,0.7248
praditailhm_,varkon🚀🚀,0.6641
praditailhm_,viann,0.9373
praditailhm_,vittss..,0.7056
praditailhm_,wo,0.7349
praditailhm_,wong elek,0.7717
praditailhm_,wongwonganmumet,0.6885
praditailhm_,ws🪩,0.7415
praditailhm_,wzrd,0.7819
praditailhm_,yanuar,0.6973
praditailhm_,yogaaa21,0.7822
praditailhm_,yyy,0.811
praditailhm_,y💥💯                😛,0.7313
praditailhm_,zaall,0.6732
praditailhm_,zaka.ya,0.799
praditailhm_,zazamm,0.8773
praditailhm_,zeniperr,0.6821
praditailhm_,zrill🇦🇱🇦🇱,0.745
praditailhm_,zrill💥,0.6539
praditailhm_,ɴᴀᴛ,0.6717
praditailhm_,˚ ༘ 🦕𖦹⋆｡˚,0.7654
praditailhm_,فەیزال,0.6771
praditailhm_,⋇⋆✦chelsea ♛┈⛧♡,0.7409
praditailhm_,★,0.7062
praditailhm_,☝️👌👌cc,0.8354
praditailhm_,✌️,0.7737
praditailhm_,マᥱž𝚊,0.662
praditailhm_,윙고🇲🇨🇰🇷,0.6991
praditailhm_,️dika_sajah,0.6867
praditailhm_,￴,0.6548
praditailhm_,￴ ￴ ￴  ￴ ￴ ￴ ￴ ￴,0.6868
praditailhm_,￴￴,0.7551
praditailhm_,𝑱𝒖𝒍𝒊𝒂𝒏𝒏𝒏,0.7768
praditailhm_,𝓝𝓪𝔂𝓵𝓪_𝓓.𝓐,0.6918
praditailhm_,𝕳𝕬𝕴𝕶𝕬𝕷 𝖁1,0.7649
praditailhm_,𝕶𝖞𝖓𝖟𝖟,0.6959
praditailhm_,𝘼𝙇𝙃𝘼𝙆𝙄𝙈𝙕,0.7243
praditailhm_,𝘿𝙚𝙣,0.7697
praditailhm_,𝙋𝙍𝙄𝙉𝘾𝙀 15,0.7234
praditailhm_,𝙡𝙚𝙣𝙜,0.7985
praditailhm_,🏴󠁧󠁢󠁥󠁮󠁧󠁿🏴󠁧󠁢󠁥󠁮󠁧󠁿,0.7219
praditailhm_,🐣,0.6683
praditailhm_,🐦,0.7045
praditailhm_,💩.,0.6519
praditailhm_,🔴⚪,0.7283
praditailhm_,🕊,0.8706
princess 💅,qila012,0.7153
princess 💅,rafyy😹,0.665
princess 💅,rahmat kartolo,0.6669
princess 💅,reendstore,0.6509
princess 💅,regialparij,0.6737
princess 💅,rfky,0.6662
princess 💅,rizzstecu✌️,0.6731
princess 💅,rzl,0.9489
princess 💅,rℹ️k🅾️🅾️🅾️,0.7297
princess 💅,samshl_22,0.8421
princess 💅,sapa bae,0.8282
princess 💅,sara ariska,0.8252
princess 💅,satria 🙌,0.7273
princess 💅,sayaangaenii❤️‍🔥,0.8069
princess 💅,scc winoww,0.7499
princess 💅,scc.,0.7889
princess 💅,secccfldsuuu21,0.7402
princess 💅,septiana,0.722
princess 💅,si kucing,0.6932
princess 💅,sopo》,0.6866
princess 💅,sri wahyuningsih,0.6779
princess 💅,syaf__👾👾,0.6753
princess 💅,tam,0.6554
princess 💅,the last good man,0.6743
princess 💅,tinnyee,0.7378
princess 💅,tito cans,0.7041
princess 💅,tofik.putra17,0.6997
princess 💅,uuppio,0.7486
princess 💅,va 17hd,0.6977
princess 💅,vanooo,0.6953
princess 💅,viann,0.8033
princess 💅,wzrd,0.6668
princess 💅,yaraaayaaaa,0.6974
princess 💅,yogaaa21,0.7549
princess 💅,yyy,0.727
princess 💅,zain,0.6544
princess 💅,zaka.ya,0.7306
princess 💅,zannn,0.6662
princess 💅,zazamm,0.7942
princess 💅,zrill💥,0.6857
princess 💅,˚ ༘ 🦕𖦹⋆｡˚,0.6717
princess 💅,☝️👌👌cc,0.759
princess 💅,♥,0.6731
princess 💅,✌️,0.7234
princess 💅,𝑱𝒖𝒍𝒊𝒂𝒏𝒏𝒏,0.6942
princess 💅,𝓝𝓪𝔂𝓵𝓪_𝓓.𝓐,0.7176
princess 💅,𝕳𝕬𝕴𝕶𝕬𝕷 𝖁1,0.7871
princess 💅,𝖇𝖎𝖎𝖑𝖆,0.73
princess 💅,𝘿𝙚𝙣,0.6809
princess 💅,𝙡𝙚𝙣𝙜,0.6611
princess 💅,𝙾𝚛𝚢𝚣𝚊 𝚂𝚊𝚝𝚒𝚟𝚊 🌾,0.7626
princess 💅,🏴󠁧󠁢󠁥󠁮󠁧󠁿🏴󠁧󠁢󠁥󠁮󠁧󠁿,0.6538
princess 💅,🐦,0.6797
princess 💅,👻hsb👻,0.6569
princess 💅,🕊,0.7252
princess 💅,🧋,0.8273
proo,rass.,1.0
proo,rehan.aj,0.6581
proo,ristiana08,0.7401
proo,rmdn,0.6521
proo,sestu,0.7616
proo,sucilestaripp_08,0.7099
proo,syakila pbg,0.7616
proo,syaqella,0.7401
proo,tll,0.712
proo,wong gringsing,0.7616
proo,y🅰️hya?,0.7361
proo,ziee_1901,0.6669
proo,~~boyszzarddd~~ardboysss🇦🇱🪩,0.7141
proo,່,1.0
proo,✧-ta_kepkat,0.8176
proo,❤️💛💚,0.918
proo,ꦲꦼꦤ꧀ꦝꦺꦴꦱ꧀,0.6822
proo,𝑦𝑦𝑦𝑦,0.7361
proo,𝔅𝔩𝔲𝔢𝔢𝔅𝔬𝔬𝔰𝔱 💨💫,0.8671
proo,"𝖂𝖍𝖔'𝕾,𝕭𝖗𝖆𝖓රධ",0.6749
proo,𝗕𝗠𝗞𝗚,1.0
proo,𝘁𝗿ē𝗻𝗱à𝗻𝘇𝘅,1.0
proo,💫,0.6605
proo,🔥theeam3ll⚡,0.8173
puji_kodrat,ramadani🌀,0.7177
puji_kodrat,sabiantiwulariata,0.6589
puji_kodrat,sri66790,0.8023
puji_kodrat,tole bf official316,0.6983
puji_kodrat,vinza,0.6511
puji_kodrat,wong kene bae,0.6679
puji_kodrat,xlx🇮🇲,0.6635
puji_kodrat,˚꩜｡⋆˚࿔ 𝔂𝓪𝔂𝓪 𝜗𝜚˚⋆🧸ྀི,0.6694
puji_kodrat,𝕄 𝕒 𝕤  𝕋𝕒𝕜𝕪𝕦𝕟,0.6582
puji_kodrat,𝘾𝙖𝙡𝙤𝙣 𝙃𝘼𝙅𝙄,0.7202
puji_kodrat,🫧,0.6853
put,qila012,0.6838
put,rahmat kartolo,0.6678
put,regialparij,0.7361
put,rempeyek_500🌊,0.7235
put,rfky,0.7281
put,rijakipp,0.7598
put,rivann.ahah,0.683
put,rpk1,0.7366
put,rℹ️k🅾️🅾️🅾️,0.7201
put,s u m m e r .,0.6889
put,sabitulyz,0.6563
put,satria 🙌,0.7837
put,satyaa ✦,0.7718
put,scc winoww,0.6529
put,sendiiisen©📍,0.7647
put,set? iy syng,0.657
put,si kucing,0.7712
put,single era,0.7252
put,sleep the saunt,0.6895
put,stecu💤,0.727
put,syaf__👾👾,0.7428
put,talasku99,0.7118
put,tam,0.7292
put,tangrajinngaji,0.767
put,taxi barang purwokerto,0.6502
put,teteh_jawa,0.7188
put,tofik.putra17,0.7893
put,user13463#457344,0.7186
put,user7098643456,0.7409
put,van pablo,0.716
put,vanooo,0.6969
put,viann,0.7271
put,vittss..,0.7589
put,vnn$fomo,0.6788
put,wiindoc,0.658
put,wong elek,0.7165
put,wongwonganmumet,0.8402
put,ws🪩,0.7635
put,wzrd,0.8192
put,yanuar,0.7208
put,yesakiw,0.6924
put,yyy,0.6949
put,y💥💯                😛,0.766
put,z4kk🇦🇱🇦🇱,0.7907
put,zaall,0.7802
put,zain,0.7108
put,zaka.ya,0.7179
put,zeniperr,0.7866
put,zppcx,0.6681
put,zrill🇦🇱🇦🇱,0.7554
put,ɴᴀᴛ,0.7559
put,˚ ༘ 🦕𖦹⋆｡˚,0.7022
put,فەیزال,0.7411
put,เςคภ,0.6864
put,ᴘɪᴋᴀғʀɪᴇᴅᴄʜɪᴄᴋᴇɴ,0.6563
put,™.yunz ★ 447.¥,0.7219
put,⋇⋆✦chelsea ♛┈⛧♡,0.7215
put,★,0.7228
put,☝️👌👌cc,0.6816
put,✧saged🌊,0.6659
put,ザキ・アルディアンシア,0.6969
put,윙고🇲🇨🇰🇷,0.7633
put,️dika_sajah,0.9166
put,￴,0.7706
put,￴￴,0.7353
put,𝐫𝐢𝐝𝐨𝐨🕊️,0.676
put,𝕳𝕬𝕴𝕶𝕬𝕷 𝖁1,0.6517
put,𝘼𝙇𝙃𝘼𝙆𝙄𝙈𝙕,0.6507
put,𝙋𝙍𝙄𝙉𝘾𝙀 15,0.6913
put,𝙖𝙩𝙨𝙨,0.6948
put,𝙡𝙚𝙣𝙜,0.7994
put,𝙧𝙖𝙙𝙚𝙣𝙣𝙠𝙪𝙘𝙞𝙩𝙩🌊,0.7206
put,💋,0.7816
put,🔴⚪,0.677
put,🕊,0.7927
put,😡,0.7308
putra barepjr,raffiii162,0.6581
putra barepjr,rafyy😹,0.6796
putra barepjr,sn0w,0.6654
putra barepjr,taxi barang purwokerto,0.6836
putra barepjr,tole bf official316,0.6688
putra barepjr,ujangkedu,0.6547
putra barepjr,userr4532552,0.6918
putra barepjr,uuppio,0.6977
putra barepjr,xspeedx,0.7106
putra barepjr,yogszz⚡,0.6663
putra barepjr,zaza,0.6748
putra barepjr,| ig : @aseprmadanni,0.7471
putra barepjr,⛓️,0.6983
putra barepjr,𝘼𝙇𝙃𝘼𝙆𝙄𝙈𝙕,0.6814
putra barepjr,𝙧𝙖𝙙𝙚𝙣𝙣𝙠𝙪𝙘𝙞𝙩𝙩🌊,0.6511
putra barepjr,🆘,0.6733
putra barepjr,💥,0.729
putra barepjr,🕸️,0.6547
putz!!,raa 👧🏻,0.6632
putz!!,rimzsukaessedoublechange🤤,0.6511
putz!!,sabiantiwulariata,0.6684
putz!!,secccfldsuuu21,0.6519
putz!!,taxi barang purwokerto,0.6513
putz!!,ultrambuttttt,0.718
putz!!,xlx🇮🇲,0.6517
putz!!,yanuar,0.6512
putz!!,yaraaayaaaa,0.7178
putz!!,yhahaha,0.6719
putz!!,zannn,0.6655
putz!!,เςคภ,0.6722
putz!!,𝕳𝕬𝕴𝕶𝕬𝕷 𝖁1,0.6865
putz!!,𝙖𝙩𝙨𝙨,0.669
qila012,raf,0.738
qila012,rafyy😹,0.6795
qila012,rahmanpru,0.6631
qila012,rahmat kartolo,0.723
qila012,rempeyek_500🌊,0.7652
qila012,rfky,0.6975
qila012,rijakipp,0.6699
qila012,rivann.ahah,0.6513
qila012,rzl,0.6964
qila012,rℹ️k🅾️🅾️🅾️,0.8095
qila012,safi,0.7026
qila012,samshl_22,0.677
qila012,sara ariska,0.6678
qila012,satria 🙌,0.788
qila012,scc winoww,0.7903
qila012,scc.,0.6933
qila012,secccfldsuuu21,0.7356
qila012,sendiiisen©📍,0.7789
qila012,set? iy syng,0.7163
qila012,si kucing,0.686
qila012,stecu💤,0.7205
qila012,syaf__👾👾,0.7038
qila012,talasku99,0.7022
qila012,tam,0.7435
qila012,tangrajinngaji,0.758
qila012,taxi barang purwokerto,0.6787
qila012,teteh_jawa,0.6662
qila012,theeryoou,0.7014
qila012,tinnyee,0.7783
qila012,tofik.putra17,0.7941
qila012,upin🐼,0.7082
qila012,user1233833380586,0.6858
qila012,user13463#457344,0.7627
qila012,user7098643456,0.7768
qila012,username12375,0.6947
qila012,va 17hd,0.8334
qila012,van pablo,0.6758
qila012,vanooo,0.6614
qila012,varkon🚀🚀,0.6924
qila012,viann,0.8532
qila012,vittss..,0.6695
qila012,wo,0.6795
qila012,wong elek,0.7656
qila012,ws🪩,0.749
qila012,wzrd,0.7507
qila012,yanuar,0.6836
qila012,yaraaayaaaa,0.6843
qila012,yogaaa21,0.7824
qila012,yyy,0.7692
qila012,y💥💯                😛,0.6651
qila012,z4kk🇦🇱🇦🇱,0.6698
qila012,zaka.ya,0.772
qila012,zazamm,0.8599
qila012,zeniperr,0.6786
qila012,zrill🇦🇱🇦🇱,0.7326
qila012,ɴᴀᴛ,0.6919
qila012,˚ ༘ 🦕𖦹⋆｡˚,0.8087
qila012,فەیزال,0.704
qila012,⋇⋆✦chelsea ♛┈⛧♡,0.7621
qila012,★,0.7113
qila012,☝️👌👌cc,0.7678
qila012,✌️,0.7146
qila012,マᥱž𝚊,0.6697
qila012,윙고🇲🇨🇰🇷,0.6862
qila012,️dika_sajah,0.6823
qila012,￴,0.6999
qila012,￴ ￴ ￴  ￴ ￴ ￴ ￴ ￴,0.7622
qila012,￴￴,0.7342
qila012,𝑱𝒖𝒍𝒊𝒂𝒏𝒏𝒏,0.7747
qila012,𝓝𝓪𝔂𝓵𝓪_𝓓.𝓐,0.7366
qila012,𝕳𝕬𝕴𝕶𝕬𝕷 𝖁1,0.7629
qila012,𝕶𝖞𝖓𝖟𝖟,0.6967
qila012,𝘼𝙇𝙃𝘼𝙆𝙄𝙈𝙕,0.6768
qila012,𝘿𝙚𝙣,0.8499
qila012,𝙋𝙍𝙄𝙉𝘾𝙀 15,0.8073
qila012,𝙡𝙚𝙣𝙜,0.8165
qila012,🏴󠁧󠁢󠁥󠁮󠁧󠁿🏴󠁧󠁢󠁥󠁮󠁧󠁿,0.7289
qila012,🐣,0.6881
qila012,🐦,0.7639
qila012,💋,0.6915
qila012,💩.,0.6893
qila012,🔴⚪,0.717
qila012,🕊,0.8738
r,rafyy😹,0.7098
r,rstu💤,0.6794
r,sabitulyz,0.6909
r,safi,0.6572
r,syaf__👾👾,0.6657
r,talasku99,0.6906
r,vittss..,0.722
r,wiindoc,0.7281
r,wiwut,0.6881
r,wo,0.6566
r,ws🪩,0.7268
r,xybca_fad,0.6713
r,z4kk🇦🇱🇦🇱,0.6529
r,zarr★,0.6712
r,⋇⋆✦chelsea ♛┈⛧♡,0.7232
r,✧saged🌊,0.6786
r,ザキ・アルディアンシア,0.6814
r,윙고🇲🇨🇰🇷,0.6996
r,𝐫𝐢𝐝𝐨𝐨🕊️,0.6566
r,𝕶𝖞𝖓𝖟𝖟,0.6589
r,𝙋𝙍𝙄𝙉𝘾𝙀 15,0.7004
r,𝙔𝙊𝙂𝙂𝘼𝘼⭐💦,0.6956
r,𝙖𝙩𝙨𝙨,0.6858
r,𝙡𝙚𝙣𝙜,0.6909
r,𝙧𝙖𝙙𝙚𝙣𝙣𝙠𝙪𝙘𝙞𝙩𝙩🌊,0.6663
r,🐣,0.7015
r,🥷,0.6799
r,🪽,0.672
r 4 5 ya,sannzxkce,0.6616
r 4 5 ya,seli🌸,0.6743
r 4 5 ya,sinfloww,0.7866
r 4 5 ya,sopo iki?,0.7912
r 4 5 ya,tri yulianti,0.696
r 4 5 ya,vanzzz,0.7146
r 4 5 ya,veri ramandani18,0.7866
r 4 5 ya,wien,0.6743
r 4 5 ya,wiwut,0.7222
r 4 5 ya,ye,0.6675
r 4 5 ya,⚽,0.6743
r 4 5 ya,⠀ ⠀ ⠀ ⠀ ⠀᠌,0.696
r 4 5 ya,レザ,0.7719
r 4 5 ya,🄱🄰🅈🅄🄸🄽🄳🄰🄷🄾🄵🄵🅂🄴🅃,0.6807
r 4 5 ya,🐚🫧🪩,0.6676
r 4 5 ya,😂,0.6878
r 4 5 ya,🥷,0.7237
r e t z,r2kyy🐬,0.6537
r e t z,ramadani🌀,0.73
r e t z,rian(rivan fian),0.6973
r e t z,rimzsukaessedoublechange🤤,0.7255
r e t z,ririss,0.7002
r e t z,rizky030313,0.7467
r e t z,saitama.botak6,0.7652
r e t z,sandhi686,0.7267
r e t z,se'pull_maxwill,0.7306
r e t z,spilloutfittrendy,0.8462
r e t z,sri66790,0.6852
r e t z,tem - tem★★★,0.7768
r e t z,tole bf official316,0.6688
r e t z,ultrambuttttt,0.7632
r e t z,wirr tzy,0.6669
r e t z,wong kene bae,0.7131
r e t z,"wong""plosok",0.7701
r e t z,xy_don🚀,0.7484
r e t z,ynnnz,0.6587
r e t z,zexx'777,0.6711
r e t z,zye hehe,0.6999
r e t z,| ig : @aseprmadanni,0.6592
r e t z,ɓøɓ mārlɛƴ!!⛓️,0.6666
r e t z,˚꩜｡⋆˚࿔ 𝔂𝓪𝔂𝓪 𝜗𝜚˚⋆🧸ྀི,0.73
r e t z,ℒ𝓊𝓬𝓴𝔂,0.6526
r e t z,⭐zka,0.7943
r e t z,𝕬𝖟𝖐𝖆 𝖋𝖔𝖗 𝖞𝖔𝖚,0.687
r e t z,𝘾𝙖𝙡𝙤𝙣 𝙃𝘼𝙅𝙄,0.7179
r e t z,𝙢𝙖𝙖𝙖𝙖𝙖𝙖𝙨𝙨𝙨𝙠𝙖𝙣𝙣𝙣,0.7055
r e t z,🆘,0.6587
r.a sbg team,sinfloww,0.7145
r.a sbg team,veri ramandani18,0.7145
r.a sbg team,wisnu krishna,0.8581
r.a sbg team,yuliazaa,0.7978
r.a sbg team,น้ำอุ่น กัญญาภัทร เต๊กอ๋อต้ง,0.7978
r.a sbg team,🌵dnd's_mom🌵,0.7939
r2kyy🐬,›私hánzxyz‹★,0.6784
r2kyy🐬,𝙢𝙖𝙖𝙖𝙖𝙖𝙖𝙨𝙨𝙨𝙠𝙖𝙣𝙣𝙣,0.6856
r4ndsyh,reendstore,0.7232
r4ndsyh,rezz_brew,0.6707
r4ndsyh,rizzstecu✌️,0.7504
r4ndsyh,rzl,0.6605
r4ndsyh,sapa bae,0.6805
r4ndsyh,sayaangaenii❤️‍🔥,0.7168
r4ndsyh,scc.,0.7549
r4ndsyh,selialls,0.6817
r4ndsyh,septiana,0.6551
r4ndsyh,sopo》,0.6516
r4ndsyh,tinnyee,0.6549
r4ndsyh,username12375,0.6735
r4ndsyh,uuppio,0.6918
r4ndsyh,weird zeze🇩🇪,0.731
r4ndsyh,zain,0.6848
r4ndsyh,zannn,0.6553
r4ndsyh,zrill💥,0.6513
r4ndsyh,~~boyszzarddd~~ardboysss🇦🇱🪩,0.6835
r4ndsyh,àlwàysdip,0.7576
r4ndsyh,▪️,0.6893
r4ndsyh,♥,0.6851
r4ndsyh,ꦲꦼꦤ꧀ꦝꦺꦴꦱ꧀,0.6527
r4ndsyh,𝓝𝓪𝔂𝓵𝓪_𝓓.𝓐,0.6924
r4ndsyh,𝘉𝘐 𝔟𝔢𝔫𝔠𝔦 𝔠𝔦𝔫𝔱𝔞~,0.6977
r4ndsyh,𝘿𝙚𝙣,0.681
r4ndsyh,𝙾𝚛𝚢𝚣𝚊 𝚂𝚊𝚝𝚒𝚟𝚊 🌾,0.7481
r4ndsyh,🐦,0.6888
r4ndsyh,👻hsb👻,0.6889
r4ndsyh,👾,0.7172
r4ndsyh,💋,0.653
r4ndsyh,🧋,0.7064
raa 👧🏻,saitama.botak6,0.6582
raa 👧🏻,sazz,0.6571
raa 👧🏻,v,0.6505
raa 👧🏻,vnn$fomo,0.6588
raa 👧🏻,xxtipoo🀄⚡,0.6507
raa 👧🏻,ynnnz,0.6791
raa 👧🏻,ɴᴀᴛ,0.6583
raa 👧🏻,تسلق,0.7366
raa 👧🏻,ಠ_ರೃ,0.6573
raa 👧🏻,♥,0.6864
raa 👧🏻,マᥱž𝚊,0.7401
raa 👧🏻,𝓝𝓪𝔂𝓵𝓪_𝓓.𝓐,0.6783
raa 👧🏻,𝖗𝖎𝖟𝖝𝖈𝖔🇦🇱,0.7208
raa 👧🏻,𝘿𝙚𝙣,0.6534
raa 👧🏻,🐦,0.6714
raf,rafyy😹,0.7151
raf,rahmat kartolo,0.6743
raf,syaf__👾👾,0.6714
raf,szxnoe,0.6746
raf,talasku99,0.6593
raf,tam,0.6671
raf,tangrajinngaji,0.6877
raf,tofik.putra17,0.6689
raf,user13463#457344,0.6623
raf,van pablo,0.6601
raf,viann,0.702
raf,wong elek,0.6883
raf,wzrd,0.6953
raf,yyy,0.6538
raf,zaka.ya,0.7386
raf,zazamm,0.7172
raf,˚ ༘ 🦕𖦹⋆｡˚,0.6612
raf,⋇⋆✦chelsea ♛┈⛧♡,0.7704
raf,★,0.6783
raf,윙고🇲🇨🇰🇷,0.6747
raf,￴￴,0.7248
raf,𝕳𝕬𝕴𝕶𝕬𝕷 𝖁1,0.6507
raf,𝘼𝙇𝙃𝘼𝙆𝙄𝙈𝙕,0.7166
raf,𝘿𝙚𝙣,0.7012
raf,𝙋𝙍𝙄𝙉𝘾𝙀 15,0.698
raf,𝙡𝙚𝙣𝙜,0.7073
raf,🐣,0.6666
raf,🕊,0.7581
raffiii162,rafyy😹,0.7243
raffiii162,ryy_,0.7347
raffiii162,rℹ️k🅾️🅾️🅾️,0.6631
raffiii162,safi,0.7088
raffiii162,sara ariska,0.6838
raffiii162,satyaa ✦,0.6906
raffiii162,stecu💤,0.6925
raffiii162,taxi barang purwokerto,0.7014
raffiii162,teteh_jawa,0.6626
raffiii162,userr4532552,0.6674
raffiii162,van pablo,0.6728
raffiii162,vittss..,0.6962
raffiii162,wh0,0.6676
raffiii162,yyy,0.6621
raffiii162,zazamm,0.6538
raffiii162,àlwàysdip,0.6571
raffiii162,ɴᴀᴛ,0.6877
raffiii162,ᴘɪᴋᴀғʀɪᴇᴅᴄʜɪᴄᴋᴇɴ,0.6626
raffiii162,⛓️,0.8208
raffiii162,✌️,0.6844
raffiii162,￴ ￴ ￴  ￴ ￴ ￴ ￴ ￴,0.6732
raffiii162,𝘼𝙇𝙃𝘼𝙆𝙄𝙈𝙕,0.6928
raffiii162,𝙖𝙩𝙨𝙨,0.6649
raffiii162,𝙡𝙚𝙣𝙜,0.6701
raffiii162,🆘,0.6587
raffiii162,💩.,0.6939
rafyy😹,rzl,0.6644
rafyy😹,rℹ️k🅾️🅾️🅾️,0.6525
rafyy😹,safi,0.7195
rafyy😹,sara ariska,0.727
rafyy😹,sari 86,0.6767
rafyy😹,secccfldsuuu21,0.658
rafyy😹,septiana,0.6821
rafyy😹,si kucing,0.695
rafyy😹,sri wahyuningsih,0.6683
rafyy😹,srylee,0.6592
rafyy😹,syaf__👾👾,0.6674
rafyy😹,szxnoe,0.6884
rafyy😹,talasku99,0.7419
rafyy😹,tam,0.6897
rafyy😹,tofik.putra17,0.6675
rafyy😹,trisis,0.6519
rafyy😹,va 17hd,0.665
rafyy😹,viann,0.6864
rafyy😹,vittss..,0.7313
rafyy😹,wiindoc,0.7237
rafyy😹,ws🪩,0.6852
rafyy😹,xspeedx,0.6897
rafyy😹,yanuar,0.6542
rafyy😹,yyy,0.6871
rafyy😹,zaka.ya,0.6828
rafyy😹,zarr★,0.6895
rafyy😹,zazamm,0.6763
rafyy😹,ɴᴀᴛ,0.6561
rafyy😹,˚ ༘ 🦕𖦹⋆｡˚,0.6605
rafyy😹,⋇⋆✦chelsea ♛┈⛧♡,0.758
rafyy😹,★,0.722
rafyy😹,⛓️,0.7537
rafyy😹,✌️,0.741
rafyy😹,윙고🇲🇨🇰🇷,0.6672
rafyy😹,￴ ￴ ￴  ￴ ￴ ￴ ￴ ￴,0.6526
rafyy😹,￴￴,0.6834
rafyy😹,𝕳𝕬𝕴𝕶𝕬𝕷 𝖁1,0.6627
rafyy😹,𝖇𝖎𝖎𝖑𝖆,0.6872
rafyy😹,𝘼𝙇𝙃𝘼𝙆𝙄𝙈𝙕,0.7806
rafyy😹,𝙋𝙍𝙄𝙉𝘾𝙀 15,0.6869
rafyy😹,𝙡𝙚𝙣𝙜,0.6965
rafyy😹,𝙧𝙖𝙙𝙚𝙣𝙣𝙠𝙪𝙘𝙞𝙩𝙩🌊,0.6576
rafyy😹,🀄penjahatmu🀄,0.657
rafyy😹,🅰️★,0.693
rafyy😹,🐣,0.7104
rafyy😹,💩.,0.7246
rafyy😹,🕊,0.6786
rahmanpru,rahmat kartolo,0.6612
rahmanpru,rℹ️k🅾️🅾️🅾️,0.7014
rahmanpru,satria 🙌,0.6752
rahmanpru,scc winoww,0.7044
rahmanpru,secccfldsuuu21,0.6697
rahmanpru,sopo》,0.6556
rahmanpru,talasku99,0.6639
rahmanpru,teteh_jawa,0.6987
rahmanpru,the last good man,0.6616
rahmanpru,tinnyee,0.6964
rahmanpru,tofik.putra17,0.6669
rahmanpru,u,0.7171
rahmanpru,upin🐼,0.7856
rahmanpru,varkon🚀🚀,0.7692
rahmanpru,wong elek,0.6625
rahmanpru,wtf.prilz,0.6762
rahmanpru,wzrd,0.7204
rahmanpru,yogaaa21,0.7258
rahmanpru,zain,0.6522
rahmanpru,zaka.ya,0.7516
rahmanpru,zannn,0.6527
rahmanpru,zazamm,0.6589
rahmanpru,zppcx,0.6889
rahmanpru,®️e💤🅰️ sur,0.7168
rahmanpru,ɴᴀᴛ,0.6755
rahmanpru,˚ ༘ 🦕𖦹⋆｡˚,0.6653
rahmanpru,☝️👌👌cc,0.6992
rahmanpru,￴ ￴ ￴  ￴ ￴ ￴ ￴ ￴,0.6551
rahmanpru,𝘿𝙚𝙣,0.6625
rahmanpru,🏴󠁧󠁢󠁥󠁮󠁧󠁿🏴󠁧󠁢󠁥󠁮󠁧󠁿,0.6745
rahmanpru,🕊,0.7331
rahmat kartolo,railfans ngapak🅥,0.6879
rahmat kartolo,rempeyek_500🌊,0.6513
rahmat kartolo,rijakipp,0.6579
rahmat kartolo,rivann.ahah,0.6722
rahmat kartolo,rizzstecu✌️,0.7017
rahmat kartolo,rzl,0.6766
rahmat kartolo,rℹ️k🅾️🅾️🅾️,0.6884
rahmat kartolo,s u m m e r .,0.6622
rahmat kartolo,samshl_22,0.6566
rahmat kartolo,sapa bae,0.6795
rahmat kartolo,satria 🙌,0.7953
rahmat kartolo,scc winoww,0.692
rahmat kartolo,scc.,0.7347
rahmat kartolo,secccfldsuuu21,0.7094
rahmat kartolo,sendiiisen©📍,0.6645
rahmat kartolo,septiana,0.67
rahmat kartolo,si kucing,0.6625
rahmat kartolo,sleep the saunt,0.705
rahmat kartolo,suyato jowo,0.7077
rahmat kartolo,tam,0.6653
rahmat kartolo,tangrajinngaji,0.7149
rahmat kartolo,tika kartika,0.6639
rahmat kartolo,tinnyee,0.7404
rahmat kartolo,tofik.putra17,0.7805
rahmat kartolo,user13463#457344,0.6703
rahmat kartolo,username12375,0.7038
rahmat kartolo,va 17hd,0.6658
rahmat kartolo,van pablo,0.6757
rahmat kartolo,vanooo,0.6768
rahmat kartolo,viann,0.7482
rahmat kartolo,wo,0.7147
rahmat kartolo,wong elek,0.8228
rahmat kartolo,wongwonganmumet,0.6939
rahmat kartolo,ws🪩,0.6872
rahmat kartolo,wzrd,0.7266
rahmat kartolo,yanuar,0.7035
rahmat kartolo,yaraaayaaaa,0.7108
rahmat kartolo,yogaaa21,0.751
rahmat kartolo,y💥💯                😛,0.6887
rahmat kartolo,z4kk🇦🇱🇦🇱,0.6603
rahmat kartolo,zaka.ya,0.8535
rahmat kartolo,zazamm,0.7121
rahmat kartolo,zrill🇦🇱🇦🇱,0.8126
rahmat kartolo,˚ ༘ 🦕𖦹⋆｡˚,0.713
rahmat kartolo,فەیزال,0.6689
rahmat kartolo,່ ‍ a,0.7252
rahmat kartolo,⋇⋆✦chelsea ♛┈⛧♡,0.6617
rahmat kartolo,☝️👌👌cc,0.6975
rahmat kartolo,♥,0.6886
rahmat kartolo,️dika_sajah,0.6771
rahmat kartolo,￴,0.6814
rahmat kartolo,￴￴,0.6674
rahmat kartolo,𝑱𝒖𝒍𝒊𝒂𝒏𝒏𝒏,0.7416
rahmat kartolo,𝓝𝓪𝔂𝓵𝓪_𝓓.𝓐,0.7172
rahmat kartolo,𝕳𝕬𝕴𝕶𝕬𝕷 𝖁1,0.7291
rahmat kartolo,𝘼𝙇𝙃𝘼𝙆𝙄𝙈𝙕,0.6949
rahmat kartolo,𝘿𝙚𝙣,0.7675
rahmat kartolo,𝙋𝙍𝙄𝙉𝘾𝙀 15,0.6635
rahmat kartolo,𝙡𝙚𝙣𝙜,0.6958
rahmat kartolo,🎮,0.6559
rahmat kartolo,🏴󠁧󠁢󠁥󠁮󠁧󠁿🏴󠁧󠁢󠁥󠁮󠁧󠁿,0.7073
rahmat kartolo,🐦,0.7435
rahmat kartolo,🔴⚪,0.6907
rahmat kartolo,🕊,0.7693
rahmat kartolo,🧋,0.6885
railfans ngapak🅥,rmdn,0.6694
railfans ngapak🅥,sabiantiwulariata,0.731
railfans ngapak🅥,sleep the saunt,0.7003
railfans ngapak🅥,someone,0.6528
railfans ngapak🅥,superman,0.6673
railfans ngapak🅥,user1233833380586,0.6758
railfans ngapak🅥,username12375,0.6532
railfans ngapak🅥,vnn$fomo,0.7487
railfans ngapak🅥,xlx🇮🇲,0.6713
railfans ngapak🅥,z4kk🇦🇱🇦🇱,0.6894
railfans ngapak🅥,zain,0.6821
railfans ngapak🅥,ziee_1901,0.6903
railfans ngapak🅥,ಠ_ರೃ,0.6673
railfans ngapak🅥,เςคภ,0.6914
railfans ngapak🅥,່ ‍ a,0.6618
railfans ngapak🅥,꧁epep꧂,0.6852
railfans ngapak🅥,🐦,0.6603
ramadani🌀,ririss,0.6752
ramadani🌀,saitama.botak6,0.7282
ramadani🌀,sam🍎🍎,0.6721
ramadani🌀,sandhi686,0.7141
ramadani🌀,say,0.6867
ramadani🌀,se'pull_maxwill,0.7175
ramadani🌀,spilloutfittrendy,0.7019
ramadani🌀,sri66790,0.7689
ramadani🌀,tem - tem★★★,0.6627
ramadani🌀,tole bf official316,0.6798
ramadani🌀,ultrambuttttt,0.6759
ramadani🌀,wong kene bae,0.6922
ramadani🌀,"wong""plosok",0.6562
ramadani🌀,zye hehe,0.7132
ramadani🌀,˚꩜｡⋆˚࿔ 𝔂𝓪𝔂𝓪 𝜗𝜚˚⋆🧸ྀི,0.6817
ramadani🌀,ℒ𝓊𝓬𝓴𝔂,0.661
ramadani🌀,⭐zka,0.7116
ramadani🌀,𝕬𝖟𝖐𝖆 𝖋𝖔𝖗 𝖞𝖔𝖚,0.6878
ramadani🌀,𝘾𝙖𝙡𝙤𝙣 𝙃𝘼𝙅𝙄,0.7406
ramadani🌀,𝙎𝘽𝙎 001_𝙨𝙠𝙖𝙮 𝙮𝙚𝙡𝙤𝙬,0.6644
ramadani🌀,𝙢𝙖𝙖𝙖𝙖𝙖𝙖𝙨𝙨𝙨𝙠𝙖𝙣𝙣𝙣,0.6594
ranji💤,reval soso,0.7803
ranji💤,rio,0.6548
ranji💤,rizzstecu✌️,0.7016
ranji💤,say,0.6733
ranji💤,sestu,0.8405
ranji💤,sopo》,0.699
ranji💤,syakila pbg,0.8405
ranji💤,username12375,0.657
ranji💤,wdyt_,0.6695
ranji💤,wong gringsing,0.8405
ranji💤,xlx🇮🇲,0.6985
ranji💤,zrill💥,0.6664
ranji💤,~~boyszzarddd~~ardboysss🇦🇱🪩,0.7038
ranji💤,ғɪᴋʀɪ🐦‍🔥,0.6627
ranji💤,ꦲꦼꦤ꧀ꦝꦺꦴꦱ꧀,0.7227
ranji💤,"𝖂𝖍𝖔'𝕾,𝕭𝖗𝖆𝖓රධ",0.6884
ranji💤,👻,0.8441
rara,selialls,0.674
rara,wdyt_,0.737
rara,weird zeze🇩🇪,0.6853
rara,yonipujihermanto71,0.7731
rara,𓏵,0.7709
rass.,rehan.aj,0.6581
rass.,ristiana08,0.7401
rass.,rmdn,0.6521
rass.,sestu,0.7616
rass.,sucilestaripp_08,0.7099
rass.,syakila pbg,0.7616
rass.,syaqella,0.7401
rass.,tll,0.712
rass.,wong gringsing,0.7616
rass.,y🅰️hya?,0.7361
rass.,ziee_1901,0.6669
rass.,~~boyszzarddd~~ardboysss🇦🇱🪩,0.7141
rass.,່,1.0
rass.,✧-ta_kepkat,0.8176
rass.,❤️💛💚,0.918
rass.,ꦲꦼꦤ꧀ꦝꦺꦴꦱ꧀,0.6822
rass.,𝑦𝑦𝑦𝑦,0.7361
rass.,𝔅𝔩𝔲𝔢𝔢𝔅𝔬𝔬𝔰𝔱 💨💫,0.8671
rass.,"𝖂𝖍𝖔'𝕾,𝕭𝖗𝖆𝖓රධ",0.6749
rass.,𝗕𝗠𝗞𝗚,1.0
rass.,𝘁𝗿ē𝗻𝗱à𝗻𝘇𝘅,1.0
rass.,💫,0.6605
rass.,🔥theeam3ll⚡,0.8173
reendstore,ristiani14,0.6925
reendstore,rzl,0.7013
reendstore,sabiantiwulariata,0.6633
reendstore,sapa bae,0.7455
reendstore,sara ariska,0.6744
reendstore,sayaangaenii❤️‍🔥,0.743
reendstore,septiana,0.7032
reendstore,the last good man,0.6714
reendstore,uuppio,0.7209
reendstore,zain,0.6605
reendstore,àlwàysdip,0.6676
reendstore,𝓝𝓪𝔂𝓵𝓪_𝓓.𝓐,0.673
reendstore,𝙾𝚛𝚢𝚣𝚊 𝚂𝚊𝚝𝚒𝚟𝚊 🌾,0.7615
reendstore,🆘,0.7028
reendstore,👾,0.6902
reendstore,🧋,0.7105
regialparij,rempeyek_500🌊,0.6796
regialparij,rfky,0.6919
regialparij,rijakipp,0.7114
regialparij,ryy_,0.6915
regialparij,rℹ️k🅾️🅾️🅾️,0.6536
regialparij,satyaa ✦,0.6717
regialparij,si kucing,0.7809
regialparij,sopo》,0.6663
regialparij,syaf__👾👾,0.6725
regialparij,tam,0.6516
regialparij,teteh_jawa,0.67
regialparij,tgrysfff,0.65
regialparij,tofik.putra17,0.6617
regialparij,user7098643456,0.6667
regialparij,viann,0.6752
regialparij,vittss..,0.6941
regialparij,wongwonganmumet,0.7077
regialparij,ws🪩,0.6566
regialparij,yyy,0.7427
regialparij,y💥💯                😛,0.7213
regialparij,z4kk🇦🇱🇦🇱,0.6662
regialparij,zaall,0.6644
regialparij,zeniperr,0.6744
regialparij,zrill💥,0.6886
regialparij,ɴᴀᴛ,0.6594
regialparij,ᴘɪᴋᴀғʀɪᴇᴅᴄʜɪᴄᴋᴇɴ,0.6695
regialparij,★,0.6529
regialparij,⛓️,0.6587
regialparij,️dika_sajah,0.6974
regialparij,𝙡𝙚𝙣𝙜,0.7093
regialparij,💋,0.6861
regialparij,🕊,0.6642
rehan.aj,rezz_brew,0.6563
rehan.aj,ristiani14,0.7098
rehan.aj,vannn opet,0.7467
rehan.aj,vinss,0.7409
rehan.aj,wdyt_,0.8062
rehan.aj,weird zeze🇩🇪,0.668
rehan.aj,x4ngee🕊️,0.8071
rehan.aj,you're okay reszz,0.6714
rehan.aj,zain,0.6739
rehan.aj,zainvick_,0.6618
rehan.aj,zannn,0.6986
rehan.aj,àlwàysdip,0.6633
rehan.aj,່,0.6581
rehan.aj,ℒ𝓊𝓬𝓴𝔂,0.6631
rehan.aj,♥,0.6603
rehan.aj,ꦲꦼꦤ꧀ꦝꦺꦴꦱ꧀,0.6649
rehan.aj,"𝖂𝖍𝖔'𝕾,𝕭𝖗𝖆𝖓රධ",0.6714
rehan.aj,𝗕𝗠𝗞𝗚,0.6581
rehan.aj,𝘁𝗿ē𝗻𝗱à𝗻𝘇𝘅,0.6581
rehan.aj,👾,0.6825
rehan.aj,🫧,0.6687
rempeyek_500🌊,rfky,0.7813
rempeyek_500🌊,rijakipp,0.7635
rempeyek_500🌊,rivann.ahah,0.6854
rempeyek_500🌊,rℹ️k🅾️🅾️🅾️,0.6573
rempeyek_500🌊,safi,0.7003
rempeyek_500🌊,satria 🙌,0.6913
rempeyek_500🌊,satyaa ✦,0.7129
rempeyek_500🌊,set? iy syng,0.726
rempeyek_500🌊,si kucing,0.7694
rempeyek_500🌊,sleep the saunt,0.6801
rempeyek_500🌊,stecu💤,0.7381
rempeyek_500🌊,syaf__👾👾,0.6691
rempeyek_500🌊,tam,0.6822
rempeyek_500🌊,tinnyee,0.6578
rempeyek_500🌊,tofik.putra17,0.7339
rempeyek_500🌊,user1233833380586,0.835
rempeyek_500🌊,user13463#457344,0.6549
rempeyek_500🌊,user7098643456,0.8275
rempeyek_500🌊,va 17hd,0.7115
rempeyek_500🌊,viann,0.7367
rempeyek_500🌊,vnn$fomo,0.6776
rempeyek_500🌊,wiindoc,0.6731
rempeyek_500🌊,wongwonganmumet,0.6861
rempeyek_500🌊,ws🪩,0.7117
rempeyek_500🌊,wzrd,0.6909
rempeyek_500🌊,yyy,0.755
rempeyek_500🌊,y💥💯                😛,0.74
rempeyek_500🌊,z4kk🇦🇱🇦🇱,0.7258
rempeyek_500🌊,zaall,0.7095
rempeyek_500🌊,zain,0.7276
rempeyek_500🌊,zaka.ya,0.6825
rempeyek_500🌊,zazamm,0.6803
rempeyek_500🌊,zeniperr,0.6854
rempeyek_500🌊,zrill🇦🇱🇦🇱,0.6632
rempeyek_500🌊,ɴᴀᴛ,0.6817
rempeyek_500🌊,˚ ༘ 🦕𖦹⋆｡˚,0.7175
rempeyek_500🌊,فەیزال,0.6607
rempeyek_500🌊,ᴘɪᴋᴀғʀɪᴇᴅᴄʜɪᴄᴋᴇɴ,0.7036
rempeyek_500🌊,⋇⋆✦chelsea ♛┈⛧♡,0.6809
rempeyek_500🌊,★,0.711
rempeyek_500🌊,☝️👌👌cc,0.6595
rempeyek_500🌊,✧saged🌊,0.6751
rempeyek_500🌊,꧁epep꧂,0.6941
rempeyek_500🌊,️dika_sajah,0.732
rempeyek_500🌊,￴,0.7508
rempeyek_500🌊,￴ ￴ ￴  ￴ ￴ ￴ ￴ ￴,0.6587
rempeyek_500🌊,𝙋𝙍𝙄𝙉𝘾𝙀 15,0.6614
rempeyek_500🌊,𝙡𝙚𝙣𝙜,0.722
rempeyek_500🌊,𝙧𝙖𝙙𝙚𝙣𝙣𝙠𝙪𝙘𝙞𝙩𝙩🌊,0.6538
rempeyek_500🌊,💋,0.7292
rempeyek_500🌊,🕊,0.7108
reval soso,say,0.7183
reval soso,sestu,0.7273
reval soso,sopo》,0.7099
reval soso,syakila pbg,0.7273
reval soso,wong gringsing,0.7273
reval soso,xlx🇮🇲,0.7759
reval soso,zrill💥,0.7117
reval soso,👻,0.7058
rezx2nd,riff,1.0
rezx2nd,sannzxkce,0.6708
rezx2nd,satriaaa,0.7639
rezx2nd,scorpio🦂,1.0
rezx2nd,sinfloww,0.7107
rezx2nd,tri yulianti,0.8452
rezx2nd,vann 🌳,0.7717
rezx2nd,veri ramandani18,0.7107
rezx2nd,ye,0.6851
rezx2nd,⠀ ⠀ ⠀ ⠀ ⠀᠌,0.8452
rezx2nd,🄱🄰🅈🅄🄸🄽🄳🄰🄷🄾🄵🄵🅂🄴🅃,0.7271
rezx2nd,🌵dnd's_mom🌵,0.6685
rezx2nd,🐚🫧🪩,0.6677
rezz_brew,weird zeze🇩🇪,0.6736
rezz_brew,zainvick_,0.6984
rezz_brew,ziee_1901,0.6514
rezz_brew,ꦲꦼꦤ꧀ꦝꦺꦴꦱ꧀,0.7542
rezz_brew,𝘉𝘐 𝔟𝔢𝔫𝔠𝔦 𝔠𝔦𝔫𝔱𝔞~,0.6888
rfky,rijakipp,0.7472
rfky,sabiantiwulariata,0.6761
rfky,safi,0.6761
rfky,satria 🙌,0.6943
rfky,satyaa ✦,0.7025
rfky,secccfldsuuu21,0.6634
rfky,sendiiisen©📍,0.6655
rfky,set? iy syng,0.6691
rfky,si kucing,0.8108
rfky,sn0w,0.6821
rfky,stecu💤,0.7245
rfky,syaf__👾👾,0.678
rfky,taxi barang purwokerto,0.705
rfky,teteh_jawa,0.676
rfky,theeryoou,0.6654
rfky,tofik.putra17,0.698
rfky,user1233833380586,0.6636
rfky,user13463#457344,0.6731
rfky,user7098643456,0.7254
rfky,va 17hd,0.6867
rfky,viann,0.6964
rfky,vittss..,0.6508
rfky,vnn$fomo,0.6608
rfky,wongwonganmumet,0.7107
rfky,ws🪩,0.6936
rfky,wzrd,0.7076
rfky,yhahaha,0.6751
rfky,yyy,0.7028
rfky,y💥💯                😛,0.7942
rfky,z4kk🇦🇱🇦🇱,0.7426
rfky,zaall,0.7249
rfky,zain,0.7331
rfky,zaka.ya,0.6624
rfky,zazamm,0.6523
rfky,zeniperr,0.7311
rfky,ɴᴀᴛ,0.6626
rfky,˚ ༘ 🦕𖦹⋆｡˚,0.7236
rfky,™.yunz ★ 447.¥,0.6972
rfky,⋇⋆✦chelsea ♛┈⛧♡,0.6876
rfky,★,0.7051
rfky,윙고🇲🇨🇰🇷,0.6536
rfky,️dika_sajah,0.7235
rfky,￴,0.6877
rfky,𝕳𝕬𝕴𝕶𝕬𝕷 𝖁1,0.6524
rfky,𝙋𝙍𝙄𝙉𝘾𝙀 15,0.6707
rfky,𝙡𝙚𝙣𝙜,0.7226
rfky,𝙧𝙖𝙙𝙚𝙣𝙣𝙠𝙪𝙘𝙞𝙩𝙩🌊,0.7112
rfky,💋,0.7738
rfky,🕊,0.709
rfky,😡,0.6704
rian(rivan fian),rimzsukaessedoublechange🤤,0.7168
rian(rivan fian),ririss,0.7541
rian(rivan fian),saitama.botak6,0.6871
rian(rivan fian),sandhi686,0.7008
rian(rivan fian),se'pull_maxwill,0.7034
rian(rivan fian),spilloutfittrendy,0.7832
rian(rivan fian),sri66790,0.6657
rian(rivan fian),tem - tem★★★,0.6823
rian(rivan fian),tole bf official316,0.6709
rian(rivan fian),wiwut,0.6681
rian(rivan fian),wong kene bae,0.6519
rian(rivan fian),"wong""plosok",0.7762
rian(rivan fian),xy_don🚀,0.8142
rian(rivan fian),yoo🅰️jahh,0.69
rian(rivan fian),zexx'777,0.7795
rian(rivan fian),zouheir.yaz_ze,0.7313
rian(rivan fian),zye hehe,0.843
rian(rivan fian),| ig : @aseprmadanni,0.6992
rian(rivan fian),ɓøɓ mārlɛƴ!!⛓️,0.6776
rian(rivan fian),˚꩜｡⋆˚࿔ 𝔂𝓪𝔂𝓪 𝜗𝜚˚⋆🧸ྀི,0.687
rian(rivan fian),⭐zka,0.7108
rian(rivan fian),𝕬𝖟𝖐𝖆 𝖋𝖔𝖗 𝖞𝖔𝖚,0.7897
rian(rivan fian),𝘾𝙖𝙡𝙤𝙣 𝙃𝘼𝙅𝙄,0.7412
rian(rivan fian),𝙎𝘽𝙎 001_𝙨𝙠𝙖𝙮 𝙮𝙚𝙡𝙤𝙬,0.7153
rian(rivan fian),𝙔𝙊𝙂𝙂𝘼𝘼⭐💦,0.7145
riff,sannzxkce,0.6708
riff,satriaaa,0.7639
riff,scorpio🦂,1.0
riff,sinfloww,0.7107
riff,tri yulianti,0.8452
riff,vann 🌳,0.7717
riff,veri ramandani18,0.7107
riff,ye,0.6851
riff,⠀ ⠀ ⠀ ⠀ ⠀᠌,0.8452
riff,🄱🄰🅈🅄🄸🄽🄳🄰🄷🄾🄵🄵🅂🄴🅃,0.7271
riff,🌵dnd's_mom🌵,0.6685
riff,🐚🫧🪩,0.6677
rijakipp,rivann.ahah,0.6686
rijakipp,satyaa ✦,0.6599
rijakipp,sendiiisen©📍,0.6791
rijakipp,si kucing,0.7957
rijakipp,sleep the saunt,0.7778
rijakipp,stecu💤,0.6501
rijakipp,syaf__👾👾,0.6672
rijakipp,talasku99,0.6571
rijakipp,tam,0.6675
rijakipp,tangrajinngaji,0.6562
rijakipp,tika kartika,0.6959
rijakipp,tofik.putra17,0.697
rijakipp,user1233833380586,0.6764
rijakipp,user13463#457344,0.6704
rijakipp,user7098643456,0.6729
rijakipp,va 17hd,0.6587
rijakipp,viann,0.7028
rijakipp,vittss..,0.6995
rijakipp,wo,0.7574
rijakipp,wong elek,0.741
rijakipp,wongwonganmumet,0.7633
rijakipp,ws🪩,0.7026
rijakipp,wzrd,0.7167
rijakipp,yanuar,0.6782
rijakipp,yyy,0.6813
rijakipp,y💥💯                😛,0.8159
rijakipp,z4kk🇦🇱🇦🇱,0.6866
rijakipp,zaall,0.6916
rijakipp,zaka.ya,0.6807
rijakipp,zarr★,0.6531
rijakipp,zeniperr,0.6653
rijakipp,zrill🇦🇱🇦🇱,0.7233
rijakipp,˚ ༘ 🦕𖦹⋆｡˚,0.6654
rijakipp,™.yunz ★ 447.¥,0.66
rijakipp,⋇⋆✦chelsea ♛┈⛧♡,0.7237
rijakipp,★,0.7121
rijakipp,ザキ・アルディアンシア,0.6554
rijakipp,윙고🇲🇨🇰🇷,0.6635
rijakipp,️dika_sajah,0.7424
rijakipp,￴,0.7118
rijakipp,𝙡𝙚𝙣𝙜,0.7017
rijakipp,𝙧𝙖𝙙𝙚𝙣𝙣𝙠𝙪𝙘𝙞𝙩𝙩🌊,0.7336
rijakipp,💋,0.6837
rijakipp,🕊,0.6866
rimzsukaessedoublechange🤤,ririss,0.6657
rimzsukaessedoublechange🤤,se'pull_maxwill,0.6751
rimzsukaessedoublechange🤤,spilloutfittrendy,0.7246
rimzsukaessedoublechange🤤,taxi barang purwokerto,0.6713
rimzsukaessedoublechange🤤,tem - tem★★★,0.6707
rimzsukaessedoublechange🤤,ultrambuttttt,0.672
rimzsukaessedoublechange🤤,wirr tzy,0.6505
rimzsukaessedoublechange🤤,wong kene bae,0.6529
rimzsukaessedoublechange🤤,"wong""plosok",0.654
rimzsukaessedoublechange🤤,ynnnz,0.6576
rimzsukaessedoublechange🤤,zexx'777,0.6823
rimzsukaessedoublechange🤤,zouheir.yaz_ze,0.7143
rimzsukaessedoublechange🤤,| ig : @aseprmadanni,0.7291
rimzsukaessedoublechange🤤,ɓøɓ mārlɛƴ!!⛓️,0.7076
rimzsukaessedoublechange🤤,เςคภ,0.6855
rimzsukaessedoublechange🤤,⭐zka,0.6781
rimzsukaessedoublechange🤤,윙고🇲🇨🇰🇷,0.6726
rimzsukaessedoublechange🤤,𝐫𝐢𝐝𝐨𝐨🕊️,0.7392
rimzsukaessedoublechange🤤,𝕬𝖟𝖐𝖆 𝖋𝖔𝖗 𝖞𝖔𝖚,0.6691
rimzsukaessedoublechange🤤,𝙖𝙩𝙨𝙨,0.7419
rimzsukaessedoublechange🤤,𝙢𝙖𝙖𝙖𝙖𝙖𝙖𝙨𝙨𝙨𝙠𝙖𝙣𝙣𝙣,0.6597
rimzsukaessedoublechange🤤,𝙧𝙖𝙙𝙚𝙣𝙣𝙠𝙪𝙘𝙞𝙩𝙩🌊,0.6929
rio,rizzstecu✌️,0.6774
rio,slowhand,0.7473
rio,tinnyee,0.7355
rio,username12375,0.8367
rio,vnn$fomo,0.6514
rio,wdyt_,0.7338
rio,yogaaa21,0.7126
rio,z4m,0.7302
rio,zppcx,0.6864
rio,ಠ_ರೃ,0.8066
rio,☝️👌👌cc,0.7438
rio,♥,0.7816
rio,🏴󠁧󠁢󠁥󠁮󠁧󠁿🏴󠁧󠁢󠁥󠁮󠁧󠁿,0.6747
rio,🐦,0.7224
ririss,saitama.botak6,0.7092
ririss,sandhi686,0.7482
ririss,se'pull_maxwill,0.6631
ririss,spilloutfittrendy,0.7651
ririss,sri66790,0.6577
ririss,tem - tem★★★,0.6864
ririss,tito cans,0.656
ririss,tole bf official316,0.7486
ririss,ultrambuttttt,0.6827
ririss,wong kene bae,0.7702
ririss,"wong""plosok",0.7283
ririss,xy_don🚀,0.6869
ririss,ynnnz,0.6846
ririss,zexx'777,0.707
ririss,zye hehe,0.6947
ririss,| ig : @aseprmadanni,0.7169
ririss,˚꩜｡⋆˚࿔ 𝔂𝓪𝔂𝓪 𝜗𝜚˚⋆🧸ྀི,0.6521
ririss,ℒ𝓊𝓬𝓴𝔂,0.7047
ririss,⭐zka,0.6713
ririss,𝕬𝖟𝖐𝖆 𝖋𝖔𝖗 𝖞𝖔𝖚,0.7242
ririss,𝘾𝙖𝙡𝙤𝙣 𝙃𝘼𝙅𝙄,0.6881
ririss,𝙔𝙊𝙂𝙂𝘼𝘼⭐💦,0.684
ririss,🆘,0.7903
risky⛔️🆘️,satriaaa,0.6742
risky⛔️🆘️,tokoserbada12,0.8018
risky⛔️🆘️,tri yulianti,0.7074
risky⛔️🆘️,wawud,0.7765
risky⛔️🆘️,ye,0.6514
risky⛔️🆘️,⠀ ⠀ ⠀ ⠀ ⠀᠌,0.7074
risky⛔️🆘️,🕸,0.7003
ristiana08,sestu,0.6545
ristiana08,syakila pbg,0.6545
ristiana08,syaqella,1.0
ristiana08,tll,0.6834
ristiana08,wong gringsing,0.6545
ristiana08,wwww,0.6829
ristiana08,y🅰️hya?,0.6599
ristiana08,່,0.7401
ristiana08,✧-ta_kepkat,0.6724
ristiana08,❤️💛💚,0.7339
ristiana08,𝑦𝑦𝑦𝑦,0.6599
ristiana08,𝔅𝔩𝔲𝔢𝔢𝔅𝔬𝔬𝔰𝔱 💨💫,0.6593
ristiana08,𝗕𝗠𝗞𝗚,0.7401
ristiana08,𝘁𝗿ē𝗻𝗱à𝗻𝘇𝘅,0.7401
ristiana08,🌵dnd's_mom🌵,0.6711
ristiana08,💫,0.66
ristiana08,🔥theeam3ll⚡,0.6836
ristiani14,vinss,0.6594
ristiani14,weird zeze🇩🇪,0.6579
ristiani14,zannn,0.6968
ristiani14,𝑛𝑜𝑒𝑟𝑒𝑎𝑙_𝑎𝑧🍃,0.7039
ristiani14,🆘,0.6555
ristiani14,👾,0.6564
rivann.ahah,rℹ️k🅾️🅾️🅾️,0.6551
rivann.ahah,satria 🙌,0.6658
rivann.ahah,scc winoww,0.6527
rivann.ahah,scc.,0.6789
rivann.ahah,set? iy syng,0.6504
rivann.ahah,si kucing,0.6551
rivann.ahah,stecu💤,0.6558
rivann.ahah,tika kartika,0.6534
rivann.ahah,tofik.putra17,0.6764
rivann.ahah,user7098643456,0.7128
rivann.ahah,v,0.6581
rivann.ahah,van pablo,0.6683
rivann.ahah,vnn$fomo,0.6684
rivann.ahah,weird zeze🇩🇪,0.653
rivann.ahah,wongwonganmumet,0.7025
rivann.ahah,yaraaayaaaa,0.666
rivann.ahah,yesakiw,0.6578
rivann.ahah,yogszz⚡,0.6802
rivann.ahah,yyy,0.681
rivann.ahah,z4kk🇦🇱🇦🇱,0.6664
rivann.ahah,zaall,0.6719
rivann.ahah,zain,0.6776
rivann.ahah,zeniperr,0.6632
rivann.ahah,zrill🇦🇱🇦🇱,0.6512
rivann.ahah,ɴᴀᴛ,0.6873
rivann.ahah,˚ ༘ 🦕𖦹⋆｡˚,0.6617
rivann.ahah,เςคภ,0.6525
rivann.ahah,ᴘɪᴋᴀғʀɪᴇᴅᴄʜɪᴄᴋᴇɴ,0.6508
rivann.ahah,꧁epep꧂,0.7043
rivann.ahah,️dika_sajah,0.6778
rivann.ahah,𝑱𝒖𝒍𝒊𝒂𝒏𝒏𝒏,0.6672
rivann.ahah,𝕳𝕬𝕴𝕶𝕬𝕷 𝖁1,0.66
rivann.ahah,𝙡𝙚𝙣𝙜,0.6537
rivann.ahah,🐦,0.6517
rivann.ahah,💋,0.7462
rivann.ahah,🕊,0.684
rivann.ahah,😡,0.6578
rizky030313,tito🤠,0.6615
rizzstecu✌️,rzl,0.7045
rizzstecu✌️,rℹ️k🅾️🅾️🅾️,0.6677
rizzstecu✌️,sapa bae,0.71
rizzstecu✌️,satria 🙌,0.7271
rizzstecu✌️,sayaangaenii❤️‍🔥,0.6905
rizzstecu✌️,scc winoww,0.7389
rizzstecu✌️,scc.,0.8129
rizzstecu✌️,secccfldsuuu21,0.7319
rizzstecu✌️,septiana,0.6629
rizzstecu✌️,sopo》,0.6896
rizzstecu✌️,tinnyee,0.8113
rizzstecu✌️,username12375,0.8216
rizzstecu✌️,wdyt_,0.6537
rizzstecu✌️,weird zeze🇩🇪,0.719
rizzstecu✌️,xlx🇮🇲,0.6683
rizzstecu✌️,yaraaayaaaa,0.7172
rizzstecu✌️,yogaaa21,0.7597
rizzstecu✌️,zaka.ya,0.7509
rizzstecu✌️,zannn,0.6881
rizzstecu✌️,zazamm,0.6866
rizzstecu✌️,zrill💥,0.6622
rizzstecu✌️,~~boyszzarddd~~ardboysss🇦🇱🪩,0.6869
rizzstecu✌️,تسلق,0.6808
rizzstecu✌️,ಠ_ರೃ,0.6608
rizzstecu✌️,▪️,0.6555
rizzstecu✌️,☝️👌👌cc,0.7043
rizzstecu✌️,♥,0.8957
rizzstecu✌️,ꦲꦼꦤ꧀ꦝꦺꦴꦱ꧀,0.697
rizzstecu✌️,𝑱𝒖𝒍𝒊𝒂𝒏𝒏𝒏,0.6905
rizzstecu✌️,𝓝𝓪𝔂𝓵𝓪_𝓓.𝓐,0.8591
rizzstecu✌️,𝕳𝕬𝕴𝕶𝕬𝕷 𝖁1,0.7256
rizzstecu✌️,𝘿𝙚𝙣,0.7365
rizzstecu✌️,𝙾𝚛𝚢𝚣𝚊 𝚂𝚊𝚝𝚒𝚟𝚊 🌾,0.691
rizzstecu✌️,🏴󠁧󠁢󠁥󠁮󠁧󠁿🏴󠁧󠁢󠁥󠁮󠁧󠁿,0.7119
rizzstecu✌️,🐦,0.7837
rizzstecu✌️,👻hsb👻,0.663
rizzstecu✌️,👾,0.6978
rizzstecu✌️,🕊,0.6655
rizzstecu✌️,🧋,0.7363
rmdn,z4m,0.6733
rmdn,เςคภ,0.7065
rmdn,່,0.6521
rmdn,𝗕𝗠𝗞𝗚,0.6521
rmdn,𝘁𝗿ē𝗻𝗱à𝗻𝘇𝘅,0.6521
rmdn,🤴🏽,0.7065
rmdn,🪫,0.8313
rndkatsny,𝑛𝑜𝑒𝑟𝑒𝑎𝑙_𝑎𝑧🍃,0.7255
rndkatsny,𝕄 𝕒 𝕤  𝕋𝕒𝕜𝕪𝕦𝕟,0.6921
rndra,rpk1,0.6839
rndra,rℹ️k🅾️🅾️🅾️,0.6507
rndra,satria 🙌,0.652
rndra,selialls,0.6544
rndra,vinss,0.6646
rndra,z4kk🇦🇱🇦🇱,0.6777
rndra,àlwàysdip,0.6748
rndra,꧁epep꧂,0.6705
rndra,𓆈🌊,0.7188
rofikkk !!,àlwàysdip,0.7865
rofikkk !!,𝘉𝘐 𝔟𝔢𝔫𝔠𝔦 𝔠𝔦𝔫𝔱𝔞~,0.7104
rofikkk !!,𝘼𝙇𝙃𝘼𝙆𝙄𝙈𝙕,0.6555
rofikkk !!,𝘽𝙚𝙣𝙣𝙣!,0.6713
rofikkk !!,🕸️,0.6554
rpk1,s u m m e r .,0.7556
rpk1,satria 🙌,0.6538
rpk1,selialls,0.6605
rpk1,single era,0.7089
rpk1,sleep the saunt,0.6629
rpk1,tika kartika,0.6983
rpk1,tofik.putra17,0.7029
rpk1,van pablo,0.683
rpk1,wongwonganmumet,0.6704
rpk1,ws🪩,0.6784
rpk1,wzrd,0.6727
rpk1,yanuar,0.6839
rpk1,yesakiw,0.7879
rpk1,z4kk🇦🇱🇦🇱,0.7538
rpk1,zrill🇦🇱🇦🇱,0.7054
rpk1,المجتهد,0.662
rpk1,فەیزال,0.6843
rpk1,เςคภ,0.768
rpk1,່ ‍ a,0.6574
rpk1,™.yunz ★ 447.¥,0.6505
rpk1,꧁epep꧂,0.6587
rpk1,️dika_sajah,0.7172
rpk1,￴,0.716
rpk1,￴￴,0.6553
rpk1,𝙖𝙩𝙨𝙨,0.7298
rpk1,🔴⚪,0.6658
rrizal,wahyu,0.6527
rrizal,zi yan,0.8033
rstu💤,sabitulyz,0.6555
rstu💤,sn0w,0.6557
rstu💤,syaf__👾👾,0.7065
rstu💤,wiindoc,0.6616
rstu💤,wiwut,0.655
rstu💤,ye,0.6611
rstu💤,yyy,0.664
rstu💤,zaza,0.6938
rstu💤,⋇⋆✦chelsea ♛┈⛧♡,0.6736
rstu💤,💥,0.677
rstu💤,🕸,0.6532
ryy_,rℹ️k🅾️🅾️🅾️,0.6888
ryy_,safi,0.6869
ryy_,satyaa ✦,0.65
ryy_,stecu💤,0.6603
ryy_,talasku99,0.6674
ryy_,tofik.putra17,0.6669
ryy_,ufa,0.6658
ryy_,user7098643456,0.6751
ryy_,vittss..,0.7105
ryy_,wiindoc,0.6836
ryy_,yogszz⚡,0.6969
ryy_,yyy,0.6982
ryy_,zaall,0.6668
ryy_,zppcx,0.6518
ryy_,ɴᴀᴛ,0.7356
ryy_,ᴘɪᴋᴀғʀɪᴇᴅᴄʜɪᴄᴋᴇɴ,0.79
ryy_,☝️👌👌cc,0.6619
ryy_,⛓️,0.7288
ryy_,꧁epep꧂,0.6593
ryy_,𝖇𝖎𝖎𝖑𝖆,0.6557
ryy_,𝙖𝙩𝙨𝙨,0.6744
rzl,rℹ️k🅾️🅾️🅾️,0.6779
rzl,samshl_22,0.8403
rzl,sapa bae,0.9065
rzl,sara ariska,0.844
rzl,satria 🙌,0.6903
rzl,sayaangaenii❤️‍🔥,0.8427
rzl,scc winoww,0.7139
rzl,scc.,0.7964
rzl,secccfldsuuu21,0.7306
rzl,septiana,0.7616
rzl,si kucing,0.6649
rzl,sopo》,0.6732
rzl,sri wahyuningsih,0.6868
rzl,the last good man,0.6554
rzl,tinnyee,0.7403
rzl,tito cans,0.6993
rzl,tofik.putra17,0.6576
rzl,uuppio,0.7755
rzl,va 17hd,0.6718
rzl,vanooo,0.6735
rzl,viann,0.7786
rzl,yaraaayaaaa,0.7014
rzl,yogaaa21,0.7185
rzl,yyy,0.6965
rzl,zaka.ya,0.7348
rzl,zazamm,0.7871
rzl,zrill💥,0.6729
rzl,☝️👌👌cc,0.7176
rzl,♥,0.6781
rzl,✌️,0.7151
rzl,𝑱𝒖𝒍𝒊𝒂𝒏𝒏𝒏,0.6744
rzl,𝓝𝓪𝔂𝓵𝓪_𝓓.𝓐,0.7498
rzl,𝕳𝕬𝕴𝕶𝕬𝕷 𝖁1,0.7745
rzl,𝖇𝖎𝖎𝖑𝖆,0.6964
rzl,𝘿𝙚𝙣,0.6976
rzl,𝙾𝚛𝚢𝚣𝚊 𝚂𝚊𝚝𝚒𝚟𝚊 🌾,0.8016
rzl,🐦,0.6884
rzl,👻hsb👻,0.6792
rzl,👾,0.6558
rzl,💩.,0.655
rzl,🕊,0.6974
rzl,🧋,0.8262
rℹ️k🅾️🅾️🅾️,safi,0.7557
rℹ️k🅾️🅾️🅾️,sara ariska,0.6937
rℹ️k🅾️🅾️🅾️,satria 🙌,0.8574
rℹ️k🅾️🅾️🅾️,scc winoww,0.8575
rℹ️k🅾️🅾️🅾️,scc.,0.7561
rℹ️k🅾️🅾️🅾️,secccfldsuuu21,0.7801
rℹ️k🅾️🅾️🅾️,sendiiisen©📍,0.8103
rℹ️k🅾️🅾️🅾️,septiana,0.6846
rℹ️k🅾️🅾️🅾️,set? iy syng,0.6632
rℹ️k🅾️🅾️🅾️,si kucing,0.6519
rℹ️k🅾️🅾️🅾️,sopo》,0.7523
rℹ️k🅾️🅾️🅾️,stecu💤,0.7681
rℹ️k🅾️🅾️🅾️,syaf__👾👾,0.7469
rℹ️k🅾️🅾️🅾️,talasku99,0.7132
rℹ️k🅾️🅾️🅾️,tam,0.7509
rℹ️k🅾️🅾️🅾️,tangrajinngaji,0.7455
rℹ️k🅾️🅾️🅾️,taxi barang purwokerto,0.6546
rℹ️k🅾️🅾️🅾️,teteh_jawa,0.7073
rℹ️k🅾️🅾️🅾️,the last good man,0.6869
rℹ️k🅾️🅾️🅾️,theeryoou,0.7212
rℹ️k🅾️🅾️🅾️,tinnyee,0.831
rℹ️k🅾️🅾️🅾️,tofik.putra17,0.8016
rℹ️k🅾️🅾️🅾️,trisis,0.6606
rℹ️k🅾️🅾️🅾️,upin🐼,0.7408
rℹ️k🅾️🅾️🅾️,user13463#457344,0.7328
rℹ️k🅾️🅾️🅾️,user7098643456,0.7153
rℹ️k🅾️🅾️🅾️,username12375,0.7385
rℹ️k🅾️🅾️🅾️,va 17hd,0.7916
rℹ️k🅾️🅾️🅾️,van pablo,0.7132
rℹ️k🅾️🅾️🅾️,vanooo,0.7508
rℹ️k🅾️🅾️🅾️,varkon🚀🚀,0.7243
rℹ️k🅾️🅾️🅾️,viann,0.8063
rℹ️k🅾️🅾️🅾️,vittss..,0.7375
rℹ️k🅾️🅾️🅾️,wong elek,0.7475
rℹ️k🅾️🅾️🅾️,wongwonganmumet,0.6702
rℹ️k🅾️🅾️🅾️,ws🪩,0.7494
rℹ️k🅾️🅾️🅾️,wzrd,0.7024
rℹ️k🅾️🅾️🅾️,yanuar,0.6753
rℹ️k🅾️🅾️🅾️,yaraaayaaaa,0.6964
rℹ️k🅾️🅾️🅾️,yogaaa21,0.8618
rℹ️k🅾️🅾️🅾️,yyy,0.7906
rℹ️k🅾️🅾️🅾️,z4kk🇦🇱🇦🇱,0.7132
rℹ️k🅾️🅾️🅾️,zaall,0.7004
rℹ️k🅾️🅾️🅾️,zain,0.6723
rℹ️k🅾️🅾️🅾️,zaka.ya,0.7522
rℹ️k🅾️🅾️🅾️,zannn,0.6834
rℹ️k🅾️🅾️🅾️,zazamm,0.8258
rℹ️k🅾️🅾️🅾️,zeniperr,0.6959
rℹ️k🅾️🅾️🅾️,zppcx,0.683
rℹ️k🅾️🅾️🅾️,zrill🇦🇱🇦🇱,0.7753
rℹ️k🅾️🅾️🅾️,zrill💥,0.7487
rℹ️k🅾️🅾️🅾️,àlwàysdip,0.6776
rℹ️k🅾️🅾️🅾️,ɴᴀᴛ,0.7623
rℹ️k🅾️🅾️🅾️,˚ ༘ 🦕𖦹⋆｡˚,0.7988
rℹ️k🅾️🅾️🅾️,فەیزال,0.7318
rℹ️k🅾️🅾️🅾️,ᴘɪᴋᴀғʀɪᴇᴅᴄʜɪᴄᴋᴇɴ,0.6846
rℹ️k🅾️🅾️🅾️,☝️👌👌cc,0.904
rℹ️k🅾️🅾️🅾️,♥,0.7393
rℹ️k🅾️🅾️🅾️,⛓️,0.6528
rℹ️k🅾️🅾️🅾️,✌️,0.7556
rℹ️k🅾️🅾️🅾️,マᥱž𝚊,0.8047
rℹ️k🅾️🅾️🅾️,꧁epep꧂,0.6523
rℹ️k🅾️🅾️🅾️,윙고🇲🇨🇰🇷,0.68
rℹ️k🅾️🅾️🅾️,️dika_sajah,0.7
rℹ️k🅾️🅾️🅾️,￴ ￴ ￴  ￴ ￴ ￴ ￴ ￴,0.7195
rℹ️k🅾️🅾️🅾️,￴￴,0.7437
rℹ️k🅾️🅾️🅾️,𝐫𝐢𝐝𝐨𝐨🕊️,0.6821
rℹ️k🅾️🅾️🅾️,𝑱𝒖𝒍𝒊𝒂𝒏𝒏𝒏,0.8236
rℹ️k🅾️🅾️🅾️,𝓝𝓪𝔂𝓵𝓪_𝓓.𝓐,0.6521
rℹ️k🅾️🅾️🅾️,𝕳𝕬𝕴𝕶𝕬𝕷 𝖁1,0.7695
rℹ️k🅾️🅾️🅾️,𝕶𝖞𝖓𝖟𝖟,0.7183
rℹ️k🅾️🅾️🅾️,𝘼𝙇𝙃𝘼𝙆𝙄𝙈𝙕,0.6614
rℹ️k🅾️🅾️🅾️,𝘿𝙚𝙣,0.8076
rℹ️k🅾️🅾️🅾️,𝙋𝙍𝙄𝙉𝘾𝙀 15,0.7222
rℹ️k🅾️🅾️🅾️,𝙡𝙚𝙣𝙜,0.8348
rℹ️k🅾️🅾️🅾️,𝙾𝚛𝚢𝚣𝚊 𝚂𝚊𝚝𝚒𝚟𝚊 🌾,0.67
rℹ️k🅾️🅾️🅾️,🏴󠁧󠁢󠁥󠁮󠁧󠁿🏴󠁧󠁢󠁥󠁮󠁧󠁿,0.7931
rℹ️k🅾️🅾️🅾️,🐣,0.6963
rℹ️k🅾️🅾️🅾️,🐦,0.7994
rℹ️k🅾️🅾️🅾️,💋,0.7033
rℹ️k🅾️🅾️🅾️,💩.,0.6912
rℹ️k🅾️🅾️🅾️,🔴⚪,0.7485
rℹ️k🅾️🅾️🅾️,🕊,0.8486
rℹ️k🅾️🅾️🅾️,🧋,0.6685
s u m m e r .,single era,0.6724
s u m m e r .,sleep the saunt,0.6607
s u m m e r .,suyato jowo,0.722
s u m m e r .,tangrajinngaji,0.6648
s u m m e r .,tika kartika,0.7048
s u m m e r .,tofik.putra17,0.7026
s u m m e r .,wong elek,0.666
s u m m e r .,wongwonganmumet,0.6509
s u m m e r .,ws🪩,0.666
s u m m e r .,yanuar,0.7815
s u m m e r .,yhahaha,0.677
s u m m e r .,z4kk🇦🇱🇦🇱,0.6827
s u m m e r .,zarr★,0.6589
s u m m e r .,zrill🇦🇱🇦🇱,0.6786
s u m m e r .,ɴᴀᴛ,0.6615
s u m m e r .,المجتهد,0.7059
s u m m e r .,فەیزال,0.6583
s u m m e r .,เςคภ,0.7646
s u m m e r .,່ ‍ a,0.793
s u m m e r .,ザキ・アルディアンシア,0.7083
s u m m e r .,꧁epep꧂,0.6736
s u m m e r .,️dika_sajah,0.6687
s u m m e r .,￴,0.6851
s u m m e r .,￴￴,0.669
s u m m e r .,𝘼𝙇𝙃𝘼𝙆𝙄𝙈𝙕,0.7112
s u m m e r .,𝙖𝙩𝙨𝙨,0.7273
s u m m e r .,🎮,0.6529
s u m m e r .,🔴⚪,0.7088
s u m m e r .,🤴🏽,0.7027
s u m m e r .,🪽,0.6588
s. g. t.,sucilestaripp_08,0.6542
s. g. t.,tll,0.7385
s. g. t.,yafzz•𝙯𝙤𝙡𝙙𝙮𝙠🔰💤,0.7979
s. g. t.,y🅰️hya?,0.7523
s. g. t.,𝑦𝑦𝑦𝑦,0.7523
s. g. t.,𝕄 𝕒 𝕤  𝕋𝕒𝕜𝕪𝕦𝕟,0.6781
s. g. t.,💫,0.6605
sabiantiwulariata,sayaangaenii❤️‍🔥,0.671
sabiantiwulariata,secccfldsuuu21,0.6604
sabiantiwulariata,set? iy syng,0.6622
sabiantiwulariata,si kucing,0.661
sabiantiwulariata,sn0w,0.6577
sabiantiwulariata,superman,0.711
sabiantiwulariata,user1233833380586,0.6654
sabiantiwulariata,vnn$fomo,0.6733
sabiantiwulariata,xlx🇮🇲,0.7311
sabiantiwulariata,yaraaayaaaa,0.657
sabiantiwulariata,yhahaha,0.7096
sabiantiwulariata,y💥💯                😛,0.6544
sabiantiwulariata,zain,0.7374
sabiantiwulariata,zainvick_,0.7263
sabiantiwulariata,𝓝𝓪𝔂𝓵𝓪_𝓓.𝓐,0.6893
sabiantiwulariata,𝕳𝕬𝕴𝕶𝕬𝕷 𝖁1,0.6501
sabiantiwulariata,𝖗𝖎𝖟𝖝𝖈𝖔🇦🇱,0.6557
sabiantiwulariata,👀,0.6666
sabiantiwulariata,👾,0.6922
sabitulyz,single era,0.6514
sabitulyz,srylee,0.6695
sabitulyz,talasku99,0.7126
sabitulyz,tam,0.6549
sabitulyz,vittss..,0.7133
sabitulyz,wiindoc,0.7106
sabitulyz,ws🪩,0.6859
sabitulyz,wtf.prilz,0.6796
sabitulyz,ɴᴀᴛ,0.666
sabitulyz,⋇⋆✦chelsea ♛┈⛧♡,0.6699
sabitulyz,윙고🇲🇨🇰🇷,0.6521
sabitulyz,️dika_sajah,0.6873
sabitulyz,𝙖𝙩𝙨𝙨,0.677
sabitulyz,𝙡𝙚𝙣𝙜,0.7044
sabitulyz,𝙧𝙖𝙙𝙚𝙣𝙣𝙠𝙪𝙘𝙞𝙩𝙩🌊,0.65
safi,satria 🙌,0.6615
safi,satyaa ✦,0.675
safi,scc winoww,0.7162
safi,secccfldsuuu21,0.6894
safi,sendiiisen©📍,0.6754
safi,set? iy syng,0.6591
safi,si kucing,0.6983
safi,stecu💤,0.7807
safi,syaf__👾👾,0.6698
safi,talasku99,0.6799
safi,tam,0.6813
safi,taxi barang purwokerto,0.6554
safi,teteh_jawa,0.7039
safi,theeryoou,0.6962
safi,tinnyee,0.7481
safi,tofik.putra17,0.727
safi,upin🐼,0.6633
safi,user13463#457344,0.6936
safi,user7098643456,0.6693
safi,va 17hd,0.7362
safi,van pablo,0.6805
safi,viann,0.6964
safi,vittss..,0.7207
safi,wiindoc,0.6559
safi,ws🪩,0.7204
safi,yanuar,0.6753
safi,yaraaayaaaa,0.6694
safi,yogaaa21,0.7183
safi,yyy,0.7469
safi,zaall,0.6803
safi,zain,0.6692
safi,zaka.ya,0.6667
safi,zazamm,0.7296
safi,zeniperr,0.708
safi,ɴᴀᴛ,0.7201
safi,˚ ༘ 🦕𖦹⋆｡˚,0.7425
safi,ᴘɪᴋᴀғʀɪᴇᴅᴄʜɪᴄᴋᴇɴ,0.6556
safi,⋇⋆✦chelsea ♛┈⛧♡,0.6746
safi,☝️👌👌cc,0.7164
safi,⛓️,0.6704
safi,✌️,0.7191
safi,マᥱž𝚊,0.6986
safi,윙고🇲🇨🇰🇷,0.6655
safi,️dika_sajah,0.6784
safi,￴ ￴ ￴  ￴ ￴ ￴ ￴ ￴,0.7278
safi,𝑱𝒖𝒍𝒊𝒂𝒏𝒏𝒏,0.6825
safi,𝕳𝕬𝕴𝕶𝕬𝕷 𝖁1,0.6941
safi,𝕶𝖞𝖓𝖟𝖟,0.6897
safi,𝖇𝖎𝖎𝖑𝖆,0.6556
safi,𝘼𝙇𝙃𝘼𝙆𝙄𝙈𝙕,0.6827
safi,𝘿𝙚𝙣,0.6827
safi,𝙡𝙚𝙣𝙜,0.7484
safi,𝙧𝙖𝙙𝙚𝙣𝙣𝙠𝙪𝙘𝙞𝙩𝙩🌊,0.7011
safi,🏴󠁧󠁢󠁥󠁮󠁧󠁿🏴󠁧󠁢󠁥󠁮󠁧󠁿,0.66
safi,🐣,0.7152
safi,💩.,0.6781
safi,🕊,0.7298
saitama.botak6,sandhi686,0.7483
saitama.botak6,se'pull_maxwill,0.7656
saitama.botak6,spilloutfittrendy,0.8129
saitama.botak6,sri66790,0.7273
saitama.botak6,tem - tem★★★,0.7884
saitama.botak6,tole bf official316,0.7591
saitama.botak6,ultrambuttttt,0.7006
saitama.botak6,v,0.6822
saitama.botak6,weird zeze🇩🇪,0.6589
saitama.botak6,wong kene bae,0.7547
saitama.botak6,"wong""plosok",0.8513
saitama.botak6,xy_don🚀,0.6928
saitama.botak6,ynnnz,0.7436
saitama.botak6,zye hehe,0.6688
saitama.botak6,| ig : @aseprmadanni,0.6599
saitama.botak6,˚꩜｡⋆˚࿔ 𝔂𝓪𝔂𝓪 𝜗𝜚˚⋆🧸ྀི,0.7078
saitama.botak6,ℒ𝓊𝓬𝓴𝔂,0.6849
saitama.botak6,⭐zka,0.6909
saitama.botak6,𝐉𝐨𝐫𝐝𝐲𝐲,0.6614
saitama.botak6,𝕬𝖟𝖐𝖆 𝖋𝖔𝖗 𝖞𝖔𝖚,0.689
saitama.botak6,𝘉𝘐 𝔟𝔢𝔫𝔠𝔦 𝔠𝔦𝔫𝔱𝔞~,0.6547
saitama.botak6,𝘾𝙖𝙡𝙤𝙣 𝙃𝘼𝙅𝙄,0.7171
saitama.botak6,𝙢𝙖𝙖𝙖𝙖𝙖𝙖𝙨𝙨𝙨𝙠𝙖𝙣𝙣𝙣,0.6529
saitama.botak6,🆘,0.7077
saitama.botak6,💥,0.6659
saitama.botak6,🫧,0.6742
samshl_22,sapa bae,0.742
samshl_22,sara ariska,0.7332
samshl_22,sayaangaenii❤️‍🔥,0.7057
samshl_22,scc winoww,0.6539
samshl_22,scc.,0.7586
samshl_22,secccfldsuuu21,0.6782
samshl_22,septiana,0.6564
samshl_22,si kucing,0.6989
samshl_22,sn0w,0.6792
samshl_22,syaf__👾👾,0.6761
samshl_22,the last good man,0.6653
samshl_22,tinnyee,0.6729
samshl_22,uuppio,0.7891
samshl_22,va 17hd,0.6507
samshl_22,viann,0.7715
samshl_22,yogszz⚡,0.6882
samshl_22,yyy,0.792
samshl_22,zaka.ya,0.6511
samshl_22,zazamm,0.7622
samshl_22,☝️👌👌cc,0.7035
samshl_22,✌️,0.6884
samshl_22,𝑱𝒖𝒍𝒊𝒂𝒏𝒏𝒏,0.6545
samshl_22,𝓝𝓪𝔂𝓵𝓪_𝓓.𝓐,0.6615
samshl_22,𝕳𝕬𝕴𝕶𝕬𝕷 𝖁1,0.707
samshl_22,𝖇𝖎𝖎𝖑𝖆,0.6694
samshl_22,𝘿𝙚𝙣,0.6563
samshl_22,𝙾𝚛𝚢𝚣𝚊 𝚂𝚊𝚝𝚒𝚟𝚊 🌾,0.6594
samshl_22,🕊,0.6813
samshl_22,🧋,0.7133
sam🍎🍎,sandhi686,0.7327
sam🍎🍎,se'pull_maxwill,0.6685
sam🍎🍎,𝙢𝙖𝙖𝙖𝙖𝙖𝙖𝙨𝙨𝙨𝙠𝙖𝙣𝙣𝙣,0.6524
sam🍎🍎,🕊️,0.7036
sandhi686,se'pull_maxwill,0.7445
sandhi686,spilloutfittrendy,0.741
sandhi686,sri66790,0.6709
sandhi686,tem - tem★★★,0.7102
sandhi686,tole bf official316,0.768
sandhi686,ultrambuttttt,0.656
sandhi686,wong kene bae,0.7405
sandhi686,"wong""plosok",0.7365
sandhi686,zexx'777,0.6563
sandhi686,zye hehe,0.7181
sandhi686,˚꩜｡⋆˚࿔ 𝔂𝓪𝔂𝓪 𝜗𝜚˚⋆🧸ྀི,0.7466
sandhi686,ғɪᴋʀɪ🐦‍🔥,0.6956
sandhi686,ℒ𝓊𝓬𝓴𝔂,0.8184
sandhi686,⭐zka,0.7325
sandhi686,𝕬𝖟𝖐𝖆 𝖋𝖔𝖗 𝖞𝖔𝖚,0.6732
sandhi686,𝘾𝙖𝙡𝙤𝙣 𝙃𝘼𝙅𝙄,0.682
sandhi686,𝙢𝙖𝙖𝙖𝙖𝙖𝙖𝙨𝙨𝙨𝙠𝙖𝙣𝙣𝙣,0.6787
sandhi686,🆘,0.7395
sandhi686,🕊️,0.6826
sannzxkce,scorpio🦂,0.6708
sannzxkce,sinfloww,0.6506
sannzxkce,tri yulianti,0.6825
sannzxkce,veri ramandani18,0.6506
sannzxkce,ye,0.692
sannzxkce,zaza,0.7047
sannzxkce,⠀ ⠀ ⠀ ⠀ ⠀᠌,0.6825
sannzxkce,レザ,0.6785
sannzxkce,𝕱_v2,0.8002
sannzxkce,🐚🫧🪩,0.7137
sapa bae,sara ariska,0.7416
sapa bae,sayaangaenii❤️‍🔥,0.7859
sapa bae,scc.,0.7532
sapa bae,secccfldsuuu21,0.6569
sapa bae,septiana,0.7939
sapa bae,tinnyee,0.6911
sapa bae,username12375,0.7136
sapa bae,uuppio,0.7382
sapa bae,yaraaayaaaa,0.7026
sapa bae,yogaaa21,0.6846
sapa bae,zaka.ya,0.6616
sapa bae,zazamm,0.6918
sapa bae,~~boyszzarddd~~ardboysss🇦🇱🪩,0.6757
sapa bae,▪️,0.6512
sapa bae,☝️👌👌cc,0.6565
sapa bae,♥,0.6886
sapa bae,𝑱𝒖𝒍𝒊𝒂𝒏𝒏𝒏,0.6648
sapa bae,𝓝𝓪𝔂𝓵𝓪_𝓓.𝓐,0.6953
sapa bae,𝕳𝕬𝕴𝕶𝕬𝕷 𝖁1,0.6722
sapa bae,𝘿𝙚𝙣,0.716
sapa bae,𝙾𝚛𝚢𝚣𝚊 𝚂𝚊𝚝𝚒𝚟𝚊 🌾,0.8002
sapa bae,🆘,0.6632
sapa bae,🐦,0.7454
sapa bae,👻hsb👻,0.6812
sapa bae,🧋,0.8378
sara ariska,satria 🙌,0.6816
sara ariska,sayaangaenii❤️‍🔥,0.7845
sara ariska,scc winoww,0.7091
sara ariska,scc.,0.7204
sara ariska,secccfldsuuu21,0.6807
sara ariska,septiana,0.8641
sara ariska,si kucing,0.6976
sara ariska,sopo》,0.6735
sara ariska,sri wahyuningsih,0.7179
sara ariska,the last good man,0.7074
sara ariska,tinnyee,0.7087
sara ariska,tofik.putra17,0.667
sara ariska,trisis,0.6733
sara ariska,userr4532552,0.6939
sara ariska,uuppio,0.769
sara ariska,va 17hd,0.7091
sara ariska,van pablo,0.6784
sara ariska,vanooo,0.6504
sara ariska,viann,0.7606
sara ariska,wzrd,0.6579
sara ariska,xspeedx,0.744
sara ariska,yogaaa21,0.7002
sara ariska,yyy,0.7247
sara ariska,zaka.ya,0.7269
sara ariska,zazamm,0.7675
sara ariska,zppcx,0.6559
sara ariska,zrill💥,0.6677
sara ariska,ᴘɪᴋᴀғʀɪᴇᴅᴄʜɪᴄᴋᴇɴ,0.7413
sara ariska,☝️👌👌cc,0.7399
sara ariska,⛓️,0.7108
sara ariska,✌️,0.8256
sara ariska,𝓝𝓪𝔂𝓵𝓪_𝓓.𝓐,0.6564
sara ariska,𝕳𝕬𝕴𝕶𝕬𝕷 𝖁1,0.7095
sara ariska,𝖇𝖎𝖎𝖑𝖆,0.733
sara ariska,𝘼𝙇𝙃𝘼𝙆𝙄𝙈𝙕,0.6949
sara ariska,𝙡𝙚𝙣𝙜,0.6516
sara ariska,𝙾𝚛𝚢𝚣𝚊 𝚂𝚊𝚝𝚒𝚟𝚊 🌾,0.8047
sara ariska,🏴󠁧󠁢󠁥󠁮󠁧󠁿🏴󠁧󠁢󠁥󠁮󠁧󠁿,0.6509
sara ariska,💩.,0.6531
sara ariska,🕊,0.7048
sara ariska,🧋,0.6879
sari 86,srylee,0.6944
sari 86,xspeedx,0.6743
sari 86,yogszz⚡,0.6596
sari 86,zaza,0.682
sari 86,⛓️,0.66
sari 86,𝖇𝖎𝖎𝖑𝖆,0.6893
sari 86,𝘼𝙇𝙃𝘼𝙆𝙄𝙈𝙕,0.6503
sari 86,💥,0.7379
sari 86,💩.,0.6574
satria 🙌,satyaa ✦,0.6588
satria 🙌,scc winoww,0.7863
satria 🙌,scc.,0.7906
satria 🙌,secccfldsuuu21,0.7903
satria 🙌,sendiiisen©📍,0.8344
satria 🙌,septiana,0.6526
satria 🙌,set? iy syng,0.68
satria 🙌,si kucing,0.6917
satria 🙌,single era,0.6555
satria 🙌,sopo》,0.7377
satria 🙌,stecu💤,0.7386
satria 🙌,syaf__👾👾,0.7657
satria 🙌,talasku99,0.6799
satria 🙌,tam,0.7891
satria 🙌,tangrajinngaji,0.7731
satria 🙌,taxi barang purwokerto,0.6944
satria 🙌,teteh_jawa,0.6949
satria 🙌,the last good man,0.7012
satria 🙌,theeryoou,0.7545
satria 🙌,tinnyee,0.7935
satria 🙌,tofik.putra17,0.8727
satria 🙌,upin🐼,0.6615
satria 🙌,user13463#457344,0.7611
satria 🙌,user7098643456,0.7136
satria 🙌,username12375,0.7069
satria 🙌,uuppio,0.6541
satria 🙌,va 17hd,0.7563
satria 🙌,van pablo,0.7473
satria 🙌,vanooo,0.7462
satria 🙌,viann,0.8288
satria 🙌,vittss..,0.7005
satria 🙌,vnn$fomo,0.6887
satria 🙌,wo,0.6537
satria 🙌,wong elek,0.7483
satria 🙌,wongwonganmumet,0.722
satria 🙌,ws🪩,0.8257
satria 🙌,wzrd,0.7977
satria 🙌,yanuar,0.6972
satria 🙌,yaraaayaaaa,0.7399
satria 🙌,yogaaa21,0.8192
satria 🙌,yyy,0.7127
satria 🙌,y💥💯                😛,0.6764
satria 🙌,z4kk🇦🇱🇦🇱,0.8467
satria 🙌,zaall,0.7233
satria 🙌,zain,0.7303
satria 🙌,zaka.ya,0.8235
satria 🙌,zannn,0.7345
satria 🙌,zazamm,0.7549
satria 🙌,zeniperr,0.7219
satria 🙌,zppcx,0.7185
satria 🙌,zrill🇦🇱🇦🇱,0.8294
satria 🙌,zrill💥,0.7254
satria 🙌,àlwàysdip,0.718
satria 🙌,ɴᴀᴛ,0.7115
satria 🙌,˚ ༘ 🦕𖦹⋆｡˚,0.8037
satria 🙌,فەیزال,0.8697
satria 🙌,เςคภ,0.6769
satria 🙌,ᴘɪᴋᴀғʀɪᴇᴅᴄʜɪᴄᴋᴇɴ,0.6508
satria 🙌,™.yunz ★ 447.¥,0.6875
satria 🙌,⋇⋆✦chelsea ♛┈⛧♡,0.7063
satria 🙌,★,0.6755
satria 🙌,☝️👌👌cc,0.8165
satria 🙌,♥,0.7904
satria 🙌,✌️,0.6678
satria 🙌,✧saged🌊,0.7073
satria 🙌,マᥱž𝚊,0.7253
satria 🙌,꧁epep꧂,0.6608
satria 🙌,윙고🇲🇨🇰🇷,0.7061
satria 🙌,️dika_sajah,0.7586
satria 🙌,￴,0.7675
satria 🙌,￴ ￴ ￴  ￴ ￴ ￴ ￴ ￴,0.695
satria 🙌,￴￴,0.7401
satria 🙌,𝐫𝐢𝐝𝐨𝐨🕊️,0.7199
satria 🙌,𝑱𝒖𝒍𝒊𝒂𝒏𝒏𝒏,0.7422
satria 🙌,𝓝𝓪𝔂𝓵𝓪_𝓓.𝓐,0.713
satria 🙌,𝕳𝕬𝕴𝕶𝕬𝕷 𝖁1,0.8292
satria 🙌,𝕶𝖞𝖓𝖟𝖟,0.7142
satria 🙌,𝘼𝙇𝙃𝘼𝙆𝙄𝙈𝙕,0.6576
satria 🙌,𝘿𝙚𝙣,0.7847
satria 🙌,𝙋𝙍𝙄𝙉𝘾𝙀 15,0.7904
satria 🙌,𝙖𝙩𝙨𝙨,0.6678
satria 🙌,𝙡𝙚𝙣𝙜,0.8526
satria 🙌,𝙧𝙖𝙙𝙚𝙣𝙣𝙠𝙪𝙘𝙞𝙩𝙩🌊,0.6581
satria 🙌,𝙾𝚛𝚢𝚣𝚊 𝚂𝚊𝚝𝚒𝚟𝚊 🌾,0.6998
satria 🙌,🏴󠁧󠁢󠁥󠁮󠁧󠁿🏴󠁧󠁢󠁥󠁮󠁧󠁿,0.7414
satria 🙌,🐣,0.6665
satria 🙌,🐦,0.7724
satria 🙌,👾,0.673
satria 🙌,💋,0.8023
satria 🙌,🔴⚪,0.6992
satria 🙌,🕊,0.8599
satria 🙌,😡,0.6904
satria 🙌,🧋,0.7061
satriaaa,scorpio🦂,0.7639
satriaaa,tokoserbada12,0.749
satriaaa,wawud,0.6528
satriaaa,🕸,0.6684
satyaa ✦,si kucing,0.7491
satyaa ✦,stecu💤,0.7674
satyaa ✦,syaf__👾👾,0.6743
satyaa ✦,talasku99,0.6637
satyaa ✦,tam,0.6924
satyaa ✦,taxi barang purwokerto,0.6522
satyaa ✦,teteh_jawa,0.7014
satyaa ✦,tofik.putra17,0.6729
satyaa ✦,user7098643456,0.7008
satyaa ✦,vittss..,0.7137
satyaa ✦,vnn$fomo,0.6567
satyaa ✦,wongwonganmumet,0.6824
satyaa ✦,ws🪩,0.6613
satyaa ✦,wzrd,0.6692
satyaa ✦,yyy,0.6772
satyaa ✦,y💥💯                😛,0.662
satyaa ✦,z4kk🇦🇱🇦🇱,0.6664
satyaa ✦,zaall,0.85
satyaa ✦,zain,0.7392
satyaa ✦,zeniperr,0.6798
satyaa ✦,àlwàysdip,0.6632
satyaa ✦,ɴᴀᴛ,0.7136
satyaa ✦,⛓️,0.6658
satyaa ✦,️dika_sajah,0.7511
satyaa ✦,￴ ￴ ￴  ￴ ￴ ￴ ￴ ￴,0.6631
satyaa ✦,𝙡𝙚𝙣𝙜,0.6849
satyaa ✦,𝙧𝙖𝙙𝙚𝙣𝙣𝙠𝙪𝙘𝙞𝙩𝙩🌊,0.6683
satyaa ✦,💋,0.7044
satyaa ✦,🕊,0.6704
satyaa ✦,😡,0.6561
say,xlx🇮🇲,0.7367
say,yaraaayaaaa,0.6685
say,zannn,0.6969
say,~~boyszzarddd~~ardboysss🇦🇱🪩,0.657
say,👻,0.6795
say,👾,0.6725
say,👾🤖🤖,0.6527
sayaangaenii❤️‍🔥,scc.,0.6986
sayaangaenii❤️‍🔥,septiana,0.7499
sayaangaenii❤️‍🔥,sopo》,0.6594
sayaangaenii❤️‍🔥,tinnyee,0.6738
sayaangaenii❤️‍🔥,uuppio,0.7686
sayaangaenii❤️‍🔥,xlx🇮🇲,0.6807
sayaangaenii❤️‍🔥,zazamm,0.6666
sayaangaenii❤️‍🔥,~~boyszzarddd~~ardboysss🇦🇱🪩,0.6539
sayaangaenii❤️‍🔥,♥,0.6719
sayaangaenii❤️‍🔥,𝓝𝓪𝔂𝓵𝓪_𝓓.𝓐,0.7148
sayaangaenii❤️‍🔥,𝕳𝕬𝕴𝕶𝕬𝕷 𝖁1,0.6619
sayaangaenii❤️‍🔥,𝙾𝚛𝚢𝚣𝚊 𝚂𝚊𝚝𝚒𝚟𝚊 🌾,0.8761
sayaangaenii❤️‍🔥,👻hsb👻,0.7019
sayaangaenii❤️‍🔥,👾,0.6803
sayaangaenii❤️‍🔥,🧋,0.7316
sazz,the last good man,0.6684
sazz,z4kk🇦🇱🇦🇱,0.7156
sbkecu,sleep the saunt,0.7155
scc winoww,scc.,0.8029
scc winoww,secccfldsuuu21,0.7551
scc winoww,sendiiisen©📍,0.7489
scc winoww,septiana,0.696
scc winoww,sopo》,0.6644
scc winoww,stecu💤,0.7307
scc winoww,tam,0.6508
scc winoww,tangrajinngaji,0.7803
scc winoww,teteh_jawa,0.6594
scc winoww,the last good man,0.6736
scc winoww,theeryoou,0.6902
scc winoww,tinnyee,0.831
scc winoww,tofik.putra17,0.7632
scc winoww,upin🐼,0.6652
scc winoww,user13463#457344,0.7298
scc winoww,user7098643456,0.6918
scc winoww,username12375,0.745
scc winoww,uuppio,0.658
scc winoww,va 17hd,0.7833
scc winoww,van pablo,0.7128
scc winoww,vanooo,0.7515
scc winoww,varkon🚀🚀,0.6828
scc winoww,viann,0.7834
scc winoww,wong elek,0.7301
scc winoww,wongwonganmumet,0.6696
scc winoww,ws🪩,0.6714
scc winoww,wzrd,0.6627
scc winoww,yaraaayaaaa,0.6855
scc winoww,yogaaa21,0.8972
scc winoww,yyy,0.7161
scc winoww,zaka.ya,0.8006
scc winoww,zannn,0.698
scc winoww,zazamm,0.8341
scc winoww,zeniperr,0.6791
scc winoww,zrill🇦🇱🇦🇱,0.7047
scc winoww,zrill💥,0.6628
scc winoww,àlwàysdip,0.6565
scc winoww,ɴᴀᴛ,0.6821
scc winoww,˚ ༘ 🦕𖦹⋆｡˚,0.761
scc winoww,فەیزال,0.6571
scc winoww,☝️👌👌cc,0.851
scc winoww,♥,0.7087
scc winoww,✌️,0.7427
scc winoww,マᥱž𝚊,0.7452
scc winoww,윙고🇲🇨🇰🇷,0.6742
scc winoww,￴ ￴ ￴  ￴ ￴ ￴ ￴ ￴,0.6956
scc winoww,￴￴,0.7085
scc winoww,𝑱𝒖𝒍𝒊𝒂𝒏𝒏𝒏,0.8037
scc winoww,𝓝𝓪𝔂𝓵𝓪_𝓓.𝓐,0.6921
scc winoww,𝕳𝕬𝕴𝕶𝕬𝕷 𝖁1,0.7589
scc winoww,𝕶𝖞𝖓𝖟𝖟,0.6714
scc winoww,𝘼𝙇𝙃𝘼𝙆𝙄𝙈𝙕,0.6576
scc winoww,𝘿𝙚𝙣,0.8008
scc winoww,𝙋𝙍𝙄𝙉𝘾𝙀 15,0.673
scc winoww,𝙡𝙚𝙣𝙜,0.7387
scc winoww,𝙾𝚛𝚢𝚣𝚊 𝚂𝚊𝚝𝚒𝚟𝚊 🌾,0.6807
scc winoww,🏴󠁧󠁢󠁥󠁮󠁧󠁿🏴󠁧󠁢󠁥󠁮󠁧󠁿,0.7825
scc winoww,🐣,0.6776
scc winoww,🐦,0.773
scc winoww,💋,0.6681
scc winoww,💩.,0.6959
scc winoww,🔴⚪,0.6707
scc winoww,🕊,0.8434
scc winoww,🧋,0.6822
scc.,secccfldsuuu21,0.7622
scc.,septiana,0.7063
scc.,sopo》,0.6951
scc.,stecu💤,0.6752
scc.,tam,0.6719
scc.,tangrajinngaji,0.6815
scc.,taxi barang purwokerto,0.6633
scc.,the last good man,0.6723
scc.,tinnyee,0.7626
scc.,tofik.putra17,0.7
scc.,username12375,0.7157
scc.,userr4532552,0.6609
scc.,uuppio,0.7947
scc.,va 17hd,0.6956
scc.,van pablo,0.7208
scc.,vanooo,0.7279
scc.,viann,0.7847
scc.,wzrd,0.6615
scc.,yaraaayaaaa,0.7431
scc.,yogaaa21,0.7653
scc.,yyy,0.7007
scc.,zaall,0.6574
scc.,zain,0.6782
scc.,zaka.ya,0.7642
scc.,zannn,0.6688
scc.,zazamm,0.826
scc.,zrill🇦🇱🇦🇱,0.6757
scc.,zrill💥,0.7161
scc.,àlwàysdip,0.7076
scc.,˚ ༘ 🦕𖦹⋆｡˚,0.6746
scc.,▪️,0.6639
scc.,☝️👌👌cc,0.8056
scc.,♥,0.7512
scc.,✌️,0.6777
scc.,マᥱž𝚊,0.6759
scc.,￴￴,0.675
scc.,𝐫𝐢𝐝𝐨𝐨🕊️,0.6751
scc.,𝑱𝒖𝒍𝒊𝒂𝒏𝒏𝒏,0.739
scc.,𝓝𝓪𝔂𝓵𝓪_𝓓.𝓐,0.7627
scc.,𝕳𝕬𝕴𝕶𝕬𝕷 𝖁1,0.7808
scc.,𝘉𝘐 𝔟𝔢𝔫𝔠𝔦 𝔠𝔦𝔫𝔱𝔞~,0.6942
scc.,𝘼𝙇𝙃𝘼𝙆𝙄𝙈𝙕,0.6715
scc.,𝘿𝙚𝙣,0.7709
scc.,𝙾𝚛𝚢𝚣𝚊 𝚂𝚊𝚝𝚒𝚟𝚊 🌾,0.7448
scc.,🏴󠁧󠁢󠁥󠁮󠁧󠁿🏴󠁧󠁢󠁥󠁮󠁧󠁿,0.683
scc.,🐦,0.7672
scc.,👻hsb👻,0.6901
scc.,👾,0.7049
scc.,💋,0.6804
scc.,🕊,0.7608
scc.,🧋,0.7772
scorpio🦂,sinfloww,0.7107
scorpio🦂,tri yulianti,0.8452
scorpio🦂,vann 🌳,0.7717
scorpio🦂,veri ramandani18,0.7107
scorpio🦂,ye,0.6851
scorpio🦂,⠀ ⠀ ⠀ ⠀ ⠀᠌,0.8452
scorpio🦂,🄱🄰🅈🅄🄸🄽🄳🄰🄷🄾🄵🄵🅂🄴🅃,0.7271
scorpio🦂,🌵dnd's_mom🌵,0.6685
scorpio🦂,🐚🫧🪩,0.6677
se'pull_maxwill,spilloutfittrendy,0.7999
se'pull_maxwill,sri66790,0.6896
se'pull_maxwill,tem - tem★★★,0.7846
se'pull_maxwill,tole bf official316,0.6938
se'pull_maxwill,ultrambuttttt,0.7377
se'pull_maxwill,wirr tzy,0.7015
se'pull_maxwill,wong kene bae,0.7154
se'pull_maxwill,"wong""plosok",0.7216
se'pull_maxwill,zye hehe,0.6928
se'pull_maxwill,˚꩜｡⋆˚࿔ 𝔂𝓪𝔂𝓪 𝜗𝜚˚⋆🧸ྀི,0.6589
se'pull_maxwill,ℒ𝓊𝓬𝓴𝔂,0.7131
se'pull_maxwill,⭐zka,0.7927
se'pull_maxwill,𝕬𝖟𝖐𝖆 𝖋𝖔𝖗 𝖞𝖔𝖚,0.656
se'pull_maxwill,𝘾𝙖𝙡𝙤𝙣 𝙃𝘼𝙅𝙄,0.7101
se'pull_maxwill,𝙢𝙖𝙖𝙖𝙖𝙖𝙖𝙨𝙨𝙨𝙠𝙖𝙣𝙣𝙣,0.6965
secccfldsuuu21,sendiiisen©📍,0.6665
secccfldsuuu21,septiana,0.6542
secccfldsuuu21,set? iy syng,0.7041
secccfldsuuu21,si kucing,0.6872
secccfldsuuu21,sopo》,0.6982
secccfldsuuu21,stecu💤,0.7028
secccfldsuuu21,syaf__👾👾,0.6595
secccfldsuuu21,tam,0.6805
secccfldsuuu21,taxi barang purwokerto,0.7151
secccfldsuuu21,teteh_jawa,0.6697
secccfldsuuu21,the last good man,0.683
secccfldsuuu21,theeryoou,0.6886
secccfldsuuu21,tinnyee,0.8002
secccfldsuuu21,tofik.putra17,0.7407
secccfldsuuu21,upin🐼,0.6931
secccfldsuuu21,user13463#457344,0.7016
secccfldsuuu21,user7098643456,0.657
secccfldsuuu21,username12375,0.6676
secccfldsuuu21,uuppio,0.7109
secccfldsuuu21,va 17hd,0.7213
secccfldsuuu21,van pablo,0.6912
secccfldsuuu21,vanooo,0.6749
secccfldsuuu21,viann,0.7408
secccfldsuuu21,wong elek,0.6846
secccfldsuuu21,ws🪩,0.6837
secccfldsuuu21,wzrd,0.6709
secccfldsuuu21,yanuar,0.6825
secccfldsuuu21,yaraaayaaaa,0.7926
secccfldsuuu21,yogaaa21,0.7818
secccfldsuuu21,yyy,0.6845
secccfldsuuu21,z4kk🇦🇱🇦🇱,0.6807
secccfldsuuu21,zaall,0.651
secccfldsuuu21,zain,0.7015
secccfldsuuu21,zaka.ya,0.7903
secccfldsuuu21,zannn,0.7038
secccfldsuuu21,zazamm,0.7537
secccfldsuuu21,zppcx,0.6776
secccfldsuuu21,zrill🇦🇱🇦🇱,0.6925
secccfldsuuu21,zrill💥,0.6961
secccfldsuuu21,àlwàysdip,0.6922
secccfldsuuu21,ɴᴀᴛ,0.6548
secccfldsuuu21,˚ ༘ 🦕𖦹⋆｡˚,0.7719
secccfldsuuu21,☝️👌👌cc,0.7308
secccfldsuuu21,♥,0.7154
secccfldsuuu21,✌️,0.684
secccfldsuuu21,マᥱž𝚊,0.656
secccfldsuuu21,️dika_sajah,0.6502
secccfldsuuu21,￴ ￴ ￴  ￴ ￴ ￴ ￴ ￴,0.7007
secccfldsuuu21,￴￴,0.6552
secccfldsuuu21,𝐫𝐢𝐝𝐨𝐨🕊️,0.6508
secccfldsuuu21,𝑱𝒖𝒍𝒊𝒂𝒏𝒏𝒏,0.6938
secccfldsuuu21,𝓝𝓪𝔂𝓵𝓪_𝓓.𝓐,0.7296
secccfldsuuu21,𝕳𝕬𝕴𝕶𝕬𝕷 𝖁1,0.9073
secccfldsuuu21,𝕶𝖞𝖓𝖟𝖟,0.6524
secccfldsuuu21,𝘉𝘐 𝔟𝔢𝔫𝔠𝔦 𝔠𝔦𝔫𝔱𝔞~,0.6599
secccfldsuuu21,𝘼𝙇𝙃𝘼𝙆𝙄𝙈𝙕,0.6616
secccfldsuuu21,𝘿𝙚𝙣,0.7284
secccfldsuuu21,𝙋𝙍𝙄𝙉𝘾𝙀 15,0.6642
secccfldsuuu21,𝙡𝙚𝙣𝙜,0.7106
secccfldsuuu21,𝙧𝙖𝙙𝙚𝙣𝙣𝙠𝙪𝙘𝙞𝙩𝙩🌊,0.6522
secccfldsuuu21,𝙾𝚛𝚢𝚣𝚊 𝚂𝚊𝚝𝚒𝚟𝚊 🌾,0.6684
secccfldsuuu21,🏴󠁧󠁢󠁥󠁮󠁧󠁿🏴󠁧󠁢󠁥󠁮󠁧󠁿,0.6664
secccfldsuuu21,🐦,0.7325
secccfldsuuu21,👻hsb👻,0.669
secccfldsuuu21,👾,0.7009
secccfldsuuu21,💋,0.6955
secccfldsuuu21,💩.,0.6616
secccfldsuuu21,🕊,0.76
secccfldsuuu21,🧋,0.7049
selialls,user7098643456,0.6502
selialls,vinss,0.7336
selialls,weird zeze🇩🇪,0.8437
selialls,wh0,0.6562
selialls,zain,0.6965
selialls,zainvick_,0.7352
selialls,꧁epep꧂,0.6908
selialls,𓏵,0.696
selialls,𝘿𝙚𝙣,0.695
seli🌸,shenaseviana,0.8263
seli🌸,sinfloww,0.8043
seli🌸,tokoserbada12,0.7664
seli🌸,tri yulianti,0.6656
seli🌸,vanzzz,0.7904
seli🌸,veri ramandani18,0.8043
seli🌸,wien,1.0
seli🌸,⚽,1.0
seli🌸,⠀ ⠀ ⠀ ⠀ ⠀᠌,0.6656
seli🌸,🥷,0.6881
sendiiisen©📍,si kucing,0.6572
sendiiisen©📍,stecu💤,0.7004
sendiiisen©📍,suyato jowo,0.6729
sendiiisen©📍,syaf__👾👾,0.7738
sendiiisen©📍,talasku99,0.6911
sendiiisen©📍,tam,0.7674
sendiiisen©📍,tangrajinngaji,0.8274
sendiiisen©📍,teteh_jawa,0.6832
sendiiisen©📍,theeryoou,0.7526
sendiiisen©📍,tinnyee,0.6904
sendiiisen©📍,tofik.putra17,0.8274
sendiiisen©📍,user13463#457344,0.8363
sendiiisen©📍,user7098643456,0.6697
sendiiisen©📍,va 17hd,0.7735
sendiiisen©📍,van pablo,0.6849
sendiiisen©📍,vanooo,0.6969
sendiiisen©📍,viann,0.7996
sendiiisen©📍,vittss..,0.7702
sendiiisen©📍,wo,0.6983
sendiiisen©📍,wong elek,0.7707
sendiiisen©📍,wongwonganmumet,0.69
sendiiisen©📍,ws🪩,0.8359
sendiiisen©📍,wzrd,0.7573
sendiiisen©📍,yanuar,0.7476
sendiiisen©📍,yesakiw,0.6508
sendiiisen©📍,yogaaa21,0.7232
sendiiisen©📍,yyy,0.7024
sendiiisen©📍,z4kk🇦🇱🇦🇱,0.7556
sendiiisen©📍,zaall,0.653
sendiiisen©📍,zaka.ya,0.718
sendiiisen©📍,zazamm,0.7211
sendiiisen©📍,zeniperr,0.7384
sendiiisen©📍,zrill🇦🇱🇦🇱,0.7672
sendiiisen©📍,ɴᴀᴛ,0.6977
sendiiisen©📍,˚ ༘ 🦕𖦹⋆｡˚,0.781
sendiiisen©📍,فەیزال,0.8144
sendiiisen©📍,™.yunz ★ 447.¥,0.6905
sendiiisen©📍,⋇⋆✦chelsea ♛┈⛧♡,0.7207
sendiiisen©📍,★,0.6634
sendiiisen©📍,☝️👌👌cc,0.7764
sendiiisen©📍,✌️,0.682
sendiiisen©📍,✧saged🌊,0.6904
sendiiisen©📍,ザキ・アルディアンシア,0.7234
sendiiisen©📍,マᥱž𝚊,0.7055
sendiiisen©📍,윙고🇲🇨🇰🇷,0.7377
sendiiisen©📍,️dika_sajah,0.744
sendiiisen©📍,￴,0.7632
sendiiisen©📍,￴ ￴ ￴  ￴ ￴ ￴ ￴ ￴,0.6847
sendiiisen©📍,￴￴,0.7493
sendiiisen©📍,𝐫𝐢𝐝𝐨𝐨🕊️,0.6743
sendiiisen©📍,𝑱𝒖𝒍𝒊𝒂𝒏𝒏𝒏,0.7217
sendiiisen©📍,𝕳𝕬𝕴𝕶𝕬𝕷 𝖁1,0.6846
sendiiisen©📍,𝕶𝖞𝖓𝖟𝖟,0.7764
sendiiisen©📍,𝘼𝙇𝙃𝘼𝙆𝙄𝙈𝙕,0.6542
sendiiisen©📍,𝘿𝙚𝙣,0.6833
sendiiisen©📍,𝙋𝙍𝙄𝙉𝘾𝙀 15,0.8243
sendiiisen©📍,𝙖𝙩𝙨𝙨,0.6622
sendiiisen©📍,𝙡𝙚𝙣𝙜,0.872
sendiiisen©📍,𝙧𝙖𝙙𝙚𝙣𝙣𝙠𝙪𝙘𝙞𝙩𝙩🌊,0.6731
sendiiisen©📍,🏴󠁧󠁢󠁥󠁮󠁧󠁿🏴󠁧󠁢󠁥󠁮󠁧󠁿,0.7251
sendiiisen©📍,🐣,0.6965
sendiiisen©📍,💋,0.695
sendiiisen©📍,🔴⚪,0.7591
sendiiisen©📍,🕊,0.8438
sepantasmu.id,vinza,0.6698
sepantasmu.id,𝑛𝑜𝑒𝑟𝑒𝑎𝑙_𝑎𝑧🍃,0.7001
septiana,sopo》,0.6809
septiana,the last good man,0.6773
septiana,tinnyee,0.7228
septiana,trisis,0.6577
septiana,username12375,0.7077
septiana,userr4532552,0.6658
septiana,uuppio,0.7386
septiana,van pablo,0.6634
septiana,viann,0.6543
septiana,xspeedx,0.6876
septiana,yogaaa21,0.723
septiana,zaka.ya,0.689
septiana,zazamm,0.7147
septiana,zrill💥,0.6649
septiana,ᴘɪᴋᴀғʀɪᴇᴅᴄʜɪᴄᴋᴇɴ,0.6894
septiana,☝️👌👌cc,0.7258
septiana,♥,0.6911
septiana,⛓️,0.7183
septiana,✌️,0.7491
septiana,𝑱𝒖𝒍𝒊𝒂𝒏𝒏𝒏,0.6632
septiana,𝓝𝓪𝔂𝓵𝓪_𝓓.𝓐,0.6641
septiana,𝖇𝖎𝖎𝖑𝖆,0.7022
septiana,𝘼𝙇𝙃𝘼𝙆𝙄𝙈𝙕,0.7326
septiana,𝘿𝙚𝙣,0.7051
septiana,𝙾𝚛𝚢𝚣𝚊 𝚂𝚊𝚝𝚒𝚟𝚊 🌾,0.8251
septiana,🏴󠁧󠁢󠁥󠁮󠁧󠁿🏴󠁧󠁢󠁥󠁮󠁧󠁿,0.6939
septiana,🐦,0.7135
septiana,💩.,0.6536
septiana,🧋,0.6951
sestu,sucilestaripp_08,0.6775
sestu,syakila pbg,1.0
sestu,syaqella,0.6545
sestu,tll,0.7244
sestu,username12375,0.6549
sestu,wong gringsing,1.0
sestu,y🅰️hya?,0.7637
sestu,z4m,0.6575
sestu,~~boyszzarddd~~ardboysss🇦🇱🪩,0.7507
sestu,່,0.7616
sestu,✧-ta_kepkat,0.7121
sestu,❤️💛💚,0.7658
sestu,𝑦𝑦𝑦𝑦,0.7637
sestu,𝔅𝔩𝔲𝔢𝔢𝔅𝔬𝔬𝔰𝔱 💨💫,0.6874
sestu,"𝖂𝖍𝖔'𝕾,𝕭𝖗𝖆𝖓රධ",0.6748
sestu,𝗕𝗠𝗞𝗚,0.7616
sestu,𝘁𝗿ē𝗻𝗱à𝗻𝘇𝘅,0.7616
sestu,👻,0.8664
sestu,💫,0.6785
sestu,🔥theeam3ll⚡,0.7218
set? iy syng,stecu💤,0.736
set? iy syng,teteh_jawa,0.6911
set? iy syng,the last good man,0.6629
set? iy syng,user1233833380586,0.6723
set? iy syng,user7098643456,0.7326
set? iy syng,va 17hd,0.659
set? iy syng,varkon🚀🚀,0.6537
set? iy syng,ws🪩,0.6502
set? iy syng,z4kk🇦🇱🇦🇱,0.7277
set? iy syng,zain,0.6846
set? iy syng,zaka.ya,0.6599
set? iy syng,˚ ༘ 🦕𖦹⋆｡˚,0.7247
set? iy syng,✧saged🌊,0.6501
set? iy syng,️dika_sajah,0.6755
set? iy syng,￴,0.6796
set? iy syng,￴ ￴ ￴  ￴ ￴ ￴ ￴ ￴,0.6985
set? iy syng,𝕳𝕬𝕴𝕶𝕬𝕷 𝖁1,0.69
set? iy syng,𝙋𝙍𝙄𝙉𝘾𝙀 15,0.6641
set? iy syng,𝙡𝙚𝙣𝙜,0.6875
set? iy syng,💋,0.7509
set? iy syng,🕊,0.6875
shenaseviana,ssuuu,0.7051
shenaseviana,tokoserbada12,0.704
shenaseviana,vanzzz,0.7106
shenaseviana,wien,0.8263
shenaseviana,⚽,0.8263
si kucing,sn0w,0.6887
si kucing,sopo》,0.6512
si kucing,stecu💤,0.7312
si kucing,superman,0.6717
si kucing,syaf__👾👾,0.7208
si kucing,talasku99,0.6697
si kucing,tam,0.6949
si kucing,tangrajinngaji,0.6508
si kucing,taxi barang purwokerto,0.6617
si kucing,teteh_jawa,0.7267
si kucing,tofik.putra17,0.7212
si kucing,upin🐼,0.6753
si kucing,user1233833380586,0.6582
si kucing,user13463#457344,0.6788
si kucing,user7098643456,0.7105
si kucing,va 17hd,0.6878
si kucing,viann,0.7501
si kucing,vittss..,0.7115
si kucing,vnn$fomo,0.6782
si kucing,wiindoc,0.6907
si kucing,wong elek,0.6601
si kucing,wongwonganmumet,0.7462
si kucing,ws🪩,0.6959
si kucing,wzrd,0.7765
si kucing,yanuar,0.686
si kucing,yhahaha,0.685
si kucing,yyy,0.7581
si kucing,y💥💯                😛,0.8004
si kucing,z4kk🇦🇱🇦🇱,0.6988
si kucing,zaall,0.7634
si kucing,zain,0.7481
si kucing,zaka.ya,0.7279
si kucing,zazamm,0.6997
si kucing,zeniperr,0.7162
si kucing,zppcx,0.6821
si kucing,ɴᴀᴛ,0.6731
si kucing,˚ ༘ 🦕𖦹⋆｡˚,0.7098
si kucing,ᴘɪᴋᴀғʀɪᴇᴅᴄʜɪᴄᴋᴇɴ,0.7063
si kucing,⋇⋆✦chelsea ♛┈⛧♡,0.7227
si kucing,★,0.7533
si kucing,☝️👌👌cc,0.6568
si kucing,⛓️,0.6523
si kucing,윙고🇲🇨🇰🇷,0.6535
si kucing,️dika_sajah,0.7494
si kucing,𝕳𝕬𝕴𝕶𝕬𝕷 𝖁1,0.6763
si kucing,𝘼𝙇𝙃𝘼𝙆𝙄𝙈𝙕,0.6683
si kucing,𝙡𝙚𝙣𝙜,0.7207
si kucing,𝙧𝙖𝙙𝙚𝙣𝙣𝙠𝙪𝙘𝙞𝙩𝙩🌊,0.6999
si kucing,💋,0.7381
si kucing,🕊,0.7542
sinfloww,sopo iki?,0.6912
sinfloww,tri yulianti,0.8055
sinfloww,veri ramandani18,1.0
sinfloww,wien,0.8043
sinfloww,wisnu krishna,0.7068
sinfloww,ye,0.6586
sinfloww,yuliazaa,0.7331
sinfloww,น้ำอุ่น กัญญาภัทร เต๊กอ๋อต้ง,0.7331
sinfloww,⚽,0.8043
sinfloww,⠀ ⠀ ⠀ ⠀ ⠀᠌,0.8055
sinfloww,レザ,0.7607
sinfloww,𝕱_v2,0.6945
sinfloww,🌵dnd's_mom🌵,0.7323
single era,tofik.putra17,0.6717
single era,van pablo,0.6517
single era,ws🪩,0.7094
single era,yanuar,0.6715
single era,yesakiw,0.6615
single era,y💥💯                😛,0.6804
single era,z4kk🇦🇱🇦🇱,0.7545
single era,zarr★,0.6686
single era,المجتهد,0.7022
single era,فەیزال,0.6961
single era,เςคภ,0.719
single era,™.yunz ★ 447.¥,0.7104
single era,️dika_sajah,0.7299
single era,￴,0.7438
single era,￴￴,0.6833
single era,𝙖𝙩𝙨𝙨,0.6761
single era,𝙡𝙚𝙣𝙜,0.6989
sleep the saunt,tika kartika,0.6605
sleep the saunt,user1233833380586,0.669
sleep the saunt,vnn$fomo,0.6685
sleep the saunt,wo,0.6895
sleep the saunt,wong elek,0.7207
sleep the saunt,wongwonganmumet,0.7124
sleep the saunt,y💥💯                😛,0.683
sleep the saunt,z4kk🇦🇱🇦🇱,0.6866
sleep the saunt,zain,0.6563
sleep the saunt,ziee_1901,0.6599
sleep the saunt,zrill🇦🇱🇦🇱,0.7536
sleep the saunt,เςคภ,0.6683
sleep the saunt,່ ‍ a,0.6665
sleep the saunt,꧁epep꧂,0.7031
sleep the saunt,️dika_sajah,0.6926
sleep the saunt,￴,0.7751
sleep the saunt,𝙧𝙖𝙙𝙚𝙣𝙣𝙠𝙪𝙘𝙞𝙩𝙩🌊,0.6769
sleep the saunt,💋,0.6728
sleep the saunt,😡,0.6948
slowhand,tll,0.6716
slowhand,username12375,0.7322
slowhand,wdyt_,0.6634
slowhand,z4m,0.9272
slowhand,ಠ_ರೃ,0.7373
slowhand,🐦,0.6634
slowhand,🤴🏽,0.6516
sn0w,superman,0.6664
sn0w,syaf__👾👾,0.6691
sn0w,talasku99,0.6514
sn0w,taxi barang purwokerto,0.7127
sn0w,teteh_jawa,0.6759
sn0w,tole bf official316,0.6555
sn0w,user7098643456,0.6629
sn0w,wh0,0.6707
sn0w,wiindoc,0.6505
sn0w,yyy,0.6845
sn0w,zain,0.695
sn0w,| ig : @aseprmadanni,0.6962
sn0w,⋇⋆✦chelsea ♛┈⛧♡,0.6706
sn0w,★,0.687
sn0w,𝐫𝐢𝐝𝐨𝐨🕊️,0.6689
sn0w,💋,0.6899
sn0w,💥,0.6571
someone,ujangkedu,0.6637
someone,𝘽𝙚𝙣𝙣𝙣!,0.7632
someone,🚀🚀cool_tg🇮🇩⚽🎉,0.7352
sopo iki?,vanzzz,0.6665
sopo iki?,veri ramandani18,0.6912
sopo iki?,wiwut,0.6524
sopo iki?,🄱🄰🅈🅄🄸🄽🄳🄰🄷🄾🄵🄵🅂🄴🅃,0.6568
sopo》,syaf__👾👾,0.6695
sopo》,teteh_jawa,0.6568
sopo》,the last good man,0.7637
sopo》,tinnyee,0.7475
sopo》,tofik.putra17,0.6581
sopo》,upin🐼,0.6543
sopo》,username12375,0.7113
sopo》,uuppio,0.7007
sopo》,vinss,0.6503
sopo》,vnn$fomo,0.6508
sopo》,xlx🇮🇲,0.67
sopo》,yogaaa21,0.737
sopo》,yyy,0.6515
sopo》,zaall,0.6562
sopo》,zain,0.7054
sopo》,zaka.ya,0.6629
sopo》,zannn,0.7681
sopo》,zazamm,0.6571
sopo》,zppcx,0.7097
sopo》,zrill💥,0.9479
sopo》,~~boyszzarddd~~ardboysss🇦🇱🪩,0.6996
sopo》,ᴘɪᴋᴀғʀɪᴇᴅᴄʜɪᴄᴋᴇɴ,0.6541
sopo》,▪️,0.7061
sopo》,☝️👌👌cc,0.7601
sopo》,♥,0.7633
sopo》,𝕳𝕬𝕴𝕶𝕬𝕷 𝖁1,0.6926
sopo》,𝘿𝙚𝙣,0.6602
sopo》,𝙾𝚛𝚢𝚣𝚊 𝚂𝚊𝚝𝚒𝚟𝚊 🌾,0.7535
sopo》,🏴󠁧󠁢󠁥󠁮󠁧󠁿🏴󠁧󠁢󠁥󠁮󠁧󠁿,0.6987
sopo》,🐦,0.7121
sopo》,👻,0.6511
sopo》,👻hsb👻,0.7911
sopo》,👾,0.7604
sopo》,💋,0.6577
sopo》,🕊,0.6607
sopo》,🧋,0.7369
spilloutfittrendy,sri66790,0.7619
spilloutfittrendy,tem - tem★★★,0.8506
spilloutfittrendy,tole bf official316,0.737
spilloutfittrendy,ultrambuttttt,0.8149
spilloutfittrendy,wong kene bae,0.7488
spilloutfittrendy,"wong""plosok",0.8719
spilloutfittrendy,xy_don🚀,0.7887
spilloutfittrendy,ynnnz,0.6767
spilloutfittrendy,yoo🅰️jahh,0.7014
spilloutfittrendy,zexx'777,0.7314
spilloutfittrendy,zouheir.yaz_ze,0.6706
spilloutfittrendy,zye hehe,0.7649
spilloutfittrendy,| ig : @aseprmadanni,0.6883
spilloutfittrendy,˚꩜｡⋆˚࿔ 𝔂𝓪𝔂𝓪 𝜗𝜚˚⋆🧸ྀི,0.7324
spilloutfittrendy,ℒ𝓊𝓬𝓴𝔂,0.6709
spilloutfittrendy,⭐zka,0.7837
spilloutfittrendy,𝕬𝖟𝖐𝖆 𝖋𝖔𝖗 𝖞𝖔𝖚,0.7637
spilloutfittrendy,𝘾𝙖𝙡𝙤𝙣 𝙃𝘼𝙅𝙄,0.7914
spilloutfittrendy,𝙎𝘽𝙎 001_𝙨𝙠𝙖𝙮 𝙮𝙚𝙡𝙤𝙬,0.6838
spilloutfittrendy,𝙢𝙖𝙖𝙖𝙖𝙖𝙖𝙨𝙨𝙨𝙠𝙖𝙣𝙣𝙣,0.7542
spilloutfittrendy,🆘,0.6833
sri wahyuningsih,xspeedx,0.6502
sri wahyuningsih,ᴘɪᴋᴀғʀɪᴇᴅᴄʜɪᴄᴋᴇɴ,0.6975
sri wahyuningsih,✌️,0.6776
sri wahyuningsih,𝖇𝖎𝖎𝖑𝖆,0.7151
sri66790,tem - tem★★★,0.6653
sri66790,tole bf official316,0.7699
sri66790,ultrambuttttt,0.6839
sri66790,wong kene bae,0.6952
sri66790,"wong""plosok",0.6708
sri66790,zannn,0.6509
sri66790,zye hehe,0.6752
sri66790,| ig : @aseprmadanni,0.6752
sri66790,˚꩜｡⋆˚࿔ 𝔂𝓪𝔂𝓪 𝜗𝜚˚⋆🧸ྀི,0.6902
sri66790,⭐zka,0.6782
sri66790,𝕬𝖟𝖐𝖆 𝖋𝖔𝖗 𝖞𝖔𝖚,0.6861
sri66790,𝘾𝙖𝙡𝙤𝙣 𝙃𝘼𝙅𝙄,0.7812
sri66790,𝙢𝙖𝙖𝙖𝙖𝙖𝙖𝙨𝙨𝙨𝙠𝙖𝙣𝙣𝙣,0.6638
sri66790,🆘,0.694
srylee,viann,0.6617
srylee,wo,0.6519
srylee,⋇⋆✦chelsea ♛┈⛧♡,0.6842
srylee,ザキ・アルディアンシア,0.6548
srylee,￴￴,0.6688
srylee,𝘼𝙇𝙃𝘼𝙆𝙄𝙈𝙕,0.7131
srylee,𝙖𝙩𝙨𝙨,0.6533
stecu💤,syaf__👾👾,0.6984
stecu💤,talasku99,0.6828
stecu💤,tam,0.7055
stecu💤,tangrajinngaji,0.6552
stecu💤,taxi barang purwokerto,0.7187
stecu💤,teteh_jawa,0.7052
stecu💤,theeryoou,0.7031
stecu💤,tinnyee,0.6809
stecu💤,tofik.putra17,0.7058
stecu💤,user13463#457344,0.6832
stecu💤,user7098643456,0.767
stecu💤,va 17hd,0.7181
stecu💤,van pablo,0.71
stecu💤,varkon🚀🚀,0.6575
stecu💤,viann,0.6803
stecu💤,vittss..,0.6822
stecu💤,vnn$fomo,0.6619
stecu💤,wongwonganmumet,0.7134
stecu💤,ws🪩,0.7162
stecu💤,wzrd,0.6797
stecu💤,yogaaa21,0.678
stecu💤,yyy,0.714
stecu💤,y💥💯                😛,0.653
stecu💤,z4kk🇦🇱🇦🇱,0.7247
stecu💤,zaall,0.7533
stecu💤,zain,0.7571
stecu💤,zaka.ya,0.7227
stecu💤,zazamm,0.7197
stecu💤,zeniperr,0.7086
stecu💤,ziie34,0.664
stecu💤,zrill🇦🇱🇦🇱,0.696
stecu💤,àlwàysdip,0.6834
stecu💤,ɴᴀᴛ,0.7531
stecu💤,˚ ༘ 🦕𖦹⋆｡˚,0.7717
stecu💤,™.yunz ★ 447.¥,0.6646
stecu💤,⋇⋆✦chelsea ♛┈⛧♡,0.6626
stecu💤,☝️👌👌cc,0.6981
stecu💤,✧saged🌊,0.6601
stecu💤,マᥱž𝚊,0.7217
stecu💤,꧁epep꧂,0.6967
stecu💤,윙고🇲🇨🇰🇷,0.6769
stecu💤,️dika_sajah,0.7225
stecu💤,￴,0.6702
stecu💤,￴ ￴ ￴  ￴ ￴ ￴ ￴ ￴,0.7803
stecu💤,￴￴,0.6526
stecu💤,𝐫𝐢𝐝𝐨𝐨🕊️,0.6625
stecu💤,𝑱𝒖𝒍𝒊𝒂𝒏𝒏𝒏,0.6526
stecu💤,𝕳𝕬𝕴𝕶𝕬𝕷 𝖁1,0.673
stecu💤,𝘿𝙚𝙣,0.676
stecu💤,𝙋𝙍𝙄𝙉𝘾𝙀 15,0.7101
stecu💤,𝙡𝙚𝙣𝙜,0.7318
stecu💤,𝙧𝙖𝙙𝙚𝙣𝙣𝙠𝙪𝙘𝙞𝙩𝙩🌊,0.7036
stecu💤,🏴󠁧󠁢󠁥󠁮󠁧󠁿🏴󠁧󠁢󠁥󠁮󠁧󠁿,0.6596
stecu💤,🐣,0.7041
stecu💤,💋,0.7883
stecu💤,💩.,0.6795
stecu💤,🕊,0.7358
stecu💤,😡,0.6814
sucilestaripp_08,syakila pbg,0.6775
sucilestaripp_08,tll,0.6987
sucilestaripp_08,wdyt_,0.6772
sucilestaripp_08,wong gringsing,0.6775
sucilestaripp_08,you're okay reszz,0.6662
sucilestaripp_08,y🅰️hya?,0.7298
sucilestaripp_08,່,0.7099
sucilestaripp_08,✧-ta_kepkat,0.6723
sucilestaripp_08,❤️💛💚,0.6875
sucilestaripp_08,𝑛𝑜𝑒𝑟𝑒𝑎𝑙_𝑎𝑧🍃,0.6928
sucilestaripp_08,𝑦𝑦𝑦𝑦,0.7298
sucilestaripp_08,𝗕𝗠𝗞𝗚,0.7099
sucilestaripp_08,𝘁𝗿ē𝗻𝗱à𝗻𝘇𝘅,0.7099
sucilestaripp_08,🌵dnd's_mom🌵,0.6658
sucilestaripp_08,🔥theeam3ll⚡,0.6798
superman,vinss,0.6955
superman,vnn$fomo,0.656
superman,wdyt_,0.6517
superman,weird zeze🇩🇪,0.6704
superman,wzrd,0.6806
superman,yanuar,0.6567
superman,yhahaha,0.7154
superman,z4kk🇦🇱🇦🇱,0.6615
superman,zain,0.7064
superman,zainvick_,0.698
superman,zppcx,0.668
superman,เςคภ,0.7089
superman,⋇⋆✦chelsea ♛┈⛧♡,0.656
superman,★,0.7002
superman,𝓝𝓪𝔂𝓵𝓪_𝓓.𝓐,0.6636
superman,👾,0.6545
suyato jowo,tangrajinngaji,0.7601
suyato jowo,tika kartika,0.72
suyato jowo,tofik.putra17,0.6749
suyato jowo,user13463#457344,0.6684
suyato jowo,viann,0.716
suyato jowo,wo,0.7568
suyato jowo,wong elek,0.774
suyato jowo,yanuar,0.6741
suyato jowo,zaka.ya,0.6527
suyato jowo,zazamm,0.6506
suyato jowo,zrill🇦🇱🇦🇱,0.7511
suyato jowo,المجتهد,0.7054
suyato jowo,فەیزال,0.6599
suyato jowo,່ ‍ a,0.6714
suyato jowo,￴,0.6792
suyato jowo,￴￴,0.6767
suyato jowo,𝑱𝒖𝒍𝒊𝒂𝒏𝒏𝒏,0.7091
suyato jowo,𝙖𝙩𝙨𝙨,0.6649
suyato jowo,🎮,0.8038
suyato jowo,🔴⚪,0.8122
suyato jowo,🕊,0.6568
suyato jowo,🪽,0.6507
syaf__👾👾,talasku99,0.7816
syaf__👾👾,tam,0.7597
syaf__👾👾,tangrajinngaji,0.6679
syaf__👾👾,taxi barang purwokerto,0.6648
syaf__👾👾,teteh_jawa,0.6996
syaf__👾👾,the last good man,0.6979
syaf__👾👾,theeryoou,0.6538
syaf__👾👾,tofik.putra17,0.7531
syaf__👾👾,upin🐼,0.6644
syaf__👾👾,user13463#457344,0.6635
syaf__👾👾,user7098643456,0.686
syaf__👾👾,va 17hd,0.7001
syaf__👾👾,van pablo,0.6566
syaf__👾👾,viann,0.7288
syaf__👾👾,vittss..,0.7579
syaf__👾👾,wiindoc,0.7049
syaf__👾👾,wongwonganmumet,0.6589
syaf__👾👾,ws🪩,0.7753
syaf__👾👾,wtf.prilz,0.6769
syaf__👾👾,wzrd,0.7314
syaf__👾👾,yyy,0.7902
syaf__👾👾,z4kk🇦🇱🇦🇱,0.7101
syaf__👾👾,zaall,0.7119
syaf__👾👾,zain,0.6813
syaf__👾👾,zaka.ya,0.6669
syaf__👾👾,zazamm,0.665
syaf__👾👾,zeniperr,0.6952
syaf__👾👾,zppcx,0.6521
syaf__👾👾,zrill🇦🇱🇦🇱,0.6773
syaf__👾👾,zrill💥,0.6616
syaf__👾👾,ɴᴀᴛ,0.6988
syaf__👾👾,˚ ༘ 🦕𖦹⋆｡˚,0.6964
syaf__👾👾,فەیزال,0.7055
syaf__👾👾,ᴘɪᴋᴀғʀɪᴇᴅᴄʜɪᴄᴋᴇɴ,0.7009
syaf__👾👾,⋇⋆✦chelsea ♛┈⛧♡,0.7641
syaf__👾👾,★,0.7099
syaf__👾👾,☝️👌👌cc,0.7336
syaf__👾👾,✌️,0.6546
syaf__👾👾,✧saged🌊,0.6623
syaf__👾👾,ザキ・アルディアンシア,0.705
syaf__👾👾,윙고🇲🇨🇰🇷,0.7207
syaf__👾👾,️dika_sajah,0.7293
syaf__👾👾,￴,0.6503
syaf__👾👾,￴￴,0.6796
syaf__👾👾,𝐫𝐢𝐝𝐨𝐨🕊️,0.6568
syaf__👾👾,𝕳𝕬𝕴𝕶𝕬𝕷 𝖁1,0.6716
syaf__👾👾,𝕶𝖞𝖓𝖟𝖟,0.6571
syaf__👾👾,𝙋𝙍𝙄𝙉𝘾𝙀 15,0.747
syaf__👾👾,𝙡𝙚𝙣𝙜,0.8001
syaf__👾👾,🐣,0.6742
syaf__👾👾,💋,0.6876
syaf__👾👾,🕊,0.7569
syakila pbg,syaqella,0.6545
syakila pbg,tll,0.7244
syakila pbg,username12375,0.6549
syakila pbg,wong gringsing,1.0
syakila pbg,y🅰️hya?,0.7637
syakila pbg,z4m,0.6575
syakila pbg,~~boyszzarddd~~ardboysss🇦🇱🪩,0.7507
syakila pbg,່,0.7616
syakila pbg,✧-ta_kepkat,0.7121
syakila pbg,❤️💛💚,0.7658
syakila pbg,𝑦𝑦𝑦𝑦,0.7637
syakila pbg,𝔅𝔩𝔲𝔢𝔢𝔅𝔬𝔬𝔰𝔱 💨💫,0.6874
syakila pbg,"𝖂𝖍𝖔'𝕾,𝕭𝖗𝖆𝖓රධ",0.6748
syakila pbg,𝗕𝗠𝗞𝗚,0.7616
syakila pbg,𝘁𝗿ē𝗻𝗱à𝗻𝘇𝘅,0.7616
syakila pbg,👻,0.8664
syakila pbg,💫,0.6785
syakila pbg,🔥theeam3ll⚡,0.7218
syaqella,tll,0.6834
syaqella,wong gringsing,0.6545
syaqella,wwww,0.6829
syaqella,y🅰️hya?,0.6599
syaqella,່,0.7401
syaqella,✧-ta_kepkat,0.6724
syaqella,❤️💛💚,0.7339
syaqella,𝑦𝑦𝑦𝑦,0.6599
syaqella,𝔅𝔩𝔲𝔢𝔢𝔅𝔬𝔬𝔰𝔱 💨💫,0.6593
syaqella,𝗕𝗠𝗞𝗚,0.7401
syaqella,𝘁𝗿ē𝗻𝗱à𝗻𝘇𝘅,0.7401
syaqella,🌵dnd's_mom🌵,0.6711
syaqella,💫,0.66
syaqella,🔥theeam3ll⚡,0.6836
szxnoe,talasku99,0.6681
szxnoe,ɴᴀᴛ,0.6799
szxnoe,⋇⋆✦chelsea ♛┈⛧♡,0.7026
szxnoe,￴￴,0.6624
szxnoe,🀄penjahatmu🀄,0.678
talasku99,tam,0.7305
talasku99,teteh_jawa,0.7453
talasku99,tofik.putra17,0.6909
talasku99,upin🐼,0.6912
talasku99,user7098643456,0.7104
talasku99,varkon🚀🚀,0.7313
talasku99,vittss..,0.791
talasku99,wiindoc,0.7661
talasku99,wongwonganmumet,0.6524
talasku99,ws🪩,0.7164
talasku99,wtf.prilz,0.807
talasku99,wzrd,0.6933
talasku99,yyy,0.6951
talasku99,zaall,0.7053
talasku99,zaka.ya,0.6543
talasku99,zeniperr,0.6518
talasku99,ɴᴀᴛ,0.7705
talasku99,ᴘɪᴋᴀғʀɪᴇᴅᴄʜɪᴄᴋᴇɴ,0.6579
talasku99,⋇⋆✦chelsea ♛┈⛧♡,0.7945
talasku99,★,0.7841
talasku99,☝️👌👌cc,0.6516
talasku99,⛓️,0.6584
talasku99,✧saged🌊,0.6753
talasku99,マᥱž𝚊,0.6523
talasku99,윙고🇲🇨🇰🇷,0.7137
talasku99,️dika_sajah,0.7044
talasku99,￴ ￴ ￴  ￴ ￴ ￴ ￴ ￴,0.6587
talasku99,￴￴,0.7201
talasku99,𝙋𝙍𝙄𝙉𝘾𝙀 15,0.7123
talasku99,𝙡𝙚𝙣𝙜,0.7519
talasku99,🐣,0.6826
talasku99,💋,0.6547
talasku99,🕊,0.7176
tam,tangrajinngaji,0.7012
tam,taxi barang purwokerto,0.6841
tam,teteh_jawa,0.6667
tam,theeryoou,0.6596
tam,tinnyee,0.6711
tam,tofik.putra17,0.7995
tam,user13463#457344,0.7106
tam,user7098643456,0.7257
tam,va 17hd,0.7106
tam,van pablo,0.6509
tam,vanooo,0.6542
tam,viann,0.7698
tam,vittss..,0.7439
tam,vnn$fomo,0.6548
tam,wiindoc,0.7124
tam,wongwonganmumet,0.6539
tam,ws🪩,0.844
tam,wzrd,0.7191
tam,yanuar,0.6595
tam,yogaaa21,0.6584
tam,yyy,0.7325
tam,y💥💯                😛,0.6623
tam,z4kk🇦🇱🇦🇱,0.7042
tam,zaall,0.7317
tam,zain,0.6639
tam,zaka.ya,0.6818
tam,zazamm,0.7006
tam,zeniperr,0.7085
tam,zrill🇦🇱🇦🇱,0.719
tam,ɴᴀᴛ,0.7067
tam,˚ ༘ 🦕𖦹⋆｡˚,0.725
tam,فەیزال,0.7185
tam,⋇⋆✦chelsea ♛┈⛧♡,0.7735
tam,★,0.7516
tam,☝️👌👌cc,0.6998
tam,⛓️,0.6554
tam,✌️,0.6586
tam,✧saged🌊,0.6734
tam,ザキ・アルディアンシア,0.6957
tam,マᥱž𝚊,0.6687
tam,윙고🇲🇨🇰🇷,0.7163
tam,️dika_sajah,0.7278
tam,￴,0.664
tam,￴ ￴ ￴  ￴ ￴ ￴ ￴ ￴,0.6985
tam,￴￴,0.7121
tam,𝐫𝐢𝐝𝐨𝐨🕊️,0.6814
tam,𝑱𝒖𝒍𝒊𝒂𝒏𝒏𝒏,0.6558
tam,𝕳𝕬𝕴𝕶𝕬𝕷 𝖁1,0.7289
tam,𝕶𝖞𝖓𝖟𝖟,0.7081
tam,𝘼𝙇𝙃𝘼𝙆𝙄𝙈𝙕,0.6757
tam,𝘿𝙚𝙣,0.683
tam,𝙋𝙍𝙄𝙉𝘾𝙀 15,0.7578
tam,𝙖𝙩𝙨𝙨,0.6562
tam,𝙡𝙚𝙣𝙜,0.8095
tam,𝙧𝙖𝙙𝙚𝙣𝙣𝙠𝙪𝙘𝙞𝙩𝙩🌊,0.671
tam,🐣,0.6928
tam,💋,0.6792
tam,🕊,0.7715
tangrajinngaji,theeryoou,0.6544
tangrajinngaji,tinnyee,0.6984
tangrajinngaji,tofik.putra17,0.8017
tangrajinngaji,user13463#457344,0.8219
tangrajinngaji,user7098643456,0.661
tangrajinngaji,va 17hd,0.7205
tangrajinngaji,van pablo,0.7088
tangrajinngaji,vanooo,0.6931
tangrajinngaji,viann,0.8249
tangrajinngaji,vittss..,0.6687
tangrajinngaji,wo,0.6965
tangrajinngaji,wong elek,0.8261
tangrajinngaji,wongwonganmumet,0.716
tangrajinngaji,ws🪩,0.7137
tangrajinngaji,wzrd,0.7869
tangrajinngaji,yanuar,0.778
tangrajinngaji,yesakiw,0.6853
tangrajinngaji,yogaaa21,0.6819
tangrajinngaji,yyy,0.6909
tangrajinngaji,z4kk🇦🇱🇦🇱,0.6541
tangrajinngaji,zaka.ya,0.7456
tangrajinngaji,zazamm,0.7455
tangrajinngaji,zeniperr,0.7077
tangrajinngaji,zrill🇦🇱🇦🇱,0.7649
tangrajinngaji,˚ ༘ 🦕𖦹⋆｡˚,0.7469
tangrajinngaji,فەیزال,0.739
tangrajinngaji,⋇⋆✦chelsea ♛┈⛧♡,0.6731
tangrajinngaji,☝️👌👌cc,0.7368
tangrajinngaji,✌️,0.6683
tangrajinngaji,ザキ・アルディアンシア,0.7009
tangrajinngaji,윙고🇲🇨🇰🇷,0.7679
tangrajinngaji,️dika_sajah,0.7265
tangrajinngaji,￴,0.721
tangrajinngaji,￴ ￴ ￴  ￴ ￴ ￴ ￴ ￴,0.6641
tangrajinngaji,￴￴,0.7902
tangrajinngaji,𝐫𝐢𝐝𝐨𝐨🕊️,0.6691
tangrajinngaji,𝑱𝒖𝒍𝒊𝒂𝒏𝒏𝒏,0.7525
tangrajinngaji,𝕳𝕬𝕴𝕶𝕬𝕷 𝖁1,0.679
tangrajinngaji,𝕶𝖞𝖓𝖟𝖟,0.7214
tangrajinngaji,𝘼𝙇𝙃𝘼𝙆𝙄𝙈𝙕,0.6933
tangrajinngaji,𝘿𝙚𝙣,0.7126
tangrajinngaji,𝙋𝙍𝙄𝙉𝘾𝙀 15,0.7001
tangrajinngaji,𝙡𝙚𝙣𝙜,0.771
tangrajinngaji,🎮,0.7043
tangrajinngaji,🏴󠁧󠁢󠁥󠁮󠁧󠁿🏴󠁧󠁢󠁥󠁮󠁧󠁿,0.7103
tangrajinngaji,🐣,0.6554
tangrajinngaji,🐦,0.6667
tangrajinngaji,💋,0.6765
tangrajinngaji,🔴⚪,0.8188
tangrajinngaji,🕊,0.8709
taxi barang purwokerto,teteh_jawa,0.6558
taxi barang purwokerto,tofik.putra17,0.6761
taxi barang purwokerto,user13463#457344,0.664
taxi barang purwokerto,user7098643456,0.6678
taxi barang purwokerto,uuppio,0.6765
taxi barang purwokerto,va 17hd,0.6653
taxi barang purwokerto,van pablo,0.6662
taxi barang purwokerto,viann,0.6652
taxi barang purwokerto,ws🪩,0.6763
taxi barang purwokerto,wzrd,0.6527
taxi barang purwokerto,yaraaayaaaa,0.6756
taxi barang purwokerto,z4kk🇦🇱🇦🇱,0.658
taxi barang purwokerto,zain,0.7035
taxi barang purwokerto,zazamm,0.6898
taxi barang purwokerto,zeniperr,0.6905
taxi barang purwokerto,àlwàysdip,0.7421
taxi barang purwokerto,ɴᴀᴛ,0.6708
taxi barang purwokerto,˚ ༘ 🦕𖦹⋆｡˚,0.6978
taxi barang purwokerto,️dika_sajah,0.6771
taxi barang purwokerto,￴ ￴ ￴  ￴ ￴ ￴ ￴ ￴,0.7323
taxi barang purwokerto,𝐫𝐢𝐝𝐨𝐨🕊️,0.6988
taxi barang purwokerto,𝕳𝕬𝕴𝕶𝕬𝕷 𝖁1,0.7125
taxi barang purwokerto,𝘿𝙚𝙣,0.6922
taxi barang purwokerto,𝙋𝙍𝙄𝙉𝘾𝙀 15,0.6856
taxi barang purwokerto,𝙡𝙚𝙣𝙜,0.7
taxi barang purwokerto,𝙧𝙖𝙙𝙚𝙣𝙣𝙠𝙪𝙘𝙞𝙩𝙩🌊,0.7448
taxi barang purwokerto,💋,0.7052
taxi barang purwokerto,💩.,0.655
taxi barang purwokerto,🕊,0.6812
tem - tem★★★,tole bf official316,0.6652
tem - tem★★★,ultrambuttttt,0.741
tem - tem★★★,wirr tzy,0.6522
tem - tem★★★,wong kene bae,0.6863
tem - tem★★★,"wong""plosok",0.8014
tem - tem★★★,xy_don🚀,0.6872
tem - tem★★★,ynnnz,0.6823
tem - tem★★★,zouheir.yaz_ze,0.651
tem - tem★★★,zye hehe,0.6509
tem - tem★★★,˚꩜｡⋆˚࿔ 𝔂𝓪𝔂𝓪 𝜗𝜚˚⋆🧸ྀི,0.6616
tem - tem★★★,⭐zka,0.6944
tem - tem★★★,𝕬𝖟𝖐𝖆 𝖋𝖔𝖗 𝖞𝖔𝖚,0.6659
tem - tem★★★,𝘾𝙖𝙡𝙤𝙣 𝙃𝘼𝙅𝙄,0.6901
tem - tem★★★,𝙢𝙖𝙖𝙖𝙖𝙖𝙖𝙨𝙨𝙨𝙠𝙖𝙣𝙣𝙣,0.7033
teteh_jawa,the last good man,0.6774
teteh_jawa,theeryoou,0.6603
teteh_jawa,tofik.putra17,0.6988
teteh_jawa,upin🐼,0.6868
teteh_jawa,user13463#457344,0.6501
teteh_jawa,user7098643456,0.6898
teteh_jawa,varkon🚀🚀,0.7128
teteh_jawa,vittss..,0.7129
teteh_jawa,wongwonganmumet,0.6814
teteh_jawa,ws🪩,0.702
teteh_jawa,wtf.prilz,0.6563
teteh_jawa,wzrd,0.6741
teteh_jawa,yogaaa21,0.6713
teteh_jawa,yyy,0.6815
teteh_jawa,z4kk🇦🇱🇦🇱,0.681
teteh_jawa,zaall,0.687
teteh_jawa,zain,0.7275
teteh_jawa,zaka.ya,0.6618
teteh_jawa,zannn,0.6606
teteh_jawa,zeniperr,0.6693
teteh_jawa,zppcx,0.6544
teteh_jawa,ɴᴀᴛ,0.7337
teteh_jawa,˚ ༘ 🦕𖦹⋆｡˚,0.6967
teteh_jawa,⋇⋆✦chelsea ♛┈⛧♡,0.675
teteh_jawa,★,0.6815
teteh_jawa,☝️👌👌cc,0.6522
teteh_jawa,️dika_sajah,0.7368
teteh_jawa,￴ ￴ ￴  ￴ ￴ ￴ ￴ ￴,0.6847
teteh_jawa,𝕳𝕬𝕴𝕶𝕬𝕷 𝖁1,0.6584
teteh_jawa,𝙡𝙚𝙣𝙜,0.7387
teteh_jawa,𝙧𝙖𝙙𝙚𝙣𝙣𝙠𝙪𝙘𝙞𝙩𝙩🌊,0.6973
teteh_jawa,💋,0.7312
teteh_jawa,💩.,0.6574
teteh_jawa,🕊,0.7223
tgrysfff,varkon🚀🚀,0.6568
the last good man,tinnyee,0.6732
the last good man,userr4532552,0.6873
the last good man,uuppio,0.7802
the last good man,vannn opet,0.6521
the last good man,vinss,0.7091
the last good man,vnn$fomo,0.6677
the last good man,xlx🇮🇲,0.6527
the last good man,yogaaa21,0.6997
the last good man,yogszz⚡,0.6975
the last good man,yyy,0.6891
the last good man,z4kk🇦🇱🇦🇱,0.6686
the last good man,zain,0.7428
the last good man,zannn,0.7816
the last good man,ziie34,0.6537
the last good man,zppcx,0.7164
the last good man,zrill💥,0.6989
the last good man,àlwàysdip,0.6577
the last good man,ᴘɪᴋᴀғʀɪᴇᴅᴄʜɪᴄᴋᴇɴ,0.6938
the last good man,☝️👌👌cc,0.7161
the last good man,♥,0.7152
the last good man,𝕳𝕬𝕴𝕶𝕬𝕷 𝖁1,0.6894
the last good man,𝙾𝚛𝚢𝚣𝚊 𝚂𝚊𝚝𝚒𝚟𝚊 🌾,0.7768
the last good man,👾,0.7162
the last good man,💋,0.6818
the last good man,🧋,0.7002
theeryoou,tinnyee,0.6643
theeryoou,tofik.putra17,0.7748
theeryoou,user13463#457344,0.8375
theeryoou,va 17hd,0.7332
theeryoou,viann,0.6963
theeryoou,wong elek,0.6565
theeryoou,ws🪩,0.7492
theeryoou,wzrd,0.6553
theeryoou,yogaaa21,0.67
theeryoou,z4kk🇦🇱🇦🇱,0.7137
theeryoou,zain,0.6618
theeryoou,zaka.ya,0.6729
theeryoou,zazamm,0.6737
theeryoou,zeniperr,0.7694
theeryoou,zrill🇦🇱🇦🇱,0.6751
theeryoou,ɴᴀᴛ,0.6534
theeryoou,˚ ༘ 🦕𖦹⋆｡˚,0.7825
theeryoou,فەیزال,0.7466
theeryoou,™.yunz ★ 447.¥,0.6932
theeryoou,☝️👌👌cc,0.6813
theeryoou,マᥱž𝚊,0.6594
theeryoou,￴ ￴ ￴  ￴ ￴ ￴ ￴ ￴,0.6958
theeryoou,𝕳𝕬𝕴𝕶𝕬𝕷 𝖁1,0.6623
theeryoou,𝕶𝖞𝖓𝖟𝖟,0.6972
theeryoou,𝘿𝙚𝙣,0.6631
theeryoou,𝙋𝙍𝙄𝙉𝘾𝙀 15,0.7323
theeryoou,𝙡𝙚𝙣𝙜,0.7246
theeryoou,𝙧𝙖𝙙𝙚𝙣𝙣𝙠𝙪𝙘𝙞𝙩𝙩🌊,0.6639
theeryoou,🏴󠁧󠁢󠁥󠁮󠁧󠁿🏴󠁧󠁢󠁥󠁮󠁧󠁿,0.6933
theeryoou,💋,0.6615
theeryoou,🕊,0.7496
tika kartika,tofik.putra17,0.6746
tika kartika,topexx11,0.6904
tika kartika,user1233833380586,0.6577
tika kartika,wo,0.7068
tika kartika,wong elek,0.6672
tika kartika,wongwonganmumet,0.6669
tika kartika,yanuar,0.7068
tika kartika,y💥💯                😛,0.6746
tika kartika,z4kk🇦🇱🇦🇱,0.6863
tika kartika,zaka.ya,0.6738
tika kartika,zrill🇦🇱🇦🇱,0.6796
tika kartika,المجتهد,0.6643
tika kartika,เςคภ,0.6947
tika kartika,່ ‍ a,0.7182
tika kartika,￴,0.6659
tika kartika,𝙖𝙩𝙨𝙨,0.7359
tika kartika,🪽,0.6669
tinnyee,tofik.putra17,0.7558
tinnyee,u,0.6682
tinnyee,upin🐼,0.7033
tinnyee,user13463#457344,0.7121
tinnyee,username12375,0.8853
tinnyee,uuppio,0.7247
tinnyee,va 17hd,0.7527
tinnyee,vanooo,0.6617
tinnyee,viann,0.776
tinnyee,wong elek,0.7208
tinnyee,wzrd,0.6608
tinnyee,yanuar,0.6974
tinnyee,yaraaayaaaa,0.7842
tinnyee,yogaaa21,0.9044
tinnyee,yyy,0.7497
tinnyee,zain,0.6724
tinnyee,zaka.ya,0.8017
tinnyee,zannn,0.7005
tinnyee,zazamm,0.8211
tinnyee,zppcx,0.6586
tinnyee,zrill🇦🇱🇦🇱,0.6936
tinnyee,zrill💥,0.7332
tinnyee,ɴᴀᴛ,0.6505
tinnyee,˚ ༘ 🦕𖦹⋆｡˚,0.7547
tinnyee,ಠ_ರೃ,0.7176
tinnyee,☝️👌👌cc,0.8651
tinnyee,♥,0.8215
tinnyee,✌️,0.7128
tinnyee,𝑱𝒖𝒍𝒊𝒂𝒏𝒏𝒏,0.8122
tinnyee,𝓝𝓪𝔂𝓵𝓪_𝓓.𝓐,0.7779
tinnyee,𝕳𝕬𝕴𝕶𝕬𝕷 𝖁1,0.8168
tinnyee,𝘿𝙚𝙣,0.8393
tinnyee,𝙡𝙚𝙣𝙜,0.7302
tinnyee,𝙾𝚛𝚢𝚣𝚊 𝚂𝚊𝚝𝚒𝚟𝚊 🌾,0.6934
tinnyee,🏴󠁧󠁢󠁥󠁮󠁧󠁿🏴󠁧󠁢󠁥󠁮󠁧󠁿,0.8475
tinnyee,🐦,0.8568
tinnyee,👻hsb👻,0.6832
tinnyee,👾,0.673
tinnyee,🔴⚪,0.6591
tinnyee,🕊,0.795
tinnyee,🧋,0.731
tito cans,𝕳𝕬𝕴𝕶𝕬𝕷 𝖁1,0.6973
tito🤠,👾🤖🤖,0.6687
tll,vinza,0.6685
tll,wdyt_,0.664
tll,wong gringsing,0.7244
tll,yafzz•𝙯𝙤𝙡𝙙𝙮𝙠🔰💤,0.7411
tll,y🅰️hya?,0.7785
tll,z4m,0.6987
tll,່,0.712
tll,✧-ta_kepkat,0.6622
tll,❤️💛💚,0.6979
tll,𓏵,0.6529
tll,𝑦𝑦𝑦𝑦,0.7785
tll,"𝖂𝖍𝖔'𝕾,𝕭𝖗𝖆𝖓රධ",0.667
tll,𝗕𝗠𝗞𝗚,0.712
tll,𝘁𝗿ē𝗻𝗱à𝗻𝘇𝘅,0.712
tll,💫,0.6961
tll,🔥theeam3ll⚡,0.6856
tofik.putra17,upin🐼,0.6541
tofik.putra17,user1233833380586,0.6678
tofik.putra17,user13463#457344,0.8323
tofik.putra17,user7098643456,0.738
tofik.putra17,username12375,0.6502
tofik.putra17,va 17hd,0.802
tofik.putra17,van pablo,0.7442
tofik.putra17,vanooo,0.717
tofik.putra17,viann,0.8452
tofik.putra17,vittss..,0.7399
tofik.putra17,vnn$fomo,0.661
tofik.putra17,wiindoc,0.6832
tofik.putra17,wo,0.7065
tofik.putra17,wong elek,0.7569
tofik.putra17,wongwonganmumet,0.7319
tofik.putra17,ws🪩,0.8608
tofik.putra17,wzrd,0.7657
tofik.putra17,yanuar,0.7519
tofik.putra17,yaraaayaaaa,0.6904
tofik.putra17,yesakiw,0.6523
tofik.putra17,yogaaa21,0.7866
tofik.putra17,yyy,0.7265
tofik.putra17,y💥💯                😛,0.721
tofik.putra17,z4kk🇦🇱🇦🇱,0.7895
tofik.putra17,zaall,0.7164
tofik.putra17,zain,0.6775
tofik.putra17,zaka.ya,0.8206
tofik.putra17,zannn,0.6573
tofik.putra17,zazamm,0.7597
tofik.putra17,zeniperr,0.7699
tofik.putra17,zppcx,0.7016
tofik.putra17,zrill🇦🇱🇦🇱,0.8197
tofik.putra17,zrill💥,0.666
tofik.putra17,ɴᴀᴛ,0.7372
tofik.putra17,˚ ༘ 🦕𖦹⋆｡˚,0.8145
tofik.putra17,فەیزال,0.8026
tofik.putra17,เςคภ,0.705
tofik.putra17,່ ‍ a,0.668
tofik.putra17,ᴘɪᴋᴀғʀɪᴇᴅᴄʜɪᴄᴋᴇɴ,0.6547
tofik.putra17,™.yunz ★ 447.¥,0.6878
tofik.putra17,⋇⋆✦chelsea ♛┈⛧♡,0.7574
tofik.putra17,★,0.7167
tofik.putra17,☝️👌👌cc,0.7808
tofik.putra17,♥,0.6876
tofik.putra17,✌️,0.6947
tofik.putra17,✧saged🌊,0.6788
tofik.putra17,ザキ・アルディアンシア,0.7071
tofik.putra17,マᥱž𝚊,0.672
tofik.putra17,윙고🇲🇨🇰🇷,0.7021
tofik.putra17,️dika_sajah,0.7858
tofik.putra17,￴,0.7573
tofik.putra17,￴ ￴ ￴  ￴ ￴ ￴ ￴ ￴,0.7194
tofik.putra17,￴￴,0.7224
tofik.putra17,𝐫𝐢𝐝𝐨𝐨🕊️,0.6777
tofik.putra17,𝑱𝒖𝒍𝒊𝒂𝒏𝒏𝒏,0.7499
tofik.putra17,𝓝𝓪𝔂𝓵𝓪_𝓓.𝓐,0.6753
tofik.putra17,𝕳𝕬𝕴𝕶𝕬𝕷 𝖁1,0.7764
tofik.putra17,𝕶𝖞𝖓𝖟𝖟,0.7824
tofik.putra17,𝘼𝙇𝙃𝘼𝙆𝙄𝙈𝙕,0.7261
tofik.putra17,𝘿𝙚𝙣,0.7568
tofik.putra17,𝙋𝙍𝙄𝙉𝘾𝙀 15,0.7881
tofik.putra17,𝙖𝙩𝙨𝙨,0.7229
tofik.putra17,𝙡𝙚𝙣𝙜,0.8441
tofik.putra17,𝙧𝙖𝙙𝙚𝙣𝙣𝙠𝙪𝙘𝙞𝙩𝙩🌊,0.7016
tofik.putra17,🏴󠁧󠁢󠁥󠁮󠁧󠁿🏴󠁧󠁢󠁥󠁮󠁧󠁿,0.6987
tofik.putra17,🐦,0.7
tofik.putra17,💋,0.6846
tofik.putra17,🔴⚪,0.7352
tofik.putra17,🕊,0.862
tokoserbada12,tri yulianti,0.7623
tokoserbada12,vanzzz,0.6597
tokoserbada12,wawud,0.8212
tokoserbada12,wien,0.7664
tokoserbada12,⚽,0.7664
tokoserbada12,⠀ ⠀ ⠀ ⠀ ⠀᠌,0.7623
tokoserbada12,🕸,0.7524
tole bf official316,ultrambuttttt,0.6715
tole bf official316,wong kene bae,0.777
tole bf official316,"wong""plosok",0.7428
tole bf official316,xxtipoo🀄⚡,0.6708
tole bf official316,| ig : @aseprmadanni,0.7432
tole bf official316,˚꩜｡⋆˚࿔ 𝔂𝓪𝔂𝓪 𝜗𝜚˚⋆🧸ྀི,0.7006
tole bf official316,ℒ𝓊𝓬𝓴𝔂,0.7868
tole bf official316,⭐zka,0.7029
tole bf official316,𝕬𝖟𝖐𝖆 𝖋𝖔𝖗 𝖞𝖔𝖚,0.6636
tole bf official316,𝘾𝙖𝙡𝙤𝙣 𝙃𝘼𝙅𝙄,0.7499
tole bf official316,🆘,0.8052
tole bf official316,💥,0.652
topexx11,เςคภ,0.7118
topexx11,🤴🏽,0.6673
topexx11,🪫,0.692
tri yulianti,vann 🌳,0.6713
tri yulianti,veri ramandani18,0.8055
tri yulianti,wawud,0.6503
tri yulianti,wien,0.6656
tri yulianti,ye,0.8283
tri yulianti,yuliazaa,0.6588
tri yulianti,zaza,0.6641
tri yulianti,น้ำอุ่น กัญญาภัทร เต๊กอ๋อต้ง,0.6588
tri yulianti,⚽,0.6656
tri yulianti,⠀ ⠀ ⠀ ⠀ ⠀᠌,1.0
tri yulianti,レザ,0.6953
tri yulianti,𝕱_v2,0.6794
tri yulianti,🌵dnd's_mom🌵,0.7373
tri yulianti,🐚🫧🪩,0.6505
tri yulianti,🕸,0.675
trisis,vittss..,0.6872
trisis,yogszz⚡,0.6728
trisis,yyy,0.6558
trisis,☝️👌👌cc,0.6921
trisis,⛓️,0.6898
trisis,✌️,0.6725
trisis,マᥱž𝚊,0.6949
trisis,𝑱𝒖𝒍𝒊𝒂𝒏𝒏𝒏,0.689
trisis,𝖇𝖎𝖎𝖑𝖆,0.6751
trisis,𝘼𝙇𝙃𝘼𝙆𝙄𝙈𝙕,0.682
u,upin🐼,0.7423
u,yanuar,0.6663
u,zppcx,0.7706
ujangkedu,xxtipoo🀄⚡,0.6873
ujangkedu,àlwàysdip,0.6951
ujangkedu,เςคภ,0.7101
ujangkedu,𝘉𝘐 𝔟𝔢𝔫𝔠𝔦 𝔠𝔦𝔫𝔱𝔞~,0.6599
ujangkedu,𝘼𝙇𝙃𝘼𝙆𝙄𝙈𝙕,0.7118
ujangkedu,🀄penjahatmu🀄,0.6607
ujangkedu,🆘,0.6516
ujangkedu,🕸️,0.6636
ultraman orb,z4kk🇦🇱🇦🇱,0.6592
ultraman orb,كيفان,0.6593
ultraman orb,𝙖𝙩𝙨𝙨,0.655
ultrambuttttt,wirr tzy,0.6763
ultrambuttttt,wong kene bae,0.6723
ultrambuttttt,"wong""plosok",0.7328
ultrambuttttt,ynnnz,0.6824
ultrambuttttt,˚꩜｡⋆˚࿔ 𝔂𝓪𝔂𝓪 𝜗𝜚˚⋆🧸ྀི,0.6717
ultrambuttttt,ℒ𝓊𝓬𝓴𝔂,0.6657
ultrambuttttt,⭐zka,0.7115
ultrambuttttt,𝘾𝙖𝙡𝙤𝙣 𝙃𝘼𝙅𝙄,0.6629
ultrambuttttt,𝙢𝙖𝙖𝙖𝙖𝙖𝙖𝙨𝙨𝙨𝙠𝙖𝙣𝙣𝙣,0.74
upin🐼,user13463#457344,0.6549
upin🐼,va 17hd,0.657
upin🐼,varkon🚀🚀,0.7212
upin🐼,viann,0.6849
upin🐼,wong elek,0.6545
upin🐼,wzrd,0.7324
upin🐼,yanuar,0.6651
upin🐼,yogaaa21,0.6934
upin🐼,yyy,0.7197
upin🐼,zaka.ya,0.6737
upin🐼,zazamm,0.7164
upin🐼,zppcx,0.7099
upin🐼,®️e💤🅰️ sur,0.7299
upin🐼,ɴᴀᴛ,0.6753
upin🐼,˚ ༘ 🦕𖦹⋆｡˚,0.6896
upin🐼,★,0.6685
upin🐼,☝️👌👌cc,0.7197
upin🐼,✌️,0.6563
upin🐼,￴ ￴ ￴  ￴ ￴ ￴ ￴ ￴,0.6609
upin🐼,𝕳𝕬𝕴𝕶𝕬𝕷 𝖁1,0.6561
upin🐼,𝘿𝙚𝙣,0.6832
upin🐼,𝙡𝙚𝙣𝙜,0.6882
upin🐼,🏴󠁧󠁢󠁥󠁮󠁧󠁿🏴󠁧󠁢󠁥󠁮󠁧󠁿,0.6984
upin🐼,🕊,0.7226
user1233833380586,user7098643456,0.7283
user1233833380586,viann,0.6636
user1233833380586,vnn$fomo,0.7029
user1233833380586,y💥💯                😛,0.6639
user1233833380586,z4kk🇦🇱🇦🇱,0.7186
user1233833380586,꧁epep꧂,0.68
user1233833380586,￴,0.706
user1233833380586,𝓝𝓪𝔂𝓵𝓪_𝓓.𝓐,0.655
user13463#457344,va 17hd,0.7418
user13463#457344,van pablo,0.6901
user13463#457344,viann,0.818
user13463#457344,vittss..,0.6751
user13463#457344,wo,0.6912
user13463#457344,wong elek,0.7674
user13463#457344,wongwonganmumet,0.6716
user13463#457344,ws🪩,0.7739
user13463#457344,wzrd,0.7347
user13463#457344,yanuar,0.7661
user13463#457344,yogaaa21,0.7204
user13463#457344,yyy,0.6723
user13463#457344,y💥💯                😛,0.6858
user13463#457344,z4kk🇦🇱🇦🇱,0.7016
user13463#457344,zaka.ya,0.7509
user13463#457344,zazamm,0.7281
user13463#457344,zeniperr,0.8094
user13463#457344,zrill🇦🇱🇦🇱,0.7263
user13463#457344,˚ ༘ 🦕𖦹⋆｡˚,0.812
user13463#457344,فەیزال,0.7394
user13463#457344,™.yunz ★ 447.¥,0.6918
user13463#457344,⋇⋆✦chelsea ♛┈⛧♡,0.6688
user13463#457344,☝️👌👌cc,0.7051
user13463#457344,ザキ・アルディアンシア,0.6902
user13463#457344,윙고🇲🇨🇰🇷,0.6886
user13463#457344,️dika_sajah,0.7218
user13463#457344,￴,0.7063
user13463#457344,￴ ￴ ￴  ￴ ￴ ￴ ￴ ￴,0.6942
user13463#457344,￴￴,0.6984
user13463#457344,𝐫𝐢𝐝𝐨𝐨🕊️,0.651
user13463#457344,𝑱𝒖𝒍𝒊𝒂𝒏𝒏𝒏,0.6869
user13463#457344,𝕳𝕬𝕴𝕶𝕬𝕷 𝖁1,0.7021
user13463#457344,𝕶𝖞𝖓𝖟𝖟,0.7806
user13463#457344,𝘼𝙇𝙃𝘼𝙆𝙄𝙈𝙕,0.6788
user13463#457344,𝘿𝙚𝙣,0.7199
user13463#457344,𝙋𝙍𝙄𝙉𝘾𝙀 15,0.7464
user13463#457344,𝙡𝙚𝙣𝙜,0.7904
user13463#457344,𝙧𝙖𝙙𝙚𝙣𝙣𝙠𝙪𝙘𝙞𝙩𝙩🌊,0.7127
user13463#457344,🏴󠁧󠁢󠁥󠁮󠁧󠁿🏴󠁧󠁢󠁥󠁮󠁧󠁿,0.7227
user13463#457344,🐦,0.6673
user13463#457344,💋,0.6573
user13463#457344,🔴⚪,0.7752
user13463#457344,🕊,0.8425
user180110321611,ye,0.6504
user7098643456,va 17hd,0.6986
user7098643456,van pablo,0.6632
user7098643456,varkon🚀🚀,0.6702
user7098643456,viann,0.6892
user7098643456,vittss..,0.6859
user7098643456,vnn$fomo,0.6755
user7098643456,wiindoc,0.6564
user7098643456,wong elek,0.6551
user7098643456,wongwonganmumet,0.7642
user7098643456,ws🪩,0.7553
user7098643456,wzrd,0.6815
user7098643456,yesakiw,0.677
user7098643456,yyy,0.7115
user7098643456,y💥💯                😛,0.6798
user7098643456,z4kk🇦🇱🇦🇱,0.7139
user7098643456,zaall,0.6979
user7098643456,zain,0.6786
user7098643456,zaka.ya,0.6847
user7098643456,zazamm,0.6712
user7098643456,zeniperr,0.7366
user7098643456,zrill🇦🇱🇦🇱,0.7059
user7098643456,ɴᴀᴛ,0.78
user7098643456,˚ ༘ 🦕𖦹⋆｡˚,0.7333
user7098643456,فەیزال,0.6743
user7098643456,™.yunz ★ 447.¥,0.6898
user7098643456,⋇⋆✦chelsea ♛┈⛧♡,0.6949
user7098643456,★,0.7049
user7098643456,☝️👌👌cc,0.657
user7098643456,✧saged🌊,0.6817
user7098643456,꧁epep꧂,0.7148
user7098643456,윙고🇲🇨🇰🇷,0.7126
user7098643456,️dika_sajah,0.7621
user7098643456,￴,0.7338
user7098643456,￴ ￴ ￴  ￴ ￴ ￴ ￴ ￴,0.7171
user7098643456,￴￴,0.6647
user7098643456,𝐫𝐢𝐝𝐨𝐨🕊️,0.6584
user7098643456,𝘿𝙚𝙣,0.6724
user7098643456,𝙋𝙍𝙄𝙉𝘾𝙀 15,0.7121
user7098643456,𝙡𝙚𝙣𝙜,0.7589
user7098643456,🐣,0.6717
user7098643456,💋,0.7466
user7098643456,🕊,0.782
user7098643456,😡,0.657
username12375,viann,0.67
username12375,wdyt_,0.6606
username12375,weird zeze🇩🇪,0.6509
username12375,wong elek,0.6777
username12375,wong gringsing,0.6549
username12375,yaraaayaaaa,0.7214
username12375,yogaaa21,0.8393
username12375,z4m,0.7033
username12375,zaka.ya,0.6941
username12375,zannn,0.6596
username12375,zazamm,0.7564
username12375,ziee_1901,0.6709
username12375,zrill💥,0.6785
username12375,~~boyszzarddd~~ardboysss🇦🇱🪩,0.7217
username12375,تسلق,0.7077
username12375,ಠ_ರೃ,0.8181
username12375,▪️,0.6693
username12375,☝️👌👌cc,0.8064
username12375,♥,0.8309
username12375,꧁epep꧂,0.6557
username12375,𓏵,0.6836
username12375,𝑱𝒖𝒍𝒊𝒂𝒏𝒏𝒏,0.8002
username12375,𝓝𝓪𝔂𝓵𝓪_𝓓.𝓐,0.764
username12375,𝕳𝕬𝕴𝕶𝕬𝕷 𝖁1,0.6541
username12375,𝘿𝙚𝙣,0.849
username12375,𝙾𝚛𝚢𝚣𝚊 𝚂𝚊𝚝𝚒𝚟𝚊 🌾,0.6629
username12375,🏴󠁧󠁢󠁥󠁮󠁧󠁿🏴󠁧󠁢󠁥󠁮󠁧󠁿,0.8094
username12375,🐦,0.9222
username12375,🔴⚪,0.6623
username12375,🕊,0.6772
username12375,🧋,0.7095
userr4532552,uuppio,0.7028
userr4532552,v,0.7031
userr4532552,van pablo,0.7731
userr4532552,ziie34,0.6661
userr4532552,𝙾𝚛𝚢𝚣𝚊 𝚂𝚊𝚝𝚒𝚟𝚊 🌾,0.6952
userr4532552,🆘,0.6567
userr4532552,💋,0.6598
uuppio,viann,0.7029
uuppio,yaraaayaaaa,0.6923
uuppio,yogaaa21,0.6758
uuppio,yogszz⚡,0.6569
uuppio,yyy,0.7199
uuppio,zain,0.67
uuppio,zazamm,0.7465
uuppio,zrill💥,0.7004
uuppio,àlwàysdip,0.6589
uuppio,☝️👌👌cc,0.6965
uuppio,✌️,0.6906
uuppio,𝓝𝓪𝔂𝓵𝓪_𝓓.𝓐,0.6721
uuppio,𝕳𝕬𝕴𝕶𝕬𝕷 𝖁1,0.7411
uuppio,𝘿𝙚𝙣,0.6669
uuppio,𝙾𝚛𝚢𝚣𝚊 𝚂𝚊𝚝𝚒𝚟𝚊 🌾,0.7755
uuppio,🐦,0.6514
uuppio,👻hsb👻,0.6902
uuppio,👾,0.676
uuppio,🧋,0.7456
va 17hd,van pablo,0.7167
va 17hd,vanooo,0.6898
va 17hd,viann,0.8715
va 17hd,vittss..,0.6837
va 17hd,wo,0.6969
va 17hd,wong elek,0.7081
va 17hd,ws🪩,0.7493
va 17hd,wzrd,0.7047
va 17hd,yanuar,0.693
va 17hd,yaraaayaaaa,0.6546
va 17hd,yogaaa21,0.7598
va 17hd,yyy,0.7851
va 17hd,y💥💯                😛,0.6606
va 17hd,z4kk🇦🇱🇦🇱,0.6956
va 17hd,zaka.ya,0.7256
va 17hd,zazamm,0.8542
va 17hd,zeniperr,0.6862
va 17hd,zrill🇦🇱🇦🇱,0.6989
va 17hd,ɴᴀᴛ,0.6869
va 17hd,˚ ༘ 🦕𖦹⋆｡˚,0.7959
va 17hd,فەیزال,0.693
va 17hd,⋇⋆✦chelsea ♛┈⛧♡,0.7161
va 17hd,★,0.6517
va 17hd,☝️👌👌cc,0.8041
va 17hd,✌️,0.8143
va 17hd,マᥱž𝚊,0.691
va 17hd,윙고🇲🇨🇰🇷,0.6677
va 17hd,￴,0.6699
va 17hd,￴ ￴ ￴  ￴ ￴ ￴ ￴ ￴,0.7184
va 17hd,￴￴,0.7115
va 17hd,𝑱𝒖𝒍𝒊𝒂𝒏𝒏𝒏,0.7225
va 17hd,𝓝𝓪𝔂𝓵𝓪_𝓓.𝓐,0.6638
va 17hd,𝕳𝕬𝕴𝕶𝕬𝕷 𝖁1,0.7343
va 17hd,𝕶𝖞𝖓𝖟𝖟,0.7397
va 17hd,𝘼𝙇𝙃𝘼𝙆𝙄𝙈𝙕,0.6986
va 17hd,𝘿𝙚𝙣,0.7391
va 17hd,𝙋𝙍𝙄𝙉𝘾𝙀 15,0.762
va 17hd,𝙡𝙚𝙣𝙜,0.7955
va 17hd,🏴󠁧󠁢󠁥󠁮󠁧󠁿🏴󠁧󠁢󠁥󠁮󠁧󠁿,0.6854
va 17hd,🐣,0.6682
va 17hd,🐦,0.6893
va 17hd,🔴⚪,0.6845
va 17hd,🕊,0.8102
van pablo,vanooo,0.7627
van pablo,viann,0.7248
van pablo,wong elek,0.652
van pablo,wongwonganmumet,0.6913
van pablo,ws🪩,0.6891
van pablo,wzrd,0.7037
van pablo,yanuar,0.6707
van pablo,yaraaayaaaa,0.6646
van pablo,yesakiw,0.6981
van pablo,yogaaa21,0.6585
van pablo,z4kk🇦🇱🇦🇱,0.6892
van pablo,zaka.ya,0.7187
van pablo,zazamm,0.7027
van pablo,zeniperr,0.6965
van pablo,zrill🇦🇱🇦🇱,0.7321
van pablo,àlwàysdip,0.6596
van pablo,ɴᴀᴛ,0.6658
van pablo,˚ ༘ 🦕𖦹⋆｡˚,0.6768
van pablo,فەیزال,0.7149
van pablo,เςคภ,0.691
van pablo,™.yunz ★ 447.¥,0.7299
van pablo,☝️👌👌cc,0.6635
van pablo,✌️,0.6682
van pablo,マᥱž𝚊,0.6861
van pablo,윙고🇲🇨🇰🇷,0.7196
van pablo,️dika_sajah,0.7213
van pablo,￴,0.6542
van pablo,￴ ￴ ￴  ￴ ￴ ￴ ￴ ￴,0.6647
van pablo,￴￴,0.7539
van pablo,𝐫𝐢𝐝𝐨𝐨🕊️,0.723
van pablo,𝑱𝒖𝒍𝒊𝒂𝒏𝒏𝒏,0.6649
van pablo,𝕳𝕬𝕴𝕶𝕬𝕷 𝖁1,0.6981
van pablo,𝕶𝖞𝖓𝖟𝖟,0.6577
van pablo,𝘼𝙇𝙃𝘼𝙆𝙄𝙈𝙕,0.7216
van pablo,𝘿𝙚𝙣,0.6779
van pablo,𝙋𝙍𝙄𝙉𝘾𝙀 15,0.6738
van pablo,𝙖𝙩𝙨𝙨,0.6501
van pablo,𝙡𝙚𝙣𝙜,0.6949
van pablo,🐣,0.6581
van pablo,💋,0.6669
van pablo,🔴⚪,0.7032
van pablo,🕊,0.7466
vann 🌳,ye,0.6664
vann 🌳,⠀ ⠀ ⠀ ⠀ ⠀᠌,0.6713
vann 🌳,🄱🄰🅈🅄🄸🄽🄳🄰🄷🄾🄵🄵🅂🄴🅃,0.7789
vann 🌳,🐚🫧🪩,0.6561
vannn opet,vinss,0.7411
vannn opet,wdyt_,0.7937
vannn opet,weird zeze🇩🇪,0.7491
vannn opet,x4ngee🕊️,0.7554
vannn opet,zain,0.675
vannn opet,zainvick_,0.719
vannn opet,zannn,0.6969
vannn opet,♥,0.6667
vannn opet,ꦲꦼꦤ꧀ꦝꦺꦴꦱ꧀,0.6641
vannn opet,𓆈🌊,0.6525
vannn opet,𝐀𝐋𝐄𝐗𝐀𝐍𝐃𝐑𝐈𝐀,0.653
vannn opet,👾,0.725
vannn opet,🫧,0.651
vanooo,varkon🚀🚀,0.706
vanooo,viann,0.7024
vanooo,vittss..,0.663
vanooo,wong elek,0.671
vanooo,wongwonganmumet,0.6629
vanooo,ws🪩,0.657
vanooo,wzrd,0.6892
vanooo,yogaaa21,0.6917
vanooo,yyy,0.6548
vanooo,zaka.ya,0.7472
vanooo,zazamm,0.6728
vanooo,zeniperr,0.6501
vanooo,zrill🇦🇱🇦🇱,0.7188
vanooo,ɴᴀᴛ,0.6541
vanooo,˚ ༘ 🦕𖦹⋆｡˚,0.6648
vanooo,☝️👌👌cc,0.6977
vanooo,✌️,0.6612
vanooo,マᥱž𝚊,0.701
vanooo,윙고🇲🇨🇰🇷,0.7027
vanooo,️dika_sajah,0.6873
vanooo,￴￴,0.7411
vanooo,𝐫𝐢𝐝𝐨𝐨🕊️,0.6926
vanooo,𝑱𝒖𝒍𝒊𝒂𝒏𝒏𝒏,0.6978
vanooo,𝕳𝕬𝕴𝕶𝕬𝕷 𝖁1,0.7157
vanooo,𝙋𝙍𝙄𝙉𝘾𝙀 15,0.6683
vanooo,𝙡𝙚𝙣𝙜,0.7047
vanooo,🐣,0.6673
vanooo,💩.,0.6673
vanooo,🕊,0.7561
vanzzz,wawud,0.6513
vanzzz,wien,0.7904
vanzzz,wiwut,0.7256
vanzzz,⚽,0.7904
vanzzz,😂,0.7437
vanzzz,🥷,0.7638
varkon🚀🚀,wtf.prilz,0.6962
varkon🚀🚀,wzrd,0.7157
varkon🚀🚀,zaka.ya,0.654
varkon🚀🚀,zazamm,0.6539
varkon🚀🚀,ɴᴀᴛ,0.7207
varkon🚀🚀,˚ ༘ 🦕𖦹⋆｡˚,0.6702
varkon🚀🚀,☝️👌👌cc,0.6565
varkon🚀🚀,￴ ￴ ￴  ￴ ￴ ￴ ￴ ￴,0.658
varkon🚀🚀,𝙡𝙚𝙣𝙜,0.6702
varkon🚀🚀,💋,0.656
varkon🚀🚀,💩.,0.6754
varkon🚀🚀,🕊,0.7058
veri ramandani18,wien,0.8043
veri ramandani18,wisnu krishna,0.7068
veri ramandani18,ye,0.6586
veri ramandani18,yuliazaa,0.7331
veri ramandani18,น้ำอุ่น กัญญาภัทร เต๊กอ๋อต้ง,0.7331
veri ramandani18,⚽,0.8043
veri ramandani18,⠀ ⠀ ⠀ ⠀ ⠀᠌,0.8055
veri ramandani18,レザ,0.7607
veri ramandani18,𝕱_v2,0.6945
veri ramandani18,🌵dnd's_mom🌵,0.7323
viann,vittss..,0.6777
viann,wo,0.7226
viann,wong elek,0.7571
viann,wongwonganmumet,0.6687
viann,ws🪩,0.7641
viann,wzrd,0.7869
viann,yanuar,0.737
viann,yaraaayaaaa,0.6756
viann,yogaaa21,0.7899
viann,yyy,0.812
viann,y💥💯                😛,0.7269
viann,z4kk🇦🇱🇦🇱,0.7066
viann,zaall,0.6746
viann,zaka.ya,0.7855
viann,zazamm,0.8972
viann,zeniperr,0.7115
viann,zppcx,0.6551
viann,zrill🇦🇱🇦🇱,0.7373
viann,zrill💥,0.6538
viann,˚ ༘ 🦕𖦹⋆｡˚,0.7917
viann,فەیزال,0.7214
viann,ᴘɪᴋᴀғʀɪᴇᴅᴄʜɪᴄᴋᴇɴ,0.6504
viann,⋇⋆✦chelsea ♛┈⛧♡,0.7318
viann,★,0.7128
viann,☝️👌👌cc,0.8302
viann,✌️,0.7943
viann,윙고🇲🇨🇰🇷,0.6996
viann,️dika_sajah,0.6994
viann,￴,0.694
viann,￴ ￴ ￴  ￴ ￴ ￴ ￴ ￴,0.6967
viann,￴￴,0.7474
viann,𝑱𝒖𝒍𝒊𝒂𝒏𝒏𝒏,0.7509
viann,𝓝𝓪𝔂𝓵𝓪_𝓓.𝓐,0.7119
viann,𝕳𝕬𝕴𝕶𝕬𝕷 𝖁1,0.7895
viann,𝕶𝖞𝖓𝖟𝖟,0.742
viann,𝘼𝙇𝙃𝘼𝙆𝙄𝙈𝙕,0.7503
viann,𝘿𝙚𝙣,0.7989
viann,𝙋𝙍𝙄𝙉𝘾𝙀 15,0.7348
viann,𝙡𝙚𝙣𝙜,0.8156
viann,🎮,0.6569
viann,🏴󠁧󠁢󠁥󠁮󠁧󠁿🏴󠁧󠁢󠁥󠁮󠁧󠁿,0.7074
viann,🐣,0.6582
viann,🐦,0.7433
viann,💋,0.6727
viann,🔴⚪,0.7634
viann,🕊,0.8873
viann,🧋,0.6763
vinss,vnn$fomo,0.7092
vinss,wdyt_,0.7736
vinss,weird zeze🇩🇪,0.8399
vinss,x4ngee🕊️,0.6724
vinss,zain,0.8046
vinss,zannn,0.7379
vinss,ziee_1901,0.7121
vinss,zppcx,0.6573
vinss,àlwàysdip,0.6758
vinss,ᴘɪᴋᴀғʀɪᴇᴅᴄʜɪᴄᴋᴇɴ,0.6984
vinss,♥,0.6886
vinss,꧁epep꧂,0.6597
vinss,𓏵,0.6668
vinss,𝙾𝚛𝚢𝚣𝚊 𝚂𝚊𝚝𝚒𝚟𝚊 🌾,0.679
vinss,👾,0.7473
vinss,💋,0.6885
vinza,wdyt_,0.67
vinza,you're okay reszz,0.664
vinza,y🅰️hya?,0.6948
vinza,𝑛𝑜𝑒𝑟𝑒𝑎𝑙_𝑎𝑧🍃,0.7064
vinza,𝑦𝑦𝑦𝑦,0.6948
vinza,𝕄 𝕒 𝕤  𝕋𝕒𝕜𝕪𝕦𝕟,0.695
vinza,"𝖂𝖍𝖔'𝕾,𝕭𝖗𝖆𝖓රධ",0.6519
vinza,🫧,0.6985
vittss..,wiindoc,0.7106
vittss..,wo,0.6726
vittss..,wong elek,0.6835
vittss..,wongwonganmumet,0.6881
vittss..,ws🪩,0.7788
vittss..,wzrd,0.6832
vittss..,yanuar,0.6839
vittss..,yyy,0.7041
vittss..,y💥💯                😛,0.6915
vittss..,z4kk🇦🇱🇦🇱,0.6928
vittss..,zaall,0.7212
vittss..,zarr★,0.6554
vittss..,zeniperr,0.6969
vittss..,zppcx,0.6845
vittss..,zrill🇦🇱🇦🇱,0.6697
vittss..,ɴᴀᴛ,0.7556
vittss..,˚ ༘ 🦕𖦹⋆｡˚,0.6999
vittss..,⋇⋆✦chelsea ♛┈⛧♡,0.7582
vittss..,★,0.7146
vittss..,☝️👌👌cc,0.6827
vittss..,⛓️,0.6978
vittss..,✧saged🌊,0.6947
vittss..,ザキ・アルディアンシア,0.7039
vittss..,マᥱž𝚊,0.6753
vittss..,윙고🇲🇨🇰🇷,0.7293
vittss..,️dika_sajah,0.7385
vittss..,￴￴,0.715
vittss..,𝑱𝒖𝒍𝒊𝒂𝒏𝒏𝒏,0.6504
vittss..,𝘼𝙇𝙃𝘼𝙆𝙄𝙈𝙕,0.6509
vittss..,𝙋𝙍𝙄𝙉𝘾𝙀 15,0.7
vittss..,𝙖𝙩𝙨𝙨,0.732
vittss..,𝙡𝙚𝙣𝙜,0.8068
vittss..,𝙧𝙖𝙙𝙚𝙣𝙣𝙠𝙪𝙘𝙞𝙩𝙩🌊,0.6801
vittss..,🅰️★,0.6655
vittss..,🐣,0.7008
vittss..,🕊,0.7491
vnn$fomo,wdyt_,0.6857
vnn$fomo,weird zeze🇩🇪,0.6558
vnn$fomo,wongwonganmumet,0.6506
vnn$fomo,yhahaha,0.7061
vnn$fomo,z4kk🇦🇱🇦🇱,0.7529
vnn$fomo,zaall,0.7121
vnn$fomo,zain,0.7607
vnn$fomo,zannn,0.6765
vnn$fomo,ziee_1901,0.6662
vnn$fomo,zppcx,0.6749
vnn$fomo,àlwàysdip,0.6533
vnn$fomo,ɴᴀᴛ,0.6701
vnn$fomo,♥,0.7082
vnn$fomo,꧁epep꧂,0.7437
vnn$fomo,👾,0.6791
vnn$fomo,💋,0.6838
wahyu,zi yan,0.6853
warung knalpot racing,ye,0.6814
wawud,ye,0.687
wawud,⠀ ⠀ ⠀ ⠀ ⠀᠌,0.6503
wawud,🕸,0.788
wawud,😂,0.6777
wdyt_,weird zeze🇩🇪,0.7767
wdyt_,x4ngee🕊️,0.8022
wdyt_,you're okay reszz,0.7062
wdyt_,z4m,0.6853
wdyt_,zainvick_,0.6825
wdyt_,zannn,0.6662
wdyt_,ziee_1901,0.6677
wdyt_,ғɪᴋʀɪ🐦‍🔥,0.6548
wdyt_,ಠ_ರೃ,0.7197
wdyt_,♥,0.7085
wdyt_,ꦲꦼꦤ꧀ꦝꦺꦴꦱ꧀,0.6827
wdyt_,𓆈🌊,0.6574
wdyt_,𓏵,0.8326
wdyt_,𝐀𝐋𝐄𝐗𝐀𝐍𝐃𝐑𝐈𝐀,0.6836
wdyt_,"𝖂𝖍𝖔'𝕾,𝕭𝖗𝖆𝖓රධ",0.7438
wdyt_,👀,0.6721
wdyt_,👾,0.668
wdyt_,🫧,0.7386
weird zeze🇩🇪,zain,0.7282
weird zeze🇩🇪,zainvick_,0.6988
weird zeze🇩🇪,ziee_1901,0.7139
weird zeze🇩🇪,ꦲꦼꦤ꧀ꦝꦺꦴꦱ꧀,0.6879
weird zeze🇩🇪,𓏵,0.7623
weird zeze🇩🇪,𝘉𝘐 𝔟𝔢𝔫𝔠𝔦 𝔠𝔦𝔫𝔱𝔞~,0.6572
weird zeze🇩🇪,👾,0.6846
weird zeze🇩🇪,💋,0.6746
wh0,⛓️,0.6641
wien,⚽,1.0
wien,⠀ ⠀ ⠀ ⠀ ⠀᠌,0.6656
wien,🥷,0.6881
wiindoc,ws🪩,0.7313
wiindoc,wtf.prilz,0.6916
wiindoc,wzrd,0.6637
wiindoc,yyy,0.6517
wiindoc,y💥💯                😛,0.6511
wiindoc,z4kk🇦🇱🇦🇱,0.6507
wiindoc,zeniperr,0.6764
wiindoc,˚ ༘ 🦕𖦹⋆｡˚,0.6542
wiindoc,⋇⋆✦chelsea ♛┈⛧♡,0.7696
wiindoc,★,0.7345
wiindoc,✧saged🌊,0.6509
wiindoc,ザキ・アルディアンシア,0.653
wiindoc,윙고🇲🇨🇰🇷,0.6898
wiindoc,️dika_sajah,0.6693
wiindoc,𝙋𝙍𝙄𝙉𝘾𝙀 15,0.6865
wiindoc,𝙖𝙩𝙨𝙨,0.6507
wiindoc,𝙡𝙚𝙣𝙜,0.7077
wiindoc,🐣,0.6595
wiindoc,🕊,0.6843
wirr tzy,⭐zka,0.6525
wisnu krishna,you're okay reszz,0.6702
wisnu krishna,yuliazaa,0.8381
wisnu krishna,น้ำอุ่น กัญญาภัทร เต๊กอ๋อต้ง,0.8381
wisnu krishna,🌵dnd's_mom🌵,0.8223
wiwut,zaza,0.6946
wiwut,zexx'777,0.7129
wiwut,| ig : @aseprmadanni,0.6606
wiwut,レザ,0.674
wiwut,𝙔𝙊𝙂𝙂𝘼𝘼⭐💦,0.6894
wiwut,🎀sheila||suka ngonten🎀,0.6748
wiwut,💥,0.6948
wiwut,😂,0.749
wiwut,🥷,0.8095
wo,wong elek,0.8031
wo,wongwonganmumet,0.6511
wo,ws🪩,0.7104
wo,yanuar,0.7146
wo,y💥💯                😛,0.6873
wo,zaka.ya,0.7032
wo,zarr★,0.6658
wo,zazamm,0.6595
wo,zrill🇦🇱🇦🇱,0.7681
wo,˚ ༘ 🦕𖦹⋆｡˚,0.6796
wo,⋇⋆✦chelsea ♛┈⛧♡,0.7064
wo,☝️👌👌cc,0.6506
wo,✌️,0.6664
wo,ザキ・アルディアンシア,0.6738
wo,윙고🇲🇨🇰🇷,0.6698
wo,￴￴,0.701
wo,𝑱𝒖𝒍𝒊𝒂𝒏𝒏𝒏,0.6793
wo,𝕶𝖞𝖓𝖟𝖟,0.696
wo,𝘼𝙇𝙃𝘼𝙆𝙄𝙈𝙕,0.7073
wo,𝙋𝙍𝙄𝙉𝘾𝙀 15,0.6939
wo,𝙖𝙩𝙨𝙨,0.656
wo,𝙡𝙚𝙣𝙜,0.7056
wo,𝙧𝙖𝙙𝙚𝙣𝙣𝙠𝙪𝙘𝙞𝙩𝙩🌊,0.7172
wo,🔴⚪,0.7125
wo,🕊,0.6948
wo,🪽,0.676
wong elek,wongwonganmumet,0.7084
wong elek,ws🪩,0.6876
wong elek,wzrd,0.7538
wong elek,yanuar,0.7984
wong elek,yogaaa21,0.7224
wong elek,yyy,0.6782
wong elek,y💥💯                😛,0.6639
wong elek,zaka.ya,0.8046
wong elek,zazamm,0.7141
wong elek,zrill🇦🇱🇦🇱,0.8468
wong elek,˚ ༘ 🦕𖦹⋆｡˚,0.7668
wong elek,فەیزال,0.6888
wong elek,່ ‍ a,0.6679
wong elek,⋇⋆✦chelsea ♛┈⛧♡,0.661
wong elek,☝️👌👌cc,0.7415
wong elek,✌️,0.653
wong elek,ザキ・アルディアンシア,0.6851
wong elek,윙고🇲🇨🇰🇷,0.6601
wong elek,️dika_sajah,0.7067
wong elek,￴,0.7136
wong elek,￴ ￴ ￴  ￴ ￴ ￴ ￴ ￴,0.6573
wong elek,￴￴,0.7238
wong elek,𝑱𝒖𝒍𝒊𝒂𝒏𝒏𝒏,0.7957
wong elek,𝕳𝕬𝕴𝕶𝕬𝕷 𝖁1,0.6851
wong elek,𝕶𝖞𝖓𝖟𝖟,0.6832
wong elek,𝘼𝙇𝙃𝘼𝙆𝙄𝙈𝙕,0.6767
wong elek,𝘿𝙚𝙣,0.7235
wong elek,𝙋𝙍𝙄𝙉𝘾𝙀 15,0.704
wong elek,𝙡𝙚𝙣𝙜,0.7485
wong elek,𝙧𝙖𝙙𝙚𝙣𝙣𝙠𝙪𝙘𝙞𝙩𝙩🌊,0.6563
wong elek,🎮,0.6609
wong elek,🏴󠁧󠁢󠁥󠁮󠁧󠁿🏴󠁧󠁢󠁥󠁮󠁧󠁿,0.7624
wong elek,🐦,0.7003
wong elek,🔴⚪,0.8028
wong elek,🕊,0.828
wong gringsing,y🅰️hya?,0.7637
wong gringsing,z4m,0.6575
wong gringsing,~~boyszzarddd~~ardboysss🇦🇱🪩,0.7507
wong gringsing,່,0.7616
wong gringsing,✧-ta_kepkat,0.7121
wong gringsing,❤️💛💚,0.7658
wong gringsing,𝑦𝑦𝑦𝑦,0.7637
wong gringsing,𝔅𝔩𝔲𝔢𝔢𝔅𝔬𝔬𝔰𝔱 💨💫,0.6874
wong gringsing,"𝖂𝖍𝖔'𝕾,𝕭𝖗𝖆𝖓රධ",0.6748
wong gringsing,𝗕𝗠𝗞𝗚,0.7616
wong gringsing,𝘁𝗿ē𝗻𝗱à𝗻𝘇𝘅,0.7616
wong gringsing,👻,0.8664
wong gringsing,💫,0.6785
wong gringsing,🔥theeam3ll⚡,0.7218
wong kene bae,"wong""plosok",0.7341
wong kene bae,ynnnz,0.6892
wong kene bae,| ig : @aseprmadanni,0.6664
wong kene bae,˚꩜｡⋆˚࿔ 𝔂𝓪𝔂𝓪 𝜗𝜚˚⋆🧸ྀི,0.6709
wong kene bae,ℒ𝓊𝓬𝓴𝔂,0.7684
wong kene bae,⭐zka,0.6527
wong kene bae,𝘾𝙖𝙡𝙤𝙣 𝙃𝘼𝙅𝙄,0.7002
wong kene bae,𝙢𝙖𝙖𝙖𝙖𝙖𝙖𝙨𝙨𝙨𝙠𝙖𝙣𝙣𝙣,0.6754
wong kene bae,🆘,0.7461
"wong""plosok",xy_don🚀,0.7831
"wong""plosok",ynnnz,0.7387
"wong""plosok",yoo🅰️jahh,0.6813
"wong""plosok",zexx'777,0.7092
"wong""plosok",zouheir.yaz_ze,0.6554
"wong""plosok",zye hehe,0.746
"wong""plosok",| ig : @aseprmadanni,0.6708
"wong""plosok",˚꩜｡⋆˚࿔ 𝔂𝓪𝔂𝓪 𝜗𝜚˚⋆🧸ྀི,0.7416
"wong""plosok",ℒ𝓊𝓬𝓴𝔂,0.6654
"wong""plosok",⭐zka,0.711
"wong""plosok",𝕬𝖟𝖐𝖆 𝖋𝖔𝖗 𝖞𝖔𝖚,0.748
"wong""plosok",𝘾𝙖𝙡𝙤𝙣 𝙃𝘼𝙅𝙄,0.7846
"wong""plosok",𝙎𝘽𝙎 001_𝙨𝙠𝙖𝙮 𝙮𝙚𝙡𝙤𝙬,0.6653
"wong""plosok",𝙢𝙖𝙖𝙖𝙖𝙖𝙖𝙨𝙨𝙨𝙠𝙖𝙣𝙣𝙣,0.7105
"wong""plosok",🆘,0.6735
wongwonganmumet,ws🪩,0.7151
wongwonganmumet,wzrd,0.7426
wongwonganmumet,yanuar,0.6528
wongwonganmumet,yesakiw,0.6864
wongwonganmumet,y💥💯                😛,0.8116
wongwonganmumet,z4kk🇦🇱🇦🇱,0.7325
wongwonganmumet,zaall,0.7058
wongwonganmumet,zain,0.667
wongwonganmumet,zaka.ya,0.7486
wongwonganmumet,zeniperr,0.7293
wongwonganmumet,zrill🇦🇱🇦🇱,0.7548
wongwonganmumet,ɴᴀᴛ,0.7177
wongwonganmumet,˚ ༘ 🦕𖦹⋆｡˚,0.6765
wongwonganmumet,فەیزال,0.6789
wongwonganmumet,່ ‍ a,0.6825
wongwonganmumet,™.yunz ★ 447.¥,0.7326
wongwonganmumet,⋇⋆✦chelsea ♛┈⛧♡,0.6704
wongwonganmumet,★,0.6708
wongwonganmumet,윙고🇲🇨🇰🇷,0.7344
wongwonganmumet,️dika_sajah,0.8261
wongwonganmumet,￴,0.7132
wongwonganmumet,￴￴,0.6739
wongwonganmumet,𝐫𝐢𝐝𝐨𝐨🕊️,0.6773
wongwonganmumet,𝙖𝙩𝙨𝙨,0.697
wongwonganmumet,𝙡𝙚𝙣𝙜,0.7263
wongwonganmumet,𝙧𝙖𝙙𝙚𝙣𝙣𝙠𝙪𝙘𝙞𝙩𝙩🌊,0.7001
wongwonganmumet,💋,0.7712
wongwonganmumet,🕊,0.7557
wongwonganmumet,😡,0.6964
ws🪩,wzrd,0.7339
ws🪩,yanuar,0.7239
ws🪩,yesakiw,0.6646
ws🪩,yogaaa21,0.6883
ws🪩,yyy,0.6894
ws🪩,y💥💯                😛,0.7256
ws🪩,z4kk🇦🇱🇦🇱,0.8029
ws🪩,zaall,0.7058
ws🪩,zain,0.6806
ws🪩,zaka.ya,0.7228
ws🪩,zarr★,0.684
ws🪩,zazamm,0.6681
ws🪩,zeniperr,0.7349
ws🪩,zppcx,0.6668
ws🪩,zrill🇦🇱🇦🇱,0.7782
ws🪩,ɴᴀᴛ,0.7492
ws🪩,˚ ༘ 🦕𖦹⋆｡˚,0.8013
ws🪩,فەیزال,0.8135
ws🪩,เςคภ,0.6665
ws🪩,™.yunz ★ 447.¥,0.7129
ws🪩,⋇⋆✦chelsea ♛┈⛧♡,0.8141
ws🪩,★,0.7528
ws🪩,☝️👌👌cc,0.6849
ws🪩,✌️,0.6532
ws🪩,✧saged🌊,0.7591
ws🪩,ザキ・アルディアンシア,0.7377
ws🪩,マᥱž𝚊,0.7026
ws🪩,윙고🇲🇨🇰🇷,0.726
ws🪩,️dika_sajah,0.811
ws🪩,￴,0.7808
ws🪩,￴ ￴ ￴  ￴ ￴ ￴ ￴ ￴,0.7115
ws🪩,￴￴,0.7238
ws🪩,𝐫𝐢𝐝𝐨𝐨🕊️,0.7025
ws🪩,𝕳𝕬𝕴𝕶𝕬𝕷 𝖁1,0.7163
ws🪩,𝕶𝖞𝖓𝖟𝖟,0.7744
ws🪩,𝘼𝙇𝙃𝘼𝙆𝙄𝙈𝙕,0.6794
ws🪩,𝘿𝙚𝙣,0.6676
ws🪩,𝙋𝙍𝙄𝙉𝘾𝙀 15,0.8495
ws🪩,𝙖𝙩𝙨𝙨,0.7153
ws🪩,𝙡𝙚𝙣𝙜,0.8825
ws🪩,𝙧𝙖𝙙𝙚𝙣𝙣𝙠𝙪𝙘𝙞𝙩𝙩🌊,0.7291
ws🪩,🐣,0.695
ws🪩,💋,0.7084
ws🪩,🔴⚪,0.6547
ws🪩,🕊,0.7988
wtf.prilz,⋇⋆✦chelsea ♛┈⛧♡,0.6669
wwww,🐚🫧🪩,0.6846
wzrd,yanuar,0.766
wzrd,yesakiw,0.6862
wzrd,yhahaha,0.6564
wzrd,yyy,0.6793
wzrd,y💥💯                😛,0.7355
wzrd,z4kk🇦🇱🇦🇱,0.7163
wzrd,zaall,0.7241
wzrd,zain,0.669
wzrd,zaka.ya,0.7794
wzrd,zazamm,0.7061
wzrd,zeniperr,0.7176
wzrd,zppcx,0.7018
wzrd,zrill🇦🇱🇦🇱,0.7558
wzrd,àlwàysdip,0.6506
wzrd,ɴᴀᴛ,0.6558
wzrd,˚ ༘ 🦕𖦹⋆｡˚,0.7146
wzrd,فەیزال,0.7465
wzrd,เςคภ,0.6719
wzrd,™.yunz ★ 447.¥,0.6636
wzrd,⋇⋆✦chelsea ♛┈⛧♡,0.7551
wzrd,★,0.7787
wzrd,☝️👌👌cc,0.6726
wzrd,ザキ・アルディアンシア,0.7006
wzrd,윙고🇲🇨🇰🇷,0.7389
wzrd,️dika_sajah,0.788
wzrd,￴,0.7294
wzrd,￴ ￴ ￴  ￴ ￴ ￴ ￴ ￴,0.6719
wzrd,￴￴,0.7297
wzrd,𝕳𝕬𝕴𝕶𝕬𝕷 𝖁1,0.7112
wzrd,𝘿𝙚𝙣,0.6633
wzrd,𝙋𝙍𝙄𝙉𝘾𝙀 15,0.7165
wzrd,𝙡𝙚𝙣𝙜,0.7486
wzrd,𝙧𝙖𝙙𝙚𝙣𝙣𝙠𝙪𝙘𝙞𝙩𝙩🌊,0.6702
wzrd,🏴󠁧󠁢󠁥󠁮󠁧󠁿🏴󠁧󠁢󠁥󠁮󠁧󠁿,0.6523
wzrd,💋,0.7427
wzrd,🔴⚪,0.6899
wzrd,🕊,0.8328
wzrd,😡,0.6811
x4ngee🕊️,zannn,0.72
x4ngee🕊️,👾,0.6584
x4ngee🕊️,🫧,0.6861
xlx🇮🇲,yaraaayaaaa,0.6531
xlx🇮🇲,zain,0.6613
xlx🇮🇲,zannn,0.7475
xlx🇮🇲,zrill💥,0.6627
xlx🇮🇲,~~boyszzarddd~~ardboysss🇦🇱🪩,0.6693
xlx🇮🇲,♥,0.6502
xlx🇮🇲,𝓝𝓪𝔂𝓵𝓪_𝓓.𝓐,0.6638
xlx🇮🇲,𝕳𝕬𝕴𝕶𝕬𝕷 𝖁1,0.6579
xlx🇮🇲,👻hsb👻,0.6752
xlx🇮🇲,👾,0.7167
xlx🇮🇲,🧋,0.6755
xspeedx,yogszz⚡,0.7001
xspeedx,ᴘɪᴋᴀғʀɪᴇᴅᴄʜɪᴄᴋᴇɴ,0.6637
xspeedx,⛓️,0.7481
xspeedx,✌️,0.7034
xspeedx,𝖇𝖎𝖎𝖑𝖆,0.7509
xspeedx,𝘼𝙇𝙃𝘼𝙆𝙄𝙈𝙕,0.6783
xxtipoo🀄⚡,𝐫𝐢𝐝𝐨𝐨🕊️,0.6601
xxtipoo🀄⚡,𝖗𝖎𝖟𝖝𝖈𝖔🇦🇱,0.6611
xxtipoo🀄⚡,🆘,0.7032
xxtipoo🀄⚡,🕸️,0.6815
xy_don🚀,zexx'777,0.7096
xy_don🚀,zouheir.yaz_ze,0.6523
xy_don🚀,zye hehe,0.8029
xy_don🚀,˚꩜｡⋆˚࿔ 𝔂𝓪𝔂𝓪 𝜗𝜚˚⋆🧸ྀི,0.7189
xy_don🚀,⭐zka,0.7285
xy_don🚀,𝕬𝖟𝖐𝖆 𝖋𝖔𝖗 𝖞𝖔𝖚,0.7411
xy_don🚀,𝘾𝙖𝙡𝙤𝙣 𝙃𝘼𝙅𝙄,0.727
xy_don🚀,𝙎𝘽𝙎 001_𝙨𝙠𝙖𝙮 𝙮𝙚𝙡𝙤𝙬,0.7613
yafzz•𝙯𝙤𝙡𝙙𝙮𝙠🔰💤,y🅰️hya?,0.7317
yafzz•𝙯𝙤𝙡𝙙𝙮𝙠🔰💤,𝑦𝑦𝑦𝑦,0.7317
yanuar,yhahaha,0.7067
yanuar,yogaaa21,0.6736
yanuar,y💥💯                😛,0.6759
yanuar,z4kk🇦🇱🇦🇱,0.6893
yanuar,zaka.ya,0.7349
yanuar,zarr★,0.6847
yanuar,zazamm,0.6795
yanuar,zppcx,0.7481
yanuar,zrill🇦🇱🇦🇱,0.689
yanuar,˚ ༘ 🦕𖦹⋆｡˚,0.7205
yanuar,المجتهد,0.7001
yanuar,فەیزال,0.6585
yanuar,เςคภ,0.735
yanuar,່ ‍ a,0.7481
yanuar,⋇⋆✦chelsea ♛┈⛧♡,0.6999
yanuar,★,0.6704
yanuar,☝️👌👌cc,0.6657
yanuar,✌️,0.6638
yanuar,ザキ・アルディアンシア,0.7763
yanuar,윙고🇲🇨🇰🇷,0.6741
yanuar,️dika_sajah,0.7154
yanuar,￴,0.6887
yanuar,￴ ￴ ￴  ￴ ￴ ￴ ￴ ￴,0.6595
yanuar,￴￴,0.7032
yanuar,𝑱𝒖𝒍𝒊𝒂𝒏𝒏𝒏,0.6774
yanuar,𝕳𝕬𝕴𝕶𝕬𝕷 𝖁1,0.683
yanuar,𝕶𝖞𝖓𝖟𝖟,0.7248
yanuar,𝘼𝙇𝙃𝘼𝙆𝙄𝙈𝙕,0.731
yanuar,𝘿𝙚𝙣,0.6764
yanuar,𝙋𝙍𝙄𝙉𝘾𝙀 15,0.6881
yanuar,𝙖𝙩𝙨𝙨,0.7209
yanuar,𝙡𝙚𝙣𝙜,0.7368
yanuar,𝙧𝙖𝙙𝙚𝙣𝙣𝙠𝙪𝙘𝙞𝙩𝙩🌊,0.6918
yanuar,🏴󠁧󠁢󠁥󠁮󠁧󠁿🏴󠁧󠁢󠁥󠁮󠁧󠁿,0.6877
yanuar,🔴⚪,0.7762
yanuar,🕊,0.7576
yanuar,🤴🏽,0.6542
yaraaayaaaa,yogaaa21,0.7248
yaraaayaaaa,zain,0.6591
yaraaayaaaa,zaka.ya,0.7001
yaraaayaaaa,zannn,0.6751
yaraaayaaaa,zazamm,0.7075
yaraaayaaaa,àlwàysdip,0.6746
yaraaayaaaa,˚ ༘ 🦕𖦹⋆｡˚,0.7387
yaraaayaaaa,ಠ_ರೃ,0.6583
yaraaayaaaa,☝️👌👌cc,0.6661
yaraaayaaaa,♥,0.6927
yaraaayaaaa,✌️,0.659
yaraaayaaaa,𝑱𝒖𝒍𝒊𝒂𝒏𝒏𝒏,0.7026
yaraaayaaaa,𝓝𝓪𝔂𝓵𝓪_𝓓.𝓐,0.7253
yaraaayaaaa,𝕳𝕬𝕴𝕶𝕬𝕷 𝖁1,0.8478
yaraaayaaaa,𝘿𝙚𝙣,0.7475
yaraaayaaaa,𝙡𝙚𝙣𝙜,0.6691
yaraaayaaaa,𝙾𝚛𝚢𝚣𝚊 𝚂𝚊𝚝𝚒𝚟𝚊 🌾,0.6578
yaraaayaaaa,🐦,0.7782
yaraaayaaaa,👻hsb👻,0.6501
yaraaayaaaa,👾,0.7045
yaraaayaaaa,🕊,0.6743
yaraaayaaaa,🧋,0.6946
ye,zaza,0.72
ye,⠀ ⠀ ⠀ ⠀ ⠀᠌,0.8283
ye,レザ,0.6891
ye,🄱🄰🅈🅄🄸🄽🄳🄰🄷🄾🄵🄵🅂🄴🅃,0.6596
ye,💥,0.6666
ye,🕸,0.7564
ye,🪽,0.6531
yesakiw,z4kk🇦🇱🇦🇱,0.6688
yesakiw,zrill🇦🇱🇦🇱,0.6543
yesakiw,ɴᴀᴛ,0.6597
yesakiw,فەیزال,0.6599
yesakiw,™.yunz ★ 447.¥,0.6585
yesakiw,윙고🇲🇨🇰🇷,0.6777
yesakiw,️dika_sajah,0.6844
yesakiw,￴,0.6613
yesakiw,￴￴,0.7014
yesakiw,𝙖𝙩𝙨𝙨,0.658
yesakiw,𝙡𝙚𝙣𝙜,0.6697
yesakiw,💋,0.6847
yesakiw,🕊,0.6929
yhahaha,z4kk🇦🇱🇦🇱,0.659
yhahaha,zain,0.6607
yhahaha,zainvick_,0.7226
yhahaha,zaka.ya,0.6535
yhahaha,zppcx,0.693
yhahaha,เςคภ,0.6506
yhahaha,່ ‍ a,0.7174
ynnnz,| ig : @aseprmadanni,0.682
ynnnz,𝙢𝙖𝙖𝙖𝙖𝙖𝙖𝙨𝙨𝙨𝙠𝙖𝙣𝙣𝙣,0.7184
yogaaa21,yyy,0.7267
yogaaa21,z4kk🇦🇱🇦🇱,0.6606
yogaaa21,zain,0.6828
yogaaa21,zaka.ya,0.8111
yogaaa21,zannn,0.7591
yogaaa21,zazamm,0.8171
yogaaa21,zppcx,0.6586
yogaaa21,zrill🇦🇱🇦🇱,0.708
yogaaa21,zrill💥,0.7187
yogaaa21,ɴᴀᴛ,0.6501
yogaaa21,˚ ༘ 🦕𖦹⋆｡˚,0.7495
yogaaa21,فەیزال,0.6505
yogaaa21,ಠ_ರೃ,0.6946
yogaaa21,☝️👌👌cc,0.8774
yogaaa21,♥,0.7956
yogaaa21,✌️,0.7158
yogaaa21,マᥱž𝚊,0.708
yogaaa21,𝑱𝒖𝒍𝒊𝒂𝒏𝒏𝒏,0.8129
yogaaa21,𝓝𝓪𝔂𝓵𝓪_𝓓.𝓐,0.7389
yogaaa21,𝕳𝕬𝕴𝕶𝕬𝕷 𝖁1,0.7827
yogaaa21,𝕶𝖞𝖓𝖟𝖟,0.6881
yogaaa21,𝘿𝙚𝙣,0.8498
yogaaa21,𝙡𝙚𝙣𝙜,0.7399
yogaaa21,𝙾𝚛𝚢𝚣𝚊 𝚂𝚊𝚝𝚒𝚟𝚊 🌾,0.6791
yogaaa21,🏴󠁧󠁢󠁥󠁮󠁧󠁿🏴󠁧󠁢󠁥󠁮󠁧󠁿,0.8236
yogaaa21,🐦,0.8509
yogaaa21,👾,0.6564
yogaaa21,💩.,0.6704
yogaaa21,🔴⚪,0.6725
yogaaa21,🕊,0.7962
yogaaa21,🧋,0.7279
yogszz⚡,yyy,0.6952
yogszz⚡,ᴘɪᴋᴀғʀɪᴇᴅᴄʜɪᴄᴋᴇɴ,0.7283
yogszz⚡,⛓️,0.6792
yogszz⚡,𝖇𝖎𝖎𝖑𝖆,0.6653
yogszz⚡,💥,0.68
yoo🅰️jahh,zexx'777,0.7083
yoo🅰️jahh,zouheir.yaz_ze,0.6523
yoo🅰️jahh,zye hehe,0.688
yoo🅰️jahh,˚꩜｡⋆˚࿔ 𝔂𝓪𝔂𝓪 𝜗𝜚˚⋆🧸ྀི,0.6639
yoo🅰️jahh,𝕬𝖟𝖐𝖆 𝖋𝖔𝖗 𝖞𝖔𝖚,0.6793
yoo🅰️jahh,𝘾𝙖𝙡𝙤𝙣 𝙃𝘼𝙅𝙄,0.6598
yoo🅰️jahh,𝙔𝙊𝙂𝙂𝘼𝘼⭐💦,0.653
you're okay reszz,𝑛𝑜𝑒𝑟𝑒𝑎𝑙_𝑎𝑧🍃,0.6614
you're okay reszz,🌵dnd's_mom🌵,0.6609
yuliazaa,น้ำอุ่น กัญญาภัทร เต๊กอ๋อต้ง,1.0
yuliazaa,⠀ ⠀ ⠀ ⠀ ⠀᠌,0.6588
yuliazaa,￼,0.7475
yuliazaa,🌵dnd's_mom🌵,0.8367
yuliazaa,🐚🫧🪩,0.7113
yyy,y💥💯                😛,0.6551
yyy,zaall,0.6934
yyy,zain,0.6527
yyy,zaka.ya,0.683
yyy,zazamm,0.8069
yyy,zeniperr,0.6617
yyy,zrill🇦🇱🇦🇱,0.6605
yyy,zrill💥,0.6579
yyy,ɴᴀᴛ,0.6981
yyy,˚ ༘ 🦕𖦹⋆｡˚,0.7377
yyy,ᴘɪᴋᴀғʀɪᴇᴅᴄʜɪᴄᴋᴇɴ,0.7258
yyy,⋇⋆✦chelsea ♛┈⛧♡,0.6827
yyy,★,0.6869
yyy,☝️👌👌cc,0.8114
yyy,⛓️,0.7061
yyy,✌️,0.7489
yyy,️dika_sajah,0.6658
yyy,￴ ￴ ￴  ￴ ￴ ￴ ￴ ￴,0.6557
yyy,￴￴,0.6558
yyy,𝑱𝒖𝒍𝒊𝒂𝒏𝒏𝒏,0.7378
yyy,𝕳𝕬𝕴𝕶𝕬𝕷 𝖁1,0.701
yyy,𝕶𝖞𝖓𝖟𝖟,0.6546
yyy,𝖇𝖎𝖎𝖑𝖆,0.6778
yyy,𝘼𝙇𝙃𝘼𝙆𝙄𝙈𝙕,0.679
yyy,𝘿𝙚𝙣,0.6974
yyy,𝙡𝙚𝙣𝙜,0.7715
yyy,🏴󠁧󠁢󠁥󠁮󠁧󠁿🏴󠁧󠁢󠁥󠁮󠁧󠁿,0.6956
yyy,🐣,0.65
yyy,🐦,0.6658
yyy,💋,0.6831
yyy,🕊,0.7756
y🅰️hya?,z4m,0.6654
y🅰️hya?,~~boyszzarddd~~ardboysss🇦🇱🪩,0.6721
y🅰️hya?,່,0.7361
y🅰️hya?,✧-ta_kepkat,0.6944
y🅰️hya?,❤️💛💚,0.7177
y🅰️hya?,𝐀𝐋𝐄𝐗𝐀𝐍𝐃𝐑𝐈𝐀,0.6552
y🅰️hya?,𝑦𝑦𝑦𝑦,1.0
y🅰️hya?,𝔅𝔩𝔲𝔢𝔢𝔅𝔬𝔬𝔰𝔱 💨💫,0.7651
y🅰️hya?,"𝖂𝖍𝖔'𝕾,𝕭𝖗𝖆𝖓රධ",0.6933
y🅰️hya?,𝗕𝗠𝗞𝗚,0.7361
y🅰️hya?,𝘁𝗿ē𝗻𝗱à𝗻𝘇𝘅,0.7361
y🅰️hya?,🌵dnd's_mom🌵,0.6565
y🅰️hya?,👻,0.693
y🅰️hya?,💫,0.855
y🅰️hya?,🔥theeam3ll⚡,0.7206
y💥💯                😛,z4kk🇦🇱🇦🇱,0.6939
y💥💯                😛,zaall,0.7012
y💥💯                😛,zain,0.6572
y💥💯                😛,zaka.ya,0.7201
y💥💯                😛,zeniperr,0.6601
y💥💯                😛,zrill🇦🇱🇦🇱,0.6772
y💥💯                😛,˚ ༘ 🦕𖦹⋆｡˚,0.6779
y💥💯                😛,່ ‍ a,0.6655
y💥💯                😛,⋇⋆✦chelsea ♛┈⛧♡,0.716
y💥💯                😛,★,0.7461
y💥💯                😛,️dika_sajah,0.755
y💥💯                😛,￴,0.6708
y💥💯                😛,𝙖𝙩𝙨𝙨,0.6977
y💥💯                😛,𝙡𝙚𝙣𝙜,0.6929
y💥💯                😛,𝙧𝙖𝙙𝙚𝙣𝙣𝙠𝙪𝙘𝙞𝙩𝙩🌊,0.7201
y💥💯                😛,💋,0.6905
y💥💯                😛,🕊,0.6975
z4kk🇦🇱🇦🇱,zaall,0.7132
z4kk🇦🇱🇦🇱,zain,0.7525
z4kk🇦🇱🇦🇱,zaka.ya,0.6717
z4kk🇦🇱🇦🇱,zannn,0.6641
z4kk🇦🇱🇦🇱,zeniperr,0.7407
z4kk🇦🇱🇦🇱,zppcx,0.7236
z4kk🇦🇱🇦🇱,zrill🇦🇱🇦🇱,0.7237
z4kk🇦🇱🇦🇱,ɴᴀᴛ,0.7074
z4kk🇦🇱🇦🇱,˚ ༘ 🦕𖦹⋆｡˚,0.7212
z4kk🇦🇱🇦🇱,فەیزال,0.8238
z4kk🇦🇱🇦🇱,เςคภ,0.7489
z4kk🇦🇱🇦🇱,ᴘɪᴋᴀғʀɪᴇᴅᴄʜɪᴄᴋᴇɴ,0.6598
z4kk🇦🇱🇦🇱,™.yunz ★ 447.¥,0.8114
z4kk🇦🇱🇦🇱,⋇⋆✦chelsea ♛┈⛧♡,0.6512
z4kk🇦🇱🇦🇱,☝️👌👌cc,0.666
z4kk🇦🇱🇦🇱,✧saged🌊,0.7547
z4kk🇦🇱🇦🇱,꧁epep꧂,0.7034
z4kk🇦🇱🇦🇱,윙고🇲🇨🇰🇷,0.6558
z4kk🇦🇱🇦🇱,️dika_sajah,0.7608
z4kk🇦🇱🇦🇱,￴,0.8354
z4kk🇦🇱🇦🇱,￴￴,0.6607
z4kk🇦🇱🇦🇱,𝐫𝐢𝐝𝐨𝐨🕊️,0.6573
z4kk🇦🇱🇦🇱,𝕳𝕬𝕴𝕶𝕬𝕷 𝖁1,0.6884
z4kk🇦🇱🇦🇱,𝕶𝖞𝖓𝖟𝖟,0.6734
z4kk🇦🇱🇦🇱,𝙋𝙍𝙄𝙉𝘾𝙀 15,0.7164
z4kk🇦🇱🇦🇱,𝙖𝙩𝙨𝙨,0.7258
z4kk🇦🇱🇦🇱,𝙡𝙚𝙣𝙜,0.8059
z4kk🇦🇱🇦🇱,𝙧𝙖𝙙𝙚𝙣𝙣𝙠𝙪𝙘𝙞𝙩𝙩🌊,0.6865
z4kk🇦🇱🇦🇱,💋,0.8116
z4kk🇦🇱🇦🇱,🕊,0.731
z4kk🇦🇱🇦🇱,😡,0.7022
z4m,ಠ_ರೃ,0.7403
z4m,♊,0.6682
z4m,𝑦𝑦𝑦𝑦,0.6654
z4m,💫,0.6885
z4m,🤴🏽,0.6745
zaall,zain,0.7495
zaall,zaka.ya,0.669
zaall,zeniperr,0.7028
zaall,zppcx,0.6784
zaall,zrill🇦🇱🇦🇱,0.6751
zaall,zrill💥,0.6514
zaall,àlwàysdip,0.6545
zaall,ɴᴀᴛ,0.7342
zaall,˚ ༘ 🦕𖦹⋆｡˚,0.6918
zaall,ᴘɪᴋᴀғʀɪᴇᴅᴄʜɪᴄᴋᴇɴ,0.6959
zaall,⋇⋆✦chelsea ♛┈⛧♡,0.6803
zaall,★,0.6842
zaall,☝️👌👌cc,0.676
zaall,✧saged🌊,0.6531
zaall,ザキ・アルディアンシア,0.6568
zaall,윙고🇲🇨🇰🇷,0.6783
zaall,️dika_sajah,0.7671
zaall,￴￴,0.6663
zaall,𝐫𝐢𝐝𝐨𝐨🕊️,0.6551
zaall,𝙖𝙩𝙨𝙨,0.661
zaall,𝙡𝙚𝙣𝙜,0.7056
zaall,𝙧𝙖𝙙𝙚𝙣𝙣𝙠𝙪𝙘𝙞𝙩𝙩🌊,0.6619
zaall,💋,0.7345
zaall,🕊,0.6967
zaall,😡,0.6978
zain,zaka.ya,0.6562
zain,zannn,0.7624
zain,ziee_1901,0.7726
zain,ziie34,0.662
zain,zppcx,0.6812
zain,zrill💥,0.6811
zain,àlwàysdip,0.7448
zain,ɴᴀᴛ,0.663
zain,ᴘɪᴋᴀғʀɪᴇᴅᴄʜɪᴄᴋᴇɴ,0.7115
zain,☝️👌👌cc,0.6534
zain,♥,0.7095
zain,꧁epep꧂,0.6885
zain,️dika_sajah,0.6866
zain,𝓝𝓪𝔂𝓵𝓪_𝓓.𝓐,0.6743
zain,𝕳𝕬𝕴𝕶𝕬𝕷 𝖁1,0.6861
zain,𝘿𝙚𝙣,0.6768
zain,𝙡𝙚𝙣𝙜,0.6551
zain,𝙧𝙖𝙙𝙚𝙣𝙣𝙠𝙪𝙘𝙞𝙩𝙩🌊,0.6642
zain,𝙾𝚛𝚢𝚣𝚊 𝚂𝚊𝚝𝚒𝚟𝚊 🌾,0.7023
zain,🐦,0.6868
zain,👾,0.7717
zain,💋,0.8081
zain,🕊,0.6623
zain,😡,0.6985
zainvick_,𓆈🌊,0.6834
zainvick_,𝓝𝓪𝔂𝓵𝓪_𝓓.𝓐,0.6565
zainvick_,👀,0.6759
zaka.ya,zannn,0.6516
zaka.ya,zazamm,0.7574
zaka.ya,zeniperr,0.6593
zaka.ya,zppcx,0.6882
zaka.ya,zrill🇦🇱🇦🇱,0.8113
zaka.ya,zrill💥,0.6554
zaka.ya,ɴᴀᴛ,0.666
zaka.ya,˚ ༘ 🦕𖦹⋆｡˚,0.7705
zaka.ya,فەیزال,0.6913
zaka.ya,່ ‍ a,0.6958
zaka.ya,⋇⋆✦chelsea ♛┈⛧♡,0.7224
zaka.ya,★,0.6927
zaka.ya,☝️👌👌cc,0.7626
zaka.ya,♥,0.7391
zaka.ya,✌️,0.672
zaka.ya,윙고🇲🇨🇰🇷,0.6574
zaka.ya,️dika_sajah,0.7158
zaka.ya,￴ ￴ ￴  ￴ ￴ ￴ ￴ ￴,0.6806
zaka.ya,￴￴,0.7006
zaka.ya,𝐫𝐢𝐝𝐨𝐨🕊️,0.6519
zaka.ya,𝑱𝒖𝒍𝒊𝒂𝒏𝒏𝒏,0.7314
zaka.ya,𝓝𝓪𝔂𝓵𝓪_𝓓.𝓐,0.7399
zaka.ya,𝕳𝕬𝕴𝕶𝕬𝕷 𝖁1,0.7913
zaka.ya,𝘼𝙇𝙃𝘼𝙆𝙄𝙈𝙕,0.6937
zaka.ya,𝘿𝙚𝙣,0.7583
zaka.ya,𝙋𝙍𝙄𝙉𝘾𝙀 15,0.7412
zaka.ya,𝙡𝙚𝙣𝙜,0.7404
zaka.ya,𝙧𝙖𝙙𝙚𝙣𝙣𝙠𝙪𝙘𝙞𝙩𝙩🌊,0.6615
zaka.ya,𝙾𝚛𝚢𝚣𝚊 𝚂𝚊𝚝𝚒𝚟𝚊 🌾,0.6681
zaka.ya,🏴󠁧󠁢󠁥󠁮󠁧󠁿🏴󠁧󠁢󠁥󠁮󠁧󠁿,0.7493
zaka.ya,🐦,0.7179
zaka.ya,👻hsb👻,0.676
zaka.ya,💋,0.6728
zaka.ya,💩.,0.6826
zaka.ya,🕊,0.8455
zaka.ya,🧋,0.6827
zalee,𝐀𝐋𝐄𝐗𝐀𝐍𝐃𝐑𝐈𝐀,0.6512
zannn,zppcx,0.6707
zannn,zrill💥,0.7311
zannn,àlwàysdip,0.6876
zannn,▪️,0.6511
zannn,☝️👌👌cc,0.6834
zannn,♥,0.7728
zannn,𝕳𝕬𝕴𝕶𝕬𝕷 𝖁1,0.7071
zannn,𝙾𝚛𝚢𝚣𝚊 𝚂𝚊𝚝𝚒𝚟𝚊 🌾,0.7555
zannn,🆘,0.6582
zannn,🐦,0.6835
zannn,👾,0.8444
zannn,🧋,0.6982
zarr★,المجتهد,0.6508
zarr★,⋇⋆✦chelsea ♛┈⛧♡,0.7445
zarr★,★,0.6613
zarr★,ザキ・アルディアンシア,0.6983
zarr★,윙고🇲🇨🇰🇷,0.6876
zarr★,￴￴,0.6928
zarr★,𝕶𝖞𝖓𝖟𝖟,0.6818
zarr★,𝘼𝙇𝙃𝘼𝙆𝙄𝙈𝙕,0.7231
zarr★,🐣,0.6609
zaza,⠀ ⠀ ⠀ ⠀ ⠀᠌,0.6641
zaza,レザ,0.6576
zaza,💥,0.7205
zazamm,zrill🇦🇱🇦🇱,0.6789
zazamm,zrill💥,0.6736
zazamm,àlwàysdip,0.6822
zazamm,ɴᴀᴛ,0.6691
zazamm,˚ ༘ 🦕𖦹⋆｡˚,0.7615
zazamm,⋇⋆✦chelsea ♛┈⛧♡,0.6749
zazamm,☝️👌👌cc,0.8543
zazamm,♥,0.672
zazamm,⛓️,0.6809
zazamm,✌️,0.8072
zazamm,マᥱž𝚊,0.7028
zazamm,￴ ￴ ￴  ￴ ￴ ￴ ￴ ￴,0.7197
zazamm,￴￴,0.7156
zazamm,𝑱𝒖𝒍𝒊𝒂𝒏𝒏𝒏,0.7995
zazamm,𝓝𝓪𝔂𝓵𝓪_𝓓.𝓐,0.8199
zazamm,𝕳𝕬𝕴𝕶𝕬𝕷 𝖁1,0.7649
zazamm,𝕶𝖞𝖓𝖟𝖟,0.6703
zazamm,𝖇𝖎𝖎𝖑𝖆,0.6513
zazamm,𝘼𝙇𝙃𝘼𝙆𝙄𝙈𝙕,0.7593
zazamm,𝘿𝙚𝙣,0.8729
zazamm,𝙋𝙍𝙄𝙉𝘾𝙀 15,0.6844
zazamm,𝙡𝙚𝙣𝙜,0.7449
zazamm,𝙾𝚛𝚢𝚣𝚊 𝚂𝚊𝚝𝚒𝚟𝚊 🌾,0.66
zazamm,🏴󠁧󠁢󠁥󠁮󠁧󠁿🏴󠁧󠁢󠁥󠁮󠁧󠁿,0.7672
zazamm,🐣,0.6671
zazamm,🐦,0.8022
zazamm,💩.,0.7026
zazamm,🔴⚪,0.7173
zazamm,🕊,0.8188
zazamm,🧋,0.6911
zeniperr,zrill🇦🇱🇦🇱,0.662
zeniperr,ɴᴀᴛ,0.7049
zeniperr,˚ ༘ 🦕𖦹⋆｡˚,0.7307
zeniperr,فەیزال,0.7049
zeniperr,™.yunz ★ 447.¥,0.7408
zeniperr,⋇⋆✦chelsea ♛┈⛧♡,0.6541
zeniperr,★,0.6508
zeniperr,윙고🇲🇨🇰🇷,0.7852
zeniperr,️dika_sajah,0.7756
zeniperr,￴,0.693
zeniperr,￴ ￴ ￴  ￴ ￴ ￴ ￴ ￴,0.6883
zeniperr,￴￴,0.671
zeniperr,𝐫𝐢𝐝𝐨𝐨🕊️,0.6811
zeniperr,𝕳𝕬𝕴𝕶𝕬𝕷 𝖁1,0.654
zeniperr,𝙋𝙍𝙄𝙉𝘾𝙀 15,0.6899
zeniperr,𝙡𝙚𝙣𝙜,0.7814
zeniperr,𝙧𝙖𝙙𝙚𝙣𝙣𝙠𝙪𝙘𝙞𝙩𝙩🌊,0.7553
zeniperr,🐣,0.6582
zeniperr,💋,0.7731
zeniperr,🕊,0.8023
zeniperr,😡,0.6645
zexx'777,zouheir.yaz_ze,0.7071
zexx'777,zye hehe,0.7498
zexx'777,| ig : @aseprmadanni,0.7052
zexx'777,¥,0.6821
zexx'777,ɓøɓ mārlɛƴ!!⛓️,0.6853
zexx'777,˚꩜｡⋆˚࿔ 𝔂𝓪𝔂𝓪 𝜗𝜚˚⋆🧸ྀི,0.6848
zexx'777,𝕬𝖟𝖐𝖆 𝖋𝖔𝖗 𝖞𝖔𝖚,0.7061
zexx'777,𝙔𝙊𝙂𝙂𝘼𝘼⭐💦,0.7295
zexx'777,🎀sheila||suka ngonten🎀,0.6712
zexx'777,😂,0.6637
ziee_1901,~~boyszzarddd~~ardboysss🇦🇱🪩,0.706
ziee_1901,່,0.6669
ziee_1901,▪️,0.6804
ziee_1901,♥,0.6602
ziee_1901,❤️💛💚,0.6553
ziee_1901,ꦲꦼꦤ꧀ꦝꦺꦴꦱ꧀,0.6539
ziee_1901,꧁epep꧂,0.7042
ziee_1901,𓏵,0.7078
ziee_1901,"𝖂𝖍𝖔'𝕾,𝕭𝖗𝖆𝖓රධ",0.654
ziee_1901,𝗕𝗠𝗞𝗚,0.6669
ziee_1901,𝘁𝗿ē𝗻𝗱à𝗻𝘇𝘅,0.6669
ziee_1901,🐦,0.6542
ziie34,💋,0.6769
zouheir.yaz_ze,𝕬𝖟𝖐𝖆 𝖋𝖔𝖗 𝖞𝖔𝖚,0.6549
zppcx,zrill💥,0.6532
zppcx,ᴘɪᴋᴀғʀɪᴇᴅᴄʜɪᴄᴋᴇɴ,0.7246
zppcx,★,0.6622
zppcx,☝️👌👌cc,0.6953
zppcx,♥,0.6777
zppcx,𝕳𝕬𝕴𝕶𝕬𝕷 𝖁1,0.6718
zppcx,𝙖𝙩𝙨𝙨,0.6684
zppcx,𝙡𝙚𝙣𝙜,0.6766
zppcx,🕊,0.6979
zrill🇦🇱🇦🇱,ɴᴀᴛ,0.6894
zrill🇦🇱🇦🇱,˚ ༘ 🦕𖦹⋆｡˚,0.7483
zrill🇦🇱🇦🇱,فەیزال,0.7947
zrill🇦🇱🇦🇱,เςคภ,0.6646
zrill🇦🇱🇦🇱,່ ‍ a,0.6651
zrill🇦🇱🇦🇱,⋇⋆✦chelsea ♛┈⛧♡,0.7002
zrill🇦🇱🇦🇱,☝️👌👌cc,0.7349
zrill🇦🇱🇦🇱,♥,0.6671
zrill🇦🇱🇦🇱,✧saged🌊,0.6593
zrill🇦🇱🇦🇱,ザキ・アルディアンシア,0.6842
zrill🇦🇱🇦🇱,윙고🇲🇨🇰🇷,0.6806
zrill🇦🇱🇦🇱,️dika_sajah,0.7648
zrill🇦🇱🇦🇱,￴,0.7625
zrill🇦🇱🇦🇱,￴ ￴ ￴  ￴ ￴ ￴ ￴ ￴,0.6642
zrill🇦🇱🇦🇱,￴￴,0.7471
zrill🇦🇱🇦🇱,𝐫𝐢𝐝𝐨𝐨🕊️,0.6879
zrill🇦🇱🇦🇱,𝑱𝒖𝒍𝒊𝒂𝒏𝒏𝒏,0.744
zrill🇦🇱🇦🇱,𝕳𝕬𝕴𝕶𝕬𝕷 𝖁1,0.7015
zrill🇦🇱🇦🇱,𝕶𝖞𝖓𝖟𝖟,0.7107
zrill🇦🇱🇦🇱,𝘿𝙚𝙣,0.692
zrill🇦🇱🇦🇱,𝙋𝙍𝙄𝙉𝘾𝙀 15,0.7593
zrill🇦🇱🇦🇱,𝙖𝙩𝙨𝙨,0.6663
zrill🇦🇱🇦🇱,𝙡𝙚𝙣𝙜,0.7486
zrill🇦🇱🇦🇱,𝙧𝙖𝙙𝙚𝙣𝙣𝙠𝙪𝙘𝙞𝙩𝙩🌊,0.6707
zrill🇦🇱🇦🇱,🎮,0.6537
zrill🇦🇱🇦🇱,🏴󠁧󠁢󠁥󠁮󠁧󠁿🏴󠁧󠁢󠁥󠁮󠁧󠁿,0.672
zrill🇦🇱🇦🇱,🐦,0.6628
zrill🇦🇱🇦🇱,💋,0.6741
zrill🇦🇱🇦🇱,🔴⚪,0.7324
zrill🇦🇱🇦🇱,🕊,0.7801
zrill💥,~~boyszzarddd~~ardboysss🇦🇱🪩,0.7056
zrill💥,▪️,0.7291
zrill💥,☝️👌👌cc,0.7453
zrill💥,♥,0.7125
zrill💥,𝕳𝕬𝕴𝕶𝕬𝕷 𝖁1,0.7008
zrill💥,𝘿𝙚𝙣,0.6684
zrill💥,𝙾𝚛𝚢𝚣𝚊 𝚂𝚊𝚝𝚒𝚟𝚊 🌾,0.7236
zrill💥,🏴󠁧󠁢󠁥󠁮󠁧󠁿🏴󠁧󠁢󠁥󠁮󠁧󠁿,0.6874
zrill💥,🐦,0.698
zrill💥,👻hsb👻,0.8454
zrill💥,👾,0.7796
zrill💥,💋,0.6502
zrill💥,🕊,0.6661
zrill💥,🧋,0.717
zye hehe,| ig : @aseprmadanni,0.6521
zye hehe,ɓøɓ mārlɛƴ!!⛓️,0.6967
zye hehe,˚꩜｡⋆˚࿔ 𝔂𝓪𝔂𝓪 𝜗𝜚˚⋆🧸ྀི,0.7181
zye hehe,⭐zka,0.7281
zye hehe,𝕬𝖟𝖐𝖆 𝖋𝖔𝖗 𝖞𝖔𝖚,0.8269
zye hehe,𝘾𝙖𝙡𝙤𝙣 𝙃𝘼𝙅𝙄,0.7269
zye hehe,𝙎𝘽𝙎 001_𝙨𝙠𝙖𝙮 𝙮𝙚𝙡𝙤𝙬,0.781
zye hehe,𝙔𝙊𝙂𝙂𝘼𝘼⭐💦,0.6577
| ig : @aseprmadanni,ɓøɓ mārlɛƴ!!⛓️,0.6721
| ig : @aseprmadanni,𝐫𝐢𝐝𝐨𝐨🕊️,0.6677
| ig : @aseprmadanni,𝕬𝖟𝖐𝖆 𝖋𝖔𝖗 𝖞𝖔𝖚,0.6676
| ig : @aseprmadanni,🆘,0.7081
| ig : @aseprmadanni,💥,0.7259
~~boyszzarddd~~ardboysss🇦🇱🪩,່,0.7141
~~boyszzarddd~~ardboysss🇦🇱🪩,▪️,0.9219
~~boyszzarddd~~ardboysss🇦🇱🪩,♥,0.6559
~~boyszzarddd~~ardboysss🇦🇱🪩,❤️💛💚,0.6984
~~boyszzarddd~~ardboysss🇦🇱🪩,ꦲꦼꦤ꧀ꦝꦺꦴꦱ꧀,0.6689
~~boyszzarddd~~ardboysss🇦🇱🪩,𓏵,0.6828
~~boyszzarddd~~ardboysss🇦🇱🪩,𝑦𝑦𝑦𝑦,0.6721
~~boyszzarddd~~ardboysss🇦🇱🪩,𝔅𝔩𝔲𝔢𝔢𝔅𝔬𝔬𝔰𝔱 💨💫,0.658
~~boyszzarddd~~ardboysss🇦🇱🪩,"𝖂𝖍𝖔'𝕾,𝕭𝖗𝖆𝖓රධ",0.661
~~boyszzarddd~~ardboysss🇦🇱🪩,𝗕𝗠𝗞𝗚,0.7141
~~boyszzarddd~~ardboysss🇦🇱🪩,𝘁𝗿ē𝗻𝗱à𝗻𝘇𝘅,0.7141
~~boyszzarddd~~ardboysss🇦🇱🪩,𝙾𝚛𝚢𝚣𝚊 𝚂𝚊𝚝𝚒𝚟𝚊 🌾,0.6659
~~boyszzarddd~~ardboysss🇦🇱🪩,🐦,0.6975
~~boyszzarddd~~ardboysss🇦🇱🪩,👻,0.679
~~boyszzarddd~~ardboysss🇦🇱🪩,👻hsb👻,0.7403
~~boyszzarddd~~ardboysss🇦🇱🪩,👾,0.7203
àlwàysdip,マᥱž𝚊,0.6541
àlwàysdip,￴ ￴ ￴  ￴ ￴ ￴ ￴ ￴,0.6797
àlwàysdip,￴￴,0.6637
àlwàysdip,𝕳𝕬𝕴𝕶𝕬𝕷 𝖁1,0.6721
àlwàysdip,𝘉𝘐 𝔟𝔢𝔫𝔠𝔦 𝔠𝔦𝔫𝔱𝔞~,0.8085
àlwàysdip,𝘼𝙇𝙃𝘼𝙆𝙄𝙈𝙕,0.6915
àlwàysdip,𝘿𝙚𝙣,0.6833
àlwàysdip,𝙾𝚛𝚢𝚣𝚊 𝚂𝚊𝚝𝚒𝚟𝚊 🌾,0.7108
àlwàysdip,🆘,0.6658
àlwàysdip,🐦,0.6616
àlwàysdip,👾,0.7242
àlwàysdip,💋,0.6827
àlwàysdip,🕸️,0.7402
ɓøɓ mārlɛƴ!!⛓️,⭐zka,0.6506
ɓøɓ mārlɛƴ!!⛓️,윙고🇲🇨🇰🇷,0.6889
ɓøɓ mārlɛƴ!!⛓️,𝐉𝐨𝐫𝐝𝐲𝐲,0.6553
ɓøɓ mārlɛƴ!!⛓️,𝐫𝐢𝐝𝐨𝐨🕊️,0.6918
ɓøɓ mārlɛƴ!!⛓️,𝕬𝖟𝖐𝖆 𝖋𝖔𝖗 𝖞𝖔𝖚,0.7121
ɓøɓ mārlɛƴ!!⛓️,𝙔𝙊𝙂𝙂𝘼𝘼⭐💦,0.6543
ɓøɓ mārlɛƴ!!⛓️,𝙧𝙖𝙙𝙚𝙣𝙣𝙠𝙪𝙘𝙞𝙩𝙩🌊,0.6603
ɓøɓ mārlɛƴ!!⛓️,💋,0.6528
ɴᴀᴛ,˚ ༘ 🦕𖦹⋆｡˚,0.7414
ɴᴀᴛ,فەیزال,0.6753
ɴᴀᴛ,ᴘɪᴋᴀғʀɪᴇᴅᴄʜɪᴄᴋᴇɴ,0.6834
ɴᴀᴛ,⋇⋆✦chelsea ♛┈⛧♡,0.679
ɴᴀᴛ,★,0.6929
ɴᴀᴛ,☝️👌👌cc,0.7042
ɴᴀᴛ,⛓️,0.664
ɴᴀᴛ,マᥱž𝚊,0.7476
ɴᴀᴛ,꧁epep꧂,0.6812
ɴᴀᴛ,윙고🇲🇨🇰🇷,0.6735
ɴᴀᴛ,️dika_sajah,0.8057
ɴᴀᴛ,￴ ￴ ￴  ￴ ￴ ￴ ￴ ￴,0.7168
ɴᴀᴛ,￴￴,0.7365
ɴᴀᴛ,𝐫𝐢𝐝𝐨𝐨🕊️,0.6596
ɴᴀᴛ,𝑱𝒖𝒍𝒊𝒂𝒏𝒏𝒏,0.6643
ɴᴀᴛ,𝘿𝙚𝙣,0.6548
ɴᴀᴛ,𝙋𝙍𝙄𝙉𝘾𝙀 15,0.6832
ɴᴀᴛ,𝙖𝙩𝙨𝙨,0.6704
ɴᴀᴛ,𝙡𝙚𝙣𝙜,0.7762
ɴᴀᴛ,💋,0.6836
ɴᴀᴛ,💩.,0.695
ɴᴀᴛ,🕊,0.7202
˚ ༘ 🦕𖦹⋆｡˚,فەیزال,0.721
˚ ༘ 🦕𖦹⋆｡˚,™.yunz ★ 447.¥,0.6654
˚ ༘ 🦕𖦹⋆｡˚,⋇⋆✦chelsea ♛┈⛧♡,0.7058
˚ ༘ 🦕𖦹⋆｡˚,☝️👌👌cc,0.7444
˚ ༘ 🦕𖦹⋆｡˚,✌️,0.6926
˚ ༘ 🦕𖦹⋆｡˚,ザキ・アルディアンシア,0.6622
˚ ༘ 🦕𖦹⋆｡˚,マᥱž𝚊,0.6764
˚ ༘ 🦕𖦹⋆｡˚,윙고🇲🇨🇰🇷,0.686
˚ ༘ 🦕𖦹⋆｡˚,️dika_sajah,0.7568
˚ ༘ 🦕𖦹⋆｡˚,￴,0.6953
˚ ༘ 🦕𖦹⋆｡˚,￴ ￴ ￴  ￴ ￴ ￴ ￴ ￴,0.7875
˚ ༘ 🦕𖦹⋆｡˚,￴￴,0.7041
˚ ༘ 🦕𖦹⋆｡˚,𝐫𝐢𝐝𝐨𝐨🕊️,0.7009
˚ ༘ 🦕𖦹⋆｡˚,𝑱𝒖𝒍𝒊𝒂𝒏𝒏𝒏,0.7367
˚ ༘ 🦕𖦹⋆｡˚,𝓝𝓪𝔂𝓵𝓪_𝓓.𝓐,0.6503
˚ ༘ 🦕𖦹⋆｡˚,𝕳𝕬𝕴𝕶𝕬𝕷 𝖁1,0.7546
˚ ༘ 🦕𖦹⋆｡˚,𝕶𝖞𝖓𝖟𝖟,0.7201
˚ ༘ 🦕𖦹⋆｡˚,𝘼𝙇𝙃𝘼𝙆𝙄𝙈𝙕,0.6706
˚ ༘ 🦕𖦹⋆｡˚,𝘿𝙚𝙣,0.7331
˚ ༘ 🦕𖦹⋆｡˚,𝙋𝙍𝙄𝙉𝘾𝙀 15,0.7953
˚ ༘ 🦕𖦹⋆｡˚,𝙖𝙩𝙨𝙨,0.6617
˚ ༘ 🦕𖦹⋆｡˚,𝙡𝙚𝙣𝙜,0.8375
˚ ༘ 🦕𖦹⋆｡˚,𝙧𝙖𝙙𝙚𝙣𝙣𝙠𝙪𝙘𝙞𝙩𝙩🌊,0.6977
˚ ༘ 🦕𖦹⋆｡˚,🏴󠁧󠁢󠁥󠁮󠁧󠁿🏴󠁧󠁢󠁥󠁮󠁧󠁿,0.7492
˚ ༘ 🦕𖦹⋆｡˚,🐣,0.6816
˚ ༘ 🦕𖦹⋆｡˚,🐦,0.7307
˚ ༘ 🦕𖦹⋆｡˚,💋,0.7153
˚ ༘ 🦕𖦹⋆｡˚,💩.,0.6999
˚ ༘ 🦕𖦹⋆｡˚,🔴⚪,0.7096
˚ ༘ 🦕𖦹⋆｡˚,🕊,0.841
˚꩜｡⋆˚࿔ 𝔂𝓪𝔂𝓪 𝜗𝜚˚⋆🧸ྀི,⭐zka,0.7125
˚꩜｡⋆˚࿔ 𝔂𝓪𝔂𝓪 𝜗𝜚˚⋆🧸ྀི,𝕬𝖟𝖐𝖆 𝖋𝖔𝖗 𝖞𝖔𝖚,0.6937
˚꩜｡⋆˚࿔ 𝔂𝓪𝔂𝓪 𝜗𝜚˚⋆🧸ྀི,𝘾𝙖𝙡𝙤𝙣 𝙃𝘼𝙅𝙄,0.7338
˚꩜｡⋆˚࿔ 𝔂𝓪𝔂𝓪 𝜗𝜚˚⋆🧸ྀི,🆘,0.6548
ғɪᴋʀɪ🐦‍🔥,ℒ𝓊𝓬𝓴𝔂,0.7831
ғɪᴋʀɪ🐦‍🔥,💫,0.6527
المجتهد,เςคภ,0.6956
المجتهد,ザキ・アルディアンシア,0.6903
المجتهد,￴,0.6922
المجتهد,𝙖𝙩𝙨𝙨,0.6624
المجتهد,🎮,0.6599
المجتهد,🔴⚪,0.6933
المجتهد,🪽,0.65
تسلق,♥,0.7135
تسلق,𓏵,0.6646
تسلق,𝓝𝓪𝔂𝓵𝓪_𝓓.𝓐,0.7042
تسلق,🐦,0.7034
فەیزال,เςคภ,0.6726
فەیزال,™.yunz ★ 447.¥,0.765
فەیزال,☝️👌👌cc,0.6832
فەیزال,✧saged🌊,0.6689
فەیزال,윙고🇲🇨🇰🇷,0.663
فەیزال,️dika_sajah,0.718
فەیزال,￴,0.8274
فەیزال,￴￴,0.7114
فەیزال,𝕳𝕬𝕴𝕶𝕬𝕷 𝖁1,0.6624
فەیزال,𝕶𝖞𝖓𝖟𝖟,0.6854
فەیزال,𝘿𝙚𝙣,0.6512
فەیزال,𝙋𝙍𝙄𝙉𝘾𝙀 15,0.7677
فەیزال,𝙡𝙚𝙣𝙜,0.7848
فەیزال,💋,0.7244
فەیزال,🔴⚪,0.6983
فەیزال,🕊,0.7584
فەیزال,😡,0.6559
୭୧🦢,🎀sheila||suka ngonten🎀,0.7046
ಠ_ರೃ,♥,0.6685
ಠ_ರೃ,𓏵,0.6831
ಠ_ರೃ,𝓝𝓪𝔂𝓵𝓪_𝓓.𝓐,0.653
ಠ_ರೃ,𝘿𝙚𝙣,0.6984
ಠ_ರೃ,🏴󠁧󠁢󠁥󠁮󠁧󠁿🏴󠁧󠁢󠁥󠁮󠁧󠁿,0.6513
ಠ_ರೃ,🐦,0.7787
ಠ_ರೃ,👀,0.6619
น้ำอุ่น กัญญาภัทร เต๊กอ๋อต้ง,⠀ ⠀ ⠀ ⠀ ⠀᠌,0.6588
น้ำอุ่น กัญญาภัทร เต๊กอ๋อต้ง,￼,0.7475
น้ำอุ่น กัญญาภัทร เต๊กอ๋อต้ง,🌵dnd's_mom🌵,0.8367
น้ำอุ่น กัญญาภัทร เต๊กอ๋อต้ง,🐚🫧🪩,0.7113
เςคภ,່ ‍ a,0.6936
เςคภ,ザキ・アルディアンシア,0.6686
เςคภ,️dika_sajah,0.713
เςคภ,￴,0.7206
เςคภ,￴￴,0.6719
เςคภ,𝐫𝐢𝐝𝐨𝐨🕊️,0.6506
เςคภ,𝙖𝙩𝙨𝙨,0.7463
เςคภ,🔴⚪,0.6892
เςคภ,🤴🏽,0.7347
เςคภ,🪫,0.7275
່,✧-ta_kepkat,0.8176
່,❤️💛💚,0.918
່,ꦲꦼꦤ꧀ꦝꦺꦴꦱ꧀,0.6822
່,𝑦𝑦𝑦𝑦,0.7361
່,𝔅𝔩𝔲𝔢𝔢𝔅𝔬𝔬𝔰𝔱 💨💫,0.8671
່,"𝖂𝖍𝖔'𝕾,𝕭𝖗𝖆𝖓රධ",0.6749
່,𝗕𝗠𝗞𝗚,1.0
່,𝘁𝗿ē𝗻𝗱à𝗻𝘇𝘅,1.0
່,💫,0.6605
່,🔥theeam3ll⚡,0.8173
່ ‍ a,𝙖𝙩𝙨𝙨,0.731
່ ‍ a,🤴🏽,0.6614
ᴘɪᴋᴀғʀɪᴇᴅᴄʜɪᴄᴋᴇɴ,☝️👌👌cc,0.7289
ᴘɪᴋᴀғʀɪᴇᴅᴄʜɪᴄᴋᴇɴ,⛓️,0.6766
ᴘɪᴋᴀғʀɪᴇᴅᴄʜɪᴄᴋᴇɴ,✌️,0.6857
ᴘɪᴋᴀғʀɪᴇᴅᴄʜɪᴄᴋᴇɴ,𝖇𝖎𝖎𝖑𝖆,0.7602
ᴘɪᴋᴀғʀɪᴇᴅᴄʜɪᴄᴋᴇɴ,𝙾𝚛𝚢𝚣𝚊 𝚂𝚊𝚝𝚒𝚟𝚊 🌾,0.6569
ℒ𝓊𝓬𝓴𝔂,⭐zka,0.685
ℒ𝓊𝓬𝓴𝔂,🆘,0.6809
™.yunz ★ 447.¥,윙고🇲🇨🇰🇷,0.7162
™.yunz ★ 447.¥,️dika_sajah,0.7289
™.yunz ★ 447.¥,￴,0.7729
™.yunz ★ 447.¥,𝐫𝐢𝐝𝐨𝐨🕊️,0.6554
™.yunz ★ 447.¥,𝙋𝙍𝙄𝙉𝘾𝙀 15,0.692
™.yunz ★ 447.¥,𝙡𝙚𝙣𝙜,0.7194
™.yunz ★ 447.¥,𝙧𝙖𝙙𝙚𝙣𝙣𝙠𝙪𝙘𝙞𝙩𝙩🌊,0.6908
™.yunz ★ 447.¥,💋,0.7254
™.yunz ★ 447.¥,🕊,0.7063
™.yunz ★ 447.¥,😡,0.6735
⋇⋆✦chelsea ♛┈⛧♡,★,0.8189
⋇⋆✦chelsea ♛┈⛧♡,✧saged🌊,0.688
⋇⋆✦chelsea ♛┈⛧♡,ザキ・アルディアンシア,0.742
⋇⋆✦chelsea ♛┈⛧♡,윙고🇲🇨🇰🇷,0.774
⋇⋆✦chelsea ♛┈⛧♡,️dika_sajah,0.7509
⋇⋆✦chelsea ♛┈⛧♡,￴,0.671
⋇⋆✦chelsea ♛┈⛧♡,￴ ￴ ￴  ￴ ￴ ￴ ￴ ￴,0.6923
⋇⋆✦chelsea ♛┈⛧♡,￴￴,0.7444
⋇⋆✦chelsea ♛┈⛧♡,𝐫𝐢𝐝𝐨𝐨🕊️,0.6602
⋇⋆✦chelsea ♛┈⛧♡,𝕳𝕬𝕴𝕶𝕬𝕷 𝖁1,0.6711
⋇⋆✦chelsea ♛┈⛧♡,𝕶𝖞𝖓𝖟𝖟,0.6804
⋇⋆✦chelsea ♛┈⛧♡,𝘼𝙇𝙃𝘼𝙆𝙄𝙈𝙕,0.7034
⋇⋆✦chelsea ♛┈⛧♡,𝙋𝙍𝙄𝙉𝘾𝙀 15,0.8169
⋇⋆✦chelsea ♛┈⛧♡,𝙡𝙚𝙣𝙜,0.7957
⋇⋆✦chelsea ♛┈⛧♡,𝙧𝙖𝙙𝙚𝙣𝙣𝙠𝙪𝙘𝙞𝙩𝙩🌊,0.7133
⋇⋆✦chelsea ♛┈⛧♡,🐣,0.7422
⋇⋆✦chelsea ♛┈⛧♡,🕊,0.7605
⋇⋆✦chelsea ♛┈⛧♡,😡,0.6507
▪️,𝙾𝚛𝚢𝚣𝚊 𝚂𝚊𝚝𝚒𝚟𝚊 🌾,0.6681
▪️,🐦,0.682
▪️,👻hsb👻,0.7654
▪️,👾,0.7174
★,ザキ・アルディアンシア,0.6614
★,윙고🇲🇨🇰🇷,0.6881
★,️dika_sajah,0.739
★,￴ ￴ ￴  ￴ ￴ ￴ ￴ ￴,0.6529
★,￴￴,0.68
★,𝕳𝕬𝕴𝕶𝕬𝕷 𝖁1,0.6641
★,𝙋𝙍𝙄𝙉𝘾𝙀 15,0.6898
★,𝙡𝙚𝙣𝙜,0.7317
★,𝙧𝙖𝙙𝙚𝙣𝙣𝙠𝙪𝙘𝙞𝙩𝙩🌊,0.6619
★,💋,0.675
★,🕊,0.7288
☝️👌👌cc,♥,0.7952
☝️👌👌cc,✌️,0.7804
☝️👌👌cc,マᥱž𝚊,0.7529
☝️👌👌cc,￴￴,0.6923
☝️👌👌cc,𝑱𝒖𝒍𝒊𝒂𝒏𝒏𝒏,0.8269
☝️👌👌cc,𝓝𝓪𝔂𝓵𝓪_𝓓.𝓐,0.6789
☝️👌👌cc,𝕳𝕬𝕴𝕶𝕬𝕷 𝖁1,0.7187
☝️👌👌cc,𝕶𝖞𝖓𝖟𝖟,0.6707
☝️👌👌cc,𝖇𝖎𝖎𝖑𝖆,0.6847
☝️👌👌cc,𝘼𝙇𝙃𝘼𝙆𝙄𝙈𝙕,0.6711
☝️👌👌cc,𝘿𝙚𝙣,0.7853
☝️👌👌cc,𝙡𝙚𝙣𝙜,0.7691
☝️👌👌cc,𝙾𝚛𝚢𝚣𝚊 𝚂𝚊𝚝𝚒𝚟𝚊 🌾,0.7142
☝️👌👌cc,🏴󠁧󠁢󠁥󠁮󠁧󠁿🏴󠁧󠁢󠁥󠁮󠁧󠁿,0.8211
☝️👌👌cc,🐦,0.7937
☝️👌👌cc,🔴⚪,0.6823
☝️👌👌cc,🕊,0.8017
☝️👌👌cc,🧋,0.6995
♥,マᥱž𝚊,0.6544
♥,𓏵,0.6518
♥,𝑱𝒖𝒍𝒊𝒂𝒏𝒏𝒏,0.6989
♥,𝓝𝓪𝔂𝓵𝓪_𝓓.𝓐,0.8146
♥,𝕳𝕬𝕴𝕶𝕬𝕷 𝖁1,0.6951
♥,𝘿𝙚𝙣,0.7237
♥,𝙾𝚛𝚢𝚣𝚊 𝚂𝚊𝚝𝚒𝚟𝚊 🌾,0.7521
♥,🏴󠁧󠁢󠁥󠁮󠁧󠁿🏴󠁧󠁢󠁥󠁮󠁧󠁿,0.7517
♥,🐦,0.7863
♥,👾,0.7207
♥,🧋,0.7265
⚽,⠀ ⠀ ⠀ ⠀ ⠀᠌,0.6656
⚽,🥷,0.6881
⛓️,✌️,0.6994
⛓️,𝖇𝖎𝖎𝖑𝖆,0.6855
⛓️,𝘼𝙇𝙃𝘼𝙆𝙄𝙈𝙕,0.7306
⛓️,𝙡𝙚𝙣𝙜,0.668
⛓️,💩.,0.6603
✌️,マᥱž𝚊,0.6915
✌️,￴￴,0.694
✌️,𝑱𝒖𝒍𝒊𝒂𝒏𝒏𝒏,0.6996
✌️,𝕳𝕬𝕴𝕶𝕬𝕷 𝖁1,0.7047
✌️,𝕶𝖞𝖓𝖟𝖟,0.6597
✌️,𝖇𝖎𝖎𝖑𝖆,0.7576
✌️,𝘼𝙇𝙃𝘼𝙆𝙄𝙈𝙕,0.7649
✌️,𝘿𝙚𝙣,0.6841
✌️,𝙡𝙚𝙣𝙜,0.7222
✌️,💩.,0.661
✌️,🕊,0.7199
✧-ta_kepkat,❤️💛💚,0.8176
✧-ta_kepkat,𝑦𝑦𝑦𝑦,0.6945
✧-ta_kepkat,𝔅𝔩𝔲𝔢𝔢𝔅𝔬𝔬𝔰𝔱 💨💫,0.6957
✧-ta_kepkat,𝗕𝗠𝗞𝗚,0.8176
✧-ta_kepkat,𝘁𝗿ē𝗻𝗱à𝗻𝘇𝘅,0.8176
✧-ta_kepkat,🔥theeam3ll⚡,0.9536
✧saged🌊,꧁epep꧂,0.6786
✧saged🌊,￴,0.7781
✧saged🌊,𝙋𝙍𝙄𝙉𝘾𝙀 15,0.7124
✧saged🌊,𝙡𝙚𝙣𝙜,0.7092
✧saged🌊,💋,0.6725
❤️🐦‍⬛bralingxbonek🐊💚,💩.,0.6538
❤️💛💚,ꦲꦼꦤ꧀ꦝꦺꦴꦱ꧀,0.6712
❤️💛💚,𝑦𝑦𝑦𝑦,0.7177
❤️💛💚,𝔅𝔩𝔲𝔢𝔢𝔅𝔬𝔬𝔰𝔱 💨💫,0.7679
❤️💛💚,𝗕𝗠𝗞𝗚,0.918
❤️💛💚,𝘁𝗿ē𝗻𝗱à𝗻𝘇𝘅,0.918
❤️💛💚,🔥theeam3ll⚡,0.8338
⠀ ⠀ ⠀ ⠀ ⠀᠌,レザ,0.6953
⠀ ⠀ ⠀ ⠀ ⠀᠌,𝕱_v2,0.6794
⠀ ⠀ ⠀ ⠀ ⠀᠌,🌵dnd's_mom🌵,0.7373
⠀ ⠀ ⠀ ⠀ ⠀᠌,🐚🫧🪩,0.6505
⠀ ⠀ ⠀ ⠀ ⠀᠌,🕸,0.675
⭐zka,𝕬𝖟𝖐𝖆 𝖋𝖔𝖗 𝖞𝖔𝖚,0.6994
⭐zka,𝘾𝙖𝙡𝙤𝙣 𝙃𝘼𝙅𝙄,0.7254
⭐zka,𝙎𝘽𝙎 001_𝙨𝙠𝙖𝙮 𝙮𝙚𝙡𝙤𝙬,0.6757
⭐zka,𝙢𝙖𝙖𝙖𝙖𝙖𝙖𝙨𝙨𝙨𝙠𝙖𝙣𝙣𝙣,0.6597
ザキ・アルディアンシア,윙고🇲🇨🇰🇷,0.7142
ザキ・アルディアンシア,️dika_sajah,0.7185
ザキ・アルディアンシア,￴,0.6514
ザキ・アルディアンシア,￴ ￴ ￴  ￴ ￴ ￴ ￴ ￴,0.6553
ザキ・アルディアンシア,￴￴,0.6788
ザキ・アルディアンシア,𝕶𝖞𝖓𝖟𝖟,0.6767
ザキ・アルディアンシア,𝘼𝙇𝙃𝘼𝙆𝙄𝙈𝙕,0.6656
ザキ・アルディアンシア,𝙋𝙍𝙄𝙉𝘾𝙀 15,0.7262
ザキ・アルディアンシア,𝙖𝙩𝙨𝙨,0.7106
ザキ・アルディアンシア,𝙡𝙚𝙣𝙜,0.7024
ザキ・アルディアンシア,𝙧𝙖𝙙𝙚𝙣𝙣𝙠𝙪𝙘𝙞𝙩𝙩🌊,0.6587
ザキ・アルディアンシア,🔴⚪,0.6842
ザキ・アルディアンシア,🕊,0.6554
マᥱž𝚊,￴ ￴ ￴  ￴ ￴ ￴ ￴ ￴,0.6644
マᥱž𝚊,￴￴,0.7448
マᥱž𝚊,𝐫𝐢𝐝𝐨𝐨🕊️,0.6547
マᥱž𝚊,𝑱𝒖𝒍𝒊𝒂𝒏𝒏𝒏,0.7018
マᥱž𝚊,𝘼𝙇𝙃𝘼𝙆𝙄𝙈𝙕,0.6794
マᥱž𝚊,𝘿𝙚𝙣,0.68
マᥱž𝚊,𝙋𝙍𝙄𝙉𝘾𝙀 15,0.6814
マᥱž𝚊,𝙡𝙚𝙣𝙜,0.6928
マᥱž𝚊,🐣,0.6951
マᥱž𝚊,💩.,0.726
マᥱž𝚊,🕊,0.677
レザ,𝕱_v2,0.6574
レザ,🐚🫧🪩,0.686
ꦲꦼꦤ꧀ꦝꦺꦴꦱ꧀,𝗕𝗠𝗞𝗚,0.6822
ꦲꦼꦤ꧀ꦝꦺꦴꦱ꧀,𝘁𝗿ē𝗻𝗱à𝗻𝘇𝘅,0.6822
꧁epep꧂,￴,0.7025
꧁epep꧂,𝘿𝙚𝙣,0.6698
꧁epep꧂,🐦,0.683
꧁epep꧂,💋,0.6906
꧁epep꧂,😡,0.6546
윙고🇲🇨🇰🇷,️dika_sajah,0.7559
윙고🇲🇨🇰🇷,￴,0.6508
윙고🇲🇨🇰🇷,￴ ￴ ￴  ￴ ￴ ￴ ￴ ￴,0.6677
윙고🇲🇨🇰🇷,￴￴,0.7994
윙고🇲🇨🇰🇷,𝐫𝐢𝐝𝐨𝐨🕊️,0.7738
윙고🇲🇨🇰🇷,𝘼𝙇𝙃𝘼𝙆𝙄𝙈𝙕,0.6568
윙고🇲🇨🇰🇷,𝙋𝙍𝙄𝙉𝘾𝙀 15,0.7382
윙고🇲🇨🇰🇷,𝙖𝙩𝙨𝙨,0.6601
윙고🇲🇨🇰🇷,𝙡𝙚𝙣𝙜,0.768
윙고🇲🇨🇰🇷,𝙧𝙖𝙙𝙚𝙣𝙣𝙠𝙪𝙘𝙞𝙩𝙩🌊,0.7227
윙고🇲🇨🇰🇷,🐣,0.8231
윙고🇲🇨🇰🇷,💋,0.7352
윙고🇲🇨🇰🇷,🔴⚪,0.6683
윙고🇲🇨🇰🇷,🕊,0.7976
윙고🇲🇨🇰🇷,😡,0.6874
️dika_sajah,￴,0.7593
️dika_sajah,￴ ￴ ￴  ￴ ￴ ￴ ￴ ￴,0.7048
️dika_sajah,￴￴,0.7248
️dika_sajah,𝐫𝐢𝐝𝐨𝐨🕊️,0.7187
️dika_sajah,𝕳𝕬𝕴𝕶𝕬𝕷 𝖁1,0.658
️dika_sajah,𝘼𝙇𝙃𝘼𝙆𝙄𝙈𝙕,0.6529
️dika_sajah,𝙋𝙍𝙄𝙉𝘾𝙀 15,0.7343
️dika_sajah,𝙖𝙩𝙨𝙨,0.7077
️dika_sajah,𝙡𝙚𝙣𝙜,0.8319
️dika_sajah,𝙧𝙖𝙙𝙚𝙣𝙣𝙠𝙪𝙘𝙞𝙩𝙩🌊,0.7713
️dika_sajah,💋,0.7519
️dika_sajah,🔴⚪,0.6654
️dika_sajah,🕊,0.779
️dika_sajah,😡,0.7047
￴,𝕶𝖞𝖓𝖟𝖟,0.6887
￴,𝙋𝙍𝙄𝙉𝘾𝙀 15,0.7391
￴,𝙡𝙚𝙣𝙜,0.7742
￴,𝙧𝙖𝙙𝙚𝙣𝙣𝙠𝙪𝙘𝙞𝙩𝙩🌊,0.6606
￴,🎮,0.6782
￴,💋,0.7544
￴,🔴⚪,0.7312
￴,🕊,0.7259
￴,😡,0.7196
￴,🤴🏽,0.6654
￴ ￴ ￴  ￴ ￴ ￴ ￴ ￴,￴￴,0.7059
￴ ￴ ￴  ￴ ￴ ￴ ￴ ￴,𝕳𝕬𝕴𝕶𝕬𝕷 𝖁1,0.6932
￴ ￴ ￴  ￴ ￴ ￴ ￴ ￴,𝕶𝖞𝖓𝖟𝖟,0.6551
￴ ￴ ￴  ￴ ￴ ￴ ￴ ￴,𝘼𝙇𝙃𝘼𝙆𝙄𝙈𝙕,0.6732
￴ ￴ ￴  ￴ ￴ ￴ ￴ ￴,𝘿𝙚𝙣,0.6967
￴ ￴ ￴  ￴ ￴ ￴ ￴ ￴,𝙋𝙍𝙄𝙉𝘾𝙀 15,0.7675
￴ ￴ ￴  ￴ ￴ ￴ ￴ ￴,𝙡𝙚𝙣𝙜,0.7376
￴ ￴ ￴  ￴ ￴ ￴ ￴ ￴,𝙧𝙖𝙙𝙚𝙣𝙣𝙠𝙪𝙘𝙞𝙩𝙩🌊,0.6937
￴ ￴ ￴  ￴ ￴ ￴ ￴ ￴,🐣,0.6508
￴ ￴ ￴  ￴ ￴ ￴ ￴ ￴,💋,0.6725
￴ ￴ ￴  ￴ ￴ ￴ ￴ ￴,💩.,0.711
￴ ￴ ￴  ￴ ￴ ￴ ￴ ￴,🕊,0.7555
￴￴,𝐫𝐢𝐝𝐨𝐨🕊️,0.7301
￴￴,𝑱𝒖𝒍𝒊𝒂𝒏𝒏𝒏,0.7052
￴￴,𝕳𝕬𝕴𝕶𝕬𝕷 𝖁1,0.6656
￴￴,𝕶𝖞𝖓𝖟𝖟,0.6747
￴￴,𝘼𝙇𝙃𝘼𝙆𝙄𝙈𝙕,0.7683
￴￴,𝘿𝙚𝙣,0.7019
￴￴,𝙋𝙍𝙄𝙉𝘾𝙀 15,0.7388
￴￴,𝙖𝙩𝙨𝙨,0.6585
￴￴,𝙡𝙚𝙣𝙜,0.7533
￴￴,🐣,0.7091
￴￴,💋,0.6611
￴￴,💩.,0.6514
￴￴,🔴⚪,0.7178
￴￴,🕊,0.7901
￴￴,😡,0.6665
𓆈🌊,𝓝𝓪𝔂𝓵𝓪_𝓓.𝓐,0.6544
𓏵,"𝖂𝖍𝖔'𝕾,𝕭𝖗𝖆𝖓රධ",0.6724
𓏵,🫧,0.6579
𝐀𝐋𝐄𝐗𝐀𝐍𝐃𝐑𝐈𝐀,𝑦𝑦𝑦𝑦,0.6552
𝐀𝐋𝐄𝐗𝐀𝐍𝐃𝐑𝐈𝐀,"𝖂𝖍𝖔'𝕾,𝕭𝖗𝖆𝖓රධ",0.7171
𝐫𝐢𝐝𝐨𝐨🕊️,𝕳𝕬𝕴𝕶𝕬𝕷 𝖁1,0.6544
𝐫𝐢𝐝𝐨𝐨🕊️,𝙋𝙍𝙄𝙉𝘾𝙀 15,0.7081
𝐫𝐢𝐝𝐨𝐨🕊️,𝙡𝙚𝙣𝙜,0.7095
𝐫𝐢𝐝𝐨𝐨🕊️,𝙧𝙖𝙙𝙚𝙣𝙣𝙠𝙪𝙘𝙞𝙩𝙩🌊,0.6679
𝐫𝐢𝐝𝐨𝐨🕊️,🐣,0.6938
𝐫𝐢𝐝𝐨𝐨🕊️,💋,0.692
𝐫𝐢𝐝𝐨𝐨🕊️,🕊,0.7184
𝐫𝐢𝐝𝐨𝐨🕊️,😡,0.6824
𝑛𝑜𝑒𝑟𝑒𝑎𝑙_𝑎𝑧🍃,𝕄 𝕒 𝕤  𝕋𝕒𝕜𝕪𝕦𝕟,0.6585
𝑦𝑦𝑦𝑦,𝔅𝔩𝔲𝔢𝔢𝔅𝔬𝔬𝔰𝔱 💨💫,0.7651
𝑦𝑦𝑦𝑦,"𝖂𝖍𝖔'𝕾,𝕭𝖗𝖆𝖓රධ",0.6933
𝑦𝑦𝑦𝑦,𝗕𝗠𝗞𝗚,0.7361
𝑦𝑦𝑦𝑦,𝘁𝗿ē𝗻𝗱à𝗻𝘇𝘅,0.7361
𝑦𝑦𝑦𝑦,🌵dnd's_mom🌵,0.6565
𝑦𝑦𝑦𝑦,👻,0.693
𝑦𝑦𝑦𝑦,💫,0.855
𝑦𝑦𝑦𝑦,🔥theeam3ll⚡,0.7206
𝑱𝒖𝒍𝒊𝒂𝒏𝒏𝒏,𝓝𝓪𝔂𝓵𝓪_𝓓.𝓐,0.6814
𝑱𝒖𝒍𝒊𝒂𝒏𝒏𝒏,𝕳𝕬𝕴𝕶𝕬𝕷 𝖁1,0.708
𝑱𝒖𝒍𝒊𝒂𝒏𝒏𝒏,𝘼𝙇𝙃𝘼𝙆𝙄𝙈𝙕,0.6928
𝑱𝒖𝒍𝒊𝒂𝒏𝒏𝒏,𝘿𝙚𝙣,0.7991
𝑱𝒖𝒍𝒊𝒂𝒏𝒏𝒏,𝙡𝙚𝙣𝙜,0.7034
𝑱𝒖𝒍𝒊𝒂𝒏𝒏𝒏,🏴󠁧󠁢󠁥󠁮󠁧󠁿🏴󠁧󠁢󠁥󠁮󠁧󠁿,0.7654
𝑱𝒖𝒍𝒊𝒂𝒏𝒏𝒏,🐦,0.8196
𝑱𝒖𝒍𝒊𝒂𝒏𝒏𝒏,🔴⚪,0.7606
𝑱𝒖𝒍𝒊𝒂𝒏𝒏𝒏,🕊,0.7854
𝑱𝒖𝒍𝒊𝒂𝒏𝒏𝒏,🧋,0.6573
𝓓,🌹_my kelas 5a_🌹,0.8331
𝓝𝓪𝔂𝓵𝓪_𝓓.𝓐,𝕳𝕬𝕴𝕶𝕬𝕷 𝖁1,0.7431
𝓝𝓪𝔂𝓵𝓪_𝓓.𝓐,𝘿𝙚𝙣,0.802
𝓝𝓪𝔂𝓵𝓪_𝓓.𝓐,🏴󠁧󠁢󠁥󠁮󠁧󠁿🏴󠁧󠁢󠁥󠁮󠁧󠁿,0.7069
𝓝𝓪𝔂𝓵𝓪_𝓓.𝓐,🐦,0.7701
𝓝𝓪𝔂𝓵𝓪_𝓓.𝓐,👾,0.6623
𝓝𝓪𝔂𝓵𝓪_𝓓.𝓐,🕊,0.6623
𝓝𝓪𝔂𝓵𝓪_𝓓.𝓐,🧋,0.6916
𝔅𝔩𝔲𝔢𝔢𝔅𝔬𝔬𝔰𝔱 💨💫,"𝖂𝖍𝖔'𝕾,𝕭𝖗𝖆𝖓රධ",0.6518
𝔅𝔩𝔲𝔢𝔢𝔅𝔬𝔬𝔰𝔱 💨💫,𝗕𝗠𝗞𝗚,0.8671
𝔅𝔩𝔲𝔢𝔢𝔅𝔬𝔬𝔰𝔱 💨💫,𝘁𝗿ē𝗻𝗱à𝗻𝘇𝘅,0.8671
𝔅𝔩𝔲𝔢𝔢𝔅𝔬𝔬𝔰𝔱 💨💫,💫,0.7522
𝔅𝔩𝔲𝔢𝔢𝔅𝔬𝔬𝔰𝔱 💨💫,🔥theeam3ll⚡,0.7037
𝕬𝖟𝖐𝖆 𝖋𝖔𝖗 𝖞𝖔𝖚,𝘾𝙖𝙡𝙤𝙣 𝙃𝘼𝙅𝙄,0.7044
𝕬𝖟𝖐𝖆 𝖋𝖔𝖗 𝖞𝖔𝖚,𝙎𝘽𝙎 001_𝙨𝙠𝙖𝙮 𝙮𝙚𝙡𝙤𝙬,0.7466
𝕱_v2,🐚🫧🪩,0.6558
𝕳𝕬𝕴𝕶𝕬𝕷 𝖁1,𝘼𝙇𝙃𝘼𝙆𝙄𝙈𝙕,0.6564
𝕳𝕬𝕴𝕶𝕬𝕷 𝖁1,𝘿𝙚𝙣,0.7414
𝕳𝕬𝕴𝕶𝕬𝕷 𝖁1,𝙋𝙍𝙄𝙉𝘾𝙀 15,0.6832
𝕳𝕬𝕴𝕶𝕬𝕷 𝖁1,𝙡𝙚𝙣𝙜,0.7427
𝕳𝕬𝕴𝕶𝕬𝕷 𝖁1,𝙧𝙖𝙙𝙚𝙣𝙣𝙠𝙪𝙘𝙞𝙩𝙩🌊,0.6765
𝕳𝕬𝕴𝕶𝕬𝕷 𝖁1,𝙾𝚛𝚢𝚣𝚊 𝚂𝚊𝚝𝚒𝚟𝚊 🌾,0.6753
𝕳𝕬𝕴𝕶𝕬𝕷 𝖁1,🏴󠁧󠁢󠁥󠁮󠁧󠁿🏴󠁧󠁢󠁥󠁮󠁧󠁿,0.6559
𝕳𝕬𝕴𝕶𝕬𝕷 𝖁1,🐦,0.7295
𝕳𝕬𝕴𝕶𝕬𝕷 𝖁1,👻hsb👻,0.6699
𝕳𝕬𝕴𝕶𝕬𝕷 𝖁1,👾,0.6939
𝕳𝕬𝕴𝕶𝕬𝕷 𝖁1,💋,0.7312
𝕳𝕬𝕴𝕶𝕬𝕷 𝖁1,💩.,0.6536
𝕳𝕬𝕴𝕶𝕬𝕷 𝖁1,🕊,0.7907
𝕳𝕬𝕴𝕶𝕬𝕷 𝖁1,🧋,0.7344
𝕶𝖞𝖓𝖟𝖟,𝘼𝙇𝙃𝘼𝙆𝙄𝙈𝙕,0.6906
𝕶𝖞𝖓𝖟𝖟,𝘿𝙚𝙣,0.683
𝕶𝖞𝖓𝖟𝖟,𝙋𝙍𝙄𝙉𝘾𝙀 15,0.7041
𝕶𝖞𝖓𝖟𝖟,𝙖𝙩𝙨𝙨,0.6553
𝕶𝖞𝖓𝖟𝖟,𝙡𝙚𝙣𝙜,0.7534
𝕶𝖞𝖓𝖟𝖟,𝙧𝙖𝙙𝙚𝙣𝙣𝙠𝙪𝙘𝙞𝙩𝙩🌊,0.6639
𝕶𝖞𝖓𝖟𝖟,🔴⚪,0.7463
𝕶𝖞𝖓𝖟𝖟,🕊,0.7302
"𝖂𝖍𝖔'𝕾,𝕭𝖗𝖆𝖓රධ",𝗕𝗠𝗞𝗚,0.6749
"𝖂𝖍𝖔'𝕾,𝕭𝖗𝖆𝖓රධ",𝘁𝗿ē𝗻𝗱à𝗻𝘇𝘅,0.6749
"𝖂𝖍𝖔'𝕾,𝕭𝖗𝖆𝖓රධ",👀,0.6535
"𝖂𝖍𝖔'𝕾,𝕭𝖗𝖆𝖓රධ",👻,0.6684
"𝖂𝖍𝖔'𝕾,𝕭𝖗𝖆𝖓රධ",💫,0.6776
"𝖂𝖍𝖔'𝕾,𝕭𝖗𝖆𝖓රධ",🫧,0.6905
𝖇𝖎𝖎𝖑𝖆,𝘼𝙇𝙃𝘼𝙆𝙄𝙈𝙕,0.685
𝗕𝗠𝗞𝗚,𝘁𝗿ē𝗻𝗱à𝗻𝘇𝘅,1.0
𝗕𝗠𝗞𝗚,💫,0.6605
𝗕𝗠𝗞𝗚,🔥theeam3ll⚡,0.8173
𝘁𝗿ē𝗻𝗱à𝗻𝘇𝘅,💫,0.6605
𝘁𝗿ē𝗻𝗱à𝗻𝘇𝘅,🔥theeam3ll⚡,0.8173
𝘉𝘐 𝔟𝔢𝔫𝔠𝔦 𝔠𝔦𝔫𝔱𝔞~,🕸️,0.7438
𝘼𝙇𝙃𝘼𝙆𝙄𝙈𝙕,𝘿𝙚𝙣,0.7077
𝘼𝙇𝙃𝘼𝙆𝙄𝙈𝙕,𝙋𝙍𝙄𝙉𝘾𝙀 15,0.6581
𝘼𝙇𝙃𝘼𝙆𝙄𝙈𝙕,𝙖𝙩𝙨𝙨,0.6693
𝘼𝙇𝙃𝘼𝙆𝙄𝙈𝙕,𝙡𝙚𝙣𝙜,0.6836
𝘼𝙇𝙃𝘼𝙆𝙄𝙈𝙕,💩.,0.6921
𝘼𝙇𝙃𝘼𝙆𝙄𝙈𝙕,🔴⚪,0.6921
𝘼𝙇𝙃𝘼𝙆𝙄𝙈𝙕,🕊,0.7005
𝘽𝙚𝙣𝙣𝙣!,🚀🚀cool_tg🇮🇩⚽🎉,0.6655
𝘾𝙖𝙡𝙤𝙣 𝙃𝘼𝙅𝙄,𝙎𝘽𝙎 001_𝙨𝙠𝙖𝙮 𝙮𝙚𝙡𝙤𝙬,0.6608
𝘿𝙚𝙣,𝙋𝙍𝙄𝙉𝘾𝙀 15,0.6761
𝘿𝙚𝙣,𝙡𝙚𝙣𝙜,0.7365
𝘿𝙚𝙣,🏴󠁧󠁢󠁥󠁮󠁧󠁿🏴󠁧󠁢󠁥󠁮󠁧󠁿,0.7862
𝘿𝙚𝙣,🐦,0.8906
𝘿𝙚𝙣,👻hsb👻,0.6576
𝘿𝙚𝙣,💩.,0.6785
𝘿𝙚𝙣,🔴⚪,0.7269
𝘿𝙚𝙣,🕊,0.8134
𝘿𝙚𝙣,🧋,0.695
𝙋𝙍𝙄𝙉𝘾𝙀 15,𝙡𝙚𝙣𝙜,0.8433
𝙋𝙍𝙄𝙉𝘾𝙀 15,𝙧𝙖𝙙𝙚𝙣𝙣𝙠𝙪𝙘𝙞𝙩𝙩🌊,0.7092
𝙋𝙍𝙄𝙉𝘾𝙀 15,🐣,0.715
𝙋𝙍𝙄𝙉𝘾𝙀 15,💋,0.6645
𝙋𝙍𝙄𝙉𝘾𝙀 15,💩.,0.6662
𝙋𝙍𝙄𝙉𝘾𝙀 15,🕊,0.7899
𝙖𝙩𝙨𝙨,𝙡𝙚𝙣𝙜,0.7015
𝙖𝙩𝙨𝙨,𝙧𝙖𝙙𝙚𝙣𝙣𝙠𝙪𝙘𝙞𝙩𝙩🌊,0.6716
𝙖𝙩𝙨𝙨,🔴⚪,0.6662
𝙖𝙩𝙨𝙨,🕊,0.6557
𝙡𝙚𝙣𝙜,𝙧𝙖𝙙𝙚𝙣𝙣𝙠𝙪𝙘𝙞𝙩𝙩🌊,0.74
𝙡𝙚𝙣𝙜,🏴󠁧󠁢󠁥󠁮󠁧󠁿🏴󠁧󠁢󠁥󠁮󠁧󠁿,0.7108
𝙡𝙚𝙣𝙜,🐣,0.7334
𝙡𝙚𝙣𝙜,💋,0.7505
𝙡𝙚𝙣𝙜,🔴⚪,0.726
𝙡𝙚𝙣𝙜,🕊,0.8797
𝙡𝙚𝙣𝙜,😡,0.6597
𝙢𝙖𝙖𝙖𝙖𝙖𝙖𝙨𝙨𝙨𝙠𝙖𝙣𝙣𝙣,🕊️,0.6605
𝙧𝙖𝙙𝙚𝙣𝙣𝙠𝙪𝙘𝙞𝙩𝙩🌊,🐣,0.6604
𝙧𝙖𝙙𝙚𝙣𝙣𝙠𝙪𝙘𝙞𝙩𝙩🌊,💋,0.7142
𝙧𝙖𝙙𝙚𝙣𝙣𝙠𝙪𝙘𝙞𝙩𝙩🌊,🕊,0.6978
𝙧𝙖𝙙𝙚𝙣𝙣𝙠𝙪𝙘𝙞𝙩𝙩🌊,😡,0.6602
𝙾𝚛𝚢𝚣𝚊 𝚂𝚊𝚝𝚒𝚟𝚊 🌾,🆘,0.6619
𝙾𝚛𝚢𝚣𝚊 𝚂𝚊𝚝𝚒𝚟𝚊 🌾,🐦,0.6752
𝙾𝚛𝚢𝚣𝚊 𝚂𝚊𝚝𝚒𝚟𝚊 🌾,👻hsb👻,0.6958
𝙾𝚛𝚢𝚣𝚊 𝚂𝚊𝚝𝚒𝚟𝚊 🌾,👾,0.7725
𝙾𝚛𝚢𝚣𝚊 𝚂𝚊𝚝𝚒𝚟𝚊 🌾,🧋,0.7441
🎀sheila||suka ngonten🎀,🐚🫧🪩,0.6501
🎀sheila||suka ngonten🎀,😂,0.6654
🎮,🔴⚪,0.7217
🏴󠁧󠁢󠁥󠁮󠁧󠁿🏴󠁧󠁢󠁥󠁮󠁧󠁿,🐦,0.7725
🏴󠁧󠁢󠁥󠁮󠁧󠁿🏴󠁧󠁢󠁥󠁮󠁧󠁿,🔴⚪,0.6527
🏴󠁧󠁢󠁥󠁮󠁧󠁿🏴󠁧󠁢󠁥󠁮󠁧󠁿,🕊,0.7699
🏴󠁧󠁢󠁥󠁮󠁧󠁿🏴󠁧󠁢󠁥󠁮󠁧󠁿,🧋,0.6683
🐚🫧🪩,🥀🍒artha nabil🍒🥀,0.6627
🐣,💋,0.6638
🐣,🕊,0.7426
🐦,👻hsb👻,0.6812
🐦,👾,0.687
🐦,🔴⚪,0.727
🐦,🕊,0.7296
🐦,🧋,0.7353
👀,🫧,0.6752
👻hsb👻,👾,0.7451
👻hsb👻,🧋,0.7218
👾,🧋,0.6708
💋,🕊,0.7648
💋,😡,0.8068
💩.,🕊,0.68
💫,🔥theeam3ll⚡,0.6687
🔴⚪,🕊,0.7545
🕊,😡,0.6604
🕸,🥷,0.6726
🕸,🪽,0.6809
😂,🥷,0.7569
🤴🏽,🪫,0.6618
